fn,rho0,rhocr,ap,nu1,gamma,kp,zetap,zetap2,zetarho,ar,xi,M,kd
1,0.4,0.0,0.1,0.0,1.0,0.0001,0.0,0.0,0.0,1.3333333333333333,1.0,0.0001,10.0
2,0.5,0.0,0.1,0.0,1.0,0.0001,0.0,0.0,0.0,1.3333333333333333,1.0,0.0001,10.0
3,0.6,0.0,0.1,0.0,1.0,0.0001,0.0,0.0,0.0,1.3333333333333333,1.0,0.0001,10.0
4,0.7,0.0,0.1,0.0,1.0,0.0001,0.0,0.0,0.0,1.3333333333333333,1.0,0.0001,10.0
5,0.8,0.0,0.1,0.0,1.0,0.0001,0.0,0.0,0.0,1.3333333333333333,1.0,0.0001,10.0
6,0.9,0.0,0.1,0.0,1.0,0.0001,0.0,0.0,0.0,1.3333333333333333,1.0,0.0001,10.0
7,1.0,0.0,0.1,0.0,1.0,0.0001,0.0,0.0,0.0,1.3333333333333333,1.0,0.0001,10.0
8,1.1,0.0,0.1,0.0,1.0,0.0001,0.0,0.0,0.0,1.3333333333333333,1.0,0.0001,10.0
9,1.2,0.0,0.1,0.0,1.0,0.0001,0.0,0.0,0.0,1.3333333333333333,1.0,0.0001,10.0
10,1.3,0.0,0.1,0.0,1.0,0.0001,0.0,0.0,0.0,1.3333333333333333,1.0,0.0001,10.0
11,1.4,0.0,0.1,0.0,1.0,0.0001,0.0,0.0,0.0,1.3333333333333333,1.0,0.0001,10.0
12,1.5,0.0,0.1,0.0,1.0,0.0001,0.0,0.0,0.0,1.3333333333333333,1.0,0.0001,10.0
13,0.4,0.0,0.1,0.0,1.0,0.0001,0.0,0.0,1.0,1.3333333333333333,1.0,0.0001,10.0
14,0.5,0.0,0.1,0.0,1.0,0.0001,0.0,0.0,1.0,1.3333333333333333,1.0,0.0001,10.0
15,0.6,0.0,0.1,0.0,1.0,0.0001,0.0,0.0,1.0,1.3333333333333333,1.0,0.0001,10.0
16,0.7,0.0,0.1,0.0,1.0,0.0001,0.0,0.0,1.0,1.3333333333333333,1.0,0.0001,10.0
17,0.8,0.0,0.1,0.0,1.0,0.0001,0.0,0.0,1.0,1.3333333333333333,1.0,0.0001,10.0
18,0.9,0.0,0.1,0.0,1.0,0.0001,0.0,0.0,1.0,1.3333333333333333,1.0,0.0001,10.0
19,1.0,0.0,0.1,0.0,1.0,0.0001,0.0,0.0,1.0,1.3333333333333333,1.0,0.0001,10.0
20,1.1,0.0,0.1,0.0,1.0,0.0001,0.0,0.0,1.0,1.3333333333333333,1.0,0.0001,10.0
21,1.2,0.0,0.1,0.0,1.0,0.0001,0.0,0.0,1.0,1.3333333333333333,1.0,0.0001,10.0
22,1.3,0.0,0.1,0.0,1.0,0.0001,0.0,0.0,1.0,1.3333333333333333,1.0,0.0001,10.0
23,1.4,0.0,0.1,0.0,1.0,0.0001,0.0,0.0,1.0,1.3333333333333333,1.0,0.0001,10.0
24,1.5,0.0,0.1,0.0,1.0,0.0001,0.0,0.0,1.0,1.3333333333333333,1.0,0.0001,10.0
25,0.4,0.0,0.1,0.0,1.0,0.0001,0.0,0.0,2.0,2.6666666666666665,1.0,0.0001,10.0
26,0.5,0.0,0.1,0.0,1.0,0.0001,0.0,0.0,2.0,2.6666666666666665,1.0,0.0001,10.0
27,0.6,0.0,0.1,0.0,1.0,0.0001,0.0,0.0,2.0,2.6666666666666665,1.0,0.0001,10.0
28,0.7,0.0,0.1,0.0,1.0,0.0001,0.0,0.0,2.0,2.6666666666666665,1.0,0.0001,10.0
29,0.8,0.0,0.1,0.0,1.0,0.0001,0.0,0.0,2.0,2.6666666666666665,1.0,0.0001,10.0
30,0.9,0.0,0.1,0.0,1.0,0.0001,0.0,0.0,2.0,2.6666666666666665,1.0,0.0001,10.0
31,1.0,0.0,0.1,0.0,1.0,0.0001,0.0,0.0,2.0,2.6666666666666665,1.0,0.0001,10.0
32,1.1,0.0,0.1,0.0,1.0,0.0001,0.0,0.0,2.0,2.6666666666666665,1.0,0.0001,10.0
33,1.2,0.0,0.1,0.0,1.0,0.0001,0.0,0.0,2.0,2.6666666666666665,1.0,0.0001,10.0
34,1.3,0.0,0.1,0.0,1.0,0.0001,0.0,0.0,2.0,2.6666666666666665,1.0,0.0001,10.0
35,1.4,0.0,0.1,0.0,1.0,0.0001,0.0,0.0,2.0,2.6666666666666665,1.0,0.0001,10.0
36,1.5,0.0,0.1,0.0,1.0,0.0001,0.0,0.0,2.0,2.6666666666666665,1.0,0.0001,10.0
37,0.4,0.0,0.1,0.0,1.0,0.0001,0.0,0.0,4.0,5.333333333333333,1.0,0.0001,10.0
38,0.5,0.0,0.1,0.0,1.0,0.0001,0.0,0.0,4.0,5.333333333333333,1.0,0.0001,10.0
39,0.6,0.0,0.1,0.0,1.0,0.0001,0.0,0.0,4.0,5.333333333333333,1.0,0.0001,10.0
40,0.7,0.0,0.1,0.0,1.0,0.0001,0.0,0.0,4.0,5.333333333333333,1.0,0.0001,10.0
41,0.8,0.0,0.1,0.0,1.0,0.0001,0.0,0.0,4.0,5.333333333333333,1.0,0.0001,10.0
42,0.9,0.0,0.1,0.0,1.0,0.0001,0.0,0.0,4.0,5.333333333333333,1.0,0.0001,10.0
43,1.0,0.0,0.1,0.0,1.0,0.0001,0.0,0.0,4.0,5.333333333333333,1.0,0.0001,10.0
44,1.1,0.0,0.1,0.0,1.0,0.0001,0.0,0.0,4.0,5.333333333333333,1.0,0.0001,10.0
45,1.2,0.0,0.1,0.0,1.0,0.0001,0.0,0.0,4.0,5.333333333333333,1.0,0.0001,10.0
46,1.3,0.0,0.1,0.0,1.0,0.0001,0.0,0.0,4.0,5.333333333333333,1.0,0.0001,10.0
47,1.4,0.0,0.1,0.0,1.0,0.0001,0.0,0.0,4.0,5.333333333333333,1.0,0.0001,10.0
48,1.5,0.0,0.1,0.0,1.0,0.0001,0.0,0.0,4.0,5.333333333333333,1.0,0.0001,10.0
49,0.4,0.0,0.1,0.0,1.0,0.0001,0.0,0.0,6.0,8.0,1.0,0.0001,10.0
50,0.5,0.0,0.1,0.0,1.0,0.0001,0.0,0.0,6.0,8.0,1.0,0.0001,10.0
51,0.6,0.0,0.1,0.0,1.0,0.0001,0.0,0.0,6.0,8.0,1.0,0.0001,10.0
52,0.7,0.0,0.1,0.0,1.0,0.0001,0.0,0.0,6.0,8.0,1.0,0.0001,10.0
53,0.8,0.0,0.1,0.0,1.0,0.0001,0.0,0.0,6.0,8.0,1.0,0.0001,10.0
54,0.9,0.0,0.1,0.0,1.0,0.0001,0.0,0.0,6.0,8.0,1.0,0.0001,10.0
55,1.0,0.0,0.1,0.0,1.0,0.0001,0.0,0.0,6.0,8.0,1.0,0.0001,10.0
56,1.1,0.0,0.1,0.0,1.0,0.0001,0.0,0.0,6.0,8.0,1.0,0.0001,10.0
57,1.2,0.0,0.1,0.0,1.0,0.0001,0.0,0.0,6.0,8.0,1.0,0.0001,10.0
58,1.3,0.0,0.1,0.0,1.0,0.0001,0.0,0.0,6.0,8.0,1.0,0.0001,10.0
59,1.4,0.0,0.1,0.0,1.0,0.0001,0.0,0.0,6.0,8.0,1.0,0.0001,10.0
60,1.5,0.0,0.1,0.0,1.0,0.0001,0.0,0.0,6.0,8.0,1.0,0.0001,10.0
61,0.4,0.0,0.1,0.0,1.0,0.0001,0.0,0.0,8.0,10.666666666666666,1.0,0.0001,10.0
62,0.5,0.0,0.1,0.0,1.0,0.0001,0.0,0.0,8.0,10.666666666666666,1.0,0.0001,10.0
63,0.6,0.0,0.1,0.0,1.0,0.0001,0.0,0.0,8.0,10.666666666666666,1.0,0.0001,10.0
64,0.7,0.0,0.1,0.0,1.0,0.0001,0.0,0.0,8.0,10.666666666666666,1.0,0.0001,10.0
65,0.8,0.0,0.1,0.0,1.0,0.0001,0.0,0.0,8.0,10.666666666666666,1.0,0.0001,10.0
66,0.9,0.0,0.1,0.0,1.0,0.0001,0.0,0.0,8.0,10.666666666666666,1.0,0.0001,10.0
67,1.0,0.0,0.1,0.0,1.0,0.0001,0.0,0.0,8.0,10.666666666666666,1.0,0.0001,10.0
68,1.1,0.0,0.1,0.0,1.0,0.0001,0.0,0.0,8.0,10.666666666666666,1.0,0.0001,10.0
69,1.2,0.0,0.1,0.0,1.0,0.0001,0.0,0.0,8.0,10.666666666666666,1.0,0.0001,10.0
70,1.3,0.0,0.1,0.0,1.0,0.0001,0.0,0.0,8.0,10.666666666666666,1.0,0.0001,10.0
71,1.4,0.0,0.1,0.0,1.0,0.0001,0.0,0.0,8.0,10.666666666666666,1.0,0.0001,10.0
72,1.5,0.0,0.1,0.0,1.0,0.0001,0.0,0.0,8.0,10.666666666666666,1.0,0.0001,10.0
73,0.4,0.0,0.1,0.0,1.0,0.0001,0.0,0.0,10.0,13.333333333333332,1.0,0.0001,10.0
74,0.5,0.0,0.1,0.0,1.0,0.0001,0.0,0.0,10.0,13.333333333333332,1.0,0.0001,10.0
75,0.6,0.0,0.1,0.0,1.0,0.0001,0.0,0.0,10.0,13.333333333333332,1.0,0.0001,10.0
76,0.7,0.0,0.1,0.0,1.0,0.0001,0.0,0.0,10.0,13.333333333333332,1.0,0.0001,10.0
77,0.8,0.0,0.1,0.0,1.0,0.0001,0.0,0.0,10.0,13.333333333333332,1.0,0.0001,10.0
78,0.9,0.0,0.1,0.0,1.0,0.0001,0.0,0.0,10.0,13.333333333333332,1.0,0.0001,10.0
79,1.0,0.0,0.1,0.0,1.0,0.0001,0.0,0.0,10.0,13.333333333333332,1.0,0.0001,10.0
80,1.1,0.0,0.1,0.0,1.0,0.0001,0.0,0.0,10.0,13.333333333333332,1.0,0.0001,10.0
81,1.2,0.0,0.1,0.0,1.0,0.0001,0.0,0.0,10.0,13.333333333333332,1.0,0.0001,10.0
82,1.3,0.0,0.1,0.0,1.0,0.0001,0.0,0.0,10.0,13.333333333333332,1.0,0.0001,10.0
83,1.4,0.0,0.1,0.0,1.0,0.0001,0.0,0.0,10.0,13.333333333333332,1.0,0.0001,10.0
84,1.5,0.0,0.1,0.0,1.0,0.0001,0.0,0.0,10.0,13.333333333333332,1.0,0.0001,10.0
85,0.4,0.0,0.1,0.0,1.0,0.0001,0.0,0.0,12.0,16.0,1.0,0.0001,10.0
86,0.5,0.0,0.1,0.0,1.0,0.0001,0.0,0.0,12.0,16.0,1.0,0.0001,10.0
87,0.6,0.0,0.1,0.0,1.0,0.0001,0.0,0.0,12.0,16.0,1.0,0.0001,10.0
88,0.7,0.0,0.1,0.0,1.0,0.0001,0.0,0.0,12.0,16.0,1.0,0.0001,10.0
89,0.8,0.0,0.1,0.0,1.0,0.0001,0.0,0.0,12.0,16.0,1.0,0.0001,10.0
90,0.9,0.0,0.1,0.0,1.0,0.0001,0.0,0.0,12.0,16.0,1.0,0.0001,10.0
91,1.0,0.0,0.1,0.0,1.0,0.0001,0.0,0.0,12.0,16.0,1.0,0.0001,10.0
92,1.1,0.0,0.1,0.0,1.0,0.0001,0.0,0.0,12.0,16.0,1.0,0.0001,10.0
93,1.2,0.0,0.1,0.0,1.0,0.0001,0.0,0.0,12.0,16.0,1.0,0.0001,10.0
94,1.3,0.0,0.1,0.0,1.0,0.0001,0.0,0.0,12.0,16.0,1.0,0.0001,10.0
95,1.4,0.0,0.1,0.0,1.0,0.0001,0.0,0.0,12.0,16.0,1.0,0.0001,10.0
96,1.5,0.0,0.1,0.0,1.0,0.0001,0.0,0.0,12.0,16.0,1.0,0.0001,10.0
97,0.4,0.0,0.1,0.0,1.0,0.0001,0.0,0.0,14.0,18.666666666666664,1.0,0.0001,10.0
98,0.5,0.0,0.1,0.0,1.0,0.0001,0.0,0.0,14.0,18.666666666666664,1.0,0.0001,10.0
99,0.6,0.0,0.1,0.0,1.0,0.0001,0.0,0.0,14.0,18.666666666666664,1.0,0.0001,10.0
100,0.7,0.0,0.1,0.0,1.0,0.0001,0.0,0.0,14.0,18.666666666666664,1.0,0.0001,10.0
101,0.8,0.0,0.1,0.0,1.0,0.0001,0.0,0.0,14.0,18.666666666666664,1.0,0.0001,10.0
102,0.9,0.0,0.1,0.0,1.0,0.0001,0.0,0.0,14.0,18.666666666666664,1.0,0.0001,10.0
103,1.0,0.0,0.1,0.0,1.0,0.0001,0.0,0.0,14.0,18.666666666666664,1.0,0.0001,10.0
104,1.1,0.0,0.1,0.0,1.0,0.0001,0.0,0.0,14.0,18.666666666666664,1.0,0.0001,10.0
105,1.2,0.0,0.1,0.0,1.0,0.0001,0.0,0.0,14.0,18.666666666666664,1.0,0.0001,10.0
106,1.3,0.0,0.1,0.0,1.0,0.0001,0.0,0.0,14.0,18.666666666666664,1.0,0.0001,10.0
107,1.4,0.0,0.1,0.0,1.0,0.0001,0.0,0.0,14.0,18.666666666666664,1.0,0.0001,10.0
108,1.5,0.0,0.1,0.0,1.0,0.0001,0.0,0.0,14.0,18.666666666666664,1.0,0.0001,10.0
109,0.4,0.0,0.1,0.0,1.0,0.0001,0.0,0.0,16.0,21.333333333333332,1.0,0.0001,10.0
110,0.5,0.0,0.1,0.0,1.0,0.0001,0.0,0.0,16.0,21.333333333333332,1.0,0.0001,10.0
111,0.6,0.0,0.1,0.0,1.0,0.0001,0.0,0.0,16.0,21.333333333333332,1.0,0.0001,10.0
112,0.7,0.0,0.1,0.0,1.0,0.0001,0.0,0.0,16.0,21.333333333333332,1.0,0.0001,10.0
113,0.8,0.0,0.1,0.0,1.0,0.0001,0.0,0.0,16.0,21.333333333333332,1.0,0.0001,10.0
114,0.9,0.0,0.1,0.0,1.0,0.0001,0.0,0.0,16.0,21.333333333333332,1.0,0.0001,10.0
115,1.0,0.0,0.1,0.0,1.0,0.0001,0.0,0.0,16.0,21.333333333333332,1.0,0.0001,10.0
116,1.1,0.0,0.1,0.0,1.0,0.0001,0.0,0.0,16.0,21.333333333333332,1.0,0.0001,10.0
117,1.2,0.0,0.1,0.0,1.0,0.0001,0.0,0.0,16.0,21.333333333333332,1.0,0.0001,10.0
118,1.3,0.0,0.1,0.0,1.0,0.0001,0.0,0.0,16.0,21.333333333333332,1.0,0.0001,10.0
119,1.4,0.0,0.1,0.0,1.0,0.0001,0.0,0.0,16.0,21.333333333333332,1.0,0.0001,10.0
120,1.5,0.0,0.1,0.0,1.0,0.0001,0.0,0.0,16.0,21.333333333333332,1.0,0.0001,10.0
121,0.4,0.0,0.1,0.0,1.0,0.0001,0.0,0.0,18.0,24.0,1.0,0.0001,10.0
122,0.5,0.0,0.1,0.0,1.0,0.0001,0.0,0.0,18.0,24.0,1.0,0.0001,10.0
123,0.6,0.0,0.1,0.0,1.0,0.0001,0.0,0.0,18.0,24.0,1.0,0.0001,10.0
124,0.7,0.0,0.1,0.0,1.0,0.0001,0.0,0.0,18.0,24.0,1.0,0.0001,10.0
125,0.8,0.0,0.1,0.0,1.0,0.0001,0.0,0.0,18.0,24.0,1.0,0.0001,10.0
126,0.9,0.0,0.1,0.0,1.0,0.0001,0.0,0.0,18.0,24.0,1.0,0.0001,10.0
127,1.0,0.0,0.1,0.0,1.0,0.0001,0.0,0.0,18.0,24.0,1.0,0.0001,10.0
128,1.1,0.0,0.1,0.0,1.0,0.0001,0.0,0.0,18.0,24.0,1.0,0.0001,10.0
129,1.2,0.0,0.1,0.0,1.0,0.0001,0.0,0.0,18.0,24.0,1.0,0.0001,10.0
130,1.3,0.0,0.1,0.0,1.0,0.0001,0.0,0.0,18.0,24.0,1.0,0.0001,10.0
131,1.4,0.0,0.1,0.0,1.0,0.0001,0.0,0.0,18.0,24.0,1.0,0.0001,10.0
132,1.5,0.0,0.1,0.0,1.0,0.0001,0.0,0.0,18.0,24.0,1.0,0.0001,10.0
133,0.4,0.0,0.1,0.0,1.0,0.0001,0.0,0.0,20.0,26.666666666666664,1.0,0.0001,10.0
134,0.5,0.0,0.1,0.0,1.0,0.0001,0.0,0.0,20.0,26.666666666666664,1.0,0.0001,10.0
135,0.6,0.0,0.1,0.0,1.0,0.0001,0.0,0.0,20.0,26.666666666666664,1.0,0.0001,10.0
136,0.7,0.0,0.1,0.0,1.0,0.0001,0.0,0.0,20.0,26.666666666666664,1.0,0.0001,10.0
137,0.8,0.0,0.1,0.0,1.0,0.0001,0.0,0.0,20.0,26.666666666666664,1.0,0.0001,10.0
138,0.9,0.0,0.1,0.0,1.0,0.0001,0.0,0.0,20.0,26.666666666666664,1.0,0.0001,10.0
139,1.0,0.0,0.1,0.0,1.0,0.0001,0.0,0.0,20.0,26.666666666666664,1.0,0.0001,10.0
140,1.1,0.0,0.1,0.0,1.0,0.0001,0.0,0.0,20.0,26.666666666666664,1.0,0.0001,10.0
141,1.2,0.0,0.1,0.0,1.0,0.0001,0.0,0.0,20.0,26.666666666666664,1.0,0.0001,10.0
142,1.3,0.0,0.1,0.0,1.0,0.0001,0.0,0.0,20.0,26.666666666666664,1.0,0.0001,10.0
143,1.4,0.0,0.1,0.0,1.0,0.0001,0.0,0.0,20.0,26.666666666666664,1.0,0.0001,10.0
144,1.5,0.0,0.1,0.0,1.0,0.0001,0.0,0.0,20.0,26.666666666666664,1.0,0.0001,10.0
145,0.4,0.0,0.1,0.0,1.0,0.0001,0.0,0.0,22.0,29.333333333333332,1.0,0.0001,10.0
146,0.5,0.0,0.1,0.0,1.0,0.0001,0.0,0.0,22.0,29.333333333333332,1.0,0.0001,10.0
147,0.6,0.0,0.1,0.0,1.0,0.0001,0.0,0.0,22.0,29.333333333333332,1.0,0.0001,10.0
148,0.7,0.0,0.1,0.0,1.0,0.0001,0.0,0.0,22.0,29.333333333333332,1.0,0.0001,10.0
149,0.8,0.0,0.1,0.0,1.0,0.0001,0.0,0.0,22.0,29.333333333333332,1.0,0.0001,10.0
150,0.9,0.0,0.1,0.0,1.0,0.0001,0.0,0.0,22.0,29.333333333333332,1.0,0.0001,10.0
151,1.0,0.0,0.1,0.0,1.0,0.0001,0.0,0.0,22.0,29.333333333333332,1.0,0.0001,10.0
152,1.1,0.0,0.1,0.0,1.0,0.0001,0.0,0.0,22.0,29.333333333333332,1.0,0.0001,10.0
153,1.2,0.0,0.1,0.0,1.0,0.0001,0.0,0.0,22.0,29.333333333333332,1.0,0.0001,10.0
154,1.3,0.0,0.1,0.0,1.0,0.0001,0.0,0.0,22.0,29.333333333333332,1.0,0.0001,10.0
155,1.4,0.0,0.1,0.0,1.0,0.0001,0.0,0.0,22.0,29.333333333333332,1.0,0.0001,10.0
156,1.5,0.0,0.1,0.0,1.0,0.0001,0.0,0.0,22.0,29.333333333333332,1.0,0.0001,10.0
157,0.4,0.0,0.1,0.0,1.0,0.0001,0.0,0.0,24.0,32.0,1.0,0.0001,10.0
158,0.5,0.0,0.1,0.0,1.0,0.0001,0.0,0.0,24.0,32.0,1.0,0.0001,10.0
159,0.6,0.0,0.1,0.0,1.0,0.0001,0.0,0.0,24.0,32.0,1.0,0.0001,10.0
160,0.7,0.0,0.1,0.0,1.0,0.0001,0.0,0.0,24.0,32.0,1.0,0.0001,10.0
161,0.8,0.0,0.1,0.0,1.0,0.0001,0.0,0.0,24.0,32.0,1.0,0.0001,10.0
162,0.9,0.0,0.1,0.0,1.0,0.0001,0.0,0.0,24.0,32.0,1.0,0.0001,10.0
163,1.0,0.0,0.1,0.0,1.0,0.0001,0.0,0.0,24.0,32.0,1.0,0.0001,10.0
164,1.1,0.0,0.1,0.0,1.0,0.0001,0.0,0.0,24.0,32.0,1.0,0.0001,10.0
165,1.2,0.0,0.1,0.0,1.0,0.0001,0.0,0.0,24.0,32.0,1.0,0.0001,10.0
166,1.3,0.0,0.1,0.0,1.0,0.0001,0.0,0.0,24.0,32.0,1.0,0.0001,10.0
167,1.4,0.0,0.1,0.0,1.0,0.0001,0.0,0.0,24.0,32.0,1.0,0.0001,10.0
168,1.5,0.0,0.1,0.0,1.0,0.0001,0.0,0.0,24.0,32.0,1.0,0.0001,10.0
169,0.4,0.0,0.1,0.0,1.0,0.0001,0.0,0.0,0.0,1.3333333333333333,1.0,0.0001,2.0
170,0.5,0.0,0.1,0.0,1.0,0.0001,0.0,0.0,0.0,1.3333333333333333,1.0,0.0001,2.0
171,0.6,0.0,0.1,0.0,1.0,0.0001,0.0,0.0,0.0,1.3333333333333333,1.0,0.0001,2.0
172,0.7,0.0,0.1,0.0,1.0,0.0001,0.0,0.0,0.0,1.3333333333333333,1.0,0.0001,2.0
173,0.8,0.0,0.1,0.0,1.0,0.0001,0.0,0.0,0.0,1.3333333333333333,1.0,0.0001,2.0
174,0.9,0.0,0.1,0.0,1.0,0.0001,0.0,0.0,0.0,1.3333333333333333,1.0,0.0001,2.0
175,1.0,0.0,0.1,0.0,1.0,0.0001,0.0,0.0,0.0,1.3333333333333333,1.0,0.0001,2.0
176,1.1,0.0,0.1,0.0,1.0,0.0001,0.0,0.0,0.0,1.3333333333333333,1.0,0.0001,2.0
177,1.2,0.0,0.1,0.0,1.0,0.0001,0.0,0.0,0.0,1.3333333333333333,1.0,0.0001,2.0
178,1.3,0.0,0.1,0.0,1.0,0.0001,0.0,0.0,0.0,1.3333333333333333,1.0,0.0001,2.0
179,1.4,0.0,0.1,0.0,1.0,0.0001,0.0,0.0,0.0,1.3333333333333333,1.0,0.0001,2.0
180,1.5,0.0,0.1,0.0,1.0,0.0001,0.0,0.0,0.0,1.3333333333333333,1.0,0.0001,2.0
181,0.4,0.0,0.1,0.0,1.0,0.0001,0.0,0.0,1.0,1.3333333333333333,1.0,0.0001,2.0
182,0.5,0.0,0.1,0.0,1.0,0.0001,0.0,0.0,1.0,1.3333333333333333,1.0,0.0001,2.0
183,0.6,0.0,0.1,0.0,1.0,0.0001,0.0,0.0,1.0,1.3333333333333333,1.0,0.0001,2.0
184,0.7,0.0,0.1,0.0,1.0,0.0001,0.0,0.0,1.0,1.3333333333333333,1.0,0.0001,2.0
185,0.8,0.0,0.1,0.0,1.0,0.0001,0.0,0.0,1.0,1.3333333333333333,1.0,0.0001,2.0
186,0.9,0.0,0.1,0.0,1.0,0.0001,0.0,0.0,1.0,1.3333333333333333,1.0,0.0001,2.0
187,1.0,0.0,0.1,0.0,1.0,0.0001,0.0,0.0,1.0,1.3333333333333333,1.0,0.0001,2.0
188,1.1,0.0,0.1,0.0,1.0,0.0001,0.0,0.0,1.0,1.3333333333333333,1.0,0.0001,2.0
189,1.2,0.0,0.1,0.0,1.0,0.0001,0.0,0.0,1.0,1.3333333333333333,1.0,0.0001,2.0
190,1.3,0.0,0.1,0.0,1.0,0.0001,0.0,0.0,1.0,1.3333333333333333,1.0,0.0001,2.0
191,1.4,0.0,0.1,0.0,1.0,0.0001,0.0,0.0,1.0,1.3333333333333333,1.0,0.0001,2.0
192,1.5,0.0,0.1,0.0,1.0,0.0001,0.0,0.0,1.0,1.3333333333333333,1.0,0.0001,2.0
193,0.4,0.0,0.1,0.0,1.0,0.0001,0.0,0.0,2.0,2.6666666666666665,1.0,0.0001,2.0
194,0.5,0.0,0.1,0.0,1.0,0.0001,0.0,0.0,2.0,2.6666666666666665,1.0,0.0001,2.0
195,0.6,0.0,0.1,0.0,1.0,0.0001,0.0,0.0,2.0,2.6666666666666665,1.0,0.0001,2.0
196,0.7,0.0,0.1,0.0,1.0,0.0001,0.0,0.0,2.0,2.6666666666666665,1.0,0.0001,2.0
197,0.8,0.0,0.1,0.0,1.0,0.0001,0.0,0.0,2.0,2.6666666666666665,1.0,0.0001,2.0
198,0.9,0.0,0.1,0.0,1.0,0.0001,0.0,0.0,2.0,2.6666666666666665,1.0,0.0001,2.0
199,1.0,0.0,0.1,0.0,1.0,0.0001,0.0,0.0,2.0,2.6666666666666665,1.0,0.0001,2.0
200,1.1,0.0,0.1,0.0,1.0,0.0001,0.0,0.0,2.0,2.6666666666666665,1.0,0.0001,2.0
201,1.2,0.0,0.1,0.0,1.0,0.0001,0.0,0.0,2.0,2.6666666666666665,1.0,0.0001,2.0
202,1.3,0.0,0.1,0.0,1.0,0.0001,0.0,0.0,2.0,2.6666666666666665,1.0,0.0001,2.0
203,1.4,0.0,0.1,0.0,1.0,0.0001,0.0,0.0,2.0,2.6666666666666665,1.0,0.0001,2.0
204,1.5,0.0,0.1,0.0,1.0,0.0001,0.0,0.0,2.0,2.6666666666666665,1.0,0.0001,2.0
205,0.4,0.0,0.1,0.0,1.0,0.0001,0.0,0.0,4.0,5.333333333333333,1.0,0.0001,2.0
206,0.5,0.0,0.1,0.0,1.0,0.0001,0.0,0.0,4.0,5.333333333333333,1.0,0.0001,2.0
207,0.6,0.0,0.1,0.0,1.0,0.0001,0.0,0.0,4.0,5.333333333333333,1.0,0.0001,2.0
208,0.7,0.0,0.1,0.0,1.0,0.0001,0.0,0.0,4.0,5.333333333333333,1.0,0.0001,2.0
209,0.8,0.0,0.1,0.0,1.0,0.0001,0.0,0.0,4.0,5.333333333333333,1.0,0.0001,2.0
210,0.9,0.0,0.1,0.0,1.0,0.0001,0.0,0.0,4.0,5.333333333333333,1.0,0.0001,2.0
211,1.0,0.0,0.1,0.0,1.0,0.0001,0.0,0.0,4.0,5.333333333333333,1.0,0.0001,2.0
212,1.1,0.0,0.1,0.0,1.0,0.0001,0.0,0.0,4.0,5.333333333333333,1.0,0.0001,2.0
213,1.2,0.0,0.1,0.0,1.0,0.0001,0.0,0.0,4.0,5.333333333333333,1.0,0.0001,2.0
214,1.3,0.0,0.1,0.0,1.0,0.0001,0.0,0.0,4.0,5.333333333333333,1.0,0.0001,2.0
215,1.4,0.0,0.1,0.0,1.0,0.0001,0.0,0.0,4.0,5.333333333333333,1.0,0.0001,2.0
216,1.5,0.0,0.1,0.0,1.0,0.0001,0.0,0.0,4.0,5.333333333333333,1.0,0.0001,2.0
217,0.4,0.0,0.1,0.0,1.0,0.0001,0.0,0.0,6.0,8.0,1.0,0.0001,2.0
218,0.5,0.0,0.1,0.0,1.0,0.0001,0.0,0.0,6.0,8.0,1.0,0.0001,2.0
219,0.6,0.0,0.1,0.0,1.0,0.0001,0.0,0.0,6.0,8.0,1.0,0.0001,2.0
220,0.7,0.0,0.1,0.0,1.0,0.0001,0.0,0.0,6.0,8.0,1.0,0.0001,2.0
221,0.8,0.0,0.1,0.0,1.0,0.0001,0.0,0.0,6.0,8.0,1.0,0.0001,2.0
222,0.9,0.0,0.1,0.0,1.0,0.0001,0.0,0.0,6.0,8.0,1.0,0.0001,2.0
223,1.0,0.0,0.1,0.0,1.0,0.0001,0.0,0.0,6.0,8.0,1.0,0.0001,2.0
224,1.1,0.0,0.1,0.0,1.0,0.0001,0.0,0.0,6.0,8.0,1.0,0.0001,2.0
225,1.2,0.0,0.1,0.0,1.0,0.0001,0.0,0.0,6.0,8.0,1.0,0.0001,2.0
226,1.3,0.0,0.1,0.0,1.0,0.0001,0.0,0.0,6.0,8.0,1.0,0.0001,2.0
227,1.4,0.0,0.1,0.0,1.0,0.0001,0.0,0.0,6.0,8.0,1.0,0.0001,2.0
228,1.5,0.0,0.1,0.0,1.0,0.0001,0.0,0.0,6.0,8.0,1.0,0.0001,2.0
229,0.4,0.0,0.1,0.0,1.0,0.0001,0.0,0.0,8.0,10.666666666666666,1.0,0.0001,2.0
230,0.5,0.0,0.1,0.0,1.0,0.0001,0.0,0.0,8.0,10.666666666666666,1.0,0.0001,2.0
231,0.6,0.0,0.1,0.0,1.0,0.0001,0.0,0.0,8.0,10.666666666666666,1.0,0.0001,2.0
232,0.7,0.0,0.1,0.0,1.0,0.0001,0.0,0.0,8.0,10.666666666666666,1.0,0.0001,2.0
233,0.8,0.0,0.1,0.0,1.0,0.0001,0.0,0.0,8.0,10.666666666666666,1.0,0.0001,2.0
234,0.9,0.0,0.1,0.0,1.0,0.0001,0.0,0.0,8.0,10.666666666666666,1.0,0.0001,2.0
235,1.0,0.0,0.1,0.0,1.0,0.0001,0.0,0.0,8.0,10.666666666666666,1.0,0.0001,2.0
236,1.1,0.0,0.1,0.0,1.0,0.0001,0.0,0.0,8.0,10.666666666666666,1.0,0.0001,2.0
237,1.2,0.0,0.1,0.0,1.0,0.0001,0.0,0.0,8.0,10.666666666666666,1.0,0.0001,2.0
238,1.3,0.0,0.1,0.0,1.0,0.0001,0.0,0.0,8.0,10.666666666666666,1.0,0.0001,2.0
239,1.4,0.0,0.1,0.0,1.0,0.0001,0.0,0.0,8.0,10.666666666666666,1.0,0.0001,2.0
240,1.5,0.0,0.1,0.0,1.0,0.0001,0.0,0.0,8.0,10.666666666666666,1.0,0.0001,2.0
241,0.4,0.0,0.1,0.0,1.0,0.0001,0.0,0.0,10.0,13.333333333333332,1.0,0.0001,2.0
242,0.5,0.0,0.1,0.0,1.0,0.0001,0.0,0.0,10.0,13.333333333333332,1.0,0.0001,2.0
243,0.6,0.0,0.1,0.0,1.0,0.0001,0.0,0.0,10.0,13.333333333333332,1.0,0.0001,2.0
244,0.7,0.0,0.1,0.0,1.0,0.0001,0.0,0.0,10.0,13.333333333333332,1.0,0.0001,2.0
245,0.8,0.0,0.1,0.0,1.0,0.0001,0.0,0.0,10.0,13.333333333333332,1.0,0.0001,2.0
246,0.9,0.0,0.1,0.0,1.0,0.0001,0.0,0.0,10.0,13.333333333333332,1.0,0.0001,2.0
247,1.0,0.0,0.1,0.0,1.0,0.0001,0.0,0.0,10.0,13.333333333333332,1.0,0.0001,2.0
248,1.1,0.0,0.1,0.0,1.0,0.0001,0.0,0.0,10.0,13.333333333333332,1.0,0.0001,2.0
249,1.2,0.0,0.1,0.0,1.0,0.0001,0.0,0.0,10.0,13.333333333333332,1.0,0.0001,2.0
250,1.3,0.0,0.1,0.0,1.0,0.0001,0.0,0.0,10.0,13.333333333333332,1.0,0.0001,2.0
251,1.4,0.0,0.1,0.0,1.0,0.0001,0.0,0.0,10.0,13.333333333333332,1.0,0.0001,2.0
252,1.5,0.0,0.1,0.0,1.0,0.0001,0.0,0.0,10.0,13.333333333333332,1.0,0.0001,2.0
253,0.4,0.0,0.1,0.0,1.0,0.0001,0.0,0.0,12.0,16.0,1.0,0.0001,2.0
254,0.5,0.0,0.1,0.0,1.0,0.0001,0.0,0.0,12.0,16.0,1.0,0.0001,2.0
255,0.6,0.0,0.1,0.0,1.0,0.0001,0.0,0.0,12.0,16.0,1.0,0.0001,2.0
256,0.7,0.0,0.1,0.0,1.0,0.0001,0.0,0.0,12.0,16.0,1.0,0.0001,2.0
257,0.8,0.0,0.1,0.0,1.0,0.0001,0.0,0.0,12.0,16.0,1.0,0.0001,2.0
258,0.9,0.0,0.1,0.0,1.0,0.0001,0.0,0.0,12.0,16.0,1.0,0.0001,2.0
259,1.0,0.0,0.1,0.0,1.0,0.0001,0.0,0.0,12.0,16.0,1.0,0.0001,2.0
260,1.1,0.0,0.1,0.0,1.0,0.0001,0.0,0.0,12.0,16.0,1.0,0.0001,2.0
261,1.2,0.0,0.1,0.0,1.0,0.0001,0.0,0.0,12.0,16.0,1.0,0.0001,2.0
262,1.3,0.0,0.1,0.0,1.0,0.0001,0.0,0.0,12.0,16.0,1.0,0.0001,2.0
263,1.4,0.0,0.1,0.0,1.0,0.0001,0.0,0.0,12.0,16.0,1.0,0.0001,2.0
264,1.5,0.0,0.1,0.0,1.0,0.0001,0.0,0.0,12.0,16.0,1.0,0.0001,2.0
265,0.4,0.0,0.1,0.0,1.0,0.0001,0.0,0.0,14.0,18.666666666666664,1.0,0.0001,2.0
266,0.5,0.0,0.1,0.0,1.0,0.0001,0.0,0.0,14.0,18.666666666666664,1.0,0.0001,2.0
267,0.6,0.0,0.1,0.0,1.0,0.0001,0.0,0.0,14.0,18.666666666666664,1.0,0.0001,2.0
268,0.7,0.0,0.1,0.0,1.0,0.0001,0.0,0.0,14.0,18.666666666666664,1.0,0.0001,2.0
269,0.8,0.0,0.1,0.0,1.0,0.0001,0.0,0.0,14.0,18.666666666666664,1.0,0.0001,2.0
270,0.9,0.0,0.1,0.0,1.0,0.0001,0.0,0.0,14.0,18.666666666666664,1.0,0.0001,2.0
271,1.0,0.0,0.1,0.0,1.0,0.0001,0.0,0.0,14.0,18.666666666666664,1.0,0.0001,2.0
272,1.1,0.0,0.1,0.0,1.0,0.0001,0.0,0.0,14.0,18.666666666666664,1.0,0.0001,2.0
273,1.2,0.0,0.1,0.0,1.0,0.0001,0.0,0.0,14.0,18.666666666666664,1.0,0.0001,2.0
274,1.3,0.0,0.1,0.0,1.0,0.0001,0.0,0.0,14.0,18.666666666666664,1.0,0.0001,2.0
275,1.4,0.0,0.1,0.0,1.0,0.0001,0.0,0.0,14.0,18.666666666666664,1.0,0.0001,2.0
276,1.5,0.0,0.1,0.0,1.0,0.0001,0.0,0.0,14.0,18.666666666666664,1.0,0.0001,2.0
277,0.4,0.0,0.1,0.0,1.0,0.0001,0.0,0.0,16.0,21.333333333333332,1.0,0.0001,2.0
278,0.5,0.0,0.1,0.0,1.0,0.0001,0.0,0.0,16.0,21.333333333333332,1.0,0.0001,2.0
279,0.6,0.0,0.1,0.0,1.0,0.0001,0.0,0.0,16.0,21.333333333333332,1.0,0.0001,2.0
280,0.7,0.0,0.1,0.0,1.0,0.0001,0.0,0.0,16.0,21.333333333333332,1.0,0.0001,2.0
281,0.8,0.0,0.1,0.0,1.0,0.0001,0.0,0.0,16.0,21.333333333333332,1.0,0.0001,2.0
282,0.9,0.0,0.1,0.0,1.0,0.0001,0.0,0.0,16.0,21.333333333333332,1.0,0.0001,2.0
283,1.0,0.0,0.1,0.0,1.0,0.0001,0.0,0.0,16.0,21.333333333333332,1.0,0.0001,2.0
284,1.1,0.0,0.1,0.0,1.0,0.0001,0.0,0.0,16.0,21.333333333333332,1.0,0.0001,2.0
285,1.2,0.0,0.1,0.0,1.0,0.0001,0.0,0.0,16.0,21.333333333333332,1.0,0.0001,2.0
286,1.3,0.0,0.1,0.0,1.0,0.0001,0.0,0.0,16.0,21.333333333333332,1.0,0.0001,2.0
287,1.4,0.0,0.1,0.0,1.0,0.0001,0.0,0.0,16.0,21.333333333333332,1.0,0.0001,2.0
288,1.5,0.0,0.1,0.0,1.0,0.0001,0.0,0.0,16.0,21.333333333333332,1.0,0.0001,2.0
289,0.4,0.0,0.1,0.0,1.0,0.0001,0.0,0.0,18.0,24.0,1.0,0.0001,2.0
290,0.5,0.0,0.1,0.0,1.0,0.0001,0.0,0.0,18.0,24.0,1.0,0.0001,2.0
291,0.6,0.0,0.1,0.0,1.0,0.0001,0.0,0.0,18.0,24.0,1.0,0.0001,2.0
292,0.7,0.0,0.1,0.0,1.0,0.0001,0.0,0.0,18.0,24.0,1.0,0.0001,2.0
293,0.8,0.0,0.1,0.0,1.0,0.0001,0.0,0.0,18.0,24.0,1.0,0.0001,2.0
294,0.9,0.0,0.1,0.0,1.0,0.0001,0.0,0.0,18.0,24.0,1.0,0.0001,2.0
295,1.0,0.0,0.1,0.0,1.0,0.0001,0.0,0.0,18.0,24.0,1.0,0.0001,2.0
296,1.1,0.0,0.1,0.0,1.0,0.0001,0.0,0.0,18.0,24.0,1.0,0.0001,2.0
297,1.2,0.0,0.1,0.0,1.0,0.0001,0.0,0.0,18.0,24.0,1.0,0.0001,2.0
298,1.3,0.0,0.1,0.0,1.0,0.0001,0.0,0.0,18.0,24.0,1.0,0.0001,2.0
299,1.4,0.0,0.1,0.0,1.0,0.0001,0.0,0.0,18.0,24.0,1.0,0.0001,2.0
300,1.5,0.0,0.1,0.0,1.0,0.0001,0.0,0.0,18.0,24.0,1.0,0.0001,2.0
301,0.4,0.0,0.1,0.0,1.0,0.0001,0.0,0.0,20.0,26.666666666666664,1.0,0.0001,2.0
302,0.5,0.0,0.1,0.0,1.0,0.0001,0.0,0.0,20.0,26.666666666666664,1.0,0.0001,2.0
303,0.6,0.0,0.1,0.0,1.0,0.0001,0.0,0.0,20.0,26.666666666666664,1.0,0.0001,2.0
304,0.7,0.0,0.1,0.0,1.0,0.0001,0.0,0.0,20.0,26.666666666666664,1.0,0.0001,2.0
305,0.8,0.0,0.1,0.0,1.0,0.0001,0.0,0.0,20.0,26.666666666666664,1.0,0.0001,2.0
306,0.9,0.0,0.1,0.0,1.0,0.0001,0.0,0.0,20.0,26.666666666666664,1.0,0.0001,2.0
307,1.0,0.0,0.1,0.0,1.0,0.0001,0.0,0.0,20.0,26.666666666666664,1.0,0.0001,2.0
308,1.1,0.0,0.1,0.0,1.0,0.0001,0.0,0.0,20.0,26.666666666666664,1.0,0.0001,2.0
309,1.2,0.0,0.1,0.0,1.0,0.0001,0.0,0.0,20.0,26.666666666666664,1.0,0.0001,2.0
310,1.3,0.0,0.1,0.0,1.0,0.0001,0.0,0.0,20.0,26.666666666666664,1.0,0.0001,2.0
311,1.4,0.0,0.1,0.0,1.0,0.0001,0.0,0.0,20.0,26.666666666666664,1.0,0.0001,2.0
312,1.5,0.0,0.1,0.0,1.0,0.0001,0.0,0.0,20.0,26.666666666666664,1.0,0.0001,2.0
313,0.4,0.0,0.1,0.0,1.0,0.0001,0.0,0.0,22.0,29.333333333333332,1.0,0.0001,2.0
314,0.5,0.0,0.1,0.0,1.0,0.0001,0.0,0.0,22.0,29.333333333333332,1.0,0.0001,2.0
315,0.6,0.0,0.1,0.0,1.0,0.0001,0.0,0.0,22.0,29.333333333333332,1.0,0.0001,2.0
316,0.7,0.0,0.1,0.0,1.0,0.0001,0.0,0.0,22.0,29.333333333333332,1.0,0.0001,2.0
317,0.8,0.0,0.1,0.0,1.0,0.0001,0.0,0.0,22.0,29.333333333333332,1.0,0.0001,2.0
318,0.9,0.0,0.1,0.0,1.0,0.0001,0.0,0.0,22.0,29.333333333333332,1.0,0.0001,2.0
319,1.0,0.0,0.1,0.0,1.0,0.0001,0.0,0.0,22.0,29.333333333333332,1.0,0.0001,2.0
320,1.1,0.0,0.1,0.0,1.0,0.0001,0.0,0.0,22.0,29.333333333333332,1.0,0.0001,2.0
321,1.2,0.0,0.1,0.0,1.0,0.0001,0.0,0.0,22.0,29.333333333333332,1.0,0.0001,2.0
322,1.3,0.0,0.1,0.0,1.0,0.0001,0.0,0.0,22.0,29.333333333333332,1.0,0.0001,2.0
323,1.4,0.0,0.1,0.0,1.0,0.0001,0.0,0.0,22.0,29.333333333333332,1.0,0.0001,2.0
324,1.5,0.0,0.1,0.0,1.0,0.0001,0.0,0.0,22.0,29.333333333333332,1.0,0.0001,2.0
325,0.4,0.0,0.1,0.0,1.0,0.0001,0.0,0.0,24.0,32.0,1.0,0.0001,2.0
326,0.5,0.0,0.1,0.0,1.0,0.0001,0.0,0.0,24.0,32.0,1.0,0.0001,2.0
327,0.6,0.0,0.1,0.0,1.0,0.0001,0.0,0.0,24.0,32.0,1.0,0.0001,2.0
328,0.7,0.0,0.1,0.0,1.0,0.0001,0.0,0.0,24.0,32.0,1.0,0.0001,2.0
329,0.8,0.0,0.1,0.0,1.0,0.0001,0.0,0.0,24.0,32.0,1.0,0.0001,2.0
330,0.9,0.0,0.1,0.0,1.0,0.0001,0.0,0.0,24.0,32.0,1.0,0.0001,2.0
331,1.0,0.0,0.1,0.0,1.0,0.0001,0.0,0.0,24.0,32.0,1.0,0.0001,2.0
332,1.1,0.0,0.1,0.0,1.0,0.0001,0.0,0.0,24.0,32.0,1.0,0.0001,2.0
333,1.2,0.0,0.1,0.0,1.0,0.0001,0.0,0.0,24.0,32.0,1.0,0.0001,2.0
334,1.3,0.0,0.1,0.0,1.0,0.0001,0.0,0.0,24.0,32.0,1.0,0.0001,2.0
335,1.4,0.0,0.1,0.0,1.0,0.0001,0.0,0.0,24.0,32.0,1.0,0.0001,2.0
336,1.5,0.0,0.1,0.0,1.0,0.0001,0.0,0.0,24.0,32.0,1.0,0.0001,2.0
337,0.4,0.0,0.1,0.0,1.0,0.0001,0.0,0.0,0.0,1.3333333333333333,1.0,0.0001,1.0
338,0.5,0.0,0.1,0.0,1.0,0.0001,0.0,0.0,0.0,1.3333333333333333,1.0,0.0001,1.0
339,0.6,0.0,0.1,0.0,1.0,0.0001,0.0,0.0,0.0,1.3333333333333333,1.0,0.0001,1.0
340,0.7,0.0,0.1,0.0,1.0,0.0001,0.0,0.0,0.0,1.3333333333333333,1.0,0.0001,1.0
341,0.8,0.0,0.1,0.0,1.0,0.0001,0.0,0.0,0.0,1.3333333333333333,1.0,0.0001,1.0
342,0.9,0.0,0.1,0.0,1.0,0.0001,0.0,0.0,0.0,1.3333333333333333,1.0,0.0001,1.0
343,1.0,0.0,0.1,0.0,1.0,0.0001,0.0,0.0,0.0,1.3333333333333333,1.0,0.0001,1.0
344,1.1,0.0,0.1,0.0,1.0,0.0001,0.0,0.0,0.0,1.3333333333333333,1.0,0.0001,1.0
345,1.2,0.0,0.1,0.0,1.0,0.0001,0.0,0.0,0.0,1.3333333333333333,1.0,0.0001,1.0
346,1.3,0.0,0.1,0.0,1.0,0.0001,0.0,0.0,0.0,1.3333333333333333,1.0,0.0001,1.0
347,1.4,0.0,0.1,0.0,1.0,0.0001,0.0,0.0,0.0,1.3333333333333333,1.0,0.0001,1.0
348,1.5,0.0,0.1,0.0,1.0,0.0001,0.0,0.0,0.0,1.3333333333333333,1.0,0.0001,1.0
349,0.4,0.0,0.1,0.0,1.0,0.0001,0.0,0.0,1.0,1.3333333333333333,1.0,0.0001,1.0
350,0.5,0.0,0.1,0.0,1.0,0.0001,0.0,0.0,1.0,1.3333333333333333,1.0,0.0001,1.0
351,0.6,0.0,0.1,0.0,1.0,0.0001,0.0,0.0,1.0,1.3333333333333333,1.0,0.0001,1.0
352,0.7,0.0,0.1,0.0,1.0,0.0001,0.0,0.0,1.0,1.3333333333333333,1.0,0.0001,1.0
353,0.8,0.0,0.1,0.0,1.0,0.0001,0.0,0.0,1.0,1.3333333333333333,1.0,0.0001,1.0
354,0.9,0.0,0.1,0.0,1.0,0.0001,0.0,0.0,1.0,1.3333333333333333,1.0,0.0001,1.0
355,1.0,0.0,0.1,0.0,1.0,0.0001,0.0,0.0,1.0,1.3333333333333333,1.0,0.0001,1.0
356,1.1,0.0,0.1,0.0,1.0,0.0001,0.0,0.0,1.0,1.3333333333333333,1.0,0.0001,1.0
357,1.2,0.0,0.1,0.0,1.0,0.0001,0.0,0.0,1.0,1.3333333333333333,1.0,0.0001,1.0
358,1.3,0.0,0.1,0.0,1.0,0.0001,0.0,0.0,1.0,1.3333333333333333,1.0,0.0001,1.0
359,1.4,0.0,0.1,0.0,1.0,0.0001,0.0,0.0,1.0,1.3333333333333333,1.0,0.0001,1.0
360,1.5,0.0,0.1,0.0,1.0,0.0001,0.0,0.0,1.0,1.3333333333333333,1.0,0.0001,1.0
361,0.4,0.0,0.1,0.0,1.0,0.0001,0.0,0.0,2.0,2.6666666666666665,1.0,0.0001,1.0
362,0.5,0.0,0.1,0.0,1.0,0.0001,0.0,0.0,2.0,2.6666666666666665,1.0,0.0001,1.0
363,0.6,0.0,0.1,0.0,1.0,0.0001,0.0,0.0,2.0,2.6666666666666665,1.0,0.0001,1.0
364,0.7,0.0,0.1,0.0,1.0,0.0001,0.0,0.0,2.0,2.6666666666666665,1.0,0.0001,1.0
365,0.8,0.0,0.1,0.0,1.0,0.0001,0.0,0.0,2.0,2.6666666666666665,1.0,0.0001,1.0
366,0.9,0.0,0.1,0.0,1.0,0.0001,0.0,0.0,2.0,2.6666666666666665,1.0,0.0001,1.0
367,1.0,0.0,0.1,0.0,1.0,0.0001,0.0,0.0,2.0,2.6666666666666665,1.0,0.0001,1.0
368,1.1,0.0,0.1,0.0,1.0,0.0001,0.0,0.0,2.0,2.6666666666666665,1.0,0.0001,1.0
369,1.2,0.0,0.1,0.0,1.0,0.0001,0.0,0.0,2.0,2.6666666666666665,1.0,0.0001,1.0
370,1.3,0.0,0.1,0.0,1.0,0.0001,0.0,0.0,2.0,2.6666666666666665,1.0,0.0001,1.0
371,1.4,0.0,0.1,0.0,1.0,0.0001,0.0,0.0,2.0,2.6666666666666665,1.0,0.0001,1.0
372,1.5,0.0,0.1,0.0,1.0,0.0001,0.0,0.0,2.0,2.6666666666666665,1.0,0.0001,1.0
373,0.4,0.0,0.1,0.0,1.0,0.0001,0.0,0.0,4.0,5.333333333333333,1.0,0.0001,1.0
374,0.5,0.0,0.1,0.0,1.0,0.0001,0.0,0.0,4.0,5.333333333333333,1.0,0.0001,1.0
375,0.6,0.0,0.1,0.0,1.0,0.0001,0.0,0.0,4.0,5.333333333333333,1.0,0.0001,1.0
376,0.7,0.0,0.1,0.0,1.0,0.0001,0.0,0.0,4.0,5.333333333333333,1.0,0.0001,1.0
377,0.8,0.0,0.1,0.0,1.0,0.0001,0.0,0.0,4.0,5.333333333333333,1.0,0.0001,1.0
378,0.9,0.0,0.1,0.0,1.0,0.0001,0.0,0.0,4.0,5.333333333333333,1.0,0.0001,1.0
379,1.0,0.0,0.1,0.0,1.0,0.0001,0.0,0.0,4.0,5.333333333333333,1.0,0.0001,1.0
380,1.1,0.0,0.1,0.0,1.0,0.0001,0.0,0.0,4.0,5.333333333333333,1.0,0.0001,1.0
381,1.2,0.0,0.1,0.0,1.0,0.0001,0.0,0.0,4.0,5.333333333333333,1.0,0.0001,1.0
382,1.3,0.0,0.1,0.0,1.0,0.0001,0.0,0.0,4.0,5.333333333333333,1.0,0.0001,1.0
383,1.4,0.0,0.1,0.0,1.0,0.0001,0.0,0.0,4.0,5.333333333333333,1.0,0.0001,1.0
384,1.5,0.0,0.1,0.0,1.0,0.0001,0.0,0.0,4.0,5.333333333333333,1.0,0.0001,1.0
385,0.4,0.0,0.1,0.0,1.0,0.0001,0.0,0.0,6.0,8.0,1.0,0.0001,1.0
386,0.5,0.0,0.1,0.0,1.0,0.0001,0.0,0.0,6.0,8.0,1.0,0.0001,1.0
387,0.6,0.0,0.1,0.0,1.0,0.0001,0.0,0.0,6.0,8.0,1.0,0.0001,1.0
388,0.7,0.0,0.1,0.0,1.0,0.0001,0.0,0.0,6.0,8.0,1.0,0.0001,1.0
389,0.8,0.0,0.1,0.0,1.0,0.0001,0.0,0.0,6.0,8.0,1.0,0.0001,1.0
390,0.9,0.0,0.1,0.0,1.0,0.0001,0.0,0.0,6.0,8.0,1.0,0.0001,1.0
391,1.0,0.0,0.1,0.0,1.0,0.0001,0.0,0.0,6.0,8.0,1.0,0.0001,1.0
392,1.1,0.0,0.1,0.0,1.0,0.0001,0.0,0.0,6.0,8.0,1.0,0.0001,1.0
393,1.2,0.0,0.1,0.0,1.0,0.0001,0.0,0.0,6.0,8.0,1.0,0.0001,1.0
394,1.3,0.0,0.1,0.0,1.0,0.0001,0.0,0.0,6.0,8.0,1.0,0.0001,1.0
395,1.4,0.0,0.1,0.0,1.0,0.0001,0.0,0.0,6.0,8.0,1.0,0.0001,1.0
396,1.5,0.0,0.1,0.0,1.0,0.0001,0.0,0.0,6.0,8.0,1.0,0.0001,1.0
397,0.4,0.0,0.1,0.0,1.0,0.0001,0.0,0.0,8.0,10.666666666666666,1.0,0.0001,1.0
398,0.5,0.0,0.1,0.0,1.0,0.0001,0.0,0.0,8.0,10.666666666666666,1.0,0.0001,1.0
399,0.6,0.0,0.1,0.0,1.0,0.0001,0.0,0.0,8.0,10.666666666666666,1.0,0.0001,1.0
400,0.7,0.0,0.1,0.0,1.0,0.0001,0.0,0.0,8.0,10.666666666666666,1.0,0.0001,1.0
401,0.8,0.0,0.1,0.0,1.0,0.0001,0.0,0.0,8.0,10.666666666666666,1.0,0.0001,1.0
402,0.9,0.0,0.1,0.0,1.0,0.0001,0.0,0.0,8.0,10.666666666666666,1.0,0.0001,1.0
403,1.0,0.0,0.1,0.0,1.0,0.0001,0.0,0.0,8.0,10.666666666666666,1.0,0.0001,1.0
404,1.1,0.0,0.1,0.0,1.0,0.0001,0.0,0.0,8.0,10.666666666666666,1.0,0.0001,1.0
405,1.2,0.0,0.1,0.0,1.0,0.0001,0.0,0.0,8.0,10.666666666666666,1.0,0.0001,1.0
406,1.3,0.0,0.1,0.0,1.0,0.0001,0.0,0.0,8.0,10.666666666666666,1.0,0.0001,1.0
407,1.4,0.0,0.1,0.0,1.0,0.0001,0.0,0.0,8.0,10.666666666666666,1.0,0.0001,1.0
408,1.5,0.0,0.1,0.0,1.0,0.0001,0.0,0.0,8.0,10.666666666666666,1.0,0.0001,1.0
409,0.4,0.0,0.1,0.0,1.0,0.0001,0.0,0.0,10.0,13.333333333333332,1.0,0.0001,1.0
410,0.5,0.0,0.1,0.0,1.0,0.0001,0.0,0.0,10.0,13.333333333333332,1.0,0.0001,1.0
411,0.6,0.0,0.1,0.0,1.0,0.0001,0.0,0.0,10.0,13.333333333333332,1.0,0.0001,1.0
412,0.7,0.0,0.1,0.0,1.0,0.0001,0.0,0.0,10.0,13.333333333333332,1.0,0.0001,1.0
413,0.8,0.0,0.1,0.0,1.0,0.0001,0.0,0.0,10.0,13.333333333333332,1.0,0.0001,1.0
414,0.9,0.0,0.1,0.0,1.0,0.0001,0.0,0.0,10.0,13.333333333333332,1.0,0.0001,1.0
415,1.0,0.0,0.1,0.0,1.0,0.0001,0.0,0.0,10.0,13.333333333333332,1.0,0.0001,1.0
416,1.1,0.0,0.1,0.0,1.0,0.0001,0.0,0.0,10.0,13.333333333333332,1.0,0.0001,1.0
417,1.2,0.0,0.1,0.0,1.0,0.0001,0.0,0.0,10.0,13.333333333333332,1.0,0.0001,1.0
418,1.3,0.0,0.1,0.0,1.0,0.0001,0.0,0.0,10.0,13.333333333333332,1.0,0.0001,1.0
419,1.4,0.0,0.1,0.0,1.0,0.0001,0.0,0.0,10.0,13.333333333333332,1.0,0.0001,1.0
420,1.5,0.0,0.1,0.0,1.0,0.0001,0.0,0.0,10.0,13.333333333333332,1.0,0.0001,1.0
421,0.4,0.0,0.1,0.0,1.0,0.0001,0.0,0.0,12.0,16.0,1.0,0.0001,1.0
422,0.5,0.0,0.1,0.0,1.0,0.0001,0.0,0.0,12.0,16.0,1.0,0.0001,1.0
423,0.6,0.0,0.1,0.0,1.0,0.0001,0.0,0.0,12.0,16.0,1.0,0.0001,1.0
424,0.7,0.0,0.1,0.0,1.0,0.0001,0.0,0.0,12.0,16.0,1.0,0.0001,1.0
425,0.8,0.0,0.1,0.0,1.0,0.0001,0.0,0.0,12.0,16.0,1.0,0.0001,1.0
426,0.9,0.0,0.1,0.0,1.0,0.0001,0.0,0.0,12.0,16.0,1.0,0.0001,1.0
427,1.0,0.0,0.1,0.0,1.0,0.0001,0.0,0.0,12.0,16.0,1.0,0.0001,1.0
428,1.1,0.0,0.1,0.0,1.0,0.0001,0.0,0.0,12.0,16.0,1.0,0.0001,1.0
429,1.2,0.0,0.1,0.0,1.0,0.0001,0.0,0.0,12.0,16.0,1.0,0.0001,1.0
430,1.3,0.0,0.1,0.0,1.0,0.0001,0.0,0.0,12.0,16.0,1.0,0.0001,1.0
431,1.4,0.0,0.1,0.0,1.0,0.0001,0.0,0.0,12.0,16.0,1.0,0.0001,1.0
432,1.5,0.0,0.1,0.0,1.0,0.0001,0.0,0.0,12.0,16.0,1.0,0.0001,1.0
433,0.4,0.0,0.1,0.0,1.0,0.0001,0.0,0.0,14.0,18.666666666666664,1.0,0.0001,1.0
434,0.5,0.0,0.1,0.0,1.0,0.0001,0.0,0.0,14.0,18.666666666666664,1.0,0.0001,1.0
435,0.6,0.0,0.1,0.0,1.0,0.0001,0.0,0.0,14.0,18.666666666666664,1.0,0.0001,1.0
436,0.7,0.0,0.1,0.0,1.0,0.0001,0.0,0.0,14.0,18.666666666666664,1.0,0.0001,1.0
437,0.8,0.0,0.1,0.0,1.0,0.0001,0.0,0.0,14.0,18.666666666666664,1.0,0.0001,1.0
438,0.9,0.0,0.1,0.0,1.0,0.0001,0.0,0.0,14.0,18.666666666666664,1.0,0.0001,1.0
439,1.0,0.0,0.1,0.0,1.0,0.0001,0.0,0.0,14.0,18.666666666666664,1.0,0.0001,1.0
440,1.1,0.0,0.1,0.0,1.0,0.0001,0.0,0.0,14.0,18.666666666666664,1.0,0.0001,1.0
441,1.2,0.0,0.1,0.0,1.0,0.0001,0.0,0.0,14.0,18.666666666666664,1.0,0.0001,1.0
442,1.3,0.0,0.1,0.0,1.0,0.0001,0.0,0.0,14.0,18.666666666666664,1.0,0.0001,1.0
443,1.4,0.0,0.1,0.0,1.0,0.0001,0.0,0.0,14.0,18.666666666666664,1.0,0.0001,1.0
444,1.5,0.0,0.1,0.0,1.0,0.0001,0.0,0.0,14.0,18.666666666666664,1.0,0.0001,1.0
445,0.4,0.0,0.1,0.0,1.0,0.0001,0.0,0.0,16.0,21.333333333333332,1.0,0.0001,1.0
446,0.5,0.0,0.1,0.0,1.0,0.0001,0.0,0.0,16.0,21.333333333333332,1.0,0.0001,1.0
447,0.6,0.0,0.1,0.0,1.0,0.0001,0.0,0.0,16.0,21.333333333333332,1.0,0.0001,1.0
448,0.7,0.0,0.1,0.0,1.0,0.0001,0.0,0.0,16.0,21.333333333333332,1.0,0.0001,1.0
449,0.8,0.0,0.1,0.0,1.0,0.0001,0.0,0.0,16.0,21.333333333333332,1.0,0.0001,1.0
450,0.9,0.0,0.1,0.0,1.0,0.0001,0.0,0.0,16.0,21.333333333333332,1.0,0.0001,1.0
451,1.0,0.0,0.1,0.0,1.0,0.0001,0.0,0.0,16.0,21.333333333333332,1.0,0.0001,1.0
452,1.1,0.0,0.1,0.0,1.0,0.0001,0.0,0.0,16.0,21.333333333333332,1.0,0.0001,1.0
453,1.2,0.0,0.1,0.0,1.0,0.0001,0.0,0.0,16.0,21.333333333333332,1.0,0.0001,1.0
454,1.3,0.0,0.1,0.0,1.0,0.0001,0.0,0.0,16.0,21.333333333333332,1.0,0.0001,1.0
455,1.4,0.0,0.1,0.0,1.0,0.0001,0.0,0.0,16.0,21.333333333333332,1.0,0.0001,1.0
456,1.5,0.0,0.1,0.0,1.0,0.0001,0.0,0.0,16.0,21.333333333333332,1.0,0.0001,1.0
457,0.4,0.0,0.1,0.0,1.0,0.0001,0.0,0.0,18.0,24.0,1.0,0.0001,1.0
458,0.5,0.0,0.1,0.0,1.0,0.0001,0.0,0.0,18.0,24.0,1.0,0.0001,1.0
459,0.6,0.0,0.1,0.0,1.0,0.0001,0.0,0.0,18.0,24.0,1.0,0.0001,1.0
460,0.7,0.0,0.1,0.0,1.0,0.0001,0.0,0.0,18.0,24.0,1.0,0.0001,1.0
461,0.8,0.0,0.1,0.0,1.0,0.0001,0.0,0.0,18.0,24.0,1.0,0.0001,1.0
462,0.9,0.0,0.1,0.0,1.0,0.0001,0.0,0.0,18.0,24.0,1.0,0.0001,1.0
463,1.0,0.0,0.1,0.0,1.0,0.0001,0.0,0.0,18.0,24.0,1.0,0.0001,1.0
464,1.1,0.0,0.1,0.0,1.0,0.0001,0.0,0.0,18.0,24.0,1.0,0.0001,1.0
465,1.2,0.0,0.1,0.0,1.0,0.0001,0.0,0.0,18.0,24.0,1.0,0.0001,1.0
466,1.3,0.0,0.1,0.0,1.0,0.0001,0.0,0.0,18.0,24.0,1.0,0.0001,1.0
467,1.4,0.0,0.1,0.0,1.0,0.0001,0.0,0.0,18.0,24.0,1.0,0.0001,1.0
468,1.5,0.0,0.1,0.0,1.0,0.0001,0.0,0.0,18.0,24.0,1.0,0.0001,1.0
469,0.4,0.0,0.1,0.0,1.0,0.0001,0.0,0.0,20.0,26.666666666666664,1.0,0.0001,1.0
470,0.5,0.0,0.1,0.0,1.0,0.0001,0.0,0.0,20.0,26.666666666666664,1.0,0.0001,1.0
471,0.6,0.0,0.1,0.0,1.0,0.0001,0.0,0.0,20.0,26.666666666666664,1.0,0.0001,1.0
472,0.7,0.0,0.1,0.0,1.0,0.0001,0.0,0.0,20.0,26.666666666666664,1.0,0.0001,1.0
473,0.8,0.0,0.1,0.0,1.0,0.0001,0.0,0.0,20.0,26.666666666666664,1.0,0.0001,1.0
474,0.9,0.0,0.1,0.0,1.0,0.0001,0.0,0.0,20.0,26.666666666666664,1.0,0.0001,1.0
475,1.0,0.0,0.1,0.0,1.0,0.0001,0.0,0.0,20.0,26.666666666666664,1.0,0.0001,1.0
476,1.1,0.0,0.1,0.0,1.0,0.0001,0.0,0.0,20.0,26.666666666666664,1.0,0.0001,1.0
477,1.2,0.0,0.1,0.0,1.0,0.0001,0.0,0.0,20.0,26.666666666666664,1.0,0.0001,1.0
478,1.3,0.0,0.1,0.0,1.0,0.0001,0.0,0.0,20.0,26.666666666666664,1.0,0.0001,1.0
479,1.4,0.0,0.1,0.0,1.0,0.0001,0.0,0.0,20.0,26.666666666666664,1.0,0.0001,1.0
480,1.5,0.0,0.1,0.0,1.0,0.0001,0.0,0.0,20.0,26.666666666666664,1.0,0.0001,1.0
481,0.4,0.0,0.1,0.0,1.0,0.0001,0.0,0.0,22.0,29.333333333333332,1.0,0.0001,1.0
482,0.5,0.0,0.1,0.0,1.0,0.0001,0.0,0.0,22.0,29.333333333333332,1.0,0.0001,1.0
483,0.6,0.0,0.1,0.0,1.0,0.0001,0.0,0.0,22.0,29.333333333333332,1.0,0.0001,1.0
484,0.7,0.0,0.1,0.0,1.0,0.0001,0.0,0.0,22.0,29.333333333333332,1.0,0.0001,1.0
485,0.8,0.0,0.1,0.0,1.0,0.0001,0.0,0.0,22.0,29.333333333333332,1.0,0.0001,1.0
486,0.9,0.0,0.1,0.0,1.0,0.0001,0.0,0.0,22.0,29.333333333333332,1.0,0.0001,1.0
487,1.0,0.0,0.1,0.0,1.0,0.0001,0.0,0.0,22.0,29.333333333333332,1.0,0.0001,1.0
488,1.1,0.0,0.1,0.0,1.0,0.0001,0.0,0.0,22.0,29.333333333333332,1.0,0.0001,1.0
489,1.2,0.0,0.1,0.0,1.0,0.0001,0.0,0.0,22.0,29.333333333333332,1.0,0.0001,1.0
490,1.3,0.0,0.1,0.0,1.0,0.0001,0.0,0.0,22.0,29.333333333333332,1.0,0.0001,1.0
491,1.4,0.0,0.1,0.0,1.0,0.0001,0.0,0.0,22.0,29.333333333333332,1.0,0.0001,1.0
492,1.5,0.0,0.1,0.0,1.0,0.0001,0.0,0.0,22.0,29.333333333333332,1.0,0.0001,1.0
493,0.4,0.0,0.1,0.0,1.0,0.0001,0.0,0.0,24.0,32.0,1.0,0.0001,1.0
494,0.5,0.0,0.1,0.0,1.0,0.0001,0.0,0.0,24.0,32.0,1.0,0.0001,1.0
495,0.6,0.0,0.1,0.0,1.0,0.0001,0.0,0.0,24.0,32.0,1.0,0.0001,1.0
496,0.7,0.0,0.1,0.0,1.0,0.0001,0.0,0.0,24.0,32.0,1.0,0.0001,1.0
497,0.8,0.0,0.1,0.0,1.0,0.0001,0.0,0.0,24.0,32.0,1.0,0.0001,1.0
498,0.9,0.0,0.1,0.0,1.0,0.0001,0.0,0.0,24.0,32.0,1.0,0.0001,1.0
499,1.0,0.0,0.1,0.0,1.0,0.0001,0.0,0.0,24.0,32.0,1.0,0.0001,1.0
500,1.1,0.0,0.1,0.0,1.0,0.0001,0.0,0.0,24.0,32.0,1.0,0.0001,1.0
501,1.2,0.0,0.1,0.0,1.0,0.0001,0.0,0.0,24.0,32.0,1.0,0.0001,1.0
502,1.3,0.0,0.1,0.0,1.0,0.0001,0.0,0.0,24.0,32.0,1.0,0.0001,1.0
503,1.4,0.0,0.1,0.0,1.0,0.0001,0.0,0.0,24.0,32.0,1.0,0.0001,1.0
504,1.5,0.0,0.1,0.0,1.0,0.0001,0.0,0.0,24.0,32.0,1.0,0.0001,1.0
505,0.4,0.0,0.1,0.0,1.0,0.0001,0.0,0.0,0.0,1.3333333333333333,1.0,0.0001,0.8
506,0.5,0.0,0.1,0.0,1.0,0.0001,0.0,0.0,0.0,1.3333333333333333,1.0,0.0001,0.8
507,0.6,0.0,0.1,0.0,1.0,0.0001,0.0,0.0,0.0,1.3333333333333333,1.0,0.0001,0.8
508,0.7,0.0,0.1,0.0,1.0,0.0001,0.0,0.0,0.0,1.3333333333333333,1.0,0.0001,0.8
509,0.8,0.0,0.1,0.0,1.0,0.0001,0.0,0.0,0.0,1.3333333333333333,1.0,0.0001,0.8
510,0.9,0.0,0.1,0.0,1.0,0.0001,0.0,0.0,0.0,1.3333333333333333,1.0,0.0001,0.8
511,1.0,0.0,0.1,0.0,1.0,0.0001,0.0,0.0,0.0,1.3333333333333333,1.0,0.0001,0.8
512,1.1,0.0,0.1,0.0,1.0,0.0001,0.0,0.0,0.0,1.3333333333333333,1.0,0.0001,0.8
513,1.2,0.0,0.1,0.0,1.0,0.0001,0.0,0.0,0.0,1.3333333333333333,1.0,0.0001,0.8
514,1.3,0.0,0.1,0.0,1.0,0.0001,0.0,0.0,0.0,1.3333333333333333,1.0,0.0001,0.8
515,1.4,0.0,0.1,0.0,1.0,0.0001,0.0,0.0,0.0,1.3333333333333333,1.0,0.0001,0.8
516,1.5,0.0,0.1,0.0,1.0,0.0001,0.0,0.0,0.0,1.3333333333333333,1.0,0.0001,0.8
517,0.4,0.0,0.1,0.0,1.0,0.0001,0.0,0.0,1.0,1.3333333333333333,1.0,0.0001,0.8
518,0.5,0.0,0.1,0.0,1.0,0.0001,0.0,0.0,1.0,1.3333333333333333,1.0,0.0001,0.8
519,0.6,0.0,0.1,0.0,1.0,0.0001,0.0,0.0,1.0,1.3333333333333333,1.0,0.0001,0.8
520,0.7,0.0,0.1,0.0,1.0,0.0001,0.0,0.0,1.0,1.3333333333333333,1.0,0.0001,0.8
521,0.8,0.0,0.1,0.0,1.0,0.0001,0.0,0.0,1.0,1.3333333333333333,1.0,0.0001,0.8
522,0.9,0.0,0.1,0.0,1.0,0.0001,0.0,0.0,1.0,1.3333333333333333,1.0,0.0001,0.8
523,1.0,0.0,0.1,0.0,1.0,0.0001,0.0,0.0,1.0,1.3333333333333333,1.0,0.0001,0.8
524,1.1,0.0,0.1,0.0,1.0,0.0001,0.0,0.0,1.0,1.3333333333333333,1.0,0.0001,0.8
525,1.2,0.0,0.1,0.0,1.0,0.0001,0.0,0.0,1.0,1.3333333333333333,1.0,0.0001,0.8
526,1.3,0.0,0.1,0.0,1.0,0.0001,0.0,0.0,1.0,1.3333333333333333,1.0,0.0001,0.8
527,1.4,0.0,0.1,0.0,1.0,0.0001,0.0,0.0,1.0,1.3333333333333333,1.0,0.0001,0.8
528,1.5,0.0,0.1,0.0,1.0,0.0001,0.0,0.0,1.0,1.3333333333333333,1.0,0.0001,0.8
529,0.4,0.0,0.1,0.0,1.0,0.0001,0.0,0.0,2.0,2.6666666666666665,1.0,0.0001,0.8
530,0.5,0.0,0.1,0.0,1.0,0.0001,0.0,0.0,2.0,2.6666666666666665,1.0,0.0001,0.8
531,0.6,0.0,0.1,0.0,1.0,0.0001,0.0,0.0,2.0,2.6666666666666665,1.0,0.0001,0.8
532,0.7,0.0,0.1,0.0,1.0,0.0001,0.0,0.0,2.0,2.6666666666666665,1.0,0.0001,0.8
533,0.8,0.0,0.1,0.0,1.0,0.0001,0.0,0.0,2.0,2.6666666666666665,1.0,0.0001,0.8
534,0.9,0.0,0.1,0.0,1.0,0.0001,0.0,0.0,2.0,2.6666666666666665,1.0,0.0001,0.8
535,1.0,0.0,0.1,0.0,1.0,0.0001,0.0,0.0,2.0,2.6666666666666665,1.0,0.0001,0.8
536,1.1,0.0,0.1,0.0,1.0,0.0001,0.0,0.0,2.0,2.6666666666666665,1.0,0.0001,0.8
537,1.2,0.0,0.1,0.0,1.0,0.0001,0.0,0.0,2.0,2.6666666666666665,1.0,0.0001,0.8
538,1.3,0.0,0.1,0.0,1.0,0.0001,0.0,0.0,2.0,2.6666666666666665,1.0,0.0001,0.8
539,1.4,0.0,0.1,0.0,1.0,0.0001,0.0,0.0,2.0,2.6666666666666665,1.0,0.0001,0.8
540,1.5,0.0,0.1,0.0,1.0,0.0001,0.0,0.0,2.0,2.6666666666666665,1.0,0.0001,0.8
541,0.4,0.0,0.1,0.0,1.0,0.0001,0.0,0.0,4.0,5.333333333333333,1.0,0.0001,0.8
542,0.5,0.0,0.1,0.0,1.0,0.0001,0.0,0.0,4.0,5.333333333333333,1.0,0.0001,0.8
543,0.6,0.0,0.1,0.0,1.0,0.0001,0.0,0.0,4.0,5.333333333333333,1.0,0.0001,0.8
544,0.7,0.0,0.1,0.0,1.0,0.0001,0.0,0.0,4.0,5.333333333333333,1.0,0.0001,0.8
545,0.8,0.0,0.1,0.0,1.0,0.0001,0.0,0.0,4.0,5.333333333333333,1.0,0.0001,0.8
546,0.9,0.0,0.1,0.0,1.0,0.0001,0.0,0.0,4.0,5.333333333333333,1.0,0.0001,0.8
547,1.0,0.0,0.1,0.0,1.0,0.0001,0.0,0.0,4.0,5.333333333333333,1.0,0.0001,0.8
548,1.1,0.0,0.1,0.0,1.0,0.0001,0.0,0.0,4.0,5.333333333333333,1.0,0.0001,0.8
549,1.2,0.0,0.1,0.0,1.0,0.0001,0.0,0.0,4.0,5.333333333333333,1.0,0.0001,0.8
550,1.3,0.0,0.1,0.0,1.0,0.0001,0.0,0.0,4.0,5.333333333333333,1.0,0.0001,0.8
551,1.4,0.0,0.1,0.0,1.0,0.0001,0.0,0.0,4.0,5.333333333333333,1.0,0.0001,0.8
552,1.5,0.0,0.1,0.0,1.0,0.0001,0.0,0.0,4.0,5.333333333333333,1.0,0.0001,0.8
553,0.4,0.0,0.1,0.0,1.0,0.0001,0.0,0.0,6.0,8.0,1.0,0.0001,0.8
554,0.5,0.0,0.1,0.0,1.0,0.0001,0.0,0.0,6.0,8.0,1.0,0.0001,0.8
555,0.6,0.0,0.1,0.0,1.0,0.0001,0.0,0.0,6.0,8.0,1.0,0.0001,0.8
556,0.7,0.0,0.1,0.0,1.0,0.0001,0.0,0.0,6.0,8.0,1.0,0.0001,0.8
557,0.8,0.0,0.1,0.0,1.0,0.0001,0.0,0.0,6.0,8.0,1.0,0.0001,0.8
558,0.9,0.0,0.1,0.0,1.0,0.0001,0.0,0.0,6.0,8.0,1.0,0.0001,0.8
559,1.0,0.0,0.1,0.0,1.0,0.0001,0.0,0.0,6.0,8.0,1.0,0.0001,0.8
560,1.1,0.0,0.1,0.0,1.0,0.0001,0.0,0.0,6.0,8.0,1.0,0.0001,0.8
561,1.2,0.0,0.1,0.0,1.0,0.0001,0.0,0.0,6.0,8.0,1.0,0.0001,0.8
562,1.3,0.0,0.1,0.0,1.0,0.0001,0.0,0.0,6.0,8.0,1.0,0.0001,0.8
563,1.4,0.0,0.1,0.0,1.0,0.0001,0.0,0.0,6.0,8.0,1.0,0.0001,0.8
564,1.5,0.0,0.1,0.0,1.0,0.0001,0.0,0.0,6.0,8.0,1.0,0.0001,0.8
565,0.4,0.0,0.1,0.0,1.0,0.0001,0.0,0.0,8.0,10.666666666666666,1.0,0.0001,0.8
566,0.5,0.0,0.1,0.0,1.0,0.0001,0.0,0.0,8.0,10.666666666666666,1.0,0.0001,0.8
567,0.6,0.0,0.1,0.0,1.0,0.0001,0.0,0.0,8.0,10.666666666666666,1.0,0.0001,0.8
568,0.7,0.0,0.1,0.0,1.0,0.0001,0.0,0.0,8.0,10.666666666666666,1.0,0.0001,0.8
569,0.8,0.0,0.1,0.0,1.0,0.0001,0.0,0.0,8.0,10.666666666666666,1.0,0.0001,0.8
570,0.9,0.0,0.1,0.0,1.0,0.0001,0.0,0.0,8.0,10.666666666666666,1.0,0.0001,0.8
571,1.0,0.0,0.1,0.0,1.0,0.0001,0.0,0.0,8.0,10.666666666666666,1.0,0.0001,0.8
572,1.1,0.0,0.1,0.0,1.0,0.0001,0.0,0.0,8.0,10.666666666666666,1.0,0.0001,0.8
573,1.2,0.0,0.1,0.0,1.0,0.0001,0.0,0.0,8.0,10.666666666666666,1.0,0.0001,0.8
574,1.3,0.0,0.1,0.0,1.0,0.0001,0.0,0.0,8.0,10.666666666666666,1.0,0.0001,0.8
575,1.4,0.0,0.1,0.0,1.0,0.0001,0.0,0.0,8.0,10.666666666666666,1.0,0.0001,0.8
576,1.5,0.0,0.1,0.0,1.0,0.0001,0.0,0.0,8.0,10.666666666666666,1.0,0.0001,0.8
577,0.4,0.0,0.1,0.0,1.0,0.0001,0.0,0.0,10.0,13.333333333333332,1.0,0.0001,0.8
578,0.5,0.0,0.1,0.0,1.0,0.0001,0.0,0.0,10.0,13.333333333333332,1.0,0.0001,0.8
579,0.6,0.0,0.1,0.0,1.0,0.0001,0.0,0.0,10.0,13.333333333333332,1.0,0.0001,0.8
580,0.7,0.0,0.1,0.0,1.0,0.0001,0.0,0.0,10.0,13.333333333333332,1.0,0.0001,0.8
581,0.8,0.0,0.1,0.0,1.0,0.0001,0.0,0.0,10.0,13.333333333333332,1.0,0.0001,0.8
582,0.9,0.0,0.1,0.0,1.0,0.0001,0.0,0.0,10.0,13.333333333333332,1.0,0.0001,0.8
583,1.0,0.0,0.1,0.0,1.0,0.0001,0.0,0.0,10.0,13.333333333333332,1.0,0.0001,0.8
584,1.1,0.0,0.1,0.0,1.0,0.0001,0.0,0.0,10.0,13.333333333333332,1.0,0.0001,0.8
585,1.2,0.0,0.1,0.0,1.0,0.0001,0.0,0.0,10.0,13.333333333333332,1.0,0.0001,0.8
586,1.3,0.0,0.1,0.0,1.0,0.0001,0.0,0.0,10.0,13.333333333333332,1.0,0.0001,0.8
587,1.4,0.0,0.1,0.0,1.0,0.0001,0.0,0.0,10.0,13.333333333333332,1.0,0.0001,0.8
588,1.5,0.0,0.1,0.0,1.0,0.0001,0.0,0.0,10.0,13.333333333333332,1.0,0.0001,0.8
589,0.4,0.0,0.1,0.0,1.0,0.0001,0.0,0.0,12.0,16.0,1.0,0.0001,0.8
590,0.5,0.0,0.1,0.0,1.0,0.0001,0.0,0.0,12.0,16.0,1.0,0.0001,0.8
591,0.6,0.0,0.1,0.0,1.0,0.0001,0.0,0.0,12.0,16.0,1.0,0.0001,0.8
592,0.7,0.0,0.1,0.0,1.0,0.0001,0.0,0.0,12.0,16.0,1.0,0.0001,0.8
593,0.8,0.0,0.1,0.0,1.0,0.0001,0.0,0.0,12.0,16.0,1.0,0.0001,0.8
594,0.9,0.0,0.1,0.0,1.0,0.0001,0.0,0.0,12.0,16.0,1.0,0.0001,0.8
595,1.0,0.0,0.1,0.0,1.0,0.0001,0.0,0.0,12.0,16.0,1.0,0.0001,0.8
596,1.1,0.0,0.1,0.0,1.0,0.0001,0.0,0.0,12.0,16.0,1.0,0.0001,0.8
597,1.2,0.0,0.1,0.0,1.0,0.0001,0.0,0.0,12.0,16.0,1.0,0.0001,0.8
598,1.3,0.0,0.1,0.0,1.0,0.0001,0.0,0.0,12.0,16.0,1.0,0.0001,0.8
599,1.4,0.0,0.1,0.0,1.0,0.0001,0.0,0.0,12.0,16.0,1.0,0.0001,0.8
600,1.5,0.0,0.1,0.0,1.0,0.0001,0.0,0.0,12.0,16.0,1.0,0.0001,0.8
601,0.4,0.0,0.1,0.0,1.0,0.0001,0.0,0.0,14.0,18.666666666666664,1.0,0.0001,0.8
602,0.5,0.0,0.1,0.0,1.0,0.0001,0.0,0.0,14.0,18.666666666666664,1.0,0.0001,0.8
603,0.6,0.0,0.1,0.0,1.0,0.0001,0.0,0.0,14.0,18.666666666666664,1.0,0.0001,0.8
604,0.7,0.0,0.1,0.0,1.0,0.0001,0.0,0.0,14.0,18.666666666666664,1.0,0.0001,0.8
605,0.8,0.0,0.1,0.0,1.0,0.0001,0.0,0.0,14.0,18.666666666666664,1.0,0.0001,0.8
606,0.9,0.0,0.1,0.0,1.0,0.0001,0.0,0.0,14.0,18.666666666666664,1.0,0.0001,0.8
607,1.0,0.0,0.1,0.0,1.0,0.0001,0.0,0.0,14.0,18.666666666666664,1.0,0.0001,0.8
608,1.1,0.0,0.1,0.0,1.0,0.0001,0.0,0.0,14.0,18.666666666666664,1.0,0.0001,0.8
609,1.2,0.0,0.1,0.0,1.0,0.0001,0.0,0.0,14.0,18.666666666666664,1.0,0.0001,0.8
610,1.3,0.0,0.1,0.0,1.0,0.0001,0.0,0.0,14.0,18.666666666666664,1.0,0.0001,0.8
611,1.4,0.0,0.1,0.0,1.0,0.0001,0.0,0.0,14.0,18.666666666666664,1.0,0.0001,0.8
612,1.5,0.0,0.1,0.0,1.0,0.0001,0.0,0.0,14.0,18.666666666666664,1.0,0.0001,0.8
613,0.4,0.0,0.1,0.0,1.0,0.0001,0.0,0.0,16.0,21.333333333333332,1.0,0.0001,0.8
614,0.5,0.0,0.1,0.0,1.0,0.0001,0.0,0.0,16.0,21.333333333333332,1.0,0.0001,0.8
615,0.6,0.0,0.1,0.0,1.0,0.0001,0.0,0.0,16.0,21.333333333333332,1.0,0.0001,0.8
616,0.7,0.0,0.1,0.0,1.0,0.0001,0.0,0.0,16.0,21.333333333333332,1.0,0.0001,0.8
617,0.8,0.0,0.1,0.0,1.0,0.0001,0.0,0.0,16.0,21.333333333333332,1.0,0.0001,0.8
618,0.9,0.0,0.1,0.0,1.0,0.0001,0.0,0.0,16.0,21.333333333333332,1.0,0.0001,0.8
619,1.0,0.0,0.1,0.0,1.0,0.0001,0.0,0.0,16.0,21.333333333333332,1.0,0.0001,0.8
620,1.1,0.0,0.1,0.0,1.0,0.0001,0.0,0.0,16.0,21.333333333333332,1.0,0.0001,0.8
621,1.2,0.0,0.1,0.0,1.0,0.0001,0.0,0.0,16.0,21.333333333333332,1.0,0.0001,0.8
622,1.3,0.0,0.1,0.0,1.0,0.0001,0.0,0.0,16.0,21.333333333333332,1.0,0.0001,0.8
623,1.4,0.0,0.1,0.0,1.0,0.0001,0.0,0.0,16.0,21.333333333333332,1.0,0.0001,0.8
624,1.5,0.0,0.1,0.0,1.0,0.0001,0.0,0.0,16.0,21.333333333333332,1.0,0.0001,0.8
625,0.4,0.0,0.1,0.0,1.0,0.0001,0.0,0.0,18.0,24.0,1.0,0.0001,0.8
626,0.5,0.0,0.1,0.0,1.0,0.0001,0.0,0.0,18.0,24.0,1.0,0.0001,0.8
627,0.6,0.0,0.1,0.0,1.0,0.0001,0.0,0.0,18.0,24.0,1.0,0.0001,0.8
628,0.7,0.0,0.1,0.0,1.0,0.0001,0.0,0.0,18.0,24.0,1.0,0.0001,0.8
629,0.8,0.0,0.1,0.0,1.0,0.0001,0.0,0.0,18.0,24.0,1.0,0.0001,0.8
630,0.9,0.0,0.1,0.0,1.0,0.0001,0.0,0.0,18.0,24.0,1.0,0.0001,0.8
631,1.0,0.0,0.1,0.0,1.0,0.0001,0.0,0.0,18.0,24.0,1.0,0.0001,0.8
632,1.1,0.0,0.1,0.0,1.0,0.0001,0.0,0.0,18.0,24.0,1.0,0.0001,0.8
633,1.2,0.0,0.1,0.0,1.0,0.0001,0.0,0.0,18.0,24.0,1.0,0.0001,0.8
634,1.3,0.0,0.1,0.0,1.0,0.0001,0.0,0.0,18.0,24.0,1.0,0.0001,0.8
635,1.4,0.0,0.1,0.0,1.0,0.0001,0.0,0.0,18.0,24.0,1.0,0.0001,0.8
636,1.5,0.0,0.1,0.0,1.0,0.0001,0.0,0.0,18.0,24.0,1.0,0.0001,0.8
637,0.4,0.0,0.1,0.0,1.0,0.0001,0.0,0.0,20.0,26.666666666666664,1.0,0.0001,0.8
638,0.5,0.0,0.1,0.0,1.0,0.0001,0.0,0.0,20.0,26.666666666666664,1.0,0.0001,0.8
639,0.6,0.0,0.1,0.0,1.0,0.0001,0.0,0.0,20.0,26.666666666666664,1.0,0.0001,0.8
640,0.7,0.0,0.1,0.0,1.0,0.0001,0.0,0.0,20.0,26.666666666666664,1.0,0.0001,0.8
641,0.8,0.0,0.1,0.0,1.0,0.0001,0.0,0.0,20.0,26.666666666666664,1.0,0.0001,0.8
642,0.9,0.0,0.1,0.0,1.0,0.0001,0.0,0.0,20.0,26.666666666666664,1.0,0.0001,0.8
643,1.0,0.0,0.1,0.0,1.0,0.0001,0.0,0.0,20.0,26.666666666666664,1.0,0.0001,0.8
644,1.1,0.0,0.1,0.0,1.0,0.0001,0.0,0.0,20.0,26.666666666666664,1.0,0.0001,0.8
645,1.2,0.0,0.1,0.0,1.0,0.0001,0.0,0.0,20.0,26.666666666666664,1.0,0.0001,0.8
646,1.3,0.0,0.1,0.0,1.0,0.0001,0.0,0.0,20.0,26.666666666666664,1.0,0.0001,0.8
647,1.4,0.0,0.1,0.0,1.0,0.0001,0.0,0.0,20.0,26.666666666666664,1.0,0.0001,0.8
648,1.5,0.0,0.1,0.0,1.0,0.0001,0.0,0.0,20.0,26.666666666666664,1.0,0.0001,0.8
649,0.4,0.0,0.1,0.0,1.0,0.0001,0.0,0.0,22.0,29.333333333333332,1.0,0.0001,0.8
650,0.5,0.0,0.1,0.0,1.0,0.0001,0.0,0.0,22.0,29.333333333333332,1.0,0.0001,0.8
651,0.6,0.0,0.1,0.0,1.0,0.0001,0.0,0.0,22.0,29.333333333333332,1.0,0.0001,0.8
652,0.7,0.0,0.1,0.0,1.0,0.0001,0.0,0.0,22.0,29.333333333333332,1.0,0.0001,0.8
653,0.8,0.0,0.1,0.0,1.0,0.0001,0.0,0.0,22.0,29.333333333333332,1.0,0.0001,0.8
654,0.9,0.0,0.1,0.0,1.0,0.0001,0.0,0.0,22.0,29.333333333333332,1.0,0.0001,0.8
655,1.0,0.0,0.1,0.0,1.0,0.0001,0.0,0.0,22.0,29.333333333333332,1.0,0.0001,0.8
656,1.1,0.0,0.1,0.0,1.0,0.0001,0.0,0.0,22.0,29.333333333333332,1.0,0.0001,0.8
657,1.2,0.0,0.1,0.0,1.0,0.0001,0.0,0.0,22.0,29.333333333333332,1.0,0.0001,0.8
658,1.3,0.0,0.1,0.0,1.0,0.0001,0.0,0.0,22.0,29.333333333333332,1.0,0.0001,0.8
659,1.4,0.0,0.1,0.0,1.0,0.0001,0.0,0.0,22.0,29.333333333333332,1.0,0.0001,0.8
660,1.5,0.0,0.1,0.0,1.0,0.0001,0.0,0.0,22.0,29.333333333333332,1.0,0.0001,0.8
661,0.4,0.0,0.1,0.0,1.0,0.0001,0.0,0.0,24.0,32.0,1.0,0.0001,0.8
662,0.5,0.0,0.1,0.0,1.0,0.0001,0.0,0.0,24.0,32.0,1.0,0.0001,0.8
663,0.6,0.0,0.1,0.0,1.0,0.0001,0.0,0.0,24.0,32.0,1.0,0.0001,0.8
664,0.7,0.0,0.1,0.0,1.0,0.0001,0.0,0.0,24.0,32.0,1.0,0.0001,0.8
665,0.8,0.0,0.1,0.0,1.0,0.0001,0.0,0.0,24.0,32.0,1.0,0.0001,0.8
666,0.9,0.0,0.1,0.0,1.0,0.0001,0.0,0.0,24.0,32.0,1.0,0.0001,0.8
667,1.0,0.0,0.1,0.0,1.0,0.0001,0.0,0.0,24.0,32.0,1.0,0.0001,0.8
668,1.1,0.0,0.1,0.0,1.0,0.0001,0.0,0.0,24.0,32.0,1.0,0.0001,0.8
669,1.2,0.0,0.1,0.0,1.0,0.0001,0.0,0.0,24.0,32.0,1.0,0.0001,0.8
670,1.3,0.0,0.1,0.0,1.0,0.0001,0.0,0.0,24.0,32.0,1.0,0.0001,0.8
671,1.4,0.0,0.1,0.0,1.0,0.0001,0.0,0.0,24.0,32.0,1.0,0.0001,0.8
672,1.5,0.0,0.1,0.0,1.0,0.0001,0.0,0.0,24.0,32.0,1.0,0.0001,0.8
673,0.4,0.0,0.1,0.0,1.0,0.0001,0.0,0.0,0.0,1.3333333333333333,1.0,0.0001,0.6
674,0.5,0.0,0.1,0.0,1.0,0.0001,0.0,0.0,0.0,1.3333333333333333,1.0,0.0001,0.6
675,0.6,0.0,0.1,0.0,1.0,0.0001,0.0,0.0,0.0,1.3333333333333333,1.0,0.0001,0.6
676,0.7,0.0,0.1,0.0,1.0,0.0001,0.0,0.0,0.0,1.3333333333333333,1.0,0.0001,0.6
677,0.8,0.0,0.1,0.0,1.0,0.0001,0.0,0.0,0.0,1.3333333333333333,1.0,0.0001,0.6
678,0.9,0.0,0.1,0.0,1.0,0.0001,0.0,0.0,0.0,1.3333333333333333,1.0,0.0001,0.6
679,1.0,0.0,0.1,0.0,1.0,0.0001,0.0,0.0,0.0,1.3333333333333333,1.0,0.0001,0.6
680,1.1,0.0,0.1,0.0,1.0,0.0001,0.0,0.0,0.0,1.3333333333333333,1.0,0.0001,0.6
681,1.2,0.0,0.1,0.0,1.0,0.0001,0.0,0.0,0.0,1.3333333333333333,1.0,0.0001,0.6
682,1.3,0.0,0.1,0.0,1.0,0.0001,0.0,0.0,0.0,1.3333333333333333,1.0,0.0001,0.6
683,1.4,0.0,0.1,0.0,1.0,0.0001,0.0,0.0,0.0,1.3333333333333333,1.0,0.0001,0.6
684,1.5,0.0,0.1,0.0,1.0,0.0001,0.0,0.0,0.0,1.3333333333333333,1.0,0.0001,0.6
685,0.4,0.0,0.1,0.0,1.0,0.0001,0.0,0.0,1.0,1.3333333333333333,1.0,0.0001,0.6
686,0.5,0.0,0.1,0.0,1.0,0.0001,0.0,0.0,1.0,1.3333333333333333,1.0,0.0001,0.6
687,0.6,0.0,0.1,0.0,1.0,0.0001,0.0,0.0,1.0,1.3333333333333333,1.0,0.0001,0.6
688,0.7,0.0,0.1,0.0,1.0,0.0001,0.0,0.0,1.0,1.3333333333333333,1.0,0.0001,0.6
689,0.8,0.0,0.1,0.0,1.0,0.0001,0.0,0.0,1.0,1.3333333333333333,1.0,0.0001,0.6
690,0.9,0.0,0.1,0.0,1.0,0.0001,0.0,0.0,1.0,1.3333333333333333,1.0,0.0001,0.6
691,1.0,0.0,0.1,0.0,1.0,0.0001,0.0,0.0,1.0,1.3333333333333333,1.0,0.0001,0.6
692,1.1,0.0,0.1,0.0,1.0,0.0001,0.0,0.0,1.0,1.3333333333333333,1.0,0.0001,0.6
693,1.2,0.0,0.1,0.0,1.0,0.0001,0.0,0.0,1.0,1.3333333333333333,1.0,0.0001,0.6
694,1.3,0.0,0.1,0.0,1.0,0.0001,0.0,0.0,1.0,1.3333333333333333,1.0,0.0001,0.6
695,1.4,0.0,0.1,0.0,1.0,0.0001,0.0,0.0,1.0,1.3333333333333333,1.0,0.0001,0.6
696,1.5,0.0,0.1,0.0,1.0,0.0001,0.0,0.0,1.0,1.3333333333333333,1.0,0.0001,0.6
697,0.4,0.0,0.1,0.0,1.0,0.0001,0.0,0.0,2.0,2.6666666666666665,1.0,0.0001,0.6
698,0.5,0.0,0.1,0.0,1.0,0.0001,0.0,0.0,2.0,2.6666666666666665,1.0,0.0001,0.6
699,0.6,0.0,0.1,0.0,1.0,0.0001,0.0,0.0,2.0,2.6666666666666665,1.0,0.0001,0.6
700,0.7,0.0,0.1,0.0,1.0,0.0001,0.0,0.0,2.0,2.6666666666666665,1.0,0.0001,0.6
701,0.8,0.0,0.1,0.0,1.0,0.0001,0.0,0.0,2.0,2.6666666666666665,1.0,0.0001,0.6
702,0.9,0.0,0.1,0.0,1.0,0.0001,0.0,0.0,2.0,2.6666666666666665,1.0,0.0001,0.6
703,1.0,0.0,0.1,0.0,1.0,0.0001,0.0,0.0,2.0,2.6666666666666665,1.0,0.0001,0.6
704,1.1,0.0,0.1,0.0,1.0,0.0001,0.0,0.0,2.0,2.6666666666666665,1.0,0.0001,0.6
705,1.2,0.0,0.1,0.0,1.0,0.0001,0.0,0.0,2.0,2.6666666666666665,1.0,0.0001,0.6
706,1.3,0.0,0.1,0.0,1.0,0.0001,0.0,0.0,2.0,2.6666666666666665,1.0,0.0001,0.6
707,1.4,0.0,0.1,0.0,1.0,0.0001,0.0,0.0,2.0,2.6666666666666665,1.0,0.0001,0.6
708,1.5,0.0,0.1,0.0,1.0,0.0001,0.0,0.0,2.0,2.6666666666666665,1.0,0.0001,0.6
709,0.4,0.0,0.1,0.0,1.0,0.0001,0.0,0.0,4.0,5.333333333333333,1.0,0.0001,0.6
710,0.5,0.0,0.1,0.0,1.0,0.0001,0.0,0.0,4.0,5.333333333333333,1.0,0.0001,0.6
711,0.6,0.0,0.1,0.0,1.0,0.0001,0.0,0.0,4.0,5.333333333333333,1.0,0.0001,0.6
712,0.7,0.0,0.1,0.0,1.0,0.0001,0.0,0.0,4.0,5.333333333333333,1.0,0.0001,0.6
713,0.8,0.0,0.1,0.0,1.0,0.0001,0.0,0.0,4.0,5.333333333333333,1.0,0.0001,0.6
714,0.9,0.0,0.1,0.0,1.0,0.0001,0.0,0.0,4.0,5.333333333333333,1.0,0.0001,0.6
715,1.0,0.0,0.1,0.0,1.0,0.0001,0.0,0.0,4.0,5.333333333333333,1.0,0.0001,0.6
716,1.1,0.0,0.1,0.0,1.0,0.0001,0.0,0.0,4.0,5.333333333333333,1.0,0.0001,0.6
717,1.2,0.0,0.1,0.0,1.0,0.0001,0.0,0.0,4.0,5.333333333333333,1.0,0.0001,0.6
718,1.3,0.0,0.1,0.0,1.0,0.0001,0.0,0.0,4.0,5.333333333333333,1.0,0.0001,0.6
719,1.4,0.0,0.1,0.0,1.0,0.0001,0.0,0.0,4.0,5.333333333333333,1.0,0.0001,0.6
720,1.5,0.0,0.1,0.0,1.0,0.0001,0.0,0.0,4.0,5.333333333333333,1.0,0.0001,0.6
721,0.4,0.0,0.1,0.0,1.0,0.0001,0.0,0.0,6.0,8.0,1.0,0.0001,0.6
722,0.5,0.0,0.1,0.0,1.0,0.0001,0.0,0.0,6.0,8.0,1.0,0.0001,0.6
723,0.6,0.0,0.1,0.0,1.0,0.0001,0.0,0.0,6.0,8.0,1.0,0.0001,0.6
724,0.7,0.0,0.1,0.0,1.0,0.0001,0.0,0.0,6.0,8.0,1.0,0.0001,0.6
725,0.8,0.0,0.1,0.0,1.0,0.0001,0.0,0.0,6.0,8.0,1.0,0.0001,0.6
726,0.9,0.0,0.1,0.0,1.0,0.0001,0.0,0.0,6.0,8.0,1.0,0.0001,0.6
727,1.0,0.0,0.1,0.0,1.0,0.0001,0.0,0.0,6.0,8.0,1.0,0.0001,0.6
728,1.1,0.0,0.1,0.0,1.0,0.0001,0.0,0.0,6.0,8.0,1.0,0.0001,0.6
729,1.2,0.0,0.1,0.0,1.0,0.0001,0.0,0.0,6.0,8.0,1.0,0.0001,0.6
730,1.3,0.0,0.1,0.0,1.0,0.0001,0.0,0.0,6.0,8.0,1.0,0.0001,0.6
731,1.4,0.0,0.1,0.0,1.0,0.0001,0.0,0.0,6.0,8.0,1.0,0.0001,0.6
732,1.5,0.0,0.1,0.0,1.0,0.0001,0.0,0.0,6.0,8.0,1.0,0.0001,0.6
733,0.4,0.0,0.1,0.0,1.0,0.0001,0.0,0.0,8.0,10.666666666666666,1.0,0.0001,0.6
734,0.5,0.0,0.1,0.0,1.0,0.0001,0.0,0.0,8.0,10.666666666666666,1.0,0.0001,0.6
735,0.6,0.0,0.1,0.0,1.0,0.0001,0.0,0.0,8.0,10.666666666666666,1.0,0.0001,0.6
736,0.7,0.0,0.1,0.0,1.0,0.0001,0.0,0.0,8.0,10.666666666666666,1.0,0.0001,0.6
737,0.8,0.0,0.1,0.0,1.0,0.0001,0.0,0.0,8.0,10.666666666666666,1.0,0.0001,0.6
738,0.9,0.0,0.1,0.0,1.0,0.0001,0.0,0.0,8.0,10.666666666666666,1.0,0.0001,0.6
739,1.0,0.0,0.1,0.0,1.0,0.0001,0.0,0.0,8.0,10.666666666666666,1.0,0.0001,0.6
740,1.1,0.0,0.1,0.0,1.0,0.0001,0.0,0.0,8.0,10.666666666666666,1.0,0.0001,0.6
741,1.2,0.0,0.1,0.0,1.0,0.0001,0.0,0.0,8.0,10.666666666666666,1.0,0.0001,0.6
742,1.3,0.0,0.1,0.0,1.0,0.0001,0.0,0.0,8.0,10.666666666666666,1.0,0.0001,0.6
743,1.4,0.0,0.1,0.0,1.0,0.0001,0.0,0.0,8.0,10.666666666666666,1.0,0.0001,0.6
744,1.5,0.0,0.1,0.0,1.0,0.0001,0.0,0.0,8.0,10.666666666666666,1.0,0.0001,0.6
745,0.4,0.0,0.1,0.0,1.0,0.0001,0.0,0.0,10.0,13.333333333333332,1.0,0.0001,0.6
746,0.5,0.0,0.1,0.0,1.0,0.0001,0.0,0.0,10.0,13.333333333333332,1.0,0.0001,0.6
747,0.6,0.0,0.1,0.0,1.0,0.0001,0.0,0.0,10.0,13.333333333333332,1.0,0.0001,0.6
748,0.7,0.0,0.1,0.0,1.0,0.0001,0.0,0.0,10.0,13.333333333333332,1.0,0.0001,0.6
749,0.8,0.0,0.1,0.0,1.0,0.0001,0.0,0.0,10.0,13.333333333333332,1.0,0.0001,0.6
750,0.9,0.0,0.1,0.0,1.0,0.0001,0.0,0.0,10.0,13.333333333333332,1.0,0.0001,0.6
751,1.0,0.0,0.1,0.0,1.0,0.0001,0.0,0.0,10.0,13.333333333333332,1.0,0.0001,0.6
752,1.1,0.0,0.1,0.0,1.0,0.0001,0.0,0.0,10.0,13.333333333333332,1.0,0.0001,0.6
753,1.2,0.0,0.1,0.0,1.0,0.0001,0.0,0.0,10.0,13.333333333333332,1.0,0.0001,0.6
754,1.3,0.0,0.1,0.0,1.0,0.0001,0.0,0.0,10.0,13.333333333333332,1.0,0.0001,0.6
755,1.4,0.0,0.1,0.0,1.0,0.0001,0.0,0.0,10.0,13.333333333333332,1.0,0.0001,0.6
756,1.5,0.0,0.1,0.0,1.0,0.0001,0.0,0.0,10.0,13.333333333333332,1.0,0.0001,0.6
757,0.4,0.0,0.1,0.0,1.0,0.0001,0.0,0.0,12.0,16.0,1.0,0.0001,0.6
758,0.5,0.0,0.1,0.0,1.0,0.0001,0.0,0.0,12.0,16.0,1.0,0.0001,0.6
759,0.6,0.0,0.1,0.0,1.0,0.0001,0.0,0.0,12.0,16.0,1.0,0.0001,0.6
760,0.7,0.0,0.1,0.0,1.0,0.0001,0.0,0.0,12.0,16.0,1.0,0.0001,0.6
761,0.8,0.0,0.1,0.0,1.0,0.0001,0.0,0.0,12.0,16.0,1.0,0.0001,0.6
762,0.9,0.0,0.1,0.0,1.0,0.0001,0.0,0.0,12.0,16.0,1.0,0.0001,0.6
763,1.0,0.0,0.1,0.0,1.0,0.0001,0.0,0.0,12.0,16.0,1.0,0.0001,0.6
764,1.1,0.0,0.1,0.0,1.0,0.0001,0.0,0.0,12.0,16.0,1.0,0.0001,0.6
765,1.2,0.0,0.1,0.0,1.0,0.0001,0.0,0.0,12.0,16.0,1.0,0.0001,0.6
766,1.3,0.0,0.1,0.0,1.0,0.0001,0.0,0.0,12.0,16.0,1.0,0.0001,0.6
767,1.4,0.0,0.1,0.0,1.0,0.0001,0.0,0.0,12.0,16.0,1.0,0.0001,0.6
768,1.5,0.0,0.1,0.0,1.0,0.0001,0.0,0.0,12.0,16.0,1.0,0.0001,0.6
769,0.4,0.0,0.1,0.0,1.0,0.0001,0.0,0.0,14.0,18.666666666666664,1.0,0.0001,0.6
770,0.5,0.0,0.1,0.0,1.0,0.0001,0.0,0.0,14.0,18.666666666666664,1.0,0.0001,0.6
771,0.6,0.0,0.1,0.0,1.0,0.0001,0.0,0.0,14.0,18.666666666666664,1.0,0.0001,0.6
772,0.7,0.0,0.1,0.0,1.0,0.0001,0.0,0.0,14.0,18.666666666666664,1.0,0.0001,0.6
773,0.8,0.0,0.1,0.0,1.0,0.0001,0.0,0.0,14.0,18.666666666666664,1.0,0.0001,0.6
774,0.9,0.0,0.1,0.0,1.0,0.0001,0.0,0.0,14.0,18.666666666666664,1.0,0.0001,0.6
775,1.0,0.0,0.1,0.0,1.0,0.0001,0.0,0.0,14.0,18.666666666666664,1.0,0.0001,0.6
776,1.1,0.0,0.1,0.0,1.0,0.0001,0.0,0.0,14.0,18.666666666666664,1.0,0.0001,0.6
777,1.2,0.0,0.1,0.0,1.0,0.0001,0.0,0.0,14.0,18.666666666666664,1.0,0.0001,0.6
778,1.3,0.0,0.1,0.0,1.0,0.0001,0.0,0.0,14.0,18.666666666666664,1.0,0.0001,0.6
779,1.4,0.0,0.1,0.0,1.0,0.0001,0.0,0.0,14.0,18.666666666666664,1.0,0.0001,0.6
780,1.5,0.0,0.1,0.0,1.0,0.0001,0.0,0.0,14.0,18.666666666666664,1.0,0.0001,0.6
781,0.4,0.0,0.1,0.0,1.0,0.0001,0.0,0.0,16.0,21.333333333333332,1.0,0.0001,0.6
782,0.5,0.0,0.1,0.0,1.0,0.0001,0.0,0.0,16.0,21.333333333333332,1.0,0.0001,0.6
783,0.6,0.0,0.1,0.0,1.0,0.0001,0.0,0.0,16.0,21.333333333333332,1.0,0.0001,0.6
784,0.7,0.0,0.1,0.0,1.0,0.0001,0.0,0.0,16.0,21.333333333333332,1.0,0.0001,0.6
785,0.8,0.0,0.1,0.0,1.0,0.0001,0.0,0.0,16.0,21.333333333333332,1.0,0.0001,0.6
786,0.9,0.0,0.1,0.0,1.0,0.0001,0.0,0.0,16.0,21.333333333333332,1.0,0.0001,0.6
787,1.0,0.0,0.1,0.0,1.0,0.0001,0.0,0.0,16.0,21.333333333333332,1.0,0.0001,0.6
788,1.1,0.0,0.1,0.0,1.0,0.0001,0.0,0.0,16.0,21.333333333333332,1.0,0.0001,0.6
789,1.2,0.0,0.1,0.0,1.0,0.0001,0.0,0.0,16.0,21.333333333333332,1.0,0.0001,0.6
790,1.3,0.0,0.1,0.0,1.0,0.0001,0.0,0.0,16.0,21.333333333333332,1.0,0.0001,0.6
791,1.4,0.0,0.1,0.0,1.0,0.0001,0.0,0.0,16.0,21.333333333333332,1.0,0.0001,0.6
792,1.5,0.0,0.1,0.0,1.0,0.0001,0.0,0.0,16.0,21.333333333333332,1.0,0.0001,0.6
793,0.4,0.0,0.1,0.0,1.0,0.0001,0.0,0.0,18.0,24.0,1.0,0.0001,0.6
794,0.5,0.0,0.1,0.0,1.0,0.0001,0.0,0.0,18.0,24.0,1.0,0.0001,0.6
795,0.6,0.0,0.1,0.0,1.0,0.0001,0.0,0.0,18.0,24.0,1.0,0.0001,0.6
796,0.7,0.0,0.1,0.0,1.0,0.0001,0.0,0.0,18.0,24.0,1.0,0.0001,0.6
797,0.8,0.0,0.1,0.0,1.0,0.0001,0.0,0.0,18.0,24.0,1.0,0.0001,0.6
798,0.9,0.0,0.1,0.0,1.0,0.0001,0.0,0.0,18.0,24.0,1.0,0.0001,0.6
799,1.0,0.0,0.1,0.0,1.0,0.0001,0.0,0.0,18.0,24.0,1.0,0.0001,0.6
800,1.1,0.0,0.1,0.0,1.0,0.0001,0.0,0.0,18.0,24.0,1.0,0.0001,0.6
801,1.2,0.0,0.1,0.0,1.0,0.0001,0.0,0.0,18.0,24.0,1.0,0.0001,0.6
802,1.3,0.0,0.1,0.0,1.0,0.0001,0.0,0.0,18.0,24.0,1.0,0.0001,0.6
803,1.4,0.0,0.1,0.0,1.0,0.0001,0.0,0.0,18.0,24.0,1.0,0.0001,0.6
804,1.5,0.0,0.1,0.0,1.0,0.0001,0.0,0.0,18.0,24.0,1.0,0.0001,0.6
805,0.4,0.0,0.1,0.0,1.0,0.0001,0.0,0.0,20.0,26.666666666666664,1.0,0.0001,0.6
806,0.5,0.0,0.1,0.0,1.0,0.0001,0.0,0.0,20.0,26.666666666666664,1.0,0.0001,0.6
807,0.6,0.0,0.1,0.0,1.0,0.0001,0.0,0.0,20.0,26.666666666666664,1.0,0.0001,0.6
808,0.7,0.0,0.1,0.0,1.0,0.0001,0.0,0.0,20.0,26.666666666666664,1.0,0.0001,0.6
809,0.8,0.0,0.1,0.0,1.0,0.0001,0.0,0.0,20.0,26.666666666666664,1.0,0.0001,0.6
810,0.9,0.0,0.1,0.0,1.0,0.0001,0.0,0.0,20.0,26.666666666666664,1.0,0.0001,0.6
811,1.0,0.0,0.1,0.0,1.0,0.0001,0.0,0.0,20.0,26.666666666666664,1.0,0.0001,0.6
812,1.1,0.0,0.1,0.0,1.0,0.0001,0.0,0.0,20.0,26.666666666666664,1.0,0.0001,0.6
813,1.2,0.0,0.1,0.0,1.0,0.0001,0.0,0.0,20.0,26.666666666666664,1.0,0.0001,0.6
814,1.3,0.0,0.1,0.0,1.0,0.0001,0.0,0.0,20.0,26.666666666666664,1.0,0.0001,0.6
815,1.4,0.0,0.1,0.0,1.0,0.0001,0.0,0.0,20.0,26.666666666666664,1.0,0.0001,0.6
816,1.5,0.0,0.1,0.0,1.0,0.0001,0.0,0.0,20.0,26.666666666666664,1.0,0.0001,0.6
817,0.4,0.0,0.1,0.0,1.0,0.0001,0.0,0.0,22.0,29.333333333333332,1.0,0.0001,0.6
818,0.5,0.0,0.1,0.0,1.0,0.0001,0.0,0.0,22.0,29.333333333333332,1.0,0.0001,0.6
819,0.6,0.0,0.1,0.0,1.0,0.0001,0.0,0.0,22.0,29.333333333333332,1.0,0.0001,0.6
820,0.7,0.0,0.1,0.0,1.0,0.0001,0.0,0.0,22.0,29.333333333333332,1.0,0.0001,0.6
821,0.8,0.0,0.1,0.0,1.0,0.0001,0.0,0.0,22.0,29.333333333333332,1.0,0.0001,0.6
822,0.9,0.0,0.1,0.0,1.0,0.0001,0.0,0.0,22.0,29.333333333333332,1.0,0.0001,0.6
823,1.0,0.0,0.1,0.0,1.0,0.0001,0.0,0.0,22.0,29.333333333333332,1.0,0.0001,0.6
824,1.1,0.0,0.1,0.0,1.0,0.0001,0.0,0.0,22.0,29.333333333333332,1.0,0.0001,0.6
825,1.2,0.0,0.1,0.0,1.0,0.0001,0.0,0.0,22.0,29.333333333333332,1.0,0.0001,0.6
826,1.3,0.0,0.1,0.0,1.0,0.0001,0.0,0.0,22.0,29.333333333333332,1.0,0.0001,0.6
827,1.4,0.0,0.1,0.0,1.0,0.0001,0.0,0.0,22.0,29.333333333333332,1.0,0.0001,0.6
828,1.5,0.0,0.1,0.0,1.0,0.0001,0.0,0.0,22.0,29.333333333333332,1.0,0.0001,0.6
829,0.4,0.0,0.1,0.0,1.0,0.0001,0.0,0.0,24.0,32.0,1.0,0.0001,0.6
830,0.5,0.0,0.1,0.0,1.0,0.0001,0.0,0.0,24.0,32.0,1.0,0.0001,0.6
831,0.6,0.0,0.1,0.0,1.0,0.0001,0.0,0.0,24.0,32.0,1.0,0.0001,0.6
832,0.7,0.0,0.1,0.0,1.0,0.0001,0.0,0.0,24.0,32.0,1.0,0.0001,0.6
833,0.8,0.0,0.1,0.0,1.0,0.0001,0.0,0.0,24.0,32.0,1.0,0.0001,0.6
834,0.9,0.0,0.1,0.0,1.0,0.0001,0.0,0.0,24.0,32.0,1.0,0.0001,0.6
835,1.0,0.0,0.1,0.0,1.0,0.0001,0.0,0.0,24.0,32.0,1.0,0.0001,0.6
836,1.1,0.0,0.1,0.0,1.0,0.0001,0.0,0.0,24.0,32.0,1.0,0.0001,0.6
837,1.2,0.0,0.1,0.0,1.0,0.0001,0.0,0.0,24.0,32.0,1.0,0.0001,0.6
838,1.3,0.0,0.1,0.0,1.0,0.0001,0.0,0.0,24.0,32.0,1.0,0.0001,0.6
839,1.4,0.0,0.1,0.0,1.0,0.0001,0.0,0.0,24.0,32.0,1.0,0.0001,0.6
840,1.5,0.0,0.1,0.0,1.0,0.0001,0.0,0.0,24.0,32.0,1.0,0.0001,0.6
841,0.4,0.0,0.1,0.0,1.0,0.0001,0.0,0.0,0.0,1.3333333333333333,1.0,0.0001,0.4
842,0.5,0.0,0.1,0.0,1.0,0.0001,0.0,0.0,0.0,1.3333333333333333,1.0,0.0001,0.4
843,0.6,0.0,0.1,0.0,1.0,0.0001,0.0,0.0,0.0,1.3333333333333333,1.0,0.0001,0.4
844,0.7,0.0,0.1,0.0,1.0,0.0001,0.0,0.0,0.0,1.3333333333333333,1.0,0.0001,0.4
845,0.8,0.0,0.1,0.0,1.0,0.0001,0.0,0.0,0.0,1.3333333333333333,1.0,0.0001,0.4
846,0.9,0.0,0.1,0.0,1.0,0.0001,0.0,0.0,0.0,1.3333333333333333,1.0,0.0001,0.4
847,1.0,0.0,0.1,0.0,1.0,0.0001,0.0,0.0,0.0,1.3333333333333333,1.0,0.0001,0.4
848,1.1,0.0,0.1,0.0,1.0,0.0001,0.0,0.0,0.0,1.3333333333333333,1.0,0.0001,0.4
849,1.2,0.0,0.1,0.0,1.0,0.0001,0.0,0.0,0.0,1.3333333333333333,1.0,0.0001,0.4
850,1.3,0.0,0.1,0.0,1.0,0.0001,0.0,0.0,0.0,1.3333333333333333,1.0,0.0001,0.4
851,1.4,0.0,0.1,0.0,1.0,0.0001,0.0,0.0,0.0,1.3333333333333333,1.0,0.0001,0.4
852,1.5,0.0,0.1,0.0,1.0,0.0001,0.0,0.0,0.0,1.3333333333333333,1.0,0.0001,0.4
853,0.4,0.0,0.1,0.0,1.0,0.0001,0.0,0.0,1.0,1.3333333333333333,1.0,0.0001,0.4
854,0.5,0.0,0.1,0.0,1.0,0.0001,0.0,0.0,1.0,1.3333333333333333,1.0,0.0001,0.4
855,0.6,0.0,0.1,0.0,1.0,0.0001,0.0,0.0,1.0,1.3333333333333333,1.0,0.0001,0.4
856,0.7,0.0,0.1,0.0,1.0,0.0001,0.0,0.0,1.0,1.3333333333333333,1.0,0.0001,0.4
857,0.8,0.0,0.1,0.0,1.0,0.0001,0.0,0.0,1.0,1.3333333333333333,1.0,0.0001,0.4
858,0.9,0.0,0.1,0.0,1.0,0.0001,0.0,0.0,1.0,1.3333333333333333,1.0,0.0001,0.4
859,1.0,0.0,0.1,0.0,1.0,0.0001,0.0,0.0,1.0,1.3333333333333333,1.0,0.0001,0.4
860,1.1,0.0,0.1,0.0,1.0,0.0001,0.0,0.0,1.0,1.3333333333333333,1.0,0.0001,0.4
861,1.2,0.0,0.1,0.0,1.0,0.0001,0.0,0.0,1.0,1.3333333333333333,1.0,0.0001,0.4
862,1.3,0.0,0.1,0.0,1.0,0.0001,0.0,0.0,1.0,1.3333333333333333,1.0,0.0001,0.4
863,1.4,0.0,0.1,0.0,1.0,0.0001,0.0,0.0,1.0,1.3333333333333333,1.0,0.0001,0.4
864,1.5,0.0,0.1,0.0,1.0,0.0001,0.0,0.0,1.0,1.3333333333333333,1.0,0.0001,0.4
865,0.4,0.0,0.1,0.0,1.0,0.0001,0.0,0.0,2.0,2.6666666666666665,1.0,0.0001,0.4
866,0.5,0.0,0.1,0.0,1.0,0.0001,0.0,0.0,2.0,2.6666666666666665,1.0,0.0001,0.4
867,0.6,0.0,0.1,0.0,1.0,0.0001,0.0,0.0,2.0,2.6666666666666665,1.0,0.0001,0.4
868,0.7,0.0,0.1,0.0,1.0,0.0001,0.0,0.0,2.0,2.6666666666666665,1.0,0.0001,0.4
869,0.8,0.0,0.1,0.0,1.0,0.0001,0.0,0.0,2.0,2.6666666666666665,1.0,0.0001,0.4
870,0.9,0.0,0.1,0.0,1.0,0.0001,0.0,0.0,2.0,2.6666666666666665,1.0,0.0001,0.4
871,1.0,0.0,0.1,0.0,1.0,0.0001,0.0,0.0,2.0,2.6666666666666665,1.0,0.0001,0.4
872,1.1,0.0,0.1,0.0,1.0,0.0001,0.0,0.0,2.0,2.6666666666666665,1.0,0.0001,0.4
873,1.2,0.0,0.1,0.0,1.0,0.0001,0.0,0.0,2.0,2.6666666666666665,1.0,0.0001,0.4
874,1.3,0.0,0.1,0.0,1.0,0.0001,0.0,0.0,2.0,2.6666666666666665,1.0,0.0001,0.4
875,1.4,0.0,0.1,0.0,1.0,0.0001,0.0,0.0,2.0,2.6666666666666665,1.0,0.0001,0.4
876,1.5,0.0,0.1,0.0,1.0,0.0001,0.0,0.0,2.0,2.6666666666666665,1.0,0.0001,0.4
877,0.4,0.0,0.1,0.0,1.0,0.0001,0.0,0.0,4.0,5.333333333333333,1.0,0.0001,0.4
878,0.5,0.0,0.1,0.0,1.0,0.0001,0.0,0.0,4.0,5.333333333333333,1.0,0.0001,0.4
879,0.6,0.0,0.1,0.0,1.0,0.0001,0.0,0.0,4.0,5.333333333333333,1.0,0.0001,0.4
880,0.7,0.0,0.1,0.0,1.0,0.0001,0.0,0.0,4.0,5.333333333333333,1.0,0.0001,0.4
881,0.8,0.0,0.1,0.0,1.0,0.0001,0.0,0.0,4.0,5.333333333333333,1.0,0.0001,0.4
882,0.9,0.0,0.1,0.0,1.0,0.0001,0.0,0.0,4.0,5.333333333333333,1.0,0.0001,0.4
883,1.0,0.0,0.1,0.0,1.0,0.0001,0.0,0.0,4.0,5.333333333333333,1.0,0.0001,0.4
884,1.1,0.0,0.1,0.0,1.0,0.0001,0.0,0.0,4.0,5.333333333333333,1.0,0.0001,0.4
885,1.2,0.0,0.1,0.0,1.0,0.0001,0.0,0.0,4.0,5.333333333333333,1.0,0.0001,0.4
886,1.3,0.0,0.1,0.0,1.0,0.0001,0.0,0.0,4.0,5.333333333333333,1.0,0.0001,0.4
887,1.4,0.0,0.1,0.0,1.0,0.0001,0.0,0.0,4.0,5.333333333333333,1.0,0.0001,0.4
888,1.5,0.0,0.1,0.0,1.0,0.0001,0.0,0.0,4.0,5.333333333333333,1.0,0.0001,0.4
889,0.4,0.0,0.1,0.0,1.0,0.0001,0.0,0.0,6.0,8.0,1.0,0.0001,0.4
890,0.5,0.0,0.1,0.0,1.0,0.0001,0.0,0.0,6.0,8.0,1.0,0.0001,0.4
891,0.6,0.0,0.1,0.0,1.0,0.0001,0.0,0.0,6.0,8.0,1.0,0.0001,0.4
892,0.7,0.0,0.1,0.0,1.0,0.0001,0.0,0.0,6.0,8.0,1.0,0.0001,0.4
893,0.8,0.0,0.1,0.0,1.0,0.0001,0.0,0.0,6.0,8.0,1.0,0.0001,0.4
894,0.9,0.0,0.1,0.0,1.0,0.0001,0.0,0.0,6.0,8.0,1.0,0.0001,0.4
895,1.0,0.0,0.1,0.0,1.0,0.0001,0.0,0.0,6.0,8.0,1.0,0.0001,0.4
896,1.1,0.0,0.1,0.0,1.0,0.0001,0.0,0.0,6.0,8.0,1.0,0.0001,0.4
897,1.2,0.0,0.1,0.0,1.0,0.0001,0.0,0.0,6.0,8.0,1.0,0.0001,0.4
898,1.3,0.0,0.1,0.0,1.0,0.0001,0.0,0.0,6.0,8.0,1.0,0.0001,0.4
899,1.4,0.0,0.1,0.0,1.0,0.0001,0.0,0.0,6.0,8.0,1.0,0.0001,0.4
900,1.5,0.0,0.1,0.0,1.0,0.0001,0.0,0.0,6.0,8.0,1.0,0.0001,0.4
901,0.4,0.0,0.1,0.0,1.0,0.0001,0.0,0.0,8.0,10.666666666666666,1.0,0.0001,0.4
902,0.5,0.0,0.1,0.0,1.0,0.0001,0.0,0.0,8.0,10.666666666666666,1.0,0.0001,0.4
903,0.6,0.0,0.1,0.0,1.0,0.0001,0.0,0.0,8.0,10.666666666666666,1.0,0.0001,0.4
904,0.7,0.0,0.1,0.0,1.0,0.0001,0.0,0.0,8.0,10.666666666666666,1.0,0.0001,0.4
905,0.8,0.0,0.1,0.0,1.0,0.0001,0.0,0.0,8.0,10.666666666666666,1.0,0.0001,0.4
906,0.9,0.0,0.1,0.0,1.0,0.0001,0.0,0.0,8.0,10.666666666666666,1.0,0.0001,0.4
907,1.0,0.0,0.1,0.0,1.0,0.0001,0.0,0.0,8.0,10.666666666666666,1.0,0.0001,0.4
908,1.1,0.0,0.1,0.0,1.0,0.0001,0.0,0.0,8.0,10.666666666666666,1.0,0.0001,0.4
909,1.2,0.0,0.1,0.0,1.0,0.0001,0.0,0.0,8.0,10.666666666666666,1.0,0.0001,0.4
910,1.3,0.0,0.1,0.0,1.0,0.0001,0.0,0.0,8.0,10.666666666666666,1.0,0.0001,0.4
911,1.4,0.0,0.1,0.0,1.0,0.0001,0.0,0.0,8.0,10.666666666666666,1.0,0.0001,0.4
912,1.5,0.0,0.1,0.0,1.0,0.0001,0.0,0.0,8.0,10.666666666666666,1.0,0.0001,0.4
913,0.4,0.0,0.1,0.0,1.0,0.0001,0.0,0.0,10.0,13.333333333333332,1.0,0.0001,0.4
914,0.5,0.0,0.1,0.0,1.0,0.0001,0.0,0.0,10.0,13.333333333333332,1.0,0.0001,0.4
915,0.6,0.0,0.1,0.0,1.0,0.0001,0.0,0.0,10.0,13.333333333333332,1.0,0.0001,0.4
916,0.7,0.0,0.1,0.0,1.0,0.0001,0.0,0.0,10.0,13.333333333333332,1.0,0.0001,0.4
917,0.8,0.0,0.1,0.0,1.0,0.0001,0.0,0.0,10.0,13.333333333333332,1.0,0.0001,0.4
918,0.9,0.0,0.1,0.0,1.0,0.0001,0.0,0.0,10.0,13.333333333333332,1.0,0.0001,0.4
919,1.0,0.0,0.1,0.0,1.0,0.0001,0.0,0.0,10.0,13.333333333333332,1.0,0.0001,0.4
920,1.1,0.0,0.1,0.0,1.0,0.0001,0.0,0.0,10.0,13.333333333333332,1.0,0.0001,0.4
921,1.2,0.0,0.1,0.0,1.0,0.0001,0.0,0.0,10.0,13.333333333333332,1.0,0.0001,0.4
922,1.3,0.0,0.1,0.0,1.0,0.0001,0.0,0.0,10.0,13.333333333333332,1.0,0.0001,0.4
923,1.4,0.0,0.1,0.0,1.0,0.0001,0.0,0.0,10.0,13.333333333333332,1.0,0.0001,0.4
924,1.5,0.0,0.1,0.0,1.0,0.0001,0.0,0.0,10.0,13.333333333333332,1.0,0.0001,0.4
925,0.4,0.0,0.1,0.0,1.0,0.0001,0.0,0.0,12.0,16.0,1.0,0.0001,0.4
926,0.5,0.0,0.1,0.0,1.0,0.0001,0.0,0.0,12.0,16.0,1.0,0.0001,0.4
927,0.6,0.0,0.1,0.0,1.0,0.0001,0.0,0.0,12.0,16.0,1.0,0.0001,0.4
928,0.7,0.0,0.1,0.0,1.0,0.0001,0.0,0.0,12.0,16.0,1.0,0.0001,0.4
929,0.8,0.0,0.1,0.0,1.0,0.0001,0.0,0.0,12.0,16.0,1.0,0.0001,0.4
930,0.9,0.0,0.1,0.0,1.0,0.0001,0.0,0.0,12.0,16.0,1.0,0.0001,0.4
931,1.0,0.0,0.1,0.0,1.0,0.0001,0.0,0.0,12.0,16.0,1.0,0.0001,0.4
932,1.1,0.0,0.1,0.0,1.0,0.0001,0.0,0.0,12.0,16.0,1.0,0.0001,0.4
933,1.2,0.0,0.1,0.0,1.0,0.0001,0.0,0.0,12.0,16.0,1.0,0.0001,0.4
934,1.3,0.0,0.1,0.0,1.0,0.0001,0.0,0.0,12.0,16.0,1.0,0.0001,0.4
935,1.4,0.0,0.1,0.0,1.0,0.0001,0.0,0.0,12.0,16.0,1.0,0.0001,0.4
936,1.5,0.0,0.1,0.0,1.0,0.0001,0.0,0.0,12.0,16.0,1.0,0.0001,0.4
937,0.4,0.0,0.1,0.0,1.0,0.0001,0.0,0.0,14.0,18.666666666666664,1.0,0.0001,0.4
938,0.5,0.0,0.1,0.0,1.0,0.0001,0.0,0.0,14.0,18.666666666666664,1.0,0.0001,0.4
939,0.6,0.0,0.1,0.0,1.0,0.0001,0.0,0.0,14.0,18.666666666666664,1.0,0.0001,0.4
940,0.7,0.0,0.1,0.0,1.0,0.0001,0.0,0.0,14.0,18.666666666666664,1.0,0.0001,0.4
941,0.8,0.0,0.1,0.0,1.0,0.0001,0.0,0.0,14.0,18.666666666666664,1.0,0.0001,0.4
942,0.9,0.0,0.1,0.0,1.0,0.0001,0.0,0.0,14.0,18.666666666666664,1.0,0.0001,0.4
943,1.0,0.0,0.1,0.0,1.0,0.0001,0.0,0.0,14.0,18.666666666666664,1.0,0.0001,0.4
944,1.1,0.0,0.1,0.0,1.0,0.0001,0.0,0.0,14.0,18.666666666666664,1.0,0.0001,0.4
945,1.2,0.0,0.1,0.0,1.0,0.0001,0.0,0.0,14.0,18.666666666666664,1.0,0.0001,0.4
946,1.3,0.0,0.1,0.0,1.0,0.0001,0.0,0.0,14.0,18.666666666666664,1.0,0.0001,0.4
947,1.4,0.0,0.1,0.0,1.0,0.0001,0.0,0.0,14.0,18.666666666666664,1.0,0.0001,0.4
948,1.5,0.0,0.1,0.0,1.0,0.0001,0.0,0.0,14.0,18.666666666666664,1.0,0.0001,0.4
949,0.4,0.0,0.1,0.0,1.0,0.0001,0.0,0.0,16.0,21.333333333333332,1.0,0.0001,0.4
950,0.5,0.0,0.1,0.0,1.0,0.0001,0.0,0.0,16.0,21.333333333333332,1.0,0.0001,0.4
951,0.6,0.0,0.1,0.0,1.0,0.0001,0.0,0.0,16.0,21.333333333333332,1.0,0.0001,0.4
952,0.7,0.0,0.1,0.0,1.0,0.0001,0.0,0.0,16.0,21.333333333333332,1.0,0.0001,0.4
953,0.8,0.0,0.1,0.0,1.0,0.0001,0.0,0.0,16.0,21.333333333333332,1.0,0.0001,0.4
954,0.9,0.0,0.1,0.0,1.0,0.0001,0.0,0.0,16.0,21.333333333333332,1.0,0.0001,0.4
955,1.0,0.0,0.1,0.0,1.0,0.0001,0.0,0.0,16.0,21.333333333333332,1.0,0.0001,0.4
956,1.1,0.0,0.1,0.0,1.0,0.0001,0.0,0.0,16.0,21.333333333333332,1.0,0.0001,0.4
957,1.2,0.0,0.1,0.0,1.0,0.0001,0.0,0.0,16.0,21.333333333333332,1.0,0.0001,0.4
958,1.3,0.0,0.1,0.0,1.0,0.0001,0.0,0.0,16.0,21.333333333333332,1.0,0.0001,0.4
959,1.4,0.0,0.1,0.0,1.0,0.0001,0.0,0.0,16.0,21.333333333333332,1.0,0.0001,0.4
960,1.5,0.0,0.1,0.0,1.0,0.0001,0.0,0.0,16.0,21.333333333333332,1.0,0.0001,0.4
961,0.4,0.0,0.1,0.0,1.0,0.0001,0.0,0.0,18.0,24.0,1.0,0.0001,0.4
962,0.5,0.0,0.1,0.0,1.0,0.0001,0.0,0.0,18.0,24.0,1.0,0.0001,0.4
963,0.6,0.0,0.1,0.0,1.0,0.0001,0.0,0.0,18.0,24.0,1.0,0.0001,0.4
964,0.7,0.0,0.1,0.0,1.0,0.0001,0.0,0.0,18.0,24.0,1.0,0.0001,0.4
965,0.8,0.0,0.1,0.0,1.0,0.0001,0.0,0.0,18.0,24.0,1.0,0.0001,0.4
966,0.9,0.0,0.1,0.0,1.0,0.0001,0.0,0.0,18.0,24.0,1.0,0.0001,0.4
967,1.0,0.0,0.1,0.0,1.0,0.0001,0.0,0.0,18.0,24.0,1.0,0.0001,0.4
968,1.1,0.0,0.1,0.0,1.0,0.0001,0.0,0.0,18.0,24.0,1.0,0.0001,0.4
969,1.2,0.0,0.1,0.0,1.0,0.0001,0.0,0.0,18.0,24.0,1.0,0.0001,0.4
970,1.3,0.0,0.1,0.0,1.0,0.0001,0.0,0.0,18.0,24.0,1.0,0.0001,0.4
971,1.4,0.0,0.1,0.0,1.0,0.0001,0.0,0.0,18.0,24.0,1.0,0.0001,0.4
972,1.5,0.0,0.1,0.0,1.0,0.0001,0.0,0.0,18.0,24.0,1.0,0.0001,0.4
973,0.4,0.0,0.1,0.0,1.0,0.0001,0.0,0.0,20.0,26.666666666666664,1.0,0.0001,0.4
974,0.5,0.0,0.1,0.0,1.0,0.0001,0.0,0.0,20.0,26.666666666666664,1.0,0.0001,0.4
975,0.6,0.0,0.1,0.0,1.0,0.0001,0.0,0.0,20.0,26.666666666666664,1.0,0.0001,0.4
976,0.7,0.0,0.1,0.0,1.0,0.0001,0.0,0.0,20.0,26.666666666666664,1.0,0.0001,0.4
977,0.8,0.0,0.1,0.0,1.0,0.0001,0.0,0.0,20.0,26.666666666666664,1.0,0.0001,0.4
978,0.9,0.0,0.1,0.0,1.0,0.0001,0.0,0.0,20.0,26.666666666666664,1.0,0.0001,0.4
979,1.0,0.0,0.1,0.0,1.0,0.0001,0.0,0.0,20.0,26.666666666666664,1.0,0.0001,0.4
980,1.1,0.0,0.1,0.0,1.0,0.0001,0.0,0.0,20.0,26.666666666666664,1.0,0.0001,0.4
981,1.2,0.0,0.1,0.0,1.0,0.0001,0.0,0.0,20.0,26.666666666666664,1.0,0.0001,0.4
982,1.3,0.0,0.1,0.0,1.0,0.0001,0.0,0.0,20.0,26.666666666666664,1.0,0.0001,0.4
983,1.4,0.0,0.1,0.0,1.0,0.0001,0.0,0.0,20.0,26.666666666666664,1.0,0.0001,0.4
984,1.5,0.0,0.1,0.0,1.0,0.0001,0.0,0.0,20.0,26.666666666666664,1.0,0.0001,0.4
985,0.4,0.0,0.1,0.0,1.0,0.0001,0.0,0.0,22.0,29.333333333333332,1.0,0.0001,0.4
986,0.5,0.0,0.1,0.0,1.0,0.0001,0.0,0.0,22.0,29.333333333333332,1.0,0.0001,0.4
987,0.6,0.0,0.1,0.0,1.0,0.0001,0.0,0.0,22.0,29.333333333333332,1.0,0.0001,0.4
988,0.7,0.0,0.1,0.0,1.0,0.0001,0.0,0.0,22.0,29.333333333333332,1.0,0.0001,0.4
989,0.8,0.0,0.1,0.0,1.0,0.0001,0.0,0.0,22.0,29.333333333333332,1.0,0.0001,0.4
990,0.9,0.0,0.1,0.0,1.0,0.0001,0.0,0.0,22.0,29.333333333333332,1.0,0.0001,0.4
991,1.0,0.0,0.1,0.0,1.0,0.0001,0.0,0.0,22.0,29.333333333333332,1.0,0.0001,0.4
992,1.1,0.0,0.1,0.0,1.0,0.0001,0.0,0.0,22.0,29.333333333333332,1.0,0.0001,0.4
993,1.2,0.0,0.1,0.0,1.0,0.0001,0.0,0.0,22.0,29.333333333333332,1.0,0.0001,0.4
994,1.3,0.0,0.1,0.0,1.0,0.0001,0.0,0.0,22.0,29.333333333333332,1.0,0.0001,0.4
995,1.4,0.0,0.1,0.0,1.0,0.0001,0.0,0.0,22.0,29.333333333333332,1.0,0.0001,0.4
996,1.5,0.0,0.1,0.0,1.0,0.0001,0.0,0.0,22.0,29.333333333333332,1.0,0.0001,0.4
997,0.4,0.0,0.1,0.0,1.0,0.0001,0.0,0.0,24.0,32.0,1.0,0.0001,0.4
998,0.5,0.0,0.1,0.0,1.0,0.0001,0.0,0.0,24.0,32.0,1.0,0.0001,0.4
999,0.6,0.0,0.1,0.0,1.0,0.0001,0.0,0.0,24.0,32.0,1.0,0.0001,0.4
1000,0.7,0.0,0.1,0.0,1.0,0.0001,0.0,0.0,24.0,32.0,1.0,0.0001,0.4
1001,0.8,0.0,0.1,0.0,1.0,0.0001,0.0,0.0,24.0,32.0,1.0,0.0001,0.4
1002,0.9,0.0,0.1,0.0,1.0,0.0001,0.0,0.0,24.0,32.0,1.0,0.0001,0.4
1003,1.0,0.0,0.1,0.0,1.0,0.0001,0.0,0.0,24.0,32.0,1.0,0.0001,0.4
1004,1.1,0.0,0.1,0.0,1.0,0.0001,0.0,0.0,24.0,32.0,1.0,0.0001,0.4
1005,1.2,0.0,0.1,0.0,1.0,0.0001,0.0,0.0,24.0,32.0,1.0,0.0001,0.4
1006,1.3,0.0,0.1,0.0,1.0,0.0001,0.0,0.0,24.0,32.0,1.0,0.0001,0.4
1007,1.4,0.0,0.1,0.0,1.0,0.0001,0.0,0.0,24.0,32.0,1.0,0.0001,0.4
1008,1.5,0.0,0.1,0.0,1.0,0.0001,0.0,0.0,24.0,32.0,1.0,0.0001,0.4
1009,0.4,0.0,0.1,0.0,1.0,0.0001,0.0,0.0,0.0,1.3333333333333333,1.0,0.0001,0.2
1010,0.5,0.0,0.1,0.0,1.0,0.0001,0.0,0.0,0.0,1.3333333333333333,1.0,0.0001,0.2
1011,0.6,0.0,0.1,0.0,1.0,0.0001,0.0,0.0,0.0,1.3333333333333333,1.0,0.0001,0.2
1012,0.7,0.0,0.1,0.0,1.0,0.0001,0.0,0.0,0.0,1.3333333333333333,1.0,0.0001,0.2
1013,0.8,0.0,0.1,0.0,1.0,0.0001,0.0,0.0,0.0,1.3333333333333333,1.0,0.0001,0.2
1014,0.9,0.0,0.1,0.0,1.0,0.0001,0.0,0.0,0.0,1.3333333333333333,1.0,0.0001,0.2
1015,1.0,0.0,0.1,0.0,1.0,0.0001,0.0,0.0,0.0,1.3333333333333333,1.0,0.0001,0.2
1016,1.1,0.0,0.1,0.0,1.0,0.0001,0.0,0.0,0.0,1.3333333333333333,1.0,0.0001,0.2
1017,1.2,0.0,0.1,0.0,1.0,0.0001,0.0,0.0,0.0,1.3333333333333333,1.0,0.0001,0.2
1018,1.3,0.0,0.1,0.0,1.0,0.0001,0.0,0.0,0.0,1.3333333333333333,1.0,0.0001,0.2
1019,1.4,0.0,0.1,0.0,1.0,0.0001,0.0,0.0,0.0,1.3333333333333333,1.0,0.0001,0.2
1020,1.5,0.0,0.1,0.0,1.0,0.0001,0.0,0.0,0.0,1.3333333333333333,1.0,0.0001,0.2
1021,0.4,0.0,0.1,0.0,1.0,0.0001,0.0,0.0,1.0,1.3333333333333333,1.0,0.0001,0.2
1022,0.5,0.0,0.1,0.0,1.0,0.0001,0.0,0.0,1.0,1.3333333333333333,1.0,0.0001,0.2
1023,0.6,0.0,0.1,0.0,1.0,0.0001,0.0,0.0,1.0,1.3333333333333333,1.0,0.0001,0.2
1024,0.7,0.0,0.1,0.0,1.0,0.0001,0.0,0.0,1.0,1.3333333333333333,1.0,0.0001,0.2
1025,0.8,0.0,0.1,0.0,1.0,0.0001,0.0,0.0,1.0,1.3333333333333333,1.0,0.0001,0.2
1026,0.9,0.0,0.1,0.0,1.0,0.0001,0.0,0.0,1.0,1.3333333333333333,1.0,0.0001,0.2
1027,1.0,0.0,0.1,0.0,1.0,0.0001,0.0,0.0,1.0,1.3333333333333333,1.0,0.0001,0.2
1028,1.1,0.0,0.1,0.0,1.0,0.0001,0.0,0.0,1.0,1.3333333333333333,1.0,0.0001,0.2
1029,1.2,0.0,0.1,0.0,1.0,0.0001,0.0,0.0,1.0,1.3333333333333333,1.0,0.0001,0.2
1030,1.3,0.0,0.1,0.0,1.0,0.0001,0.0,0.0,1.0,1.3333333333333333,1.0,0.0001,0.2
1031,1.4,0.0,0.1,0.0,1.0,0.0001,0.0,0.0,1.0,1.3333333333333333,1.0,0.0001,0.2
1032,1.5,0.0,0.1,0.0,1.0,0.0001,0.0,0.0,1.0,1.3333333333333333,1.0,0.0001,0.2
1033,0.4,0.0,0.1,0.0,1.0,0.0001,0.0,0.0,2.0,2.6666666666666665,1.0,0.0001,0.2
1034,0.5,0.0,0.1,0.0,1.0,0.0001,0.0,0.0,2.0,2.6666666666666665,1.0,0.0001,0.2
1035,0.6,0.0,0.1,0.0,1.0,0.0001,0.0,0.0,2.0,2.6666666666666665,1.0,0.0001,0.2
1036,0.7,0.0,0.1,0.0,1.0,0.0001,0.0,0.0,2.0,2.6666666666666665,1.0,0.0001,0.2
1037,0.8,0.0,0.1,0.0,1.0,0.0001,0.0,0.0,2.0,2.6666666666666665,1.0,0.0001,0.2
1038,0.9,0.0,0.1,0.0,1.0,0.0001,0.0,0.0,2.0,2.6666666666666665,1.0,0.0001,0.2
1039,1.0,0.0,0.1,0.0,1.0,0.0001,0.0,0.0,2.0,2.6666666666666665,1.0,0.0001,0.2
1040,1.1,0.0,0.1,0.0,1.0,0.0001,0.0,0.0,2.0,2.6666666666666665,1.0,0.0001,0.2
1041,1.2,0.0,0.1,0.0,1.0,0.0001,0.0,0.0,2.0,2.6666666666666665,1.0,0.0001,0.2
1042,1.3,0.0,0.1,0.0,1.0,0.0001,0.0,0.0,2.0,2.6666666666666665,1.0,0.0001,0.2
1043,1.4,0.0,0.1,0.0,1.0,0.0001,0.0,0.0,2.0,2.6666666666666665,1.0,0.0001,0.2
1044,1.5,0.0,0.1,0.0,1.0,0.0001,0.0,0.0,2.0,2.6666666666666665,1.0,0.0001,0.2
1045,0.4,0.0,0.1,0.0,1.0,0.0001,0.0,0.0,4.0,5.333333333333333,1.0,0.0001,0.2
1046,0.5,0.0,0.1,0.0,1.0,0.0001,0.0,0.0,4.0,5.333333333333333,1.0,0.0001,0.2
1047,0.6,0.0,0.1,0.0,1.0,0.0001,0.0,0.0,4.0,5.333333333333333,1.0,0.0001,0.2
1048,0.7,0.0,0.1,0.0,1.0,0.0001,0.0,0.0,4.0,5.333333333333333,1.0,0.0001,0.2
1049,0.8,0.0,0.1,0.0,1.0,0.0001,0.0,0.0,4.0,5.333333333333333,1.0,0.0001,0.2
1050,0.9,0.0,0.1,0.0,1.0,0.0001,0.0,0.0,4.0,5.333333333333333,1.0,0.0001,0.2
1051,1.0,0.0,0.1,0.0,1.0,0.0001,0.0,0.0,4.0,5.333333333333333,1.0,0.0001,0.2
1052,1.1,0.0,0.1,0.0,1.0,0.0001,0.0,0.0,4.0,5.333333333333333,1.0,0.0001,0.2
1053,1.2,0.0,0.1,0.0,1.0,0.0001,0.0,0.0,4.0,5.333333333333333,1.0,0.0001,0.2
1054,1.3,0.0,0.1,0.0,1.0,0.0001,0.0,0.0,4.0,5.333333333333333,1.0,0.0001,0.2
1055,1.4,0.0,0.1,0.0,1.0,0.0001,0.0,0.0,4.0,5.333333333333333,1.0,0.0001,0.2
1056,1.5,0.0,0.1,0.0,1.0,0.0001,0.0,0.0,4.0,5.333333333333333,1.0,0.0001,0.2
1057,0.4,0.0,0.1,0.0,1.0,0.0001,0.0,0.0,6.0,8.0,1.0,0.0001,0.2
1058,0.5,0.0,0.1,0.0,1.0,0.0001,0.0,0.0,6.0,8.0,1.0,0.0001,0.2
1059,0.6,0.0,0.1,0.0,1.0,0.0001,0.0,0.0,6.0,8.0,1.0,0.0001,0.2
1060,0.7,0.0,0.1,0.0,1.0,0.0001,0.0,0.0,6.0,8.0,1.0,0.0001,0.2
1061,0.8,0.0,0.1,0.0,1.0,0.0001,0.0,0.0,6.0,8.0,1.0,0.0001,0.2
1062,0.9,0.0,0.1,0.0,1.0,0.0001,0.0,0.0,6.0,8.0,1.0,0.0001,0.2
1063,1.0,0.0,0.1,0.0,1.0,0.0001,0.0,0.0,6.0,8.0,1.0,0.0001,0.2
1064,1.1,0.0,0.1,0.0,1.0,0.0001,0.0,0.0,6.0,8.0,1.0,0.0001,0.2
1065,1.2,0.0,0.1,0.0,1.0,0.0001,0.0,0.0,6.0,8.0,1.0,0.0001,0.2
1066,1.3,0.0,0.1,0.0,1.0,0.0001,0.0,0.0,6.0,8.0,1.0,0.0001,0.2
1067,1.4,0.0,0.1,0.0,1.0,0.0001,0.0,0.0,6.0,8.0,1.0,0.0001,0.2
1068,1.5,0.0,0.1,0.0,1.0,0.0001,0.0,0.0,6.0,8.0,1.0,0.0001,0.2
1069,0.4,0.0,0.1,0.0,1.0,0.0001,0.0,0.0,8.0,10.666666666666666,1.0,0.0001,0.2
1070,0.5,0.0,0.1,0.0,1.0,0.0001,0.0,0.0,8.0,10.666666666666666,1.0,0.0001,0.2
1071,0.6,0.0,0.1,0.0,1.0,0.0001,0.0,0.0,8.0,10.666666666666666,1.0,0.0001,0.2
1072,0.7,0.0,0.1,0.0,1.0,0.0001,0.0,0.0,8.0,10.666666666666666,1.0,0.0001,0.2
1073,0.8,0.0,0.1,0.0,1.0,0.0001,0.0,0.0,8.0,10.666666666666666,1.0,0.0001,0.2
1074,0.9,0.0,0.1,0.0,1.0,0.0001,0.0,0.0,8.0,10.666666666666666,1.0,0.0001,0.2
1075,1.0,0.0,0.1,0.0,1.0,0.0001,0.0,0.0,8.0,10.666666666666666,1.0,0.0001,0.2
1076,1.1,0.0,0.1,0.0,1.0,0.0001,0.0,0.0,8.0,10.666666666666666,1.0,0.0001,0.2
1077,1.2,0.0,0.1,0.0,1.0,0.0001,0.0,0.0,8.0,10.666666666666666,1.0,0.0001,0.2
1078,1.3,0.0,0.1,0.0,1.0,0.0001,0.0,0.0,8.0,10.666666666666666,1.0,0.0001,0.2
1079,1.4,0.0,0.1,0.0,1.0,0.0001,0.0,0.0,8.0,10.666666666666666,1.0,0.0001,0.2
1080,1.5,0.0,0.1,0.0,1.0,0.0001,0.0,0.0,8.0,10.666666666666666,1.0,0.0001,0.2
1081,0.4,0.0,0.1,0.0,1.0,0.0001,0.0,0.0,10.0,13.333333333333332,1.0,0.0001,0.2
1082,0.5,0.0,0.1,0.0,1.0,0.0001,0.0,0.0,10.0,13.333333333333332,1.0,0.0001,0.2
1083,0.6,0.0,0.1,0.0,1.0,0.0001,0.0,0.0,10.0,13.333333333333332,1.0,0.0001,0.2
1084,0.7,0.0,0.1,0.0,1.0,0.0001,0.0,0.0,10.0,13.333333333333332,1.0,0.0001,0.2
1085,0.8,0.0,0.1,0.0,1.0,0.0001,0.0,0.0,10.0,13.333333333333332,1.0,0.0001,0.2
1086,0.9,0.0,0.1,0.0,1.0,0.0001,0.0,0.0,10.0,13.333333333333332,1.0,0.0001,0.2
1087,1.0,0.0,0.1,0.0,1.0,0.0001,0.0,0.0,10.0,13.333333333333332,1.0,0.0001,0.2
1088,1.1,0.0,0.1,0.0,1.0,0.0001,0.0,0.0,10.0,13.333333333333332,1.0,0.0001,0.2
1089,1.2,0.0,0.1,0.0,1.0,0.0001,0.0,0.0,10.0,13.333333333333332,1.0,0.0001,0.2
1090,1.3,0.0,0.1,0.0,1.0,0.0001,0.0,0.0,10.0,13.333333333333332,1.0,0.0001,0.2
1091,1.4,0.0,0.1,0.0,1.0,0.0001,0.0,0.0,10.0,13.333333333333332,1.0,0.0001,0.2
1092,1.5,0.0,0.1,0.0,1.0,0.0001,0.0,0.0,10.0,13.333333333333332,1.0,0.0001,0.2
1093,0.4,0.0,0.1,0.0,1.0,0.0001,0.0,0.0,12.0,16.0,1.0,0.0001,0.2
1094,0.5,0.0,0.1,0.0,1.0,0.0001,0.0,0.0,12.0,16.0,1.0,0.0001,0.2
1095,0.6,0.0,0.1,0.0,1.0,0.0001,0.0,0.0,12.0,16.0,1.0,0.0001,0.2
1096,0.7,0.0,0.1,0.0,1.0,0.0001,0.0,0.0,12.0,16.0,1.0,0.0001,0.2
1097,0.8,0.0,0.1,0.0,1.0,0.0001,0.0,0.0,12.0,16.0,1.0,0.0001,0.2
1098,0.9,0.0,0.1,0.0,1.0,0.0001,0.0,0.0,12.0,16.0,1.0,0.0001,0.2
1099,1.0,0.0,0.1,0.0,1.0,0.0001,0.0,0.0,12.0,16.0,1.0,0.0001,0.2
1100,1.1,0.0,0.1,0.0,1.0,0.0001,0.0,0.0,12.0,16.0,1.0,0.0001,0.2
1101,1.2,0.0,0.1,0.0,1.0,0.0001,0.0,0.0,12.0,16.0,1.0,0.0001,0.2
1102,1.3,0.0,0.1,0.0,1.0,0.0001,0.0,0.0,12.0,16.0,1.0,0.0001,0.2
1103,1.4,0.0,0.1,0.0,1.0,0.0001,0.0,0.0,12.0,16.0,1.0,0.0001,0.2
1104,1.5,0.0,0.1,0.0,1.0,0.0001,0.0,0.0,12.0,16.0,1.0,0.0001,0.2
1105,0.4,0.0,0.1,0.0,1.0,0.0001,0.0,0.0,14.0,18.666666666666664,1.0,0.0001,0.2
1106,0.5,0.0,0.1,0.0,1.0,0.0001,0.0,0.0,14.0,18.666666666666664,1.0,0.0001,0.2
1107,0.6,0.0,0.1,0.0,1.0,0.0001,0.0,0.0,14.0,18.666666666666664,1.0,0.0001,0.2
1108,0.7,0.0,0.1,0.0,1.0,0.0001,0.0,0.0,14.0,18.666666666666664,1.0,0.0001,0.2
1109,0.8,0.0,0.1,0.0,1.0,0.0001,0.0,0.0,14.0,18.666666666666664,1.0,0.0001,0.2
1110,0.9,0.0,0.1,0.0,1.0,0.0001,0.0,0.0,14.0,18.666666666666664,1.0,0.0001,0.2
1111,1.0,0.0,0.1,0.0,1.0,0.0001,0.0,0.0,14.0,18.666666666666664,1.0,0.0001,0.2
1112,1.1,0.0,0.1,0.0,1.0,0.0001,0.0,0.0,14.0,18.666666666666664,1.0,0.0001,0.2
1113,1.2,0.0,0.1,0.0,1.0,0.0001,0.0,0.0,14.0,18.666666666666664,1.0,0.0001,0.2
1114,1.3,0.0,0.1,0.0,1.0,0.0001,0.0,0.0,14.0,18.666666666666664,1.0,0.0001,0.2
1115,1.4,0.0,0.1,0.0,1.0,0.0001,0.0,0.0,14.0,18.666666666666664,1.0,0.0001,0.2
1116,1.5,0.0,0.1,0.0,1.0,0.0001,0.0,0.0,14.0,18.666666666666664,1.0,0.0001,0.2
1117,0.4,0.0,0.1,0.0,1.0,0.0001,0.0,0.0,16.0,21.333333333333332,1.0,0.0001,0.2
1118,0.5,0.0,0.1,0.0,1.0,0.0001,0.0,0.0,16.0,21.333333333333332,1.0,0.0001,0.2
1119,0.6,0.0,0.1,0.0,1.0,0.0001,0.0,0.0,16.0,21.333333333333332,1.0,0.0001,0.2
1120,0.7,0.0,0.1,0.0,1.0,0.0001,0.0,0.0,16.0,21.333333333333332,1.0,0.0001,0.2
1121,0.8,0.0,0.1,0.0,1.0,0.0001,0.0,0.0,16.0,21.333333333333332,1.0,0.0001,0.2
1122,0.9,0.0,0.1,0.0,1.0,0.0001,0.0,0.0,16.0,21.333333333333332,1.0,0.0001,0.2
1123,1.0,0.0,0.1,0.0,1.0,0.0001,0.0,0.0,16.0,21.333333333333332,1.0,0.0001,0.2
1124,1.1,0.0,0.1,0.0,1.0,0.0001,0.0,0.0,16.0,21.333333333333332,1.0,0.0001,0.2
1125,1.2,0.0,0.1,0.0,1.0,0.0001,0.0,0.0,16.0,21.333333333333332,1.0,0.0001,0.2
1126,1.3,0.0,0.1,0.0,1.0,0.0001,0.0,0.0,16.0,21.333333333333332,1.0,0.0001,0.2
1127,1.4,0.0,0.1,0.0,1.0,0.0001,0.0,0.0,16.0,21.333333333333332,1.0,0.0001,0.2
1128,1.5,0.0,0.1,0.0,1.0,0.0001,0.0,0.0,16.0,21.333333333333332,1.0,0.0001,0.2
1129,0.4,0.0,0.1,0.0,1.0,0.0001,0.0,0.0,18.0,24.0,1.0,0.0001,0.2
1130,0.5,0.0,0.1,0.0,1.0,0.0001,0.0,0.0,18.0,24.0,1.0,0.0001,0.2
1131,0.6,0.0,0.1,0.0,1.0,0.0001,0.0,0.0,18.0,24.0,1.0,0.0001,0.2
1132,0.7,0.0,0.1,0.0,1.0,0.0001,0.0,0.0,18.0,24.0,1.0,0.0001,0.2
1133,0.8,0.0,0.1,0.0,1.0,0.0001,0.0,0.0,18.0,24.0,1.0,0.0001,0.2
1134,0.9,0.0,0.1,0.0,1.0,0.0001,0.0,0.0,18.0,24.0,1.0,0.0001,0.2
1135,1.0,0.0,0.1,0.0,1.0,0.0001,0.0,0.0,18.0,24.0,1.0,0.0001,0.2
1136,1.1,0.0,0.1,0.0,1.0,0.0001,0.0,0.0,18.0,24.0,1.0,0.0001,0.2
1137,1.2,0.0,0.1,0.0,1.0,0.0001,0.0,0.0,18.0,24.0,1.0,0.0001,0.2
1138,1.3,0.0,0.1,0.0,1.0,0.0001,0.0,0.0,18.0,24.0,1.0,0.0001,0.2
1139,1.4,0.0,0.1,0.0,1.0,0.0001,0.0,0.0,18.0,24.0,1.0,0.0001,0.2
1140,1.5,0.0,0.1,0.0,1.0,0.0001,0.0,0.0,18.0,24.0,1.0,0.0001,0.2
1141,0.4,0.0,0.1,0.0,1.0,0.0001,0.0,0.0,20.0,26.666666666666664,1.0,0.0001,0.2
1142,0.5,0.0,0.1,0.0,1.0,0.0001,0.0,0.0,20.0,26.666666666666664,1.0,0.0001,0.2
1143,0.6,0.0,0.1,0.0,1.0,0.0001,0.0,0.0,20.0,26.666666666666664,1.0,0.0001,0.2
1144,0.7,0.0,0.1,0.0,1.0,0.0001,0.0,0.0,20.0,26.666666666666664,1.0,0.0001,0.2
1145,0.8,0.0,0.1,0.0,1.0,0.0001,0.0,0.0,20.0,26.666666666666664,1.0,0.0001,0.2
1146,0.9,0.0,0.1,0.0,1.0,0.0001,0.0,0.0,20.0,26.666666666666664,1.0,0.0001,0.2
1147,1.0,0.0,0.1,0.0,1.0,0.0001,0.0,0.0,20.0,26.666666666666664,1.0,0.0001,0.2
1148,1.1,0.0,0.1,0.0,1.0,0.0001,0.0,0.0,20.0,26.666666666666664,1.0,0.0001,0.2
1149,1.2,0.0,0.1,0.0,1.0,0.0001,0.0,0.0,20.0,26.666666666666664,1.0,0.0001,0.2
1150,1.3,0.0,0.1,0.0,1.0,0.0001,0.0,0.0,20.0,26.666666666666664,1.0,0.0001,0.2
1151,1.4,0.0,0.1,0.0,1.0,0.0001,0.0,0.0,20.0,26.666666666666664,1.0,0.0001,0.2
1152,1.5,0.0,0.1,0.0,1.0,0.0001,0.0,0.0,20.0,26.666666666666664,1.0,0.0001,0.2
1153,0.4,0.0,0.1,0.0,1.0,0.0001,0.0,0.0,22.0,29.333333333333332,1.0,0.0001,0.2
1154,0.5,0.0,0.1,0.0,1.0,0.0001,0.0,0.0,22.0,29.333333333333332,1.0,0.0001,0.2
1155,0.6,0.0,0.1,0.0,1.0,0.0001,0.0,0.0,22.0,29.333333333333332,1.0,0.0001,0.2
1156,0.7,0.0,0.1,0.0,1.0,0.0001,0.0,0.0,22.0,29.333333333333332,1.0,0.0001,0.2
1157,0.8,0.0,0.1,0.0,1.0,0.0001,0.0,0.0,22.0,29.333333333333332,1.0,0.0001,0.2
1158,0.9,0.0,0.1,0.0,1.0,0.0001,0.0,0.0,22.0,29.333333333333332,1.0,0.0001,0.2
1159,1.0,0.0,0.1,0.0,1.0,0.0001,0.0,0.0,22.0,29.333333333333332,1.0,0.0001,0.2
1160,1.1,0.0,0.1,0.0,1.0,0.0001,0.0,0.0,22.0,29.333333333333332,1.0,0.0001,0.2
1161,1.2,0.0,0.1,0.0,1.0,0.0001,0.0,0.0,22.0,29.333333333333332,1.0,0.0001,0.2
1162,1.3,0.0,0.1,0.0,1.0,0.0001,0.0,0.0,22.0,29.333333333333332,1.0,0.0001,0.2
1163,1.4,0.0,0.1,0.0,1.0,0.0001,0.0,0.0,22.0,29.333333333333332,1.0,0.0001,0.2
1164,1.5,0.0,0.1,0.0,1.0,0.0001,0.0,0.0,22.0,29.333333333333332,1.0,0.0001,0.2
1165,0.4,0.0,0.1,0.0,1.0,0.0001,0.0,0.0,24.0,32.0,1.0,0.0001,0.2
1166,0.5,0.0,0.1,0.0,1.0,0.0001,0.0,0.0,24.0,32.0,1.0,0.0001,0.2
1167,0.6,0.0,0.1,0.0,1.0,0.0001,0.0,0.0,24.0,32.0,1.0,0.0001,0.2
1168,0.7,0.0,0.1,0.0,1.0,0.0001,0.0,0.0,24.0,32.0,1.0,0.0001,0.2
1169,0.8,0.0,0.1,0.0,1.0,0.0001,0.0,0.0,24.0,32.0,1.0,0.0001,0.2
1170,0.9,0.0,0.1,0.0,1.0,0.0001,0.0,0.0,24.0,32.0,1.0,0.0001,0.2
1171,1.0,0.0,0.1,0.0,1.0,0.0001,0.0,0.0,24.0,32.0,1.0,0.0001,0.2
1172,1.1,0.0,0.1,0.0,1.0,0.0001,0.0,0.0,24.0,32.0,1.0,0.0001,0.2
1173,1.2,0.0,0.1,0.0,1.0,0.0001,0.0,0.0,24.0,32.0,1.0,0.0001,0.2
1174,1.3,0.0,0.1,0.0,1.0,0.0001,0.0,0.0,24.0,32.0,1.0,0.0001,0.2
1175,1.4,0.0,0.1,0.0,1.0,0.0001,0.0,0.0,24.0,32.0,1.0,0.0001,0.2
1176,1.5,0.0,0.1,0.0,1.0,0.0001,0.0,0.0,24.0,32.0,1.0,0.0001,0.2
1177,0.4,0.0,0.1,0.0,1.0,0.0001,0.0,0.0,0.0,1.3333333333333333,1.0,0.0001,0.1
1178,0.5,0.0,0.1,0.0,1.0,0.0001,0.0,0.0,0.0,1.3333333333333333,1.0,0.0001,0.1
1179,0.6,0.0,0.1,0.0,1.0,0.0001,0.0,0.0,0.0,1.3333333333333333,1.0,0.0001,0.1
1180,0.7,0.0,0.1,0.0,1.0,0.0001,0.0,0.0,0.0,1.3333333333333333,1.0,0.0001,0.1
1181,0.8,0.0,0.1,0.0,1.0,0.0001,0.0,0.0,0.0,1.3333333333333333,1.0,0.0001,0.1
1182,0.9,0.0,0.1,0.0,1.0,0.0001,0.0,0.0,0.0,1.3333333333333333,1.0,0.0001,0.1
1183,1.0,0.0,0.1,0.0,1.0,0.0001,0.0,0.0,0.0,1.3333333333333333,1.0,0.0001,0.1
1184,1.1,0.0,0.1,0.0,1.0,0.0001,0.0,0.0,0.0,1.3333333333333333,1.0,0.0001,0.1
1185,1.2,0.0,0.1,0.0,1.0,0.0001,0.0,0.0,0.0,1.3333333333333333,1.0,0.0001,0.1
1186,1.3,0.0,0.1,0.0,1.0,0.0001,0.0,0.0,0.0,1.3333333333333333,1.0,0.0001,0.1
1187,1.4,0.0,0.1,0.0,1.0,0.0001,0.0,0.0,0.0,1.3333333333333333,1.0,0.0001,0.1
1188,1.5,0.0,0.1,0.0,1.0,0.0001,0.0,0.0,0.0,1.3333333333333333,1.0,0.0001,0.1
1189,0.4,0.0,0.1,0.0,1.0,0.0001,0.0,0.0,1.0,1.3333333333333333,1.0,0.0001,0.1
1190,0.5,0.0,0.1,0.0,1.0,0.0001,0.0,0.0,1.0,1.3333333333333333,1.0,0.0001,0.1
1191,0.6,0.0,0.1,0.0,1.0,0.0001,0.0,0.0,1.0,1.3333333333333333,1.0,0.0001,0.1
1192,0.7,0.0,0.1,0.0,1.0,0.0001,0.0,0.0,1.0,1.3333333333333333,1.0,0.0001,0.1
1193,0.8,0.0,0.1,0.0,1.0,0.0001,0.0,0.0,1.0,1.3333333333333333,1.0,0.0001,0.1
1194,0.9,0.0,0.1,0.0,1.0,0.0001,0.0,0.0,1.0,1.3333333333333333,1.0,0.0001,0.1
1195,1.0,0.0,0.1,0.0,1.0,0.0001,0.0,0.0,1.0,1.3333333333333333,1.0,0.0001,0.1
1196,1.1,0.0,0.1,0.0,1.0,0.0001,0.0,0.0,1.0,1.3333333333333333,1.0,0.0001,0.1
1197,1.2,0.0,0.1,0.0,1.0,0.0001,0.0,0.0,1.0,1.3333333333333333,1.0,0.0001,0.1
1198,1.3,0.0,0.1,0.0,1.0,0.0001,0.0,0.0,1.0,1.3333333333333333,1.0,0.0001,0.1
1199,1.4,0.0,0.1,0.0,1.0,0.0001,0.0,0.0,1.0,1.3333333333333333,1.0,0.0001,0.1
1200,1.5,0.0,0.1,0.0,1.0,0.0001,0.0,0.0,1.0,1.3333333333333333,1.0,0.0001,0.1
1201,0.4,0.0,0.1,0.0,1.0,0.0001,0.0,0.0,2.0,2.6666666666666665,1.0,0.0001,0.1
1202,0.5,0.0,0.1,0.0,1.0,0.0001,0.0,0.0,2.0,2.6666666666666665,1.0,0.0001,0.1
1203,0.6,0.0,0.1,0.0,1.0,0.0001,0.0,0.0,2.0,2.6666666666666665,1.0,0.0001,0.1
1204,0.7,0.0,0.1,0.0,1.0,0.0001,0.0,0.0,2.0,2.6666666666666665,1.0,0.0001,0.1
1205,0.8,0.0,0.1,0.0,1.0,0.0001,0.0,0.0,2.0,2.6666666666666665,1.0,0.0001,0.1
1206,0.9,0.0,0.1,0.0,1.0,0.0001,0.0,0.0,2.0,2.6666666666666665,1.0,0.0001,0.1
1207,1.0,0.0,0.1,0.0,1.0,0.0001,0.0,0.0,2.0,2.6666666666666665,1.0,0.0001,0.1
1208,1.1,0.0,0.1,0.0,1.0,0.0001,0.0,0.0,2.0,2.6666666666666665,1.0,0.0001,0.1
1209,1.2,0.0,0.1,0.0,1.0,0.0001,0.0,0.0,2.0,2.6666666666666665,1.0,0.0001,0.1
1210,1.3,0.0,0.1,0.0,1.0,0.0001,0.0,0.0,2.0,2.6666666666666665,1.0,0.0001,0.1
1211,1.4,0.0,0.1,0.0,1.0,0.0001,0.0,0.0,2.0,2.6666666666666665,1.0,0.0001,0.1
1212,1.5,0.0,0.1,0.0,1.0,0.0001,0.0,0.0,2.0,2.6666666666666665,1.0,0.0001,0.1
1213,0.4,0.0,0.1,0.0,1.0,0.0001,0.0,0.0,4.0,5.333333333333333,1.0,0.0001,0.1
1214,0.5,0.0,0.1,0.0,1.0,0.0001,0.0,0.0,4.0,5.333333333333333,1.0,0.0001,0.1
1215,0.6,0.0,0.1,0.0,1.0,0.0001,0.0,0.0,4.0,5.333333333333333,1.0,0.0001,0.1
1216,0.7,0.0,0.1,0.0,1.0,0.0001,0.0,0.0,4.0,5.333333333333333,1.0,0.0001,0.1
1217,0.8,0.0,0.1,0.0,1.0,0.0001,0.0,0.0,4.0,5.333333333333333,1.0,0.0001,0.1
1218,0.9,0.0,0.1,0.0,1.0,0.0001,0.0,0.0,4.0,5.333333333333333,1.0,0.0001,0.1
1219,1.0,0.0,0.1,0.0,1.0,0.0001,0.0,0.0,4.0,5.333333333333333,1.0,0.0001,0.1
1220,1.1,0.0,0.1,0.0,1.0,0.0001,0.0,0.0,4.0,5.333333333333333,1.0,0.0001,0.1
1221,1.2,0.0,0.1,0.0,1.0,0.0001,0.0,0.0,4.0,5.333333333333333,1.0,0.0001,0.1
1222,1.3,0.0,0.1,0.0,1.0,0.0001,0.0,0.0,4.0,5.333333333333333,1.0,0.0001,0.1
1223,1.4,0.0,0.1,0.0,1.0,0.0001,0.0,0.0,4.0,5.333333333333333,1.0,0.0001,0.1
1224,1.5,0.0,0.1,0.0,1.0,0.0001,0.0,0.0,4.0,5.333333333333333,1.0,0.0001,0.1
1225,0.4,0.0,0.1,0.0,1.0,0.0001,0.0,0.0,6.0,8.0,1.0,0.0001,0.1
1226,0.5,0.0,0.1,0.0,1.0,0.0001,0.0,0.0,6.0,8.0,1.0,0.0001,0.1
1227,0.6,0.0,0.1,0.0,1.0,0.0001,0.0,0.0,6.0,8.0,1.0,0.0001,0.1
1228,0.7,0.0,0.1,0.0,1.0,0.0001,0.0,0.0,6.0,8.0,1.0,0.0001,0.1
1229,0.8,0.0,0.1,0.0,1.0,0.0001,0.0,0.0,6.0,8.0,1.0,0.0001,0.1
1230,0.9,0.0,0.1,0.0,1.0,0.0001,0.0,0.0,6.0,8.0,1.0,0.0001,0.1
1231,1.0,0.0,0.1,0.0,1.0,0.0001,0.0,0.0,6.0,8.0,1.0,0.0001,0.1
1232,1.1,0.0,0.1,0.0,1.0,0.0001,0.0,0.0,6.0,8.0,1.0,0.0001,0.1
1233,1.2,0.0,0.1,0.0,1.0,0.0001,0.0,0.0,6.0,8.0,1.0,0.0001,0.1
1234,1.3,0.0,0.1,0.0,1.0,0.0001,0.0,0.0,6.0,8.0,1.0,0.0001,0.1
1235,1.4,0.0,0.1,0.0,1.0,0.0001,0.0,0.0,6.0,8.0,1.0,0.0001,0.1
1236,1.5,0.0,0.1,0.0,1.0,0.0001,0.0,0.0,6.0,8.0,1.0,0.0001,0.1
1237,0.4,0.0,0.1,0.0,1.0,0.0001,0.0,0.0,8.0,10.666666666666666,1.0,0.0001,0.1
1238,0.5,0.0,0.1,0.0,1.0,0.0001,0.0,0.0,8.0,10.666666666666666,1.0,0.0001,0.1
1239,0.6,0.0,0.1,0.0,1.0,0.0001,0.0,0.0,8.0,10.666666666666666,1.0,0.0001,0.1
1240,0.7,0.0,0.1,0.0,1.0,0.0001,0.0,0.0,8.0,10.666666666666666,1.0,0.0001,0.1
1241,0.8,0.0,0.1,0.0,1.0,0.0001,0.0,0.0,8.0,10.666666666666666,1.0,0.0001,0.1
1242,0.9,0.0,0.1,0.0,1.0,0.0001,0.0,0.0,8.0,10.666666666666666,1.0,0.0001,0.1
1243,1.0,0.0,0.1,0.0,1.0,0.0001,0.0,0.0,8.0,10.666666666666666,1.0,0.0001,0.1
1244,1.1,0.0,0.1,0.0,1.0,0.0001,0.0,0.0,8.0,10.666666666666666,1.0,0.0001,0.1
1245,1.2,0.0,0.1,0.0,1.0,0.0001,0.0,0.0,8.0,10.666666666666666,1.0,0.0001,0.1
1246,1.3,0.0,0.1,0.0,1.0,0.0001,0.0,0.0,8.0,10.666666666666666,1.0,0.0001,0.1
1247,1.4,0.0,0.1,0.0,1.0,0.0001,0.0,0.0,8.0,10.666666666666666,1.0,0.0001,0.1
1248,1.5,0.0,0.1,0.0,1.0,0.0001,0.0,0.0,8.0,10.666666666666666,1.0,0.0001,0.1
1249,0.4,0.0,0.1,0.0,1.0,0.0001,0.0,0.0,10.0,13.333333333333332,1.0,0.0001,0.1
1250,0.5,0.0,0.1,0.0,1.0,0.0001,0.0,0.0,10.0,13.333333333333332,1.0,0.0001,0.1
1251,0.6,0.0,0.1,0.0,1.0,0.0001,0.0,0.0,10.0,13.333333333333332,1.0,0.0001,0.1
1252,0.7,0.0,0.1,0.0,1.0,0.0001,0.0,0.0,10.0,13.333333333333332,1.0,0.0001,0.1
1253,0.8,0.0,0.1,0.0,1.0,0.0001,0.0,0.0,10.0,13.333333333333332,1.0,0.0001,0.1
1254,0.9,0.0,0.1,0.0,1.0,0.0001,0.0,0.0,10.0,13.333333333333332,1.0,0.0001,0.1
1255,1.0,0.0,0.1,0.0,1.0,0.0001,0.0,0.0,10.0,13.333333333333332,1.0,0.0001,0.1
1256,1.1,0.0,0.1,0.0,1.0,0.0001,0.0,0.0,10.0,13.333333333333332,1.0,0.0001,0.1
1257,1.2,0.0,0.1,0.0,1.0,0.0001,0.0,0.0,10.0,13.333333333333332,1.0,0.0001,0.1
1258,1.3,0.0,0.1,0.0,1.0,0.0001,0.0,0.0,10.0,13.333333333333332,1.0,0.0001,0.1
1259,1.4,0.0,0.1,0.0,1.0,0.0001,0.0,0.0,10.0,13.333333333333332,1.0,0.0001,0.1
1260,1.5,0.0,0.1,0.0,1.0,0.0001,0.0,0.0,10.0,13.333333333333332,1.0,0.0001,0.1
1261,0.4,0.0,0.1,0.0,1.0,0.0001,0.0,0.0,12.0,16.0,1.0,0.0001,0.1
1262,0.5,0.0,0.1,0.0,1.0,0.0001,0.0,0.0,12.0,16.0,1.0,0.0001,0.1
1263,0.6,0.0,0.1,0.0,1.0,0.0001,0.0,0.0,12.0,16.0,1.0,0.0001,0.1
1264,0.7,0.0,0.1,0.0,1.0,0.0001,0.0,0.0,12.0,16.0,1.0,0.0001,0.1
1265,0.8,0.0,0.1,0.0,1.0,0.0001,0.0,0.0,12.0,16.0,1.0,0.0001,0.1
1266,0.9,0.0,0.1,0.0,1.0,0.0001,0.0,0.0,12.0,16.0,1.0,0.0001,0.1
1267,1.0,0.0,0.1,0.0,1.0,0.0001,0.0,0.0,12.0,16.0,1.0,0.0001,0.1
1268,1.1,0.0,0.1,0.0,1.0,0.0001,0.0,0.0,12.0,16.0,1.0,0.0001,0.1
1269,1.2,0.0,0.1,0.0,1.0,0.0001,0.0,0.0,12.0,16.0,1.0,0.0001,0.1
1270,1.3,0.0,0.1,0.0,1.0,0.0001,0.0,0.0,12.0,16.0,1.0,0.0001,0.1
1271,1.4,0.0,0.1,0.0,1.0,0.0001,0.0,0.0,12.0,16.0,1.0,0.0001,0.1
1272,1.5,0.0,0.1,0.0,1.0,0.0001,0.0,0.0,12.0,16.0,1.0,0.0001,0.1
1273,0.4,0.0,0.1,0.0,1.0,0.0001,0.0,0.0,14.0,18.666666666666664,1.0,0.0001,0.1
1274,0.5,0.0,0.1,0.0,1.0,0.0001,0.0,0.0,14.0,18.666666666666664,1.0,0.0001,0.1
1275,0.6,0.0,0.1,0.0,1.0,0.0001,0.0,0.0,14.0,18.666666666666664,1.0,0.0001,0.1
1276,0.7,0.0,0.1,0.0,1.0,0.0001,0.0,0.0,14.0,18.666666666666664,1.0,0.0001,0.1
1277,0.8,0.0,0.1,0.0,1.0,0.0001,0.0,0.0,14.0,18.666666666666664,1.0,0.0001,0.1
1278,0.9,0.0,0.1,0.0,1.0,0.0001,0.0,0.0,14.0,18.666666666666664,1.0,0.0001,0.1
1279,1.0,0.0,0.1,0.0,1.0,0.0001,0.0,0.0,14.0,18.666666666666664,1.0,0.0001,0.1
1280,1.1,0.0,0.1,0.0,1.0,0.0001,0.0,0.0,14.0,18.666666666666664,1.0,0.0001,0.1
1281,1.2,0.0,0.1,0.0,1.0,0.0001,0.0,0.0,14.0,18.666666666666664,1.0,0.0001,0.1
1282,1.3,0.0,0.1,0.0,1.0,0.0001,0.0,0.0,14.0,18.666666666666664,1.0,0.0001,0.1
1283,1.4,0.0,0.1,0.0,1.0,0.0001,0.0,0.0,14.0,18.666666666666664,1.0,0.0001,0.1
1284,1.5,0.0,0.1,0.0,1.0,0.0001,0.0,0.0,14.0,18.666666666666664,1.0,0.0001,0.1
1285,0.4,0.0,0.1,0.0,1.0,0.0001,0.0,0.0,16.0,21.333333333333332,1.0,0.0001,0.1
1286,0.5,0.0,0.1,0.0,1.0,0.0001,0.0,0.0,16.0,21.333333333333332,1.0,0.0001,0.1
1287,0.6,0.0,0.1,0.0,1.0,0.0001,0.0,0.0,16.0,21.333333333333332,1.0,0.0001,0.1
1288,0.7,0.0,0.1,0.0,1.0,0.0001,0.0,0.0,16.0,21.333333333333332,1.0,0.0001,0.1
1289,0.8,0.0,0.1,0.0,1.0,0.0001,0.0,0.0,16.0,21.333333333333332,1.0,0.0001,0.1
1290,0.9,0.0,0.1,0.0,1.0,0.0001,0.0,0.0,16.0,21.333333333333332,1.0,0.0001,0.1
1291,1.0,0.0,0.1,0.0,1.0,0.0001,0.0,0.0,16.0,21.333333333333332,1.0,0.0001,0.1
1292,1.1,0.0,0.1,0.0,1.0,0.0001,0.0,0.0,16.0,21.333333333333332,1.0,0.0001,0.1
1293,1.2,0.0,0.1,0.0,1.0,0.0001,0.0,0.0,16.0,21.333333333333332,1.0,0.0001,0.1
1294,1.3,0.0,0.1,0.0,1.0,0.0001,0.0,0.0,16.0,21.333333333333332,1.0,0.0001,0.1
1295,1.4,0.0,0.1,0.0,1.0,0.0001,0.0,0.0,16.0,21.333333333333332,1.0,0.0001,0.1
1296,1.5,0.0,0.1,0.0,1.0,0.0001,0.0,0.0,16.0,21.333333333333332,1.0,0.0001,0.1
1297,0.4,0.0,0.1,0.0,1.0,0.0001,0.0,0.0,18.0,24.0,1.0,0.0001,0.1
1298,0.5,0.0,0.1,0.0,1.0,0.0001,0.0,0.0,18.0,24.0,1.0,0.0001,0.1
1299,0.6,0.0,0.1,0.0,1.0,0.0001,0.0,0.0,18.0,24.0,1.0,0.0001,0.1
1300,0.7,0.0,0.1,0.0,1.0,0.0001,0.0,0.0,18.0,24.0,1.0,0.0001,0.1
1301,0.8,0.0,0.1,0.0,1.0,0.0001,0.0,0.0,18.0,24.0,1.0,0.0001,0.1
1302,0.9,0.0,0.1,0.0,1.0,0.0001,0.0,0.0,18.0,24.0,1.0,0.0001,0.1
1303,1.0,0.0,0.1,0.0,1.0,0.0001,0.0,0.0,18.0,24.0,1.0,0.0001,0.1
1304,1.1,0.0,0.1,0.0,1.0,0.0001,0.0,0.0,18.0,24.0,1.0,0.0001,0.1
1305,1.2,0.0,0.1,0.0,1.0,0.0001,0.0,0.0,18.0,24.0,1.0,0.0001,0.1
1306,1.3,0.0,0.1,0.0,1.0,0.0001,0.0,0.0,18.0,24.0,1.0,0.0001,0.1
1307,1.4,0.0,0.1,0.0,1.0,0.0001,0.0,0.0,18.0,24.0,1.0,0.0001,0.1
1308,1.5,0.0,0.1,0.0,1.0,0.0001,0.0,0.0,18.0,24.0,1.0,0.0001,0.1
1309,0.4,0.0,0.1,0.0,1.0,0.0001,0.0,0.0,20.0,26.666666666666664,1.0,0.0001,0.1
1310,0.5,0.0,0.1,0.0,1.0,0.0001,0.0,0.0,20.0,26.666666666666664,1.0,0.0001,0.1
1311,0.6,0.0,0.1,0.0,1.0,0.0001,0.0,0.0,20.0,26.666666666666664,1.0,0.0001,0.1
1312,0.7,0.0,0.1,0.0,1.0,0.0001,0.0,0.0,20.0,26.666666666666664,1.0,0.0001,0.1
1313,0.8,0.0,0.1,0.0,1.0,0.0001,0.0,0.0,20.0,26.666666666666664,1.0,0.0001,0.1
1314,0.9,0.0,0.1,0.0,1.0,0.0001,0.0,0.0,20.0,26.666666666666664,1.0,0.0001,0.1
1315,1.0,0.0,0.1,0.0,1.0,0.0001,0.0,0.0,20.0,26.666666666666664,1.0,0.0001,0.1
1316,1.1,0.0,0.1,0.0,1.0,0.0001,0.0,0.0,20.0,26.666666666666664,1.0,0.0001,0.1
1317,1.2,0.0,0.1,0.0,1.0,0.0001,0.0,0.0,20.0,26.666666666666664,1.0,0.0001,0.1
1318,1.3,0.0,0.1,0.0,1.0,0.0001,0.0,0.0,20.0,26.666666666666664,1.0,0.0001,0.1
1319,1.4,0.0,0.1,0.0,1.0,0.0001,0.0,0.0,20.0,26.666666666666664,1.0,0.0001,0.1
1320,1.5,0.0,0.1,0.0,1.0,0.0001,0.0,0.0,20.0,26.666666666666664,1.0,0.0001,0.1
1321,0.4,0.0,0.1,0.0,1.0,0.0001,0.0,0.0,22.0,29.333333333333332,1.0,0.0001,0.1
1322,0.5,0.0,0.1,0.0,1.0,0.0001,0.0,0.0,22.0,29.333333333333332,1.0,0.0001,0.1
1323,0.6,0.0,0.1,0.0,1.0,0.0001,0.0,0.0,22.0,29.333333333333332,1.0,0.0001,0.1
1324,0.7,0.0,0.1,0.0,1.0,0.0001,0.0,0.0,22.0,29.333333333333332,1.0,0.0001,0.1
1325,0.8,0.0,0.1,0.0,1.0,0.0001,0.0,0.0,22.0,29.333333333333332,1.0,0.0001,0.1
1326,0.9,0.0,0.1,0.0,1.0,0.0001,0.0,0.0,22.0,29.333333333333332,1.0,0.0001,0.1
1327,1.0,0.0,0.1,0.0,1.0,0.0001,0.0,0.0,22.0,29.333333333333332,1.0,0.0001,0.1
1328,1.1,0.0,0.1,0.0,1.0,0.0001,0.0,0.0,22.0,29.333333333333332,1.0,0.0001,0.1
1329,1.2,0.0,0.1,0.0,1.0,0.0001,0.0,0.0,22.0,29.333333333333332,1.0,0.0001,0.1
1330,1.3,0.0,0.1,0.0,1.0,0.0001,0.0,0.0,22.0,29.333333333333332,1.0,0.0001,0.1
1331,1.4,0.0,0.1,0.0,1.0,0.0001,0.0,0.0,22.0,29.333333333333332,1.0,0.0001,0.1
1332,1.5,0.0,0.1,0.0,1.0,0.0001,0.0,0.0,22.0,29.333333333333332,1.0,0.0001,0.1
1333,0.4,0.0,0.1,0.0,1.0,0.0001,0.0,0.0,24.0,32.0,1.0,0.0001,0.1
1334,0.5,0.0,0.1,0.0,1.0,0.0001,0.0,0.0,24.0,32.0,1.0,0.0001,0.1
1335,0.6,0.0,0.1,0.0,1.0,0.0001,0.0,0.0,24.0,32.0,1.0,0.0001,0.1
1336,0.7,0.0,0.1,0.0,1.0,0.0001,0.0,0.0,24.0,32.0,1.0,0.0001,0.1
1337,0.8,0.0,0.1,0.0,1.0,0.0001,0.0,0.0,24.0,32.0,1.0,0.0001,0.1
1338,0.9,0.0,0.1,0.0,1.0,0.0001,0.0,0.0,24.0,32.0,1.0,0.0001,0.1
1339,1.0,0.0,0.1,0.0,1.0,0.0001,0.0,0.0,24.0,32.0,1.0,0.0001,0.1
1340,1.1,0.0,0.1,0.0,1.0,0.0001,0.0,0.0,24.0,32.0,1.0,0.0001,0.1
1341,1.2,0.0,0.1,0.0,1.0,0.0001,0.0,0.0,24.0,32.0,1.0,0.0001,0.1
1342,1.3,0.0,0.1,0.0,1.0,0.0001,0.0,0.0,24.0,32.0,1.0,0.0001,0.1
1343,1.4,0.0,0.1,0.0,1.0,0.0001,0.0,0.0,24.0,32.0,1.0,0.0001,0.1
1344,1.5,0.0,0.1,0.0,1.0,0.0001,0.0,0.0,24.0,32.0,1.0,0.0001,0.1
1345,0.4,0.0,0.1,0.0,1.0,0.0001,0.0,0.0,0.0,1.3333333333333333,1.0,0.0001,0.01
1346,0.5,0.0,0.1,0.0,1.0,0.0001,0.0,0.0,0.0,1.3333333333333333,1.0,0.0001,0.01
1347,0.6,0.0,0.1,0.0,1.0,0.0001,0.0,0.0,0.0,1.3333333333333333,1.0,0.0001,0.01
1348,0.7,0.0,0.1,0.0,1.0,0.0001,0.0,0.0,0.0,1.3333333333333333,1.0,0.0001,0.01
1349,0.8,0.0,0.1,0.0,1.0,0.0001,0.0,0.0,0.0,1.3333333333333333,1.0,0.0001,0.01
1350,0.9,0.0,0.1,0.0,1.0,0.0001,0.0,0.0,0.0,1.3333333333333333,1.0,0.0001,0.01
1351,1.0,0.0,0.1,0.0,1.0,0.0001,0.0,0.0,0.0,1.3333333333333333,1.0,0.0001,0.01
1352,1.1,0.0,0.1,0.0,1.0,0.0001,0.0,0.0,0.0,1.3333333333333333,1.0,0.0001,0.01
1353,1.2,0.0,0.1,0.0,1.0,0.0001,0.0,0.0,0.0,1.3333333333333333,1.0,0.0001,0.01
1354,1.3,0.0,0.1,0.0,1.0,0.0001,0.0,0.0,0.0,1.3333333333333333,1.0,0.0001,0.01
1355,1.4,0.0,0.1,0.0,1.0,0.0001,0.0,0.0,0.0,1.3333333333333333,1.0,0.0001,0.01
1356,1.5,0.0,0.1,0.0,1.0,0.0001,0.0,0.0,0.0,1.3333333333333333,1.0,0.0001,0.01
1357,0.4,0.0,0.1,0.0,1.0,0.0001,0.0,0.0,1.0,1.3333333333333333,1.0,0.0001,0.01
1358,0.5,0.0,0.1,0.0,1.0,0.0001,0.0,0.0,1.0,1.3333333333333333,1.0,0.0001,0.01
1359,0.6,0.0,0.1,0.0,1.0,0.0001,0.0,0.0,1.0,1.3333333333333333,1.0,0.0001,0.01
1360,0.7,0.0,0.1,0.0,1.0,0.0001,0.0,0.0,1.0,1.3333333333333333,1.0,0.0001,0.01
1361,0.8,0.0,0.1,0.0,1.0,0.0001,0.0,0.0,1.0,1.3333333333333333,1.0,0.0001,0.01
1362,0.9,0.0,0.1,0.0,1.0,0.0001,0.0,0.0,1.0,1.3333333333333333,1.0,0.0001,0.01
1363,1.0,0.0,0.1,0.0,1.0,0.0001,0.0,0.0,1.0,1.3333333333333333,1.0,0.0001,0.01
1364,1.1,0.0,0.1,0.0,1.0,0.0001,0.0,0.0,1.0,1.3333333333333333,1.0,0.0001,0.01
1365,1.2,0.0,0.1,0.0,1.0,0.0001,0.0,0.0,1.0,1.3333333333333333,1.0,0.0001,0.01
1366,1.3,0.0,0.1,0.0,1.0,0.0001,0.0,0.0,1.0,1.3333333333333333,1.0,0.0001,0.01
1367,1.4,0.0,0.1,0.0,1.0,0.0001,0.0,0.0,1.0,1.3333333333333333,1.0,0.0001,0.01
1368,1.5,0.0,0.1,0.0,1.0,0.0001,0.0,0.0,1.0,1.3333333333333333,1.0,0.0001,0.01
1369,0.4,0.0,0.1,0.0,1.0,0.0001,0.0,0.0,2.0,2.6666666666666665,1.0,0.0001,0.01
1370,0.5,0.0,0.1,0.0,1.0,0.0001,0.0,0.0,2.0,2.6666666666666665,1.0,0.0001,0.01
1371,0.6,0.0,0.1,0.0,1.0,0.0001,0.0,0.0,2.0,2.6666666666666665,1.0,0.0001,0.01
1372,0.7,0.0,0.1,0.0,1.0,0.0001,0.0,0.0,2.0,2.6666666666666665,1.0,0.0001,0.01
1373,0.8,0.0,0.1,0.0,1.0,0.0001,0.0,0.0,2.0,2.6666666666666665,1.0,0.0001,0.01
1374,0.9,0.0,0.1,0.0,1.0,0.0001,0.0,0.0,2.0,2.6666666666666665,1.0,0.0001,0.01
1375,1.0,0.0,0.1,0.0,1.0,0.0001,0.0,0.0,2.0,2.6666666666666665,1.0,0.0001,0.01
1376,1.1,0.0,0.1,0.0,1.0,0.0001,0.0,0.0,2.0,2.6666666666666665,1.0,0.0001,0.01
1377,1.2,0.0,0.1,0.0,1.0,0.0001,0.0,0.0,2.0,2.6666666666666665,1.0,0.0001,0.01
1378,1.3,0.0,0.1,0.0,1.0,0.0001,0.0,0.0,2.0,2.6666666666666665,1.0,0.0001,0.01
1379,1.4,0.0,0.1,0.0,1.0,0.0001,0.0,0.0,2.0,2.6666666666666665,1.0,0.0001,0.01
1380,1.5,0.0,0.1,0.0,1.0,0.0001,0.0,0.0,2.0,2.6666666666666665,1.0,0.0001,0.01
1381,0.4,0.0,0.1,0.0,1.0,0.0001,0.0,0.0,4.0,5.333333333333333,1.0,0.0001,0.01
1382,0.5,0.0,0.1,0.0,1.0,0.0001,0.0,0.0,4.0,5.333333333333333,1.0,0.0001,0.01
1383,0.6,0.0,0.1,0.0,1.0,0.0001,0.0,0.0,4.0,5.333333333333333,1.0,0.0001,0.01
1384,0.7,0.0,0.1,0.0,1.0,0.0001,0.0,0.0,4.0,5.333333333333333,1.0,0.0001,0.01
1385,0.8,0.0,0.1,0.0,1.0,0.0001,0.0,0.0,4.0,5.333333333333333,1.0,0.0001,0.01
1386,0.9,0.0,0.1,0.0,1.0,0.0001,0.0,0.0,4.0,5.333333333333333,1.0,0.0001,0.01
1387,1.0,0.0,0.1,0.0,1.0,0.0001,0.0,0.0,4.0,5.333333333333333,1.0,0.0001,0.01
1388,1.1,0.0,0.1,0.0,1.0,0.0001,0.0,0.0,4.0,5.333333333333333,1.0,0.0001,0.01
1389,1.2,0.0,0.1,0.0,1.0,0.0001,0.0,0.0,4.0,5.333333333333333,1.0,0.0001,0.01
1390,1.3,0.0,0.1,0.0,1.0,0.0001,0.0,0.0,4.0,5.333333333333333,1.0,0.0001,0.01
1391,1.4,0.0,0.1,0.0,1.0,0.0001,0.0,0.0,4.0,5.333333333333333,1.0,0.0001,0.01
1392,1.5,0.0,0.1,0.0,1.0,0.0001,0.0,0.0,4.0,5.333333333333333,1.0,0.0001,0.01
1393,0.4,0.0,0.1,0.0,1.0,0.0001,0.0,0.0,6.0,8.0,1.0,0.0001,0.01
1394,0.5,0.0,0.1,0.0,1.0,0.0001,0.0,0.0,6.0,8.0,1.0,0.0001,0.01
1395,0.6,0.0,0.1,0.0,1.0,0.0001,0.0,0.0,6.0,8.0,1.0,0.0001,0.01
1396,0.7,0.0,0.1,0.0,1.0,0.0001,0.0,0.0,6.0,8.0,1.0,0.0001,0.01
1397,0.8,0.0,0.1,0.0,1.0,0.0001,0.0,0.0,6.0,8.0,1.0,0.0001,0.01
1398,0.9,0.0,0.1,0.0,1.0,0.0001,0.0,0.0,6.0,8.0,1.0,0.0001,0.01
1399,1.0,0.0,0.1,0.0,1.0,0.0001,0.0,0.0,6.0,8.0,1.0,0.0001,0.01
1400,1.1,0.0,0.1,0.0,1.0,0.0001,0.0,0.0,6.0,8.0,1.0,0.0001,0.01
1401,1.2,0.0,0.1,0.0,1.0,0.0001,0.0,0.0,6.0,8.0,1.0,0.0001,0.01
1402,1.3,0.0,0.1,0.0,1.0,0.0001,0.0,0.0,6.0,8.0,1.0,0.0001,0.01
1403,1.4,0.0,0.1,0.0,1.0,0.0001,0.0,0.0,6.0,8.0,1.0,0.0001,0.01
1404,1.5,0.0,0.1,0.0,1.0,0.0001,0.0,0.0,6.0,8.0,1.0,0.0001,0.01
1405,0.4,0.0,0.1,0.0,1.0,0.0001,0.0,0.0,8.0,10.666666666666666,1.0,0.0001,0.01
1406,0.5,0.0,0.1,0.0,1.0,0.0001,0.0,0.0,8.0,10.666666666666666,1.0,0.0001,0.01
1407,0.6,0.0,0.1,0.0,1.0,0.0001,0.0,0.0,8.0,10.666666666666666,1.0,0.0001,0.01
1408,0.7,0.0,0.1,0.0,1.0,0.0001,0.0,0.0,8.0,10.666666666666666,1.0,0.0001,0.01
1409,0.8,0.0,0.1,0.0,1.0,0.0001,0.0,0.0,8.0,10.666666666666666,1.0,0.0001,0.01
1410,0.9,0.0,0.1,0.0,1.0,0.0001,0.0,0.0,8.0,10.666666666666666,1.0,0.0001,0.01
1411,1.0,0.0,0.1,0.0,1.0,0.0001,0.0,0.0,8.0,10.666666666666666,1.0,0.0001,0.01
1412,1.1,0.0,0.1,0.0,1.0,0.0001,0.0,0.0,8.0,10.666666666666666,1.0,0.0001,0.01
1413,1.2,0.0,0.1,0.0,1.0,0.0001,0.0,0.0,8.0,10.666666666666666,1.0,0.0001,0.01
1414,1.3,0.0,0.1,0.0,1.0,0.0001,0.0,0.0,8.0,10.666666666666666,1.0,0.0001,0.01
1415,1.4,0.0,0.1,0.0,1.0,0.0001,0.0,0.0,8.0,10.666666666666666,1.0,0.0001,0.01
1416,1.5,0.0,0.1,0.0,1.0,0.0001,0.0,0.0,8.0,10.666666666666666,1.0,0.0001,0.01
1417,0.4,0.0,0.1,0.0,1.0,0.0001,0.0,0.0,10.0,13.333333333333332,1.0,0.0001,0.01
1418,0.5,0.0,0.1,0.0,1.0,0.0001,0.0,0.0,10.0,13.333333333333332,1.0,0.0001,0.01
1419,0.6,0.0,0.1,0.0,1.0,0.0001,0.0,0.0,10.0,13.333333333333332,1.0,0.0001,0.01
1420,0.7,0.0,0.1,0.0,1.0,0.0001,0.0,0.0,10.0,13.333333333333332,1.0,0.0001,0.01
1421,0.8,0.0,0.1,0.0,1.0,0.0001,0.0,0.0,10.0,13.333333333333332,1.0,0.0001,0.01
1422,0.9,0.0,0.1,0.0,1.0,0.0001,0.0,0.0,10.0,13.333333333333332,1.0,0.0001,0.01
1423,1.0,0.0,0.1,0.0,1.0,0.0001,0.0,0.0,10.0,13.333333333333332,1.0,0.0001,0.01
1424,1.1,0.0,0.1,0.0,1.0,0.0001,0.0,0.0,10.0,13.333333333333332,1.0,0.0001,0.01
1425,1.2,0.0,0.1,0.0,1.0,0.0001,0.0,0.0,10.0,13.333333333333332,1.0,0.0001,0.01
1426,1.3,0.0,0.1,0.0,1.0,0.0001,0.0,0.0,10.0,13.333333333333332,1.0,0.0001,0.01
1427,1.4,0.0,0.1,0.0,1.0,0.0001,0.0,0.0,10.0,13.333333333333332,1.0,0.0001,0.01
1428,1.5,0.0,0.1,0.0,1.0,0.0001,0.0,0.0,10.0,13.333333333333332,1.0,0.0001,0.01
1429,0.4,0.0,0.1,0.0,1.0,0.0001,0.0,0.0,12.0,16.0,1.0,0.0001,0.01
1430,0.5,0.0,0.1,0.0,1.0,0.0001,0.0,0.0,12.0,16.0,1.0,0.0001,0.01
1431,0.6,0.0,0.1,0.0,1.0,0.0001,0.0,0.0,12.0,16.0,1.0,0.0001,0.01
1432,0.7,0.0,0.1,0.0,1.0,0.0001,0.0,0.0,12.0,16.0,1.0,0.0001,0.01
1433,0.8,0.0,0.1,0.0,1.0,0.0001,0.0,0.0,12.0,16.0,1.0,0.0001,0.01
1434,0.9,0.0,0.1,0.0,1.0,0.0001,0.0,0.0,12.0,16.0,1.0,0.0001,0.01
1435,1.0,0.0,0.1,0.0,1.0,0.0001,0.0,0.0,12.0,16.0,1.0,0.0001,0.01
1436,1.1,0.0,0.1,0.0,1.0,0.0001,0.0,0.0,12.0,16.0,1.0,0.0001,0.01
1437,1.2,0.0,0.1,0.0,1.0,0.0001,0.0,0.0,12.0,16.0,1.0,0.0001,0.01
1438,1.3,0.0,0.1,0.0,1.0,0.0001,0.0,0.0,12.0,16.0,1.0,0.0001,0.01
1439,1.4,0.0,0.1,0.0,1.0,0.0001,0.0,0.0,12.0,16.0,1.0,0.0001,0.01
1440,1.5,0.0,0.1,0.0,1.0,0.0001,0.0,0.0,12.0,16.0,1.0,0.0001,0.01
1441,0.4,0.0,0.1,0.0,1.0,0.0001,0.0,0.0,14.0,18.666666666666664,1.0,0.0001,0.01
1442,0.5,0.0,0.1,0.0,1.0,0.0001,0.0,0.0,14.0,18.666666666666664,1.0,0.0001,0.01
1443,0.6,0.0,0.1,0.0,1.0,0.0001,0.0,0.0,14.0,18.666666666666664,1.0,0.0001,0.01
1444,0.7,0.0,0.1,0.0,1.0,0.0001,0.0,0.0,14.0,18.666666666666664,1.0,0.0001,0.01
1445,0.8,0.0,0.1,0.0,1.0,0.0001,0.0,0.0,14.0,18.666666666666664,1.0,0.0001,0.01
1446,0.9,0.0,0.1,0.0,1.0,0.0001,0.0,0.0,14.0,18.666666666666664,1.0,0.0001,0.01
1447,1.0,0.0,0.1,0.0,1.0,0.0001,0.0,0.0,14.0,18.666666666666664,1.0,0.0001,0.01
1448,1.1,0.0,0.1,0.0,1.0,0.0001,0.0,0.0,14.0,18.666666666666664,1.0,0.0001,0.01
1449,1.2,0.0,0.1,0.0,1.0,0.0001,0.0,0.0,14.0,18.666666666666664,1.0,0.0001,0.01
1450,1.3,0.0,0.1,0.0,1.0,0.0001,0.0,0.0,14.0,18.666666666666664,1.0,0.0001,0.01
1451,1.4,0.0,0.1,0.0,1.0,0.0001,0.0,0.0,14.0,18.666666666666664,1.0,0.0001,0.01
1452,1.5,0.0,0.1,0.0,1.0,0.0001,0.0,0.0,14.0,18.666666666666664,1.0,0.0001,0.01
1453,0.4,0.0,0.1,0.0,1.0,0.0001,0.0,0.0,16.0,21.333333333333332,1.0,0.0001,0.01
1454,0.5,0.0,0.1,0.0,1.0,0.0001,0.0,0.0,16.0,21.333333333333332,1.0,0.0001,0.01
1455,0.6,0.0,0.1,0.0,1.0,0.0001,0.0,0.0,16.0,21.333333333333332,1.0,0.0001,0.01
1456,0.7,0.0,0.1,0.0,1.0,0.0001,0.0,0.0,16.0,21.333333333333332,1.0,0.0001,0.01
1457,0.8,0.0,0.1,0.0,1.0,0.0001,0.0,0.0,16.0,21.333333333333332,1.0,0.0001,0.01
1458,0.9,0.0,0.1,0.0,1.0,0.0001,0.0,0.0,16.0,21.333333333333332,1.0,0.0001,0.01
1459,1.0,0.0,0.1,0.0,1.0,0.0001,0.0,0.0,16.0,21.333333333333332,1.0,0.0001,0.01
1460,1.1,0.0,0.1,0.0,1.0,0.0001,0.0,0.0,16.0,21.333333333333332,1.0,0.0001,0.01
1461,1.2,0.0,0.1,0.0,1.0,0.0001,0.0,0.0,16.0,21.333333333333332,1.0,0.0001,0.01
1462,1.3,0.0,0.1,0.0,1.0,0.0001,0.0,0.0,16.0,21.333333333333332,1.0,0.0001,0.01
1463,1.4,0.0,0.1,0.0,1.0,0.0001,0.0,0.0,16.0,21.333333333333332,1.0,0.0001,0.01
1464,1.5,0.0,0.1,0.0,1.0,0.0001,0.0,0.0,16.0,21.333333333333332,1.0,0.0001,0.01
1465,0.4,0.0,0.1,0.0,1.0,0.0001,0.0,0.0,18.0,24.0,1.0,0.0001,0.01
1466,0.5,0.0,0.1,0.0,1.0,0.0001,0.0,0.0,18.0,24.0,1.0,0.0001,0.01
1467,0.6,0.0,0.1,0.0,1.0,0.0001,0.0,0.0,18.0,24.0,1.0,0.0001,0.01
1468,0.7,0.0,0.1,0.0,1.0,0.0001,0.0,0.0,18.0,24.0,1.0,0.0001,0.01
1469,0.8,0.0,0.1,0.0,1.0,0.0001,0.0,0.0,18.0,24.0,1.0,0.0001,0.01
1470,0.9,0.0,0.1,0.0,1.0,0.0001,0.0,0.0,18.0,24.0,1.0,0.0001,0.01
1471,1.0,0.0,0.1,0.0,1.0,0.0001,0.0,0.0,18.0,24.0,1.0,0.0001,0.01
1472,1.1,0.0,0.1,0.0,1.0,0.0001,0.0,0.0,18.0,24.0,1.0,0.0001,0.01
1473,1.2,0.0,0.1,0.0,1.0,0.0001,0.0,0.0,18.0,24.0,1.0,0.0001,0.01
1474,1.3,0.0,0.1,0.0,1.0,0.0001,0.0,0.0,18.0,24.0,1.0,0.0001,0.01
1475,1.4,0.0,0.1,0.0,1.0,0.0001,0.0,0.0,18.0,24.0,1.0,0.0001,0.01
1476,1.5,0.0,0.1,0.0,1.0,0.0001,0.0,0.0,18.0,24.0,1.0,0.0001,0.01
1477,0.4,0.0,0.1,0.0,1.0,0.0001,0.0,0.0,20.0,26.666666666666664,1.0,0.0001,0.01
1478,0.5,0.0,0.1,0.0,1.0,0.0001,0.0,0.0,20.0,26.666666666666664,1.0,0.0001,0.01
1479,0.6,0.0,0.1,0.0,1.0,0.0001,0.0,0.0,20.0,26.666666666666664,1.0,0.0001,0.01
1480,0.7,0.0,0.1,0.0,1.0,0.0001,0.0,0.0,20.0,26.666666666666664,1.0,0.0001,0.01
1481,0.8,0.0,0.1,0.0,1.0,0.0001,0.0,0.0,20.0,26.666666666666664,1.0,0.0001,0.01
1482,0.9,0.0,0.1,0.0,1.0,0.0001,0.0,0.0,20.0,26.666666666666664,1.0,0.0001,0.01
1483,1.0,0.0,0.1,0.0,1.0,0.0001,0.0,0.0,20.0,26.666666666666664,1.0,0.0001,0.01
1484,1.1,0.0,0.1,0.0,1.0,0.0001,0.0,0.0,20.0,26.666666666666664,1.0,0.0001,0.01
1485,1.2,0.0,0.1,0.0,1.0,0.0001,0.0,0.0,20.0,26.666666666666664,1.0,0.0001,0.01
1486,1.3,0.0,0.1,0.0,1.0,0.0001,0.0,0.0,20.0,26.666666666666664,1.0,0.0001,0.01
1487,1.4,0.0,0.1,0.0,1.0,0.0001,0.0,0.0,20.0,26.666666666666664,1.0,0.0001,0.01
1488,1.5,0.0,0.1,0.0,1.0,0.0001,0.0,0.0,20.0,26.666666666666664,1.0,0.0001,0.01
1489,0.4,0.0,0.1,0.0,1.0,0.0001,0.0,0.0,22.0,29.333333333333332,1.0,0.0001,0.01
1490,0.5,0.0,0.1,0.0,1.0,0.0001,0.0,0.0,22.0,29.333333333333332,1.0,0.0001,0.01
1491,0.6,0.0,0.1,0.0,1.0,0.0001,0.0,0.0,22.0,29.333333333333332,1.0,0.0001,0.01
1492,0.7,0.0,0.1,0.0,1.0,0.0001,0.0,0.0,22.0,29.333333333333332,1.0,0.0001,0.01
1493,0.8,0.0,0.1,0.0,1.0,0.0001,0.0,0.0,22.0,29.333333333333332,1.0,0.0001,0.01
1494,0.9,0.0,0.1,0.0,1.0,0.0001,0.0,0.0,22.0,29.333333333333332,1.0,0.0001,0.01
1495,1.0,0.0,0.1,0.0,1.0,0.0001,0.0,0.0,22.0,29.333333333333332,1.0,0.0001,0.01
1496,1.1,0.0,0.1,0.0,1.0,0.0001,0.0,0.0,22.0,29.333333333333332,1.0,0.0001,0.01
1497,1.2,0.0,0.1,0.0,1.0,0.0001,0.0,0.0,22.0,29.333333333333332,1.0,0.0001,0.01
1498,1.3,0.0,0.1,0.0,1.0,0.0001,0.0,0.0,22.0,29.333333333333332,1.0,0.0001,0.01
1499,1.4,0.0,0.1,0.0,1.0,0.0001,0.0,0.0,22.0,29.333333333333332,1.0,0.0001,0.01
1500,1.5,0.0,0.1,0.0,1.0,0.0001,0.0,0.0,22.0,29.333333333333332,1.0,0.0001,0.01
1501,0.4,0.0,0.1,0.0,1.0,0.0001,0.0,0.0,24.0,32.0,1.0,0.0001,0.01
1502,0.5,0.0,0.1,0.0,1.0,0.0001,0.0,0.0,24.0,32.0,1.0,0.0001,0.01
1503,0.6,0.0,0.1,0.0,1.0,0.0001,0.0,0.0,24.0,32.0,1.0,0.0001,0.01
1504,0.7,0.0,0.1,0.0,1.0,0.0001,0.0,0.0,24.0,32.0,1.0,0.0001,0.01
1505,0.8,0.0,0.1,0.0,1.0,0.0001,0.0,0.0,24.0,32.0,1.0,0.0001,0.01
1506,0.9,0.0,0.1,0.0,1.0,0.0001,0.0,0.0,24.0,32.0,1.0,0.0001,0.01
1507,1.0,0.0,0.1,0.0,1.0,0.0001,0.0,0.0,24.0,32.0,1.0,0.0001,0.01
1508,1.1,0.0,0.1,0.0,1.0,0.0001,0.0,0.0,24.0,32.0,1.0,0.0001,0.01
1509,1.2,0.0,0.1,0.0,1.0,0.0001,0.0,0.0,24.0,32.0,1.0,0.0001,0.01
1510,1.3,0.0,0.1,0.0,1.0,0.0001,0.0,0.0,24.0,32.0,1.0,0.0001,0.01
1511,1.4,0.0,0.1,0.0,1.0,0.0001,0.0,0.0,24.0,32.0,1.0,0.0001,0.01
1512,1.5,0.0,0.1,0.0,1.0,0.0001,0.0,0.0,24.0,32.0,1.0,0.0001,0.01
1513,0.4,0.0,0.1,0.0,1.0,0.0001,0.0,0.0,0.0,1.3333333333333333,1.0,0.0001,5.0
1514,0.5,0.0,0.1,0.0,1.0,0.0001,0.0,0.0,0.0,1.3333333333333333,1.0,0.0001,5.0
1515,0.6,0.0,0.1,0.0,1.0,0.0001,0.0,0.0,0.0,1.3333333333333333,1.0,0.0001,5.0
1516,0.7,0.0,0.1,0.0,1.0,0.0001,0.0,0.0,0.0,1.3333333333333333,1.0,0.0001,5.0
1517,0.8,0.0,0.1,0.0,1.0,0.0001,0.0,0.0,0.0,1.3333333333333333,1.0,0.0001,5.0
1518,0.9,0.0,0.1,0.0,1.0,0.0001,0.0,0.0,0.0,1.3333333333333333,1.0,0.0001,5.0
1519,1.0,0.0,0.1,0.0,1.0,0.0001,0.0,0.0,0.0,1.3333333333333333,1.0,0.0001,5.0
1520,1.1,0.0,0.1,0.0,1.0,0.0001,0.0,0.0,0.0,1.3333333333333333,1.0,0.0001,5.0
1521,1.2,0.0,0.1,0.0,1.0,0.0001,0.0,0.0,0.0,1.3333333333333333,1.0,0.0001,5.0
1522,1.3,0.0,0.1,0.0,1.0,0.0001,0.0,0.0,0.0,1.3333333333333333,1.0,0.0001,5.0
1523,1.4,0.0,0.1,0.0,1.0,0.0001,0.0,0.0,0.0,1.3333333333333333,1.0,0.0001,5.0
1524,1.5,0.0,0.1,0.0,1.0,0.0001,0.0,0.0,0.0,1.3333333333333333,1.0,0.0001,5.0
1525,0.4,0.0,0.1,0.0,1.0,0.0001,0.0,0.0,1.0,1.3333333333333333,1.0,0.0001,5.0
1526,0.5,0.0,0.1,0.0,1.0,0.0001,0.0,0.0,1.0,1.3333333333333333,1.0,0.0001,5.0
1527,0.6,0.0,0.1,0.0,1.0,0.0001,0.0,0.0,1.0,1.3333333333333333,1.0,0.0001,5.0
1528,0.7,0.0,0.1,0.0,1.0,0.0001,0.0,0.0,1.0,1.3333333333333333,1.0,0.0001,5.0
1529,0.8,0.0,0.1,0.0,1.0,0.0001,0.0,0.0,1.0,1.3333333333333333,1.0,0.0001,5.0
1530,0.9,0.0,0.1,0.0,1.0,0.0001,0.0,0.0,1.0,1.3333333333333333,1.0,0.0001,5.0
1531,1.0,0.0,0.1,0.0,1.0,0.0001,0.0,0.0,1.0,1.3333333333333333,1.0,0.0001,5.0
1532,1.1,0.0,0.1,0.0,1.0,0.0001,0.0,0.0,1.0,1.3333333333333333,1.0,0.0001,5.0
1533,1.2,0.0,0.1,0.0,1.0,0.0001,0.0,0.0,1.0,1.3333333333333333,1.0,0.0001,5.0
1534,1.3,0.0,0.1,0.0,1.0,0.0001,0.0,0.0,1.0,1.3333333333333333,1.0,0.0001,5.0
1535,1.4,0.0,0.1,0.0,1.0,0.0001,0.0,0.0,1.0,1.3333333333333333,1.0,0.0001,5.0
1536,1.5,0.0,0.1,0.0,1.0,0.0001,0.0,0.0,1.0,1.3333333333333333,1.0,0.0001,5.0
1537,0.4,0.0,0.1,0.0,1.0,0.0001,0.0,0.0,2.0,2.6666666666666665,1.0,0.0001,5.0
1538,0.5,0.0,0.1,0.0,1.0,0.0001,0.0,0.0,2.0,2.6666666666666665,1.0,0.0001,5.0
1539,0.6,0.0,0.1,0.0,1.0,0.0001,0.0,0.0,2.0,2.6666666666666665,1.0,0.0001,5.0
1540,0.7,0.0,0.1,0.0,1.0,0.0001,0.0,0.0,2.0,2.6666666666666665,1.0,0.0001,5.0
1541,0.8,0.0,0.1,0.0,1.0,0.0001,0.0,0.0,2.0,2.6666666666666665,1.0,0.0001,5.0
1542,0.9,0.0,0.1,0.0,1.0,0.0001,0.0,0.0,2.0,2.6666666666666665,1.0,0.0001,5.0
1543,1.0,0.0,0.1,0.0,1.0,0.0001,0.0,0.0,2.0,2.6666666666666665,1.0,0.0001,5.0
1544,1.1,0.0,0.1,0.0,1.0,0.0001,0.0,0.0,2.0,2.6666666666666665,1.0,0.0001,5.0
1545,1.2,0.0,0.1,0.0,1.0,0.0001,0.0,0.0,2.0,2.6666666666666665,1.0,0.0001,5.0
1546,1.3,0.0,0.1,0.0,1.0,0.0001,0.0,0.0,2.0,2.6666666666666665,1.0,0.0001,5.0
1547,1.4,0.0,0.1,0.0,1.0,0.0001,0.0,0.0,2.0,2.6666666666666665,1.0,0.0001,5.0
1548,1.5,0.0,0.1,0.0,1.0,0.0001,0.0,0.0,2.0,2.6666666666666665,1.0,0.0001,5.0
1549,0.4,0.0,0.1,0.0,1.0,0.0001,0.0,0.0,4.0,5.333333333333333,1.0,0.0001,5.0
1550,0.5,0.0,0.1,0.0,1.0,0.0001,0.0,0.0,4.0,5.333333333333333,1.0,0.0001,5.0
1551,0.6,0.0,0.1,0.0,1.0,0.0001,0.0,0.0,4.0,5.333333333333333,1.0,0.0001,5.0
1552,0.7,0.0,0.1,0.0,1.0,0.0001,0.0,0.0,4.0,5.333333333333333,1.0,0.0001,5.0
1553,0.8,0.0,0.1,0.0,1.0,0.0001,0.0,0.0,4.0,5.333333333333333,1.0,0.0001,5.0
1554,0.9,0.0,0.1,0.0,1.0,0.0001,0.0,0.0,4.0,5.333333333333333,1.0,0.0001,5.0
1555,1.0,0.0,0.1,0.0,1.0,0.0001,0.0,0.0,4.0,5.333333333333333,1.0,0.0001,5.0
1556,1.1,0.0,0.1,0.0,1.0,0.0001,0.0,0.0,4.0,5.333333333333333,1.0,0.0001,5.0
1557,1.2,0.0,0.1,0.0,1.0,0.0001,0.0,0.0,4.0,5.333333333333333,1.0,0.0001,5.0
1558,1.3,0.0,0.1,0.0,1.0,0.0001,0.0,0.0,4.0,5.333333333333333,1.0,0.0001,5.0
1559,1.4,0.0,0.1,0.0,1.0,0.0001,0.0,0.0,4.0,5.333333333333333,1.0,0.0001,5.0
1560,1.5,0.0,0.1,0.0,1.0,0.0001,0.0,0.0,4.0,5.333333333333333,1.0,0.0001,5.0
1561,0.4,0.0,0.1,0.0,1.0,0.0001,0.0,0.0,6.0,8.0,1.0,0.0001,5.0
1562,0.5,0.0,0.1,0.0,1.0,0.0001,0.0,0.0,6.0,8.0,1.0,0.0001,5.0
1563,0.6,0.0,0.1,0.0,1.0,0.0001,0.0,0.0,6.0,8.0,1.0,0.0001,5.0
1564,0.7,0.0,0.1,0.0,1.0,0.0001,0.0,0.0,6.0,8.0,1.0,0.0001,5.0
1565,0.8,0.0,0.1,0.0,1.0,0.0001,0.0,0.0,6.0,8.0,1.0,0.0001,5.0
1566,0.9,0.0,0.1,0.0,1.0,0.0001,0.0,0.0,6.0,8.0,1.0,0.0001,5.0
1567,1.0,0.0,0.1,0.0,1.0,0.0001,0.0,0.0,6.0,8.0,1.0,0.0001,5.0
1568,1.1,0.0,0.1,0.0,1.0,0.0001,0.0,0.0,6.0,8.0,1.0,0.0001,5.0
1569,1.2,0.0,0.1,0.0,1.0,0.0001,0.0,0.0,6.0,8.0,1.0,0.0001,5.0
1570,1.3,0.0,0.1,0.0,1.0,0.0001,0.0,0.0,6.0,8.0,1.0,0.0001,5.0
1571,1.4,0.0,0.1,0.0,1.0,0.0001,0.0,0.0,6.0,8.0,1.0,0.0001,5.0
1572,1.5,0.0,0.1,0.0,1.0,0.0001,0.0,0.0,6.0,8.0,1.0,0.0001,5.0
1573,0.4,0.0,0.1,0.0,1.0,0.0001,0.0,0.0,8.0,10.666666666666666,1.0,0.0001,5.0
1574,0.5,0.0,0.1,0.0,1.0,0.0001,0.0,0.0,8.0,10.666666666666666,1.0,0.0001,5.0
1575,0.6,0.0,0.1,0.0,1.0,0.0001,0.0,0.0,8.0,10.666666666666666,1.0,0.0001,5.0
1576,0.7,0.0,0.1,0.0,1.0,0.0001,0.0,0.0,8.0,10.666666666666666,1.0,0.0001,5.0
1577,0.8,0.0,0.1,0.0,1.0,0.0001,0.0,0.0,8.0,10.666666666666666,1.0,0.0001,5.0
1578,0.9,0.0,0.1,0.0,1.0,0.0001,0.0,0.0,8.0,10.666666666666666,1.0,0.0001,5.0
1579,1.0,0.0,0.1,0.0,1.0,0.0001,0.0,0.0,8.0,10.666666666666666,1.0,0.0001,5.0
1580,1.1,0.0,0.1,0.0,1.0,0.0001,0.0,0.0,8.0,10.666666666666666,1.0,0.0001,5.0
1581,1.2,0.0,0.1,0.0,1.0,0.0001,0.0,0.0,8.0,10.666666666666666,1.0,0.0001,5.0
1582,1.3,0.0,0.1,0.0,1.0,0.0001,0.0,0.0,8.0,10.666666666666666,1.0,0.0001,5.0
1583,1.4,0.0,0.1,0.0,1.0,0.0001,0.0,0.0,8.0,10.666666666666666,1.0,0.0001,5.0
1584,1.5,0.0,0.1,0.0,1.0,0.0001,0.0,0.0,8.0,10.666666666666666,1.0,0.0001,5.0
1585,0.4,0.0,0.1,0.0,1.0,0.0001,0.0,0.0,10.0,13.333333333333332,1.0,0.0001,5.0
1586,0.5,0.0,0.1,0.0,1.0,0.0001,0.0,0.0,10.0,13.333333333333332,1.0,0.0001,5.0
1587,0.6,0.0,0.1,0.0,1.0,0.0001,0.0,0.0,10.0,13.333333333333332,1.0,0.0001,5.0
1588,0.7,0.0,0.1,0.0,1.0,0.0001,0.0,0.0,10.0,13.333333333333332,1.0,0.0001,5.0
1589,0.8,0.0,0.1,0.0,1.0,0.0001,0.0,0.0,10.0,13.333333333333332,1.0,0.0001,5.0
1590,0.9,0.0,0.1,0.0,1.0,0.0001,0.0,0.0,10.0,13.333333333333332,1.0,0.0001,5.0
1591,1.0,0.0,0.1,0.0,1.0,0.0001,0.0,0.0,10.0,13.333333333333332,1.0,0.0001,5.0
1592,1.1,0.0,0.1,0.0,1.0,0.0001,0.0,0.0,10.0,13.333333333333332,1.0,0.0001,5.0
1593,1.2,0.0,0.1,0.0,1.0,0.0001,0.0,0.0,10.0,13.333333333333332,1.0,0.0001,5.0
1594,1.3,0.0,0.1,0.0,1.0,0.0001,0.0,0.0,10.0,13.333333333333332,1.0,0.0001,5.0
1595,1.4,0.0,0.1,0.0,1.0,0.0001,0.0,0.0,10.0,13.333333333333332,1.0,0.0001,5.0
1596,1.5,0.0,0.1,0.0,1.0,0.0001,0.0,0.0,10.0,13.333333333333332,1.0,0.0001,5.0
1597,0.4,0.0,0.1,0.0,1.0,0.0001,0.0,0.0,12.0,16.0,1.0,0.0001,5.0
1598,0.5,0.0,0.1,0.0,1.0,0.0001,0.0,0.0,12.0,16.0,1.0,0.0001,5.0
1599,0.6,0.0,0.1,0.0,1.0,0.0001,0.0,0.0,12.0,16.0,1.0,0.0001,5.0
1600,0.7,0.0,0.1,0.0,1.0,0.0001,0.0,0.0,12.0,16.0,1.0,0.0001,5.0
1601,0.8,0.0,0.1,0.0,1.0,0.0001,0.0,0.0,12.0,16.0,1.0,0.0001,5.0
1602,0.9,0.0,0.1,0.0,1.0,0.0001,0.0,0.0,12.0,16.0,1.0,0.0001,5.0
1603,1.0,0.0,0.1,0.0,1.0,0.0001,0.0,0.0,12.0,16.0,1.0,0.0001,5.0
1604,1.1,0.0,0.1,0.0,1.0,0.0001,0.0,0.0,12.0,16.0,1.0,0.0001,5.0
1605,1.2,0.0,0.1,0.0,1.0,0.0001,0.0,0.0,12.0,16.0,1.0,0.0001,5.0
1606,1.3,0.0,0.1,0.0,1.0,0.0001,0.0,0.0,12.0,16.0,1.0,0.0001,5.0
1607,1.4,0.0,0.1,0.0,1.0,0.0001,0.0,0.0,12.0,16.0,1.0,0.0001,5.0
1608,1.5,0.0,0.1,0.0,1.0,0.0001,0.0,0.0,12.0,16.0,1.0,0.0001,5.0
1609,0.4,0.0,0.1,0.0,1.0,0.0001,0.0,0.0,14.0,18.666666666666664,1.0,0.0001,5.0
1610,0.5,0.0,0.1,0.0,1.0,0.0001,0.0,0.0,14.0,18.666666666666664,1.0,0.0001,5.0
1611,0.6,0.0,0.1,0.0,1.0,0.0001,0.0,0.0,14.0,18.666666666666664,1.0,0.0001,5.0
1612,0.7,0.0,0.1,0.0,1.0,0.0001,0.0,0.0,14.0,18.666666666666664,1.0,0.0001,5.0
1613,0.8,0.0,0.1,0.0,1.0,0.0001,0.0,0.0,14.0,18.666666666666664,1.0,0.0001,5.0
1614,0.9,0.0,0.1,0.0,1.0,0.0001,0.0,0.0,14.0,18.666666666666664,1.0,0.0001,5.0
1615,1.0,0.0,0.1,0.0,1.0,0.0001,0.0,0.0,14.0,18.666666666666664,1.0,0.0001,5.0
1616,1.1,0.0,0.1,0.0,1.0,0.0001,0.0,0.0,14.0,18.666666666666664,1.0,0.0001,5.0
1617,1.2,0.0,0.1,0.0,1.0,0.0001,0.0,0.0,14.0,18.666666666666664,1.0,0.0001,5.0
1618,1.3,0.0,0.1,0.0,1.0,0.0001,0.0,0.0,14.0,18.666666666666664,1.0,0.0001,5.0
1619,1.4,0.0,0.1,0.0,1.0,0.0001,0.0,0.0,14.0,18.666666666666664,1.0,0.0001,5.0
1620,1.5,0.0,0.1,0.0,1.0,0.0001,0.0,0.0,14.0,18.666666666666664,1.0,0.0001,5.0
1621,0.4,0.0,0.1,0.0,1.0,0.0001,0.0,0.0,16.0,21.333333333333332,1.0,0.0001,5.0
1622,0.5,0.0,0.1,0.0,1.0,0.0001,0.0,0.0,16.0,21.333333333333332,1.0,0.0001,5.0
1623,0.6,0.0,0.1,0.0,1.0,0.0001,0.0,0.0,16.0,21.333333333333332,1.0,0.0001,5.0
1624,0.7,0.0,0.1,0.0,1.0,0.0001,0.0,0.0,16.0,21.333333333333332,1.0,0.0001,5.0
1625,0.8,0.0,0.1,0.0,1.0,0.0001,0.0,0.0,16.0,21.333333333333332,1.0,0.0001,5.0
1626,0.9,0.0,0.1,0.0,1.0,0.0001,0.0,0.0,16.0,21.333333333333332,1.0,0.0001,5.0
1627,1.0,0.0,0.1,0.0,1.0,0.0001,0.0,0.0,16.0,21.333333333333332,1.0,0.0001,5.0
1628,1.1,0.0,0.1,0.0,1.0,0.0001,0.0,0.0,16.0,21.333333333333332,1.0,0.0001,5.0
1629,1.2,0.0,0.1,0.0,1.0,0.0001,0.0,0.0,16.0,21.333333333333332,1.0,0.0001,5.0
1630,1.3,0.0,0.1,0.0,1.0,0.0001,0.0,0.0,16.0,21.333333333333332,1.0,0.0001,5.0
1631,1.4,0.0,0.1,0.0,1.0,0.0001,0.0,0.0,16.0,21.333333333333332,1.0,0.0001,5.0
1632,1.5,0.0,0.1,0.0,1.0,0.0001,0.0,0.0,16.0,21.333333333333332,1.0,0.0001,5.0
1633,0.4,0.0,0.1,0.0,1.0,0.0001,0.0,0.0,18.0,24.0,1.0,0.0001,5.0
1634,0.5,0.0,0.1,0.0,1.0,0.0001,0.0,0.0,18.0,24.0,1.0,0.0001,5.0
1635,0.6,0.0,0.1,0.0,1.0,0.0001,0.0,0.0,18.0,24.0,1.0,0.0001,5.0
1636,0.7,0.0,0.1,0.0,1.0,0.0001,0.0,0.0,18.0,24.0,1.0,0.0001,5.0
1637,0.8,0.0,0.1,0.0,1.0,0.0001,0.0,0.0,18.0,24.0,1.0,0.0001,5.0
1638,0.9,0.0,0.1,0.0,1.0,0.0001,0.0,0.0,18.0,24.0,1.0,0.0001,5.0
1639,1.0,0.0,0.1,0.0,1.0,0.0001,0.0,0.0,18.0,24.0,1.0,0.0001,5.0
1640,1.1,0.0,0.1,0.0,1.0,0.0001,0.0,0.0,18.0,24.0,1.0,0.0001,5.0
1641,1.2,0.0,0.1,0.0,1.0,0.0001,0.0,0.0,18.0,24.0,1.0,0.0001,5.0
1642,1.3,0.0,0.1,0.0,1.0,0.0001,0.0,0.0,18.0,24.0,1.0,0.0001,5.0
1643,1.4,0.0,0.1,0.0,1.0,0.0001,0.0,0.0,18.0,24.0,1.0,0.0001,5.0
1644,1.5,0.0,0.1,0.0,1.0,0.0001,0.0,0.0,18.0,24.0,1.0,0.0001,5.0
1645,0.4,0.0,0.1,0.0,1.0,0.0001,0.0,0.0,20.0,26.666666666666664,1.0,0.0001,5.0
1646,0.5,0.0,0.1,0.0,1.0,0.0001,0.0,0.0,20.0,26.666666666666664,1.0,0.0001,5.0
1647,0.6,0.0,0.1,0.0,1.0,0.0001,0.0,0.0,20.0,26.666666666666664,1.0,0.0001,5.0
1648,0.7,0.0,0.1,0.0,1.0,0.0001,0.0,0.0,20.0,26.666666666666664,1.0,0.0001,5.0
1649,0.8,0.0,0.1,0.0,1.0,0.0001,0.0,0.0,20.0,26.666666666666664,1.0,0.0001,5.0
1650,0.9,0.0,0.1,0.0,1.0,0.0001,0.0,0.0,20.0,26.666666666666664,1.0,0.0001,5.0
1651,1.0,0.0,0.1,0.0,1.0,0.0001,0.0,0.0,20.0,26.666666666666664,1.0,0.0001,5.0
1652,1.1,0.0,0.1,0.0,1.0,0.0001,0.0,0.0,20.0,26.666666666666664,1.0,0.0001,5.0
1653,1.2,0.0,0.1,0.0,1.0,0.0001,0.0,0.0,20.0,26.666666666666664,1.0,0.0001,5.0
1654,1.3,0.0,0.1,0.0,1.0,0.0001,0.0,0.0,20.0,26.666666666666664,1.0,0.0001,5.0
1655,1.4,0.0,0.1,0.0,1.0,0.0001,0.0,0.0,20.0,26.666666666666664,1.0,0.0001,5.0
1656,1.5,0.0,0.1,0.0,1.0,0.0001,0.0,0.0,20.0,26.666666666666664,1.0,0.0001,5.0
1657,0.4,0.0,0.1,0.0,1.0,0.0001,0.0,0.0,22.0,29.333333333333332,1.0,0.0001,5.0
1658,0.5,0.0,0.1,0.0,1.0,0.0001,0.0,0.0,22.0,29.333333333333332,1.0,0.0001,5.0
1659,0.6,0.0,0.1,0.0,1.0,0.0001,0.0,0.0,22.0,29.333333333333332,1.0,0.0001,5.0
1660,0.7,0.0,0.1,0.0,1.0,0.0001,0.0,0.0,22.0,29.333333333333332,1.0,0.0001,5.0
1661,0.8,0.0,0.1,0.0,1.0,0.0001,0.0,0.0,22.0,29.333333333333332,1.0,0.0001,5.0
1662,0.9,0.0,0.1,0.0,1.0,0.0001,0.0,0.0,22.0,29.333333333333332,1.0,0.0001,5.0
1663,1.0,0.0,0.1,0.0,1.0,0.0001,0.0,0.0,22.0,29.333333333333332,1.0,0.0001,5.0
1664,1.1,0.0,0.1,0.0,1.0,0.0001,0.0,0.0,22.0,29.333333333333332,1.0,0.0001,5.0
1665,1.2,0.0,0.1,0.0,1.0,0.0001,0.0,0.0,22.0,29.333333333333332,1.0,0.0001,5.0
1666,1.3,0.0,0.1,0.0,1.0,0.0001,0.0,0.0,22.0,29.333333333333332,1.0,0.0001,5.0
1667,1.4,0.0,0.1,0.0,1.0,0.0001,0.0,0.0,22.0,29.333333333333332,1.0,0.0001,5.0
1668,1.5,0.0,0.1,0.0,1.0,0.0001,0.0,0.0,22.0,29.333333333333332,1.0,0.0001,5.0
1669,0.4,0.0,0.1,0.0,1.0,0.0001,0.0,0.0,24.0,32.0,1.0,0.0001,5.0
1670,0.5,0.0,0.1,0.0,1.0,0.0001,0.0,0.0,24.0,32.0,1.0,0.0001,5.0
1671,0.6,0.0,0.1,0.0,1.0,0.0001,0.0,0.0,24.0,32.0,1.0,0.0001,5.0
1672,0.7,0.0,0.1,0.0,1.0,0.0001,0.0,0.0,24.0,32.0,1.0,0.0001,5.0
1673,0.8,0.0,0.1,0.0,1.0,0.0001,0.0,0.0,24.0,32.0,1.0,0.0001,5.0
1674,0.9,0.0,0.1,0.0,1.0,0.0001,0.0,0.0,24.0,32.0,1.0,0.0001,5.0
1675,1.0,0.0,0.1,0.0,1.0,0.0001,0.0,0.0,24.0,32.0,1.0,0.0001,5.0
1676,1.1,0.0,0.1,0.0,1.0,0.0001,0.0,0.0,24.0,32.0,1.0,0.0001,5.0
1677,1.2,0.0,0.1,0.0,1.0,0.0001,0.0,0.0,24.0,32.0,1.0,0.0001,5.0
1678,1.3,0.0,0.1,0.0,1.0,0.0001,0.0,0.0,24.0,32.0,1.0,0.0001,5.0
1679,1.4,0.0,0.1,0.0,1.0,0.0001,0.0,0.0,24.0,32.0,1.0,0.0001,5.0
1680,1.5,0.0,0.1,0.0,1.0,0.0001,0.0,0.0,24.0,32.0,1.0,0.0001,5.0
