fn,rho0,rhocr,ap,nu1,gamma,kp,zetap,zetap2,zetarho,ar,xi,M,kd,Ndefects,epsi,Rad,g2,g3,g4,g5,g6,theta2,theta3,theta4,theta5,theta6
1,0.4,0.0,0.1,0.0,1.0,0.0001,0.0,0.0,0.0,1.3333333333333333,1.0,0.0001,10.0,258.0,0.0010520585403455684,5.328230549023293,0.31654118962338795,0.5052485512838638,0.5281391385808994,0.28140158477035093,0.4410847776814988,0.006710784171258787,0.030498809406105245,-0.023966002894474182,-0.02585083670034354,-0.03997221589090184
2,0.5,0.0,0.1,0.0,1.0,0.0001,0.0,0.0,0.0,1.3333333333333333,1.0,0.0001,10.0,258.0,0.0015953116919918964,5.935022559354471,0.28957836442021717,0.48818231755050745,0.5831742129517062,0.274577917229264,0.45823829340503264,-0.060038393769945284,-0.03704659328466492,-0.053910714474403335,-0.019594137467121114,-0.00010101902795813215
3,0.6,0.0,0.1,0.0,1.0,0.0001,0.0,0.0,0.0,1.3333333333333333,1.0,0.0001,10.0,260.0,0.0023090308831924533,6.437396720048903,0.29891525177177847,0.4054115724211713,0.6455281839940475,0.24672335233475484,0.41550391876994064,0.14947005861534954,-0.037485197216115804,-0.11388281426579999,-0.015600748255320587,0.03393570896141642
4,0.7,0.0,0.1,0.0,1.0,0.0001,0.0,0.0,0.0,1.3333333333333333,1.0,0.0001,10.0,292.0,0.0032005283429207276,6.647650200310671,0.3203122875120886,0.48611312733132633,0.6077198428238744,0.24204349045347945,0.4673647932368474,0.19964363201112562,0.0643021609564139,-0.21155013092657962,-0.019305987659356677,-0.007076621857485578
5,0.8,0.0,0.1,0.0,1.0,0.0001,0.0,0.0,0.0,1.3333333333333333,1.0,0.0001,10.0,268.0,0.004281464288656833,6.992172092838297,0.31171900227768345,0.4466707528784799,0.6456212409123727,0.2488108079990107,0.5064549531767483,-0.18630473068865377,-0.04026496128456807,0.1750415834451932,-0.01562206069740743,-0.03019152101083248
6,0.9,0.0,0.1,0.0,1.0,0.0001,0.0,0.0,0.0,1.3333333333333333,1.0,0.0001,10.0,274.0,0.005509750651369494,7.121976518955176,0.3378828512916562,0.5175395461551875,0.5532861222007446,0.28763854491203444,0.4743931213494743,0.09401255661392754,0.01928328852323882,-0.13302001230476262,0.003241416384093769,-0.016235713588717553
7,1.0,0.0,0.1,0.0,1.0,0.0001,0.0,0.0,0.0,1.3333333333333333,1.0,0.0001,10.0,258.0,0.006862389974127803,7.286196123854282,0.29936740804505096,0.3957090375628507,0.7028682543040193,0.21603758984817611,0.45443079924714314,0.16405227731990055,0.01746884666236163,0.35176371850210747,-0.011162152789667099,-0.07047017530180774
8,1.1,0.0,0.1,0.0,1.0,0.0001,0.0,0.0,0.0,1.3333333333333333,1.0,0.0001,10.0,242.0,0.008273481621290824,7.384469412689233,0.3502943590992832,0.7255802085537184,0.35091468970373507,0.3594535531850258,0.5628043876093207,0.07380065797704954,-0.21373841243078884,-0.11039739523297912,0.00673916164917249,0.044325632871656355
9,1.2,0.0,0.1,0.0,1.0,0.0001,0.0,0.0,0.0,1.3333333333333333,1.0,0.0001,10.0,242.0,0.009656748110943525,7.478461169888564,0.3720755634560303,0.6846012286775882,0.394501811097831,0.3716000404920694,0.595527407773469,-0.0006877456011592022,0.07866850049199602,0.10696977603711726,0.01938152549689358,0.019341070115656202
10,1.3,0.0,0.1,0.0,1.0,0.0001,0.0,0.0,0.0,1.3333333333333333,1.0,0.0001,10.0,208.0,0.010981259793252818,7.530955691713378,0.37577410736328337,0.7976898074038637,0.2754410472261911,0.4089957462930868,0.6997476770601302,0.05608444650305932,-0.2351924209218832,0.02323967146903438,0.008988860334347547,0.06431703091239324
11,1.4,0.0,0.1,0.0,1.0,0.0001,0.0,0.0,0.0,1.3333333333333333,1.0,0.0001,10.0,186.0,0.012161343501155608,7.616650395732313,0.40028802039514605,0.7387866605614668,0.31593060547614155,0.43873670555480215,0.6127552173956142,0.030983855965195498,0.18390065679931566,-0.038707719199688406,0.05368209986850702,-0.06633009661703475
12,1.5,0.0,0.1,0.0,1.0,0.0001,0.0,0.0,0.0,1.3333333333333333,1.0,0.0001,10.0,146.0,0.01319724705120251,7.741933337997192,0.35614155889235044,0.7975678839723925,0.31495800292238946,0.4078879037466342,0.6341568628460992,0.13537956082641375,0.09085464757975353,0.03298895442520855,-0.008233354500114731,-0.07233360381698013
13,0.4,0.0,0.1,0.0,1.0,0.0001,0.0,0.0,1.0,1.3333333333333333,1.0,0.0001,10.0,248.0,0.0010549181420537734,5.3576381426949355,0.3166031503664419,0.4970029022128555,0.5505248076922107,0.2787104663777557,0.4568769544333564,0.004700477123109784,0.03398659124483093,0.041593052589345925,-0.014909812210478058,-0.006714748101733291
14,0.5,0.0,0.1,0.0,1.0,0.0001,0.0,0.0,1.0,1.3333333333333333,1.0,0.0001,10.0,256.0,0.001608808822932184,5.993617122509179,0.29378013660714913,0.4288236518386952,0.6166653726231597,0.2750600732236864,0.42713763713011593,-0.04172714766121284,0.057785578388721115,0.14217124152717933,0.02190667050338402,0.005976571468973605
15,0.6,0.0,0.1,0.0,1.0,0.0001,0.0,0.0,1.0,1.3333333333333333,1.0,0.0001,10.0,284.0,0.0023488167293405082,6.37474212158157,0.3082245352627097,0.47293896679215164,0.5995593381810089,0.2683937984527013,0.48778263451166715,-0.17383170500438103,-0.026751399160499314,-0.18383427092098556,-0.003942948660048675,0.05240220571921164
16,0.7,0.0,0.1,0.0,1.0,0.0001,0.0,0.0,1.0,1.3333333333333333,1.0,0.0001,10.0,260.0,0.0033093664996523,6.786594409138271,0.2929119280337393,0.4352696467199689,0.634869927549063,0.23191938076923863,0.40856306507045537,-0.02317344970459797,-0.04762415827719138,0.015764756162819377,0.0028401195257432604,0.015379528889660722
17,0.8,0.0,0.1,0.0,1.0,0.0001,0.0,0.0,1.0,1.3333333333333333,1.0,0.0001,10.0,248.0,0.004505523317903992,7.109778613283673,0.29614239772644385,0.3815983119306433,0.6981019614019579,0.22449346898571892,0.4597532626214535,0.004861446830572165,0.05435950246939005,-0.2192542140638406,0.037083545569916596,0.0008724598068867635
18,0.9,0.0,0.1,0.0,1.0,0.0001,0.0,0.0,1.0,1.3333333333333333,1.0,0.0001,10.0,252.0,0.005926981369440143,7.364019696303421,0.2616787498304299,0.3216757169100776,0.7809543091653625,0.17978162483602095,0.3938866281773787,0.23633953242549324,-0.03916483175775339,-0.15304270610073528,-0.003406703018093571,0.07125314957105217
19,1.0,0.0,0.1,0.0,1.0,0.0001,0.0,0.0,1.0,1.3333333333333333,1.0,0.0001,10.0,228.0,0.007582340100180884,7.536237810084866,0.282838004197549,0.34097592733026355,0.732291514164138,0.21179699915554898,0.443410064157586,-0.2037920632627095,0.06289166374997097,-0.30113358165004167,0.04175002657566192,-0.02707070551928265
20,1.1,0.0,0.1,0.0,1.0,0.0001,0.0,0.0,1.0,1.3333333333333333,1.0,0.0001,10.0,266.0,0.009347218691745152,7.503563466782358,0.3226177872760186,0.5312862332641429,0.5551139208465241,0.2832198222337514,0.4904153701907036,-0.030102677596463723,-0.022979251399429752,-0.10196585724086792,0.017649920700901454,-0.033306525530058764
21,1.2,0.0,0.1,0.0,1.0,0.0001,0.0,0.0,1.0,1.3333333333333333,1.0,0.0001,10.0,238.0,0.011266078170928617,7.689198684311453,0.3048165211549291,0.4747552266603907,0.6269609022744069,0.23457476520221393,0.41353550411186796,-0.03402332964032597,0.08977257330851052,0.33150447463210525,0.032972778033809345,-0.04325597395869818
22,1.3,0.0,0.1,0.0,1.0,0.0001,0.0,0.0,1.0,1.3333333333333333,1.0,0.0001,10.0,242.0,0.0131342567368673,7.655550958107523,0.3441928005001363,0.6329715047539642,0.4446636821514255,0.33980180590312126,0.532122691377521,-0.3178077482759854,0.10003717614950564,0.07115511306053064,0.006030886510913606,-0.15007166951446718
23,1.4,0.0,0.1,0.0,1.0,0.0001,0.0,0.0,1.0,1.3333333333333333,1.0,0.0001,10.0,234.0,0.01493558007657092,7.729895788232491,0.38561940224771896,0.7051358737120701,0.3567110129345578,0.3944498897945013,0.6019805872238314,0.18245372262389287,-0.10854543249320733,0.024163721103103622,-0.003279541796616154,0.1311247112998188
24,1.5,0.0,0.1,0.0,1.0,0.0001,0.0,0.0,1.0,1.3333333333333333,1.0,0.0001,10.0,224.0,0.01654203493175177,7.703439068774804,0.3742618888918976,0.8622564746729597,0.20007230986397342,0.42304333881124473,0.7606937241510243,0.19260610182103483,-0.24067359969890784,-0.05231732062010847,0.032163678870842156,0.2331695931368826
25,0.4,0.0,0.1,0.0,1.0,0.0001,0.0,0.0,2.0,2.6666666666666665,1.0,0.0001,10.0,268.0,0.0007439703278255272,6.341473951481002,0.3172933617283625,0.4518688300061783,0.5932714262732535,0.29196967949053876,0.44731485195251536,-0.06580179743128815,0.0002580287420213106,0.040325903986899565,0.012656370479142648,0.013997956011183236
26,0.5,0.0,0.1,0.0,1.0,0.0001,0.0,0.0,2.0,2.6666666666666665,1.0,0.0001,10.0,258.0,0.001227765319378904,6.7795186686676,0.29787555626885276,0.4291224110764472,0.6516279298560204,0.2491417800047162,0.4545470310076143,-0.05921633758616603,0.025948255361502626,0.1338867560077591,0.022314052036005734,0.007637816578414433
27,0.6,0.0,0.1,0.0,1.0,0.0001,0.0,0.0,2.0,2.6666666666666665,1.0,0.0001,10.0,270.0,0.0019010369868033283,7.123104142600283,0.3134641397285432,0.4352199010879606,0.6120378241847756,0.263613474356936,0.4581666304998373,-0.035395391291463206,-0.029283986381516944,0.04756626785153973,-0.012175247710015517,0.04955126440002747
28,0.7,0.0,0.1,0.0,1.0,0.0001,0.0,0.0,2.0,2.6666666666666665,1.0,0.0001,10.0,268.0,0.0027897545849489003,7.3429615627907685,0.28039123244047276,0.38057750314590594,0.6862991972368089,0.2270791111482315,0.44577621997893896,0.01031610117837322,-5.397397693546066e-6,0.2824551642798452,-5.125054653163565e-5,0.03430093211564896
29,0.8,0.0,0.1,0.0,1.0,0.0001,0.0,0.0,2.0,2.6666666666666665,1.0,0.0001,10.0,236.0,0.00390629205183024,7.641861614037971,0.2910125654918912,0.38478785463816834,0.6893017246603232,0.22946963632532277,0.448063597843632,-0.006115188357978347,-0.039098582067776076,-0.013804764099884216,-0.03652040249994828,-0.0033052704749466045
30,0.9,0.0,0.1,0.0,1.0,0.0001,0.0,0.0,2.0,2.6666666666666665,1.0,0.0001,10.0,268.0,0.005193295964914246,7.618276304780003,0.2960739966656762,0.4521508659713805,0.64517625349298,0.23659365411905292,0.46467861426838963,0.17656004133730976,0.02466156995023118,-0.1636080237456255,0.027759912721741723,-0.011745969954781117
31,1.0,0.0,0.1,0.0,1.0,0.0001,0.0,0.0,2.0,2.6666666666666665,1.0,0.0001,10.0,234.0,0.006644982923559861,7.785877639459488,0.3183967731968761,0.42971992156567407,0.6294440415914625,0.2518837169150871,0.5046898246198585,0.05203017939670767,0.008324216225737152,0.10186075019849711,0.0035199155067086613,-0.026899847342398413
32,1.1,0.0,0.1,0.0,1.0,0.0001,0.0,0.0,2.0,2.6666666666666665,1.0,0.0001,10.0,260.0,0.00809196967497372,7.732298240190621,0.33572008936828196,0.5329187242213133,0.5458757550564286,0.29810569195585634,0.526231066229035,0.18706099564504414,0.095389406018211,0.03996716605285864,0.003133201195320297,-0.005074274426658581
33,1.2,0.0,0.1,0.0,1.0,0.0001,0.0,0.0,2.0,2.6666666666666665,1.0,0.0001,10.0,232.0,0.009517127764035127,7.792339603710539,0.3556180481452125,0.6405638349621218,0.4568226936761768,0.32854637615482496,0.5059908513044188,0.09535580262787177,-0.12829537540830288,0.21215354962816277,-0.010156457594181566,0.09049556387589015
34,1.3,0.0,0.1,0.0,1.0,0.0001,0.0,0.0,2.0,2.6666666666666665,1.0,0.0001,10.0,232.0,0.010736755328468073,7.765804441128042,0.36243616007269347,0.7577851281582989,0.31538890278214,0.38720453110424724,0.6390004446111073,-0.018399545110622292,0.07767971481047563,-0.03922101320615155,0.027371911058705775,-0.17358974734967988
35,1.4,0.0,0.1,0.0,1.0,0.0001,0.0,0.0,2.0,2.6666666666666665,1.0,0.0001,10.0,208.0,0.011740128136166428,7.8065331665264335,0.3795244071774311,0.8143543163401614,0.26614324637662046,0.414723296201237,0.6797383595731527,0.1795416296673137,-0.2623356313078864,-0.03713422972842775,0.013039909788115742,0.059423443551071535
36,1.5,0.0,0.1,0.0,1.0,0.0001,0.0,0.0,2.0,2.6666666666666665,1.0,0.0001,10.0,166.0,0.012486957738137239,7.896281873551863,0.37750410110861765,0.7944707655290634,0.282114862893606,0.4175761646849297,0.6748910145271166,-0.07448519982922643,-0.16671761870929142,-0.007898486762801953,-0.010544864128671748,0.037312510409946806
37,0.4,0.0,0.1,0.0,1.0,0.0001,0.0,0.0,4.0,5.333333333333333,1.0,0.0001,10.0,258.0,0.0005915665670565007,7.06774641822013,0.3162418836096982,0.5066657693915999,0.5463755053068392,0.2852410361535537,0.4515269384014442,-0.023305979366348126,-0.016007883009869474,0.09401862508890985,0.002801747770492765,0.024198703456544176
38,0.5,0.0,0.1,0.0,1.0,0.0001,0.0,0.0,4.0,5.333333333333333,1.0,0.0001,10.0,278.0,0.001042454150896821,7.3151984610463545,0.31367423890434626,0.42829104703238563,0.6207515913372044,0.25796867358851744,0.45263186974269687,0.057299788570089924,0.01766838700145458,0.14693709105001806,-0.015205198870902917,0.01632982394793713
39,0.6,0.0,0.1,0.0,1.0,0.0001,0.0,0.0,4.0,5.333333333333333,1.0,0.0001,10.0,280.0,0.0016869615624552914,7.5781351541425925,0.2892650285479272,0.4128318803193357,0.6565437619871369,0.24344095396451682,0.4213013941960581,-0.0021333478930943817,0.005814821306562115,-0.006155239105527971,-0.019126617183530266,-0.030498179250900183
40,0.7,0.0,0.1,0.0,1.0,0.0001,0.0,0.0,4.0,5.333333333333333,1.0,0.0001,10.0,274.0,0.002538921017638085,7.6844478349609275,0.2933619236217325,0.4197930495824032,0.6597032254617194,0.24359669205703346,0.46521805190883686,0.21286846501413148,0.00029187478296728445,-0.17481591816824726,0.005509701919817768,0.026612951955295044
41,0.8,0.0,0.1,0.0,1.0,0.0001,0.0,0.0,4.0,5.333333333333333,1.0,0.0001,10.0,242.0,0.0035877068282418323,7.885077994976505,0.26145544282593736,0.3438555746225522,0.7565955529293504,0.2112594893726175,0.4179584315682665,-0.0679287680897128,-0.003313981781987299,-0.1751621143358093,-0.013806428953535316,-0.025107718211520552
42,0.9,0.0,0.1,0.0,1.0,0.0001,0.0,0.0,4.0,5.333333333333333,1.0,0.0001,10.0,250.0,0.0047298157662897244,7.841546754428901,0.2991128674396817,0.392218310150774,0.7033920663442401,0.23104376953947736,0.44511961065997896,-0.13453350929619293,-0.007925435772606617,0.23810808040321385,0.001334737740367072,0.0007587914086924312
43,1.0,0.0,0.1,0.0,1.0,0.0001,0.0,0.0,4.0,5.333333333333333,1.0,0.0001,10.0,252.0,0.005874991457085255,7.827530790019434,0.3216823054747495,0.577402953873745,0.5045420121882949,0.29500188381579684,0.49658240841838325,-0.023576261860450108,0.0615279760260105,-0.14976712162616126,-0.03821376033029387,-0.07493228675185148
44,1.1,0.0,0.1,0.0,1.0,0.0001,0.0,0.0,4.0,5.333333333333333,1.0,0.0001,10.0,228.0,0.00690725052399177,7.881234031534865,0.34875958801756834,0.5895203493698102,0.49808426486780516,0.3207063937421804,0.5257723252646239,0.1204540310729481,0.06454644598503687,0.0814370452988678,0.0019492554645980716,-0.06060395357662035
45,1.2,0.0,0.1,0.0,1.0,0.0001,0.0,0.0,4.0,5.333333333333333,1.0,0.0001,10.0,222.0,0.007698980061650262,7.8190779142273765,0.3705834259849145,0.7715217097036259,0.3164771602787554,0.41217646381194567,0.6583379124615834,-0.11200350734901272,0.14591944248004204,-0.031376104057282,-0.006979628294512669,-0.11986418201643474
46,1.3,0.0,0.1,0.0,1.0,0.0001,0.0,0.0,4.0,5.333333333333333,1.0,0.0001,10.0,170.0,0.008253119556203004,7.9126972158827105,0.36722756492593905,0.8039068526875554,0.2851747539095401,0.413442269789314,0.7245338211975907,-0.4221188922971982,-0.08186084653885707,0.016164229860541373,0.040759485143987854,0.17990729481445417
47,1.4,0.0,0.1,0.0,1.0,0.0001,0.0,0.0,4.0,5.333333333333333,1.0,0.0001,10.0,110.0,0.00855774264426068,8.079760924037814,0.38929059608774813,0.6564597664250784,0.35608490663337766,0.409765423982378,0.5803961453827625,0.18837202191005492,0.07204519742746177,0.07048800561721064,-0.00508847040490175,-0.005480196422511811
48,1.5,0.0,0.1,0.0,1.0,0.0001,0.0,0.0,4.0,5.333333333333333,1.0,0.0001,10.0,64.0,0.008633462319066032,8.43503620235424,0.45755987219924965,0.6082809293991277,0.34297800441053133,0.3881194949407733,0.5604352837898736,-0.6888541193669692,0.025805203380294267,0.09406136176732435,-0.021010949620500673,0.04853216535055512
49,0.4,0.0,0.1,0.0,1.0,0.0001,0.0,0.0,6.0,8.0,1.0,0.0001,10.0,266.0,0.0005426918031627426,7.322051452835196,0.2921301095668226,0.4009395753726795,0.657407642744425,0.24524558456786882,0.43847794724898487,0.08743037728740913,-0.03973771058675763,-0.030937479807326685,-0.01787636067210825,-0.02734811001755543
50,0.5,0.0,0.1,0.0,1.0,0.0001,0.0,0.0,6.0,8.0,1.0,0.0001,10.0,256.0,0.0009885182386465408,7.636498941661344,0.30226982960991755,0.4451266776664271,0.6099092289167335,0.2448898216627256,0.44963560074324505,0.03177109322257193,0.015009902364968452,-0.1334927085007876,0.0075716527634754754,0.06355908752032947
51,0.6,0.0,0.1,0.0,1.0,0.0001,0.0,0.0,6.0,8.0,1.0,0.0001,10.0,284.0,0.0016260301781416686,7.702758715999209,0.29071867888224384,0.4538268867311005,0.6477428981549482,0.2413419342832643,0.4378496492878927,-0.13539207259893404,0.015423717418120672,-0.23127101920701035,-0.009198346368706069,-0.03580395608124529
52,0.7,0.0,0.1,0.0,1.0,0.0001,0.0,0.0,6.0,8.0,1.0,0.0001,10.0,256.0,0.0024693916395771565,7.926242580044253,0.29664551316597765,0.38903960647938085,0.6861738171960804,0.22322902418289575,0.44199354151370296,-0.11797024684760438,0.02884928171050792,-0.2336392878256784,-0.0013841966430334122,0.00875784224795148
53,0.8,0.0,0.1,0.0,1.0,0.0001,0.0,0.0,6.0,8.0,1.0,0.0001,10.0,246.0,0.0034603563662204406,7.960041083510716,0.3041986320173942,0.4385643803241001,0.6317061628096742,0.24574294282292122,0.47153577683276354,-0.03879819992683026,-0.012681084078421393,0.13891729181555326,-0.015422352184240547,0.010577288528269297
54,0.9,0.0,0.1,0.0,1.0,0.0001,0.0,0.0,6.0,8.0,1.0,0.0001,10.0,262.0,0.004477013733718449,7.884293522901883,0.29838833622197175,0.3960911935666387,0.7034997289930957,0.22557088977407888,0.465678381525349,-0.0933547387071327,0.028894888628717412,-0.33428507172143834,0.005309163222677853,-0.02726531963741111
55,1.0,0.0,0.1,0.0,1.0,0.0001,0.0,0.0,6.0,8.0,1.0,0.0001,10.0,264.0,0.005396895075302943,7.795007737115841,0.3391137286430305,0.593056040036689,0.4895978216857485,0.32785437672159196,0.5342797555767801,-0.13060288356532285,0.11399746570247292,0.04966542054450303,-0.0017048107159232627,-0.08491419911400899
56,1.1,0.0,0.1,0.0,1.0,0.0001,0.0,0.0,6.0,8.0,1.0,0.0001,10.0,226.0,0.006119101506019575,7.839779924658207,0.3630569131956518,0.707129762341634,0.37170905918499847,0.3869677081533163,0.6294242243501664,-0.031086239812587683,0.0075837685917756765,0.04523280360572459,0.04072327555033067,0.011779224312882731
57,1.2,0.0,0.1,0.0,1.0,0.0001,0.0,0.0,6.0,8.0,1.0,0.0001,10.0,164.0,0.0065853624554672585,7.89846042087171,0.40243256024886287,0.7436119401079739,0.32077975178939033,0.42832839788028937,0.6048068764844913,0.08713043359176048,-0.028517608140003224,0.009382183006426965,-0.031644847426106806,0.09205163570420061
58,1.3,0.0,0.1,0.0,1.0,0.0001,0.0,0.0,6.0,8.0,1.0,0.0001,10.0,106.0,0.00678895328992013,8.079566444225504,0.4275009260017623,0.6362027269768109,0.40500257347723684,0.45372700189019594,0.5646155285007213,0.21601873801451207,0.01188126854903477,0.018763569350853538,0.04629839374001799,-0.015933703802241038
59,1.4,0.0,0.1,0.0,1.0,0.0001,0.0,0.0,6.0,8.0,1.0,0.0001,10.0,56.0,0.0067782020743745175,8.334389393138766,0.41999180911024336,0.69719839694305,0.37815391270531024,0.46666403076157115,0.5362464793028053,0.15471298384647275,0.03210254708557529,0.0036462960670437146,-0.04559762312053329,-0.02264200030092337
60,1.5,0.0,0.1,0.0,1.0,0.0001,0.0,0.0,6.0,8.0,1.0,0.0001,10.0,22.0,0.006613394913669968,8.757255651118738,0.448608342026642,0.5764290758664332,0.4298080304821448,0.47940398603305695,0.5507112466323444,-0.41080218518621203,0.1451341032000662,-0.1433560279128838,0.008881506084083012,-0.03481160996920208
61,0.4,0.0,0.1,0.0,1.0,0.0001,0.0,0.0,8.0,10.666666666666666,1.0,0.0001,10.0,282.0,0.000519229244137831,7.496304517670336,0.3145504795097861,0.48930609081525356,0.5751388101250009,0.28529929180327995,0.46735107055684916,0.09351628930298364,0.006757449309944483,0.03316699675660997,0.002463661171824797,-0.01038796531097039
62,0.5,0.0,0.1,0.0,1.0,0.0001,0.0,0.0,8.0,10.666666666666666,1.0,0.0001,10.0,274.0,0.0009640899728614594,7.7207022157839456,0.28636871007024406,0.4290635601286333,0.6648003560212088,0.2301543802351207,0.4144839870028403,-0.0815574943238776,-0.0052829377027960095,-0.07136123073744595,-0.03419421026727453,0.010955708376284344
63,0.6,0.0,0.1,0.0,1.0,0.0001,0.0,0.0,8.0,10.666666666666666,1.0,0.0001,10.0,276.0,0.0016061843132628706,7.8618431067328425,0.3113490209520449,0.377373516475509,0.6667273455124898,0.23465649132717692,0.4638030885437198,-0.11491264913073204,0.005072348715834036,0.15041272122939697,-0.008540200208787778,0.08397363184490109
64,0.7,0.0,0.1,0.0,1.0,0.0001,0.0,0.0,8.0,10.666666666666666,1.0,0.0001,10.0,252.0,0.002440613780260281,7.935103218696624,0.32387285550114836,0.4291837888435624,0.64036189691653,0.24690617997198605,0.4787947186988537,-0.019418489198287238,0.08696194494411208,-0.029990092798165717,-0.026210718727684153,-0.042266487233971015
65,0.8,0.0,0.1,0.0,1.0,0.0001,0.0,0.0,8.0,10.666666666666666,1.0,0.0001,10.0,262.0,0.0033792316648623144,7.935936641188791,0.30391881205876164,0.3982885087687385,0.7060189264205143,0.23285388302756205,0.4407897981126562,-0.1739124014695897,0.07967895394486174,0.25288827596568125,-0.008655641761271196,0.006320198847185808
66,0.9,0.0,0.1,0.0,1.0,0.0001,0.0,0.0,8.0,10.666666666666666,1.0,0.0001,10.0,262.0,0.004291280927801733,7.842622749603694,0.32420827139735475,0.6110617936681709,0.48552429580545364,0.2994313787710597,0.5165057666124232,-0.10911098150039726,0.14719605154007995,0.19228488910807726,-0.005814288250990458,-0.031082285093422177
67,1.0,0.0,0.1,0.0,1.0,0.0001,0.0,0.0,8.0,10.666666666666666,1.0,0.0001,10.0,232.0,0.005047821449858159,7.8611616502213915,0.3658073368429507,0.7369393693946565,0.3291890584372859,0.3732935758717852,0.5461479573716522,0.024188216529192327,0.23975151438979678,0.15546337212410433,0.041815956186470396,-0.03045392739910131
68,1.1,0.0,0.1,0.0,1.0,0.0001,0.0,0.0,8.0,10.666666666666666,1.0,0.0001,10.0,198.0,0.005532492964671176,7.824919756605663,0.38523512455940795,0.6836385337189459,0.38586862774735803,0.4169081974696826,0.5392736910550626,0.026383296439046442,-0.05957927765445906,-0.056131267524453965,-0.01682513451470992,0.03461067618974785
69,1.2,0.0,0.1,0.0,1.0,0.0001,0.0,0.0,8.0,10.666666666666666,1.0,0.0001,10.0,134.0,0.00575890474298113,7.955441112665232,0.40801636494424237,0.6079392228746022,0.4140364483192541,0.4088522062172526,0.5454506494684004,-0.2588295554455086,0.0972079721465116,0.0329521287395184,0.01812716637841334,-0.00894063152043434
70,1.3,0.0,0.1,0.0,1.0,0.0001,0.0,0.0,8.0,10.666666666666666,1.0,0.0001,10.0,66.0,0.005772897201094862,8.259942853818837,0.42636231169227085,0.6849393006475469,0.3413854389330154,0.4846123747003879,0.6093934998973323,0.060394295258512025,0.013657064675261144,0.012707162091151154,-0.012611514918290039,-0.002648988918255955
71,1.4,0.0,0.1,0.0,1.0,0.0001,0.0,0.0,8.0,10.666666666666666,1.0,0.0001,10.0,32.0,0.005609275562747262,8.671848550226729,0.40274849373591803,0.5721707078197997,0.4161484916028401,0.4395862026150054,0.5696175668289487,0.09870642307758323,-0.06421356284194904,0.0077741780538348945,-0.030425890524787745,-0.06015646635569369
72,1.5,0.0,0.1,0.0,1.0,0.0001,0.0,0.0,8.0,10.666666666666666,1.0,0.0001,10.0,14.0,0.0053468499241418055,9.151449142852965,0.3608680520211768,0.6086807622715281,0.4656166868346031,0.4621587598249802,0.43710241773024955,0.5448652554374814,0.08385476076170663,0.06581488050031069,-0.01858014875836051,-0.15986147894461103
73,0.4,0.0,0.1,0.0,1.0,0.0001,0.0,0.0,10.0,13.333333333333332,1.0,0.0001,10.0,276.0,0.0005071966929207083,7.6373558497468625,0.30469963918113435,0.44494327628675745,0.5962081236561148,0.26741297811293274,0.43728377950163194,0.11618903169573083,-0.03131343218605755,0.01425240723509816,7.557823288727683e-5,-0.00476306823131089
74,0.5,0.0,0.1,0.0,1.0,0.0001,0.0,0.0,10.0,13.333333333333332,1.0,0.0001,10.0,306.0,0.0009503600042725102,7.701843208951015,0.30100295739889543,0.46028817882216566,0.6130162572671689,0.27792162804352694,0.4573972325129985,-0.14389164747685024,-0.018138653078655528,-0.10173880898341799,0.014692547406273727,0.01236334632782004
75,0.6,0.0,0.1,0.0,1.0,0.0001,0.0,0.0,10.0,13.333333333333332,1.0,0.0001,10.0,260.0,0.0016020713502937767,7.943689028976285,0.3002600340891054,0.4528053814074546,0.6214619623144618,0.24379790035278884,0.43670705842217167,-0.022016447826909338,-0.028215716396174737,-0.04342567428693511,0.009264090370532259,-0.06267209828300946
76,0.7,0.0,0.1,0.0,1.0,0.0001,0.0,0.0,10.0,13.333333333333332,1.0,0.0001,10.0,290.0,0.00241781472340985,7.90957138637711,0.30310428877490864,0.4790946632870273,0.6219106968626751,0.2498146192990785,0.4760575116411111,0.08712946065417479,-0.03801963680621583,0.06847048729162919,-0.015266375383385995,-0.03803104795060182
77,0.8,0.0,0.1,0.0,1.0,0.0001,0.0,0.0,10.0,13.333333333333332,1.0,0.0001,10.0,262.0,0.0033269406787242994,7.929528042000875,0.30472835407220694,0.43415692974463016,0.6593059495942537,0.23745917856405085,0.4776557859911199,0.028523699463008718,0.026494749918903184,-0.11337776823307381,-0.009156261478986589,-0.01773182919390322
78,0.9,0.0,0.1,0.0,1.0,0.0001,0.0,0.0,10.0,13.333333333333332,1.0,0.0001,10.0,236.0,0.004152223560961454,7.953343593370046,0.30922687882012734,0.5494933462011429,0.5532808964185826,0.27234500801033396,0.4719791476282831,-0.0624205089335281,-0.059539387833882934,0.03494409373591972,0.034545237194078315,-0.0030647924010072805
79,1.0,0.0,0.1,0.0,1.0,0.0001,0.0,0.0,10.0,13.333333333333332,1.0,0.0001,10.0,221.0,0.004742882873935539,7.8868749153856434,0.34474193054880087,0.7028248077890118,0.3870981995567567,0.36561024398731934,0.5774630503538514,-0.10398591068049458,0.08963625054471967,0.018966682407987996,-0.003189447599547731,-0.051586761976495726
80,1.1,0.0,0.1,0.0,1.0,0.0001,0.0,0.0,10.0,13.333333333333332,1.0,0.0001,10.0,172.0,0.00505980146226559,7.897783788804541,0.41019088607322474,0.7417815846450277,0.29810931440014987,0.4424994998464894,0.613181044038471,-0.22152259159982068,0.001501874153575576,0.027524737441346883,-0.005500261774199791,0.026143150192997705
81,1.2,0.0,0.1,0.0,1.0,0.0001,0.0,0.0,10.0,13.333333333333332,1.0,0.0001,10.0,98.0,0.0051355940499338,8.044692058057288,0.39837212780122794,0.749211342788722,0.3024623668163584,0.42859792854474077,0.6525907201996206,0.1663618817997652,0.1475823051328106,0.029161287052319167,0.024925166906702483,-0.11511689591577083
82,1.3,0.0,0.1,0.0,1.0,0.0001,0.0,0.0,10.0,13.333333333333332,1.0,0.0001,10.0,46.0,0.0050200193650702385,8.392627947446414,0.4281834471797704,0.6833019958628599,0.35555671893907215,0.4667301229163697,0.49750278859129965,0.3837957977319731,-0.10745730596188521,-0.02686639169589491,0.024187808035490206,-0.006541530968171897
83,1.4,0.0,0.1,0.0,1.0,0.0001,0.0,0.0,10.0,13.333333333333332,1.0,0.0001,10.0,14.0,0.004781633740824853,9.111137489476928,0.31959123684411456,0.5765141470878646,0.45444539799422334,0.441599098144339,0.5055923528596543,-0.43133004337091757,0.0852055754758973,-0.11367414577442059,-0.0070653902996849665,-0.09188939721009809
84,1.5,0.0,0.1,0.0,1.0,0.0001,0.0,0.0,10.0,13.333333333333332,1.0,0.0001,10.0,8.0,0.004461096722717883,NaN,NaN,NaN,NaN,NaN,NaN,NaN,NaN,NaN,NaN,NaN
85,0.4,0.0,0.1,0.0,1.0,0.0001,0.0,0.0,12.0,16.0,1.0,0.0001,10.0,256.0,0.0005012242453502069,7.771096294072102,0.2998888806750642,0.4514252064893241,0.5779706181824938,0.2871407463251895,0.42521883576780445,-0.08023739484153308,-0.005649109392113947,-0.1021367850382579,-0.005467061130328208,0.003834004225633963
86,0.5,0.0,0.1,0.0,1.0,0.0001,0.0,0.0,12.0,16.0,1.0,0.0001,10.0,270.0,0.0009508668050009494,7.890070787829153,0.2875452350055046,0.4633469949378828,0.6013544826602688,0.25584222336322415,0.4316563819991456,0.07826917221528665,0.007814810491192373,0.03570499703247241,0.010013598119365346,-0.029708406874989064
87,0.6,0.0,0.1,0.0,1.0,0.0001,0.0,0.0,12.0,16.0,1.0,0.0001,10.0,266.0,0.0016028725643996156,7.971357847554429,0.2938580504583238,0.44525239931749927,0.6114507812548774,0.2563105575744662,0.44050199808433227,-0.01580619931220032,-0.08671786869059556,-0.19244224805485782,0.01231993470628609,0.02231687535135299
88,0.7,0.0,0.1,0.0,1.0,0.0001,0.0,0.0,12.0,16.0,1.0,0.0001,10.0,290.0,0.002411640229948553,7.978284838153939,0.29475880007624783,0.43220962001062396,0.6449454637118586,0.2412005644731184,0.4372797369934755,0.15051653590153624,0.019808882632602165,-0.27005849373249047,0.003983756730211282,0.004633526341077208
89,0.8,0.0,0.1,0.0,1.0,0.0001,0.0,0.0,12.0,16.0,1.0,0.0001,10.0,258.0,0.003283819977413338,7.95239217329338,0.3143735499498347,0.4052174811486147,0.6561282567692416,0.24617295373850215,0.4859451961983651,-0.02192470244726856,0.032325763381999856,0.07919161107287455,0.020137690593215917,-0.0075316545276757855
90,0.9,0.0,0.1,0.0,1.0,0.0001,0.0,0.0,12.0,16.0,1.0,0.0001,10.0,228.0,0.00402073205221154,7.996710247541081,0.3228629960665555,0.4901279801418521,0.6033673372610299,0.26412407790597664,0.48202073895116393,0.1794370481124293,-0.039047063982709136,0.2595818368774963,-0.014677271268641923,-0.05695461023032987
91,1.0,0.0,0.1,0.0,1.0,0.0001,0.0,0.0,12.0,16.0,1.0,0.0001,10.0,198.0,0.0044855309708188296,7.912469790972926,0.359602558174504,0.7612349711612462,0.3331231836006371,0.4060563717936152,0.6385763309837995,-0.19544495631365733,-0.20114777809807147,0.014828106389930831,0.02973688780257311,0.06081909819076849
92,1.1,0.0,0.1,0.0,1.0,0.0001,0.0,0.0,12.0,16.0,1.0,0.0001,10.0,152.0,0.004665639184089132,7.8845511374999955,0.4112388514129296,0.7119859645107729,0.32649556636836546,0.44813448201998723,0.6029007828339041,-0.02229443730151971,-0.02300364682638486,0.030182032804718668,-0.005087036640697356,-0.012925218456786212
93,1.2,0.0,0.1,0.0,1.0,0.0001,0.0,0.0,12.0,16.0,1.0,0.0001,10.0,72.0,0.004634066711091789,8.196650796891415,0.43362493898186,0.6720938663374495,0.32519917028443096,0.45041677004551556,0.5668692756174528,-0.08581799550106158,0.12388531633466886,-0.1859655204224901,0.032142009655973885,-0.058166016549490544
94,1.3,0.0,0.1,0.0,1.0,0.0001,0.0,0.0,12.0,16.0,1.0,0.0001,10.0,28.0,0.004444050755238571,8.610650767006042,0.39671864576496924,0.6540048585911368,0.4022891399152077,0.4954942903266291,0.5466323146680555,-0.47196136242118497,0.2071909777231824,0.24074078528301157,-0.0451454078157705,-0.10734655562170314
95,1.4,0.0,0.1,0.0,1.0,0.0001,0.0,0.0,12.0,16.0,1.0,0.0001,10.0,12.0,0.004168564050016199,9.112417951382563,0.43744563664402714,0.6858791375013281,0.32984264882418884,0.5261101285579401,0.5681957261372663,0.15667387591320975,-0.2385953447045435,0.16428915963667376,-0.3398499586209541,0.14644769198434163
96,1.5,0.0,0.1,0.0,1.0,0.0001,0.0,0.0,12.0,16.0,1.0,0.0001,10.0,NaN,NaN,NaN,NaN,NaN,NaN,NaN,NaN,NaN,NaN,NaN,NaN,NaN
97,0.4,0.0,0.1,0.0,1.0,0.0001,0.0,0.0,14.0,18.666666666666664,1.0,0.0001,10.0,260.0,0.0004969809191511798,7.845820711199106,0.3038688389325807,0.43106715166687226,0.6204866071597616,0.2678292384413946,0.4494211731629379,0.17570918782493028,0.024848115070193227,0.0049764587154210406,0.006646827060086752,-0.005110506390217319
98,0.5,0.0,0.1,0.0,1.0,0.0001,0.0,0.0,14.0,18.666666666666664,1.0,0.0001,10.0,272.0,0.0009516120000708228,7.920178590584486,0.30510448850426797,0.4485876597892585,0.5707791969219118,0.2860645566628252,0.4422979961730289,0.037992105484596375,0.010421723965055273,0.04147711469319474,0.010052837979341155,0.02144905748957313
99,0.6,0.0,0.1,0.0,1.0,0.0001,0.0,0.0,14.0,18.666666666666664,1.0,0.0001,10.0,260.0,0.0016112011302302776,8.023527040979612,0.27672245728451134,0.3640117150967592,0.7111810148970368,0.2196931435597459,0.44440447256948995,0.050153585616469695,-0.02549371693210472,-0.1188171675978109,-0.022312451246554815,0.03832496088432615
100,0.7,0.0,0.1,0.0,1.0,0.0001,0.0,0.0,14.0,18.666666666666664,1.0,0.0001,10.0,290.0,0.0024154245469144575,7.966001127398585,0.28777109219922437,0.33862859106096643,0.7410037059173548,0.19175491754985233,0.45330703153478646,-0.08259810162577388,0.07416110991439602,-0.3039242311710446,-0.03788746424408201,-0.01421620971109584
101,0.8,0.0,0.1,0.0,1.0,0.0001,0.0,0.0,14.0,18.666666666666664,1.0,0.0001,10.0,264.0,0.0032434252723770873,7.939764215384732,0.2978051436740824,0.43507528842344045,0.6538925302871003,0.25710134056449657,0.4795340939057026,0.08613226210875244,-0.03218664618271125,-0.01025234779984068,-0.02290932416463223,-0.030392660185849796
102,0.9,0.0,0.1,0.0,1.0,0.0001,0.0,0.0,14.0,18.666666666666664,1.0,0.0001,10.0,262.0,0.003877540264615509,7.858720974655973,0.33857936134657696,0.6476790745114807,0.44854130391972746,0.33645772302141536,0.520892693942173,-0.0325513958971841,-0.005334276567459902,-0.06257763338440804,0.0017580180695151997,0.01790098273108579
103,1.0,0.0,0.1,0.0,1.0,0.0001,0.0,0.0,14.0,18.666666666666664,1.0,0.0001,10.0,204.0,0.004244063142444854,7.875952694061318,0.3808519112667115,0.6733410060625304,0.3752865139102618,0.3949394552332974,0.5659289585078646,0.10088332657305385,-0.09446709763562462,0.054606996955772605,-0.019100348546994113,0.0788624242334767
104,1.1,0.0,0.1,0.0,1.0,0.0001,0.0,0.0,14.0,18.666666666666664,1.0,0.0001,10.0,126.0,0.004331952737699929,7.987482296616197,0.4049326100079974,0.692558495178523,0.3632952715324555,0.47248085320580174,0.5870008632236053,-0.1510080609115448,0.09864037650910992,-0.030237734753079455,-0.018373851344730383,-0.0738216206531182
105,1.2,0.0,0.1,0.0,1.0,0.0001,0.0,0.0,14.0,18.666666666666664,1.0,0.0001,10.0,62.0,0.0042150025824005954,8.27249316919706,0.4519659389763659,0.5773111896077923,0.40683728427942223,0.44263785699866093,0.48253272119569,-0.06617455056387657,-0.011037878900895342,0.06250855936439743,-0.03203233346997456,0.054369434889855114
106,1.3,0.0,0.1,0.0,1.0,0.0001,0.0,0.0,14.0,18.666666666666664,1.0,0.0001,10.0,26.0,0.003976370031283372,8.834022584514218,0.3535444174260497,0.8015546662945534,0.34680291261567137,0.3953247532345934,0.6631721693167988,0.05171887389514014,-0.09250881500524372,0.08813598285889791,0.008550042094388609,0.006661491832021804
107,1.4,0.0,0.1,0.0,1.0,0.0001,0.0,0.0,14.0,18.666666666666664,1.0,0.0001,10.0,4.0,0.003682060831422529,NaN,NaN,NaN,NaN,NaN,NaN,NaN,NaN,NaN,NaN,NaN
108,1.5,0.0,0.1,0.0,1.0,0.0001,0.0,0.0,14.0,18.666666666666664,1.0,0.0001,10.0,NaN,NaN,NaN,NaN,NaN,NaN,NaN,NaN,NaN,NaN,NaN,NaN,NaN
109,0.4,0.0,0.1,0.0,1.0,0.0001,0.0,0.0,16.0,21.333333333333332,1.0,0.0001,10.0,286.0,0.0004935589734272328,7.754869881622508,0.310945571134944,0.4379245708293111,0.6134441188538504,0.2573675421850375,0.4326633781648918,0.05918862119925233,-0.025278782476546358,-0.0798766699737605,-0.013395315107959428,-0.015227229271917206
110,0.5,0.0,0.1,0.0,1.0,0.0001,0.0,0.0,16.0,21.333333333333332,1.0,0.0001,10.0,260.0,0.0009560594892932262,8.002960368130148,0.30521555525146227,0.4377029755436329,0.6116673187374629,0.25378700407609045,0.42015086935896895,0.28442662546405745,0.03141222819709433,-0.02499595029875061,0.003979326173234237,-0.01578512095718092
111,0.6,0.0,0.1,0.0,1.0,0.0001,0.0,0.0,16.0,21.333333333333332,1.0,0.0001,10.0,262.0,0.0016197384545045823,8.07536508528211,0.3003319123109138,0.3372918441542765,0.7222262800900491,0.2088338516859572,0.4545338836450455,-0.10979825563521028,-0.005397080626569122,0.20629927680898405,-0.025379061193020587,-0.028920302424724417
112,0.7,0.0,0.1,0.0,1.0,0.0001,0.0,0.0,16.0,21.333333333333332,1.0,0.0001,10.0,306.0,0.0024146727016828295,7.974911936748459,0.2767790440888183,0.37183810783259225,0.7283916146467386,0.21211095375447755,0.4380294458261247,0.016564120440557852,0.02358177323173117,0.21526564572747528,0.005318750802405856,0.019606133313318588
113,0.8,0.0,0.1,0.0,1.0,0.0001,0.0,0.0,16.0,21.333333333333332,1.0,0.0001,10.0,254.0,0.003211730292040249,7.9812243701014705,0.28813770571286734,0.44252899847192756,0.6169937998832522,0.2537327733976149,0.458232079780275,0.21179396610934928,0.002067338809315715,0.03901836611774489,-0.026015225698103002,0.00555007472329927
114,0.9,0.0,0.1,0.0,1.0,0.0001,0.0,0.0,16.0,21.333333333333332,1.0,0.0001,10.0,230.0,0.0037812049826897454,7.874021634623836,0.3271043240729916,0.6869096060430864,0.4081453495807728,0.3298070091820014,0.5735036675080046,0.147647385415722,-0.1170726664168902,-0.17759937602591602,0.017105368505018797,0.04429947788284667
115,1.0,0.0,0.1,0.0,1.0,0.0001,0.0,0.0,16.0,21.333333333333332,1.0,0.0001,10.0,180.0,0.0040436962081364936,7.9106887684284075,0.3567087215966875,0.7922043158952574,0.29041028000760716,0.3918652259656932,0.6591553766706935,0.09060880470421803,0.10645036831129313,0.04490509872997295,0.03496644348527891,-0.015011089915839129
116,1.1,0.0,0.1,0.0,1.0,0.0001,0.0,0.0,16.0,21.333333333333332,1.0,0.0001,10.0,104.0,0.004045983014949517,8.043606561852844,0.421968484262923,0.6672063591951095,0.36490929411628403,0.43905722701195704,0.5576684969779678,0.05257792328896355,-0.11904654968007061,0.07142151229838782,0.013190245258168852,0.06498721385398663
117,1.2,0.0,0.1,0.0,1.0,0.0001,0.0,0.0,16.0,21.333333333333332,1.0,0.0001,10.0,36.0,0.003877122808841893,8.555472738046499,0.41088277248894567,0.6291781188852185,0.43187290989283544,0.45302521650521066,0.6371698199462962,0.18789405257680664,-0.1446109478547639,0.15964852651463593,-0.106572872546808,0.05908582670206671
118,1.3,0.0,0.1,0.0,1.0,0.0001,0.0,0.0,16.0,21.333333333333332,1.0,0.0001,10.0,12.0,0.0036023836164964518,NaN,NaN,NaN,NaN,NaN,NaN,NaN,NaN,NaN,NaN,NaN
119,1.4,0.0,0.1,0.0,1.0,0.0001,0.0,0.0,16.0,21.333333333333332,1.0,0.0001,10.0,8.0,0.003311055994881018,NaN,NaN,NaN,NaN,NaN,NaN,NaN,NaN,NaN,NaN,NaN
120,1.5,0.0,0.1,0.0,1.0,0.0001,0.0,0.0,16.0,21.333333333333332,1.0,0.0001,10.0,NaN,NaN,NaN,NaN,NaN,NaN,NaN,NaN,NaN,NaN,NaN,NaN,NaN
121,0.4,0.0,0.1,0.0,1.0,0.0001,0.0,0.0,18.0,24.0,1.0,0.0001,10.0,286.0,0.0004926104193164194,7.794580825966783,0.291047203990646,0.44294873733812234,0.6100841140694371,0.27044655467707934,0.4053141898029204,0.02041874520119163,0.055758074182462584,0.0666642868353645,0.007301815125930457,-0.014540095062129619
122,0.5,0.0,0.1,0.0,1.0,0.0001,0.0,0.0,18.0,24.0,1.0,0.0001,10.0,286.0,0.00095879234633095,7.96361855295346,0.2677652161064067,0.3752363697910911,0.6890379769213639,0.2362581200069365,0.4281549215545277,-0.048192094099113486,0.016440047859450958,-0.004609096045968396,0.017230817858006557,-0.0187253344940393
123,0.6,0.0,0.1,0.0,1.0,0.0001,0.0,0.0,18.0,24.0,1.0,0.0001,10.0,266.0,0.001631484634507685,8.100035487490645,0.2866910722785494,0.3689783858808346,0.6998702017559458,0.21358890101728273,0.4067958838399769,0.1164780582975502,0.010651748427739275,0.007389077101812644,0.04632950255552691,-0.010762015872010179
124,0.7,0.0,0.1,0.0,1.0,0.0001,0.0,0.0,18.0,24.0,1.0,0.0001,10.0,274.0,0.0024297573260676497,8.032980807496585,0.27968771696543626,0.3681018659653376,0.7137218124191806,0.21475212167997357,0.44128459401439196,-0.08764890189306318,0.008418098528235433,0.06349011876643025,-0.024734534485382542,-0.026509702248946873
125,0.8,0.0,0.1,0.0,1.0,0.0001,0.0,0.0,18.0,24.0,1.0,0.0001,10.0,270.0,0.003173924120119409,7.971778550513753,0.30065348662737296,0.5500884652823246,0.5485868033655082,0.2726674163212243,0.47836453879250074,0.04786997310318683,-0.04291661073066684,-0.013908806829066893,-0.007527659742019244,-0.06648931421655005
126,0.9,0.0,0.1,0.0,1.0,0.0001,0.0,0.0,18.0,24.0,1.0,0.0001,10.0,244.0,0.0036656328687845185,7.8324154513012045,0.3413060502224711,0.6238359855248231,0.47969526166404247,0.34888492958201256,0.5164253981002008,0.2200205855894234,-0.0944857430621067,0.12364203663139274,-0.014157071326484624,0.08250280599723071
127,1.0,0.0,0.1,0.0,1.0,0.0001,0.0,0.0,18.0,24.0,1.0,0.0001,10.0,188.0,0.0038444433899907926,7.851332377412301,0.4046228822941441,0.6824869302054565,0.37657954146169853,0.4356398198868124,0.5794785308462169,-0.06048329421108985,-0.11116186916037009,0.001670236271213286,-0.014910421853651162,0.027532075187111052
128,1.1,0.0,0.1,0.0,1.0,0.0001,0.0,0.0,18.0,24.0,1.0,0.0001,10.0,90.0,0.003792714278862297,8.154622149903377,0.4402280757003718,0.7159058339122039,0.3619585985590058,0.5048834953977734,0.5906510829141153,-0.1781893562837127,0.02420551877580409,-0.04531094676909222,0.046689401603116534,-0.08330529161410422
129,1.2,0.0,0.1,0.0,1.0,0.0001,0.0,0.0,18.0,24.0,1.0,0.0001,10.0,30.0,0.0035816513482727075,8.641167335874885,0.43185784952640643,0.5723085403347952,0.37399800523082743,0.4235623891164514,0.54503147922961,0.27818355936342365,0.012217096899516553,-0.04544185844821621,-0.03867071081020515,-0.07329723555558001
130,1.3,0.0,0.1,0.0,1.0,0.0001,0.0,0.0,18.0,24.0,1.0,0.0001,10.0,6.0,0.0032933134981385503,NaN,NaN,NaN,NaN,NaN,NaN,NaN,NaN,NaN,NaN,NaN
131,1.4,0.0,0.1,0.0,1.0,0.0001,0.0,0.0,18.0,24.0,1.0,0.0001,10.0,0.0,2.540754657776034e-7,NaN,NaN,NaN,NaN,NaN,NaN,NaN,NaN,NaN,NaN,NaN
132,1.5,0.0,0.1,0.0,1.0,0.0001,0.0,0.0,18.0,24.0,1.0,0.0001,10.0,NaN,NaN,NaN,NaN,NaN,NaN,NaN,NaN,NaN,NaN,NaN,NaN,NaN
133,0.4,0.0,0.1,0.0,1.0,0.0001,0.0,0.0,20.0,26.666666666666664,1.0,0.0001,10.0,286.0,0.0004931333605742161,7.900026198265472,0.30802609259291736,0.4450775376817649,0.6176739826927471,0.27025903018717307,0.4507868866173087,0.0004390847325022227,0.049821413692856274,-0.06860974323620792,-0.029908147886206323,0.017153592510212253
134,0.5,0.0,0.1,0.0,1.0,0.0001,0.0,0.0,20.0,26.666666666666664,1.0,0.0001,10.0,256.0,0.0009677246707955334,8.05387785029192,0.31012482868454583,0.42843919748382275,0.6241780305133074,0.22578349353814398,0.4399736917131646,0.04546827111687432,-0.047247860544687055,0.0034322947072028777,-0.004715400623191765,0.04535726384094646
135,0.6,0.0,0.1,0.0,1.0,0.0001,0.0,0.0,20.0,26.666666666666664,1.0,0.0001,10.0,278.0,0.0016421584531891575,8.106629170910496,0.2815765741069852,0.42155654743249915,0.6416379340426409,0.2551357023937451,0.41543785927262383,0.07676144852496357,-0.03945355159184141,0.08940637638794446,0.015836237066136672,0.04845530904583151
136,0.7,0.0,0.1,0.0,1.0,0.0001,0.0,0.0,20.0,26.666666666666664,1.0,0.0001,10.0,292.0,0.0024325782740571844,8.05448343359316,0.29150232313788355,0.3344298114850357,0.7431025980288927,0.19213309395811712,0.4552282718308256,0.18175398759044592,0.04888314465657681,0.09505981977768861,0.010842125583987167,0.08274870500973702
137,0.8,0.0,0.1,0.0,1.0,0.0001,0.0,0.0,20.0,26.666666666666664,1.0,0.0001,10.0,260.0,0.0031477590904375186,7.9478250182446635,0.31118445711360165,0.4002295488402623,0.6886147678906517,0.2351698494871162,0.4874051126116605,0.28576010764197046,0.0128620306081827,-0.22560293555511488,0.010956835951495932,-0.0007885328138919507
138,0.9,0.0,0.1,0.0,1.0,0.0001,0.0,0.0,20.0,26.666666666666664,1.0,0.0001,10.0,220.0,0.0035783058920672017,7.865158945345458,0.37563233600388113,0.6438574238483111,0.3889506636112661,0.360213757089176,0.5491163442487438,-0.018435140272116058,-0.047863382404040554,0.03665095362025047,-0.0177639972211542,0.04546865438279377
139,1.0,0.0,0.1,0.0,1.0,0.0001,0.0,0.0,20.0,26.666666666666664,1.0,0.0001,10.0,166.0,0.0036815736888569095,7.891581780131528,0.40848591569354825,0.6815150001969176,0.3406287152499547,0.4202303838861767,0.5803230632802698,0.027229161553222397,0.08832315847556708,0.020716583555652746,0.026904258988942012,-0.0449273750531461
140,1.1,0.0,0.1,0.0,1.0,0.0001,0.0,0.0,20.0,26.666666666666664,1.0,0.0001,10.0,72.0,0.0035715734451411407,8.276562003870003,0.4553077265801557,0.7169461425746323,0.33227613390456506,0.48299475408728465,0.5554321268975052,0.12386206520397319,0.07842524402086457,0.015898638173251975,-0.031048424013514635,0.027611875537500156
141,1.2,0.0,0.1,0.0,1.0,0.0001,0.0,0.0,20.0,26.666666666666664,1.0,0.0001,10.0,26.0,0.0033252583011635917,8.677148126980889,0.4074840369959181,0.6405921480360509,0.38922043100086884,0.44916713691530114,0.5276776914180848,-0.16558899144757255,0.04756406040525805,0.18397341591503635,0.03278731345996346,-0.055808746075757316
142,1.3,0.0,0.1,0.0,1.0,0.0001,0.0,0.0,20.0,26.666666666666664,1.0,0.0001,10.0,8.0,0.003034584900979853,NaN,NaN,NaN,NaN,NaN,NaN,NaN,NaN,NaN,NaN,NaN
143,1.4,0.0,0.1,0.0,1.0,0.0001,0.0,0.0,20.0,26.666666666666664,1.0,0.0001,10.0,0.0,3.774758283725532e-15,NaN,NaN,NaN,NaN,NaN,NaN,NaN,NaN,NaN,NaN,NaN
144,1.5,0.0,0.1,0.0,1.0,0.0001,0.0,0.0,20.0,26.666666666666664,1.0,0.0001,10.0,NaN,NaN,NaN,NaN,NaN,NaN,NaN,NaN,NaN,NaN,NaN,NaN,NaN
145,0.4,0.0,0.1,0.0,1.0,0.0001,0.0,0.0,22.0,29.333333333333332,1.0,0.0001,10.0,276.0,0.0004941339313351278,7.902863805847838,0.30361274246359604,0.46704094177488564,0.5664286562358041,0.27945593907521743,0.41932765700875557,-0.08262302060282165,-0.0007934384455965073,0.13993384650923238,0.011924826624428796,-0.004608537147821661
146,0.5,0.0,0.1,0.0,1.0,0.0001,0.0,0.0,22.0,29.333333333333332,1.0,0.0001,10.0,272.0,0.0009733872800428145,8.120753759765126,0.2844168860519404,0.36030521240033425,0.6767284666987892,0.24862032167206988,0.4080184923762665,-0.038985812098394294,0.025577432338467206,0.02370926260768719,-0.00718366170805448,0.0053793319846055085
147,0.6,0.0,0.1,0.0,1.0,0.0001,0.0,0.0,22.0,29.333333333333332,1.0,0.0001,10.0,282.0,0.0016559786710648172,8.138159380598974,0.2863924766375296,0.3665244633671297,0.7011163731921211,0.22071681324577336,0.4218747135011232,0.06022947498789104,0.0015387566084405213,-0.038998292200823806,0.0070229447448151945,-0.0331384322286175
148,0.7,0.0,0.1,0.0,1.0,0.0001,0.0,0.0,22.0,29.333333333333332,1.0,0.0001,10.0,296.0,0.0024398513722861948,7.9987317473306385,0.2738724060380372,0.3577498461086,0.7516022484328855,0.20371359378308512,0.42625375420441625,0.1702551241945616,-0.001183764438289434,-0.24541762651404944,-0.012497803504769995,0.014378520731501546
149,0.8,0.0,0.1,0.0,1.0,0.0001,0.0,0.0,22.0,29.333333333333332,1.0,0.0001,10.0,240.0,0.0031270324862167076,8.049255824606998,0.3245617244886565,0.4852361358046976,0.5901639464947545,0.2649369174247209,0.4539997356802584,0.044229953929316106,0.007349962122299935,0.09473243251989748,-0.015093514937295572,0.037516482096407594
150,0.9,0.0,0.1,0.0,1.0,0.0001,0.0,0.0,22.0,29.333333333333332,1.0,0.0001,10.0,240.0,0.003475758930710615,7.863459769397185,0.38345946673030806,0.6492024581234727,0.411560025570226,0.4000260513042398,0.5410617125586408,-0.05627614190056601,0.013687627895259201,-0.027896027283674123,-0.0021698778451520067,0.004678075744825386
151,1.0,0.0,0.1,0.0,1.0,0.0001,0.0,0.0,22.0,29.333333333333332,1.0,0.0001,10.0,146.0,0.0035316425919834638,7.948996183726068,0.41034937083882883,0.7054417152284086,0.3377498294501699,0.45658678428623345,0.5846093880563927,-0.1019717345791231,0.0065498620412045684,-0.019769584837335926,0.03100640132696271,-0.06819397309047695
152,1.1,0.0,0.1,0.0,1.0,0.0001,0.0,0.0,22.0,29.333333333333332,1.0,0.0001,10.0,58.0,0.003376639394857328,8.330222982953254,0.45606979799366243,0.7109634463189375,0.30234204486150423,0.46630984521730956,0.5524951717388468,-0.30664986665384175,0.15023749925842927,-0.004233232504024182,-0.008658767483485715,-0.03245389229834594
153,1.2,0.0,0.1,0.0,1.0,0.0001,0.0,0.0,22.0,29.333333333333332,1.0,0.0001,10.0,20.0,0.0031078418796173235,8.9865249986742,0.379608196682431,0.5851532021766429,0.39277176426666105,0.4061716530382069,0.46593080149927146,0.35810290227887476,0.06690690992510023,0.005508989621554119,-0.0999636040159121,-0.05946405638194306
154,1.3,0.0,0.1,0.0,1.0,0.0001,0.0,0.0,22.0,29.333333333333332,1.0,0.0001,10.0,6.0,0.0028131875260126726,NaN,NaN,NaN,NaN,NaN,NaN,NaN,NaN,NaN,NaN,NaN
155,1.4,0.0,0.1,0.0,1.0,0.0001,0.0,0.0,22.0,29.333333333333332,1.0,0.0001,10.0,NaN,NaN,NaN,NaN,NaN,NaN,NaN,NaN,NaN,NaN,NaN,NaN,NaN
156,1.5,0.0,0.1,0.0,1.0,0.0001,0.0,0.0,22.0,29.333333333333332,1.0,0.0001,10.0,NaN,NaN,NaN,NaN,NaN,NaN,NaN,NaN,NaN,NaN,NaN,NaN,NaN
157,0.4,0.0,0.1,0.0,1.0,0.0001,0.0,0.0,24.0,32.0,1.0,0.0001,10.0,230.0,0.0004982568265548548,8.130989882388485,0.2902000963513252,0.3553154771674725,0.6817126450808401,0.2548414925530466,0.4145902245057052,0.06433802815749623,0.005750913974228328,0.2703177102051919,-0.015496686288062287,-0.016376915136636628
158,0.5,0.0,0.1,0.0,1.0,0.0001,0.0,0.0,24.0,32.0,1.0,0.0001,10.0,298.0,0.0009773805766036814,8.015410104602823,0.2905191554182206,0.3733324861779256,0.6898584132557972,0.2256642037427407,0.4151881902358693,-0.23472223701599446,0.010423563157053404,0.21868761498559788,0.014415300589875201,-0.07172215608648858
159,0.6,0.0,0.1,0.0,1.0,0.0001,0.0,0.0,24.0,32.0,1.0,0.0001,10.0,282.0,0.0016723451013240798,8.13243716275539,0.2630450788139858,0.34379819452492855,0.7342809727257263,0.2111256415093606,0.41032361294573444,0.01611091475488074,0.04490651623901596,0.13924023459327894,-0.017497008033998913,-0.03637934084466944
160,0.7,0.0,0.1,0.0,1.0,0.0001,0.0,0.0,24.0,32.0,1.0,0.0001,10.0,278.0,0.002457682377203896,8.106545009686103,0.2885355693465103,0.3238495532167316,0.7484151980058059,0.20048024164516662,0.4411019093782739,-0.11032392350346555,0.022582562532472764,0.3363083821816524,-0.013998347724666895,-0.007743294160504375
161,0.8,0.0,0.1,0.0,1.0,0.0001,0.0,0.0,24.0,32.0,1.0,0.0001,10.0,286.0,0.0030829534525849134,7.903903409677705,0.3207621993935017,0.4972294383826842,0.5995348242374225,0.24901186689039725,0.4647667668081044,0.02059645704056286,0.08954812412971147,-0.05996281355261287,-0.034105228131195216,0.0032136127806651703
162,0.9,0.0,0.1,0.0,1.0,0.0001,0.0,0.0,24.0,32.0,1.0,0.0001,10.0,228.0,0.0033903618628639,7.829271116578913,0.3643129466640797,0.7228614661535433,0.3415853427113892,0.3853286971288651,0.5882956363174461,-0.1771196888224975,0.17001610328196703,-0.020586530890319484,0.003017374437788239,-0.11387672632374671
163,1.0,0.0,0.1,0.0,1.0,0.0001,0.0,0.0,24.0,32.0,1.0,0.0001,10.0,128.0,0.0033939910208873325,7.983148201097827,0.43868350509247006,0.6961837657660447,0.34554172502867975,0.45287566135725266,0.5698098504230454,0.3191086442392302,-0.003874188188482476,-0.01578052410481993,-0.01143493871488061,0.017888090182910932
164,1.1,0.0,0.1,0.0,1.0,0.0001,0.0,0.0,24.0,32.0,1.0,0.0001,10.0,52.0,0.0031965405273830516,8.352074299920053,0.4928307034152869,0.5801749380837217,0.40313324219508656,0.4782937168203509,0.5616612569037895,0.297541654081107,-0.12394172470059198,0.016416517341198283,-0.05794794606485639,0.05913854421482675
165,1.2,0.0,0.1,0.0,1.0,0.0001,0.0,0.0,24.0,32.0,1.0,0.0001,10.0,12.0,0.0029054977472899868,9.029173664483649,0.5005638238931968,0.4093942900331702,0.39212238392826737,0.4036371292549612,0.33589029419540256,-0.6522458018605984,-0.21232594321779827,0.13287699143684228,-0.13455446712895616,-0.19093514931471975
166,1.3,0.0,0.1,0.0,1.0,0.0001,0.0,0.0,24.0,32.0,1.0,0.0001,10.0,6.0,0.0026169942769507237,NaN,NaN,NaN,NaN,NaN,NaN,NaN,NaN,NaN,NaN,NaN
167,1.4,0.0,0.1,0.0,1.0,0.0001,0.0,0.0,24.0,32.0,1.0,0.0001,10.0,NaN,NaN,NaN,NaN,NaN,NaN,NaN,NaN,NaN,NaN,NaN,NaN,NaN
168,1.5,0.0,0.1,0.0,1.0,0.0001,0.0,0.0,24.0,32.0,1.0,0.0001,10.0,NaN,NaN,NaN,NaN,NaN,NaN,NaN,NaN,NaN,NaN,NaN,NaN,NaN
169,0.4,0.0,0.1,0.0,1.0,0.0001,0.0,0.0,0.0,1.3333333333333333,1.0,0.0001,2.0,282.0,0.004924969635405563,5.4109577532006945,0.29827961632360733,0.4371388069778872,0.6192475084601605,0.2681186116362496,0.43170610675423765,0.01639384801713795,-0.030007908384344178,0.044954505919090434,-0.007680577961135646,0.011632001295344587
170,0.5,0.0,0.1,0.0,1.0,0.0001,0.0,0.0,0.0,1.3333333333333333,1.0,0.0001,2.0,274.0,0.007195030595412155,6.085154501074842,0.30608498046762705,0.4991604334254163,0.5603386291036054,0.2647794104938228,0.4314836941416743,0.12286751669282331,0.015603551155159857,0.011429482597741666,-0.025774205727307396,0.03258500926790081
171,0.6,0.0,0.1,0.0,1.0,0.0001,0.0,0.0,0.0,1.3333333333333333,1.0,0.0001,2.0,262.0,0.009908681971122157,6.608072656691701,0.3083302659297452,0.4869817678451436,0.5913042959573739,0.2694941980921038,0.4576173841150375,0.05131424390234139,-0.009142952909533817,-0.23054223065405308,-0.012869813360251493,0.018840407676466008
172,0.7,0.0,0.1,0.0,1.0,0.0001,0.0,0.0,0.0,1.3333333333333333,1.0,0.0001,2.0,258.0,0.012870499462602214,6.924728783127007,0.3349987499012806,0.5431455908616762,0.5423675390707858,0.28846328331385507,0.5451420692491553,0.14260100217576008,0.04716267007043399,-0.05215165182694158,0.02599598860444546,-0.005769456172062452
173,0.8,0.0,0.1,0.0,1.0,0.0001,0.0,0.0,0.0,1.3333333333333333,1.0,0.0001,2.0,232.0,0.0158249952496895,7.174211884206365,0.36759633285919113,0.5818226192028236,0.4705294540682734,0.3361569056385736,0.5180860641844913,0.08369583959262719,-0.06300234729228468,-0.1766976157504793,0.010133873991249914,0.02439521707230327
174,0.9,0.0,0.1,0.0,1.0,0.0001,0.0,0.0,0.0,1.3333333333333333,1.0,0.0001,2.0,206.0,0.018460728360440326,7.34975714713938,0.39021666465305516,0.723764367059201,0.3093321181715492,0.4058933218310879,0.5984426730507035,0.2615735488911194,-0.09153829764957856,0.003920839111347451,-0.005742870396003783,0.17884773033942333
175,1.0,0.0,0.1,0.0,1.0,0.0001,0.0,0.0,0.0,1.3333333333333333,1.0,0.0001,2.0,172.0,0.020586950142569505,7.478012659563096,0.3739767348113452,0.7921816653550918,0.26843891125640124,0.4250806480294785,0.6607461892719781,0.08787412218786472,-0.044381800678446076,0.016070504514485516,-0.03940225301392152,-0.05468666671119262
176,1.1,0.0,0.1,0.0,1.0,0.0001,0.0,0.0,0.0,1.3333333333333333,1.0,0.0001,2.0,118.0,0.022135660451982675,7.7428581186585985,0.43852030896682165,0.6716298262355156,0.3450309098482834,0.47597220502043264,0.5502598315633146,0.01820037385552347,0.012853603550613843,-0.0607386728546626,-0.0015759647922322518,-0.018646474228140628
177,1.2,0.0,0.1,0.0,1.0,0.0001,0.0,0.0,0.0,1.3333333333333333,1.0,0.0001,2.0,66.0,0.02312479025580183,8.200189488131802,0.45034754544984407,0.6593922798081335,0.37977489202927,0.46625592826127055,0.5713927588669845,0.11254138012902518,0.03972428307257192,-0.1602906384131843,0.033406745714986884,-0.03164820259034845
178,1.3,0.0,0.1,0.0,1.0,0.0001,0.0,0.0,0.0,1.3333333333333333,1.0,0.0001,2.0,32.0,0.023542180009547886,8.419608024421477,0.4847353160539513,0.5539422872851917,0.45272462286510184,0.4916407930879825,0.5850216616311592,-0.24874190620036013,0.0940629141890616,0.03866470996407362,0.0021286709450393454,0.06836017638219176
179,1.4,0.0,0.1,0.0,1.0,0.0001,0.0,0.0,0.0,1.3333333333333333,1.0,0.0001,2.0,14.0,0.023494657940789088,8.849840698236445,0.4954779861086006,0.621782898418657,0.3967653327522462,0.533650919110357,0.5703711151850788,-0.8234550145505996,0.23706017592529297,0.2031418280732474,-0.15397277129775305,-0.09708683966795276
180,1.5,0.0,0.1,0.0,1.0,0.0001,0.0,0.0,0.0,1.3333333333333333,1.0,0.0001,2.0,8.0,0.0231263279959526,NaN,NaN,NaN,NaN,NaN,NaN,NaN,NaN,NaN,NaN,NaN
181,0.4,0.0,0.1,0.0,1.0,0.0001,0.0,0.0,1.0,1.3333333333333333,1.0,0.0001,2.0,278.0,0.004990932151418326,5.499116635870623,0.31469623676779374,0.4757098023716242,0.5753722188194591,0.26306559137678653,0.45114586689066505,-0.14528952211069537,-0.008413556230109483,0.05032430676824849,0.00833306435586483,-0.00891301108547517
182,0.5,0.0,0.1,0.0,1.0,0.0001,0.0,0.0,1.0,1.3333333333333333,1.0,0.0001,2.0,292.0,0.00749882912213784,6.208700676332949,0.31078885701926795,0.3751413690578213,0.7015072827435949,0.21278816406610365,0.44599241790501976,0.09982437384261841,-0.010939316241524841,-0.12184180144185218,0.011238860659402687,-0.05596340842286631
183,0.6,0.0,0.1,0.0,1.0,0.0001,0.0,0.0,1.0,1.3333333333333333,1.0,0.0001,2.0,288.0,0.010769727977789967,6.849403340989967,0.2853595778357855,0.3752417063518714,0.7032895830691319,0.21708460221363435,0.4463034434522729,-0.135211100791248,-0.03948974362023791,-0.2016691404269116,-0.005550970138176299,0.006621773040824647
184,0.7,0.0,0.1,0.0,1.0,0.0001,0.0,0.0,1.0,1.3333333333333333,1.0,0.0001,2.0,288.0,0.014771324167926259,7.2456904130808715,0.2871204660932121,0.37701286797992545,0.704978407424163,0.21180966694555642,0.4565812947812559,0.06905271079838755,0.029202985912165216,0.10873295826997582,0.031212948387425943,0.041966202519316355
185,0.8,0.0,0.1,0.0,1.0,0.0001,0.0,0.0,1.0,1.3333333333333333,1.0,0.0001,2.0,252.0,0.01939846793152933,7.663474064228982,0.293623751184456,0.4499240654661038,0.6483605317604858,0.23663195664384817,0.44761668665691706,0.02052482926788352,0.04923846351851526,0.2672378272670577,-0.010329233196701265,-0.003920411271539916
186,0.9,0.0,0.1,0.0,1.0,0.0001,0.0,0.0,1.0,1.3333333333333333,1.0,0.0001,2.0,260.0,0.02414834879448946,7.803091352947169,0.3277812984117561,0.4129517431207198,0.6378054826554868,0.2569523594996667,0.5126605357041777,0.03453372510253075,0.04091039601646968,0.14070816125393212,-0.000340973658874389,0.0597529291246287
187,1.0,0.0,0.1,0.0,1.0,0.0001,0.0,0.0,1.0,1.3333333333333333,1.0,0.0001,2.0,232.0,0.02862240195771182,8.010358180417674,0.3240348189257354,0.41389319941255137,0.6531956990508374,0.2435869692039957,0.5065692523248285,-0.12220735083364007,-0.06108418886042638,-0.3204985240735388,-0.027802270416909487,-0.0617194800765444
188,1.1,0.0,0.1,0.0,1.0,0.0001,0.0,0.0,1.0,1.3333333333333333,1.0,0.0001,2.0,232.0,0.032215554269431346,7.970706895136667,0.37952317415877346,0.7028739743406154,0.3611808885287232,0.385311837619788,0.5882633947790293,0.04177306612879766,0.13420934005992408,-0.04991324449550195,0.007015150949569723,-0.11828954714383345
189,1.2,0.0,0.1,0.0,1.0,0.0001,0.0,0.0,1.0,1.3333333333333333,1.0,0.0001,2.0,204.0,0.03479771079836058,8.054464150920866,0.3613440786605078,0.7240143963533419,0.3587542530097529,0.37808810772548,0.6116379998883261,-0.0012496141365664756,0.10386040826222794,-0.08212560541213564,-0.017018157166499126,-0.020144887198125856
190,1.3,0.0,0.1,0.0,1.0,0.0001,0.0,0.0,1.0,1.3333333333333333,1.0,0.0001,2.0,148.0,0.036292345426485184,8.144306685288813,0.41105863111633073,0.6920132451206775,0.30919017882566496,0.3897014303817964,0.5747286072596041,-0.05367850357402518,0.14628238924349168,0.0986032441049678,0.021062486397548888,-0.1275766038220465
191,1.4,0.0,0.1,0.0,1.0,0.0001,0.0,0.0,1.0,1.3333333333333333,1.0,0.0001,2.0,88.0,0.036843765465536915,8.384127997943795,0.43264279844239345,0.6521271064295029,0.3529196384971153,0.4235757896578267,0.5524875362101439,0.5228729906154034,-0.04726888476662516,-0.028768795000080404,-0.03227853717103552,0.0004364031417942673
192,1.5,0.0,0.1,0.0,1.0,0.0001,0.0,0.0,1.0,1.3333333333333333,1.0,0.0001,2.0,42.0,0.03652060235901122,8.751747762098438,0.5563441691433895,0.6265093214917165,0.31687720031181027,0.5506337930531844,0.5245996497812097,0.6411202347822256,-0.0028824099429910197,0.06243857703304715,-0.029038301794705124,0.04864319847806371
193,0.4,0.0,0.1,0.0,1.0,0.0001,0.0,0.0,2.0,2.6666666666666665,1.0,0.0001,2.0,262.0,0.0036009297884085356,6.591796813857456,0.3219490802475814,0.5080617893332819,0.5299099459451619,0.28223525601994215,0.4299479150707417,-0.0047744861283982,-0.02288639982872951,0.06783032368879136,0.01374906905558652,0.026587961960899492
194,0.5,0.0,0.1,0.0,1.0,0.0001,0.0,0.0,2.0,2.6666666666666665,1.0,0.0001,2.0,272.0,0.005901777812732101,7.113419180192001,0.3173180980044211,0.4497558694608974,0.6027578238678574,0.2598497185064783,0.46079822056587805,-0.02803814765275439,0.08472436901460718,0.1105703212989657,-0.017032532571774357,-0.033020555019779206
195,0.6,0.0,0.1,0.0,1.0,0.0001,0.0,0.0,2.0,2.6666666666666665,1.0,0.0001,2.0,234.0,0.00904071341247148,7.681373331893351,0.28800586685041935,0.33119342040016014,0.7334824500143086,0.20967270449846603,0.40486206976316413,-0.17870151991549463,0.0007185616765401107,-0.020064386856098113,-0.01727161361063352,-0.017710761182876362
196,0.7,0.0,0.1,0.0,1.0,0.0001,0.0,0.0,2.0,2.6666666666666665,1.0,0.0001,2.0,292.0,0.012768986499719581,7.796808808897818,0.29947264550250624,0.38497304183460956,0.7026082826095698,0.22525569464437287,0.46866940248827094,0.12299533415598778,-0.030378183979752872,-0.05926762588940465,0.01586173016271079,-0.01527751435293795
197,0.8,0.0,0.1,0.0,1.0,0.0001,0.0,0.0,2.0,2.6666666666666665,1.0,0.0001,2.0,240.0,0.016860636755805847,8.093528901464225,0.29113735376248034,0.3341758163956123,0.760827201341708,0.19365148293782308,0.46796703753706276,0.0031836005685730714,0.018358506192692373,0.12394840052239732,-0.013608104818641548,0.11635331854326117
198,0.9,0.0,0.1,0.0,1.0,0.0001,0.0,0.0,2.0,2.6666666666666665,1.0,0.0001,2.0,234.0,0.020476034793605713,8.11726859558363,0.3183946691856271,0.553258501854036,0.5278067958228404,0.2830995543792376,0.4887622909431165,-0.09123667611519692,0.05579023401533016,0.053838039430769265,0.022972605273953742,-0.03332511067575323
199,1.0,0.0,0.1,0.0,1.0,0.0001,0.0,0.0,2.0,2.6666666666666665,1.0,0.0001,2.0,220.0,0.023081198415425663,8.038802638142624,0.39668347737574444,0.7018419742867705,0.3497478353340137,0.38870511572608957,0.5485205172031506,-0.18447443209701336,-0.047220960843434155,0.1415083162798133,-0.033304672557128455,0.06318632647053356
200,1.1,0.0,0.1,0.0,1.0,0.0001,0.0,0.0,2.0,2.6666666666666665,1.0,0.0001,2.0,176.0,0.024500582256828718,8.116414156761289,0.39708375092341447,0.7839720100892628,0.2613070883810041,0.42930640395636993,0.6382284028142675,0.14999977385126323,-0.17517774976785377,0.009784340171715757,0.05582607441877017,0.04451458102092984
201,1.2,0.0,0.1,0.0,1.0,0.0001,0.0,0.0,2.0,2.6666666666666665,1.0,0.0001,2.0,106.0,0.024861350998576448,8.29435590974253,0.39665437258698527,0.7193800613340894,0.34219041213304857,0.42489587130695555,0.6042802233958894,0.133184006607657,-0.10425157557550747,0.05599822645078703,0.007752936379549613,0.08887880313443441
202,1.3,0.0,0.1,0.0,1.0,0.0001,0.0,0.0,2.0,2.6666666666666665,1.0,0.0001,2.0,50.0,0.02437144078228637,8.6090156820268,0.44814088817529224,0.6709966897625663,0.4084027014377534,0.49998911162809373,0.5802991660956516,-0.31607574555587936,0.0900103926030597,-0.12299759900090837,-0.019836821520730387,-0.06972312869490387
203,1.4,0.0,0.1,0.0,1.0,0.0001,0.0,0.0,2.0,2.6666666666666665,1.0,0.0001,2.0,24.0,0.023304489240464354,8.827241898060741,0.26118166842156076,0.8744694788123462,0.23185133290629387,0.3422208676199389,0.7721717715242892,0.08035734559581142,-0.03767651221970258,-0.11180023101529396,0.14491490617974573,0.035891910967993955
204,1.5,0.0,0.1,0.0,1.0,0.0001,0.0,0.0,2.0,2.6666666666666665,1.0,0.0001,2.0,8.0,0.02194846987354171,NaN,NaN,NaN,NaN,NaN,NaN,NaN,NaN,NaN,NaN,NaN
205,0.4,0.0,0.1,0.0,1.0,0.0001,0.0,0.0,4.0,5.333333333333333,1.0,0.0001,2.0,290.0,0.002961963634490583,7.229362840681287,0.2965322582105314,0.4417335495674148,0.625077222105464,0.26925789941404144,0.433252594575393,-0.020229782506328984,-0.01565254035448716,0.12816392446382097,0.017208361143731678,0.038531128930231466
206,0.5,0.0,0.1,0.0,1.0,0.0001,0.0,0.0,4.0,5.333333333333333,1.0,0.0001,2.0,296.0,0.005260067439053606,7.727061620308218,0.27439718032525756,0.35019746509184724,0.7247798370751846,0.22378830931386212,0.39699704291903426,0.016324117504714797,0.02299439916786615,0.2305386492460929,0.010794351824679123,-0.01927174507823869
207,0.6,0.0,0.1,0.0,1.0,0.0001,0.0,0.0,4.0,5.333333333333333,1.0,0.0001,2.0,262.0,0.00844894005937935,8.21139481446895,0.251083082118804,0.3098635194076231,0.7930269996981665,0.18658556048504046,0.3957745283834786,0.18958939072445133,-0.03342534487278755,-0.3067442982932571,0.00306026869735986,-0.00036531245178323513
208,0.7,0.0,0.1,0.0,1.0,0.0001,0.0,0.0,4.0,5.333333333333333,1.0,0.0001,2.0,290.0,0.012009226551719876,8.205409252024522,0.2923094342986263,0.3939223135670809,0.659166484459805,0.23715806656464034,0.42411484560946533,0.030276751526866225,-0.0027879372316098002,-0.053265014845521375,0.023869771599930496,0.00012331396701681298
209,0.8,0.0,0.1,0.0,1.0,0.0001,0.0,0.0,4.0,5.333333333333333,1.0,0.0001,2.0,250.0,0.015232693932375474,8.30464775835679,0.3265140552731396,0.38142995847493766,0.6363432393731312,0.24180320416826262,0.5052279327407448,0.025469319478022823,0.005583528104500762,0.04007974640699076,0.007213929121478009,0.08338900099409263
210,0.9,0.0,0.1,0.0,1.0,0.0001,0.0,0.0,4.0,5.333333333333333,1.0,0.0001,2.0,220.0,0.017181523500994333,8.165940599843971,0.32658872466154976,0.6636877133190829,0.43299526960062573,0.33925870014065,0.5638463468529393,-0.15773104047049613,-0.03419593774314364,-0.04954131350190104,-0.00470134034147412,0.08187748774870722
211,1.0,0.0,0.1,0.0,1.0,0.0001,0.0,0.0,4.0,5.333333333333333,1.0,0.0001,2.0,154.0,0.01775161351402854,8.294144367252667,0.3802484769452983,0.7134254235623381,0.3671959592214928,0.4176311330897518,0.5784191350223353,-0.04664468183555631,-0.010578038323715443,0.16763947551354189,0.004142678760632022,0.0033829353192375736
212,1.1,0.0,0.1,0.0,1.0,0.0001,0.0,0.0,4.0,5.333333333333333,1.0,0.0001,2.0,78.0,0.017272291551293284,8.42190556897975,0.43766005528573954,0.6343988785070569,0.40857417477644015,0.4704640487661422,0.5782260103660821,0.13427008072788987,-0.07426045666640728,-0.07105142227725063,-0.04943855794542645,0.006323018908837529
213,1.2,0.0,0.1,0.0,1.0,0.0001,0.0,0.0,4.0,5.333333333333333,1.0,0.0001,2.0,28.0,0.016190740078500188,8.867055281037631,0.4143409693463369,0.6366936707177304,0.3574995838424839,0.42201374976162176,0.5487071468238898,0.18386173682888649,-0.017114843507800532,0.1671411704208358,0.06357250479557143,0.06677535515540188
214,1.3,0.0,0.1,0.0,1.0,0.0001,0.0,0.0,4.0,5.333333333333333,1.0,0.0001,2.0,6.0,0.01485511350648605,NaN,NaN,NaN,NaN,NaN,NaN,NaN,NaN,NaN,NaN,NaN
215,1.4,0.0,0.1,0.0,1.0,0.0001,0.0,0.0,4.0,5.333333333333333,1.0,0.0001,2.0,4.0,0.013446523107206731,NaN,NaN,NaN,NaN,NaN,NaN,NaN,NaN,NaN,NaN,NaN
216,1.5,0.0,0.1,0.0,1.0,0.0001,0.0,0.0,4.0,5.333333333333333,1.0,0.0001,2.0,0.0,0.0,NaN,NaN,NaN,NaN,NaN,NaN,NaN,NaN,NaN,NaN,NaN
217,0.4,0.0,0.1,0.0,1.0,0.0001,0.0,0.0,6.0,8.0,1.0,0.0001,2.0,274.0,0.0028170472068371755,7.636196243953964,0.3154349449954092,0.48794818047470306,0.561564337093689,0.28478454394887376,0.4358234768125678,0.05236950230591692,0.06965407912100732,-0.003439286410960511,-0.00013553197720202076,-0.028118331604759003
218,0.5,0.0,0.1,0.0,1.0,0.0001,0.0,0.0,6.0,8.0,1.0,0.0001,2.0,290.0,0.005235028347544857,8.023898617673872,0.27298744059563895,0.37036315000926895,0.7070812040912516,0.22811857617712475,0.3921171193033273,0.07286107617560773,-0.020021687291165022,-0.19664117284077892,0.004907015387486545,-0.03457866044740743
219,0.6,0.0,0.1,0.0,1.0,0.0001,0.0,0.0,6.0,8.0,1.0,0.0001,2.0,284.0,0.00854422921715714,8.38377778102088,0.27425577989074074,0.35254681264155413,0.7159609476410246,0.20761602795846937,0.4063817984128913,0.08822207478946484,0.03959994066210879,0.21247023750908536,-0.018574240745459804,-0.017517176100956194
220,0.7,0.0,0.1,0.0,1.0,0.0001,0.0,0.0,6.0,8.0,1.0,0.0001,2.0,266.0,0.012025989760899525,8.503291525219339,0.2722959230734159,0.27873786770938463,0.8045812041151272,0.18549232544074662,0.41723871376889066,-0.07542235530228592,0.05714042622279452,0.37839596853876095,-0.00446760494989343,0.000985727111850706
221,0.8,0.0,0.1,0.0,1.0,0.0001,0.0,0.0,6.0,8.0,1.0,0.0001,2.0,262.0,0.01439299916546355,8.192324026548173,0.31283193982602053,0.4185119304781381,0.641731580880255,0.26711817450641173,0.4922523069548936,-0.12706080259179534,0.02072978130171145,-0.06892937874256781,-0.00523875681985479,-0.009158177745403263
222,0.9,0.0,0.1,0.0,1.0,0.0001,0.0,0.0,6.0,8.0,1.0,0.0001,2.0,202.0,0.015133244776685206,8.123124544687647,0.3780826650775558,0.6789114663654392,0.3832417148031119,0.3949444544562373,0.6052411507147123,-0.033188593062726125,-0.17036520118988988,0.05653932358714495,-0.050877122463597754,0.09050614517073037
223,1.0,0.0,0.1,0.0,1.0,0.0001,0.0,0.0,6.0,8.0,1.0,0.0001,2.0,100.0,0.014631837576825513,8.346812840254504,0.39455642544048,0.6196724610298492,0.391043137868567,0.3941514788441964,0.5230079440402321,-0.08352961263970098,0.00840351019503,-0.049900596892139965,0.03609847453726701,0.0391847132355076
224,1.1,0.0,0.1,0.0,1.0,0.0001,0.0,0.0,6.0,8.0,1.0,0.0001,2.0,36.0,0.013399956661006573,8.705291505800915,0.45600217598109455,0.5836246784881857,0.37401961078983437,0.5188726339477283,0.5282547928733783,0.13707086520222092,-0.10759230546492761,-0.07899813004353803,-0.11231487551001604,0.07298549224473021
225,1.2,0.0,0.1,0.0,1.0,0.0001,0.0,0.0,6.0,8.0,1.0,0.0001,2.0,10.0,0.012004330416743425,NaN,NaN,NaN,NaN,NaN,NaN,NaN,NaN,NaN,NaN,NaN
226,1.3,0.0,0.1,0.0,1.0,0.0001,0.0,0.0,6.0,8.0,1.0,0.0001,2.0,2.0,0.010678613503306122,NaN,NaN,NaN,NaN,NaN,NaN,NaN,NaN,NaN,NaN,NaN
227,1.4,0.0,0.1,0.0,1.0,0.0001,0.0,0.0,6.0,8.0,1.0,0.0001,2.0,4.0,0.009500369472970505,NaN,NaN,NaN,NaN,NaN,NaN,NaN,NaN,NaN,NaN,NaN
228,1.5,0.0,0.1,0.0,1.0,0.0001,0.0,0.0,6.0,8.0,1.0,0.0001,2.0,0.0,9.769962616701378e-15,NaN,NaN,NaN,NaN,NaN,NaN,NaN,NaN,NaN,NaN,NaN
229,0.4,0.0,0.1,0.0,1.0,0.0001,0.0,0.0,8.0,10.666666666666666,1.0,0.0001,2.0,254.0,0.0027974735635764025,7.9284912334573665,0.28760096893217596,0.3718469570340472,0.6355873995849819,0.2646362104060111,0.40005712440445573,-0.19418514560195713,-0.0016240105611644163,0.06996192079270729,0.03432202560592545,0.04831234345473355
230,0.5,0.0,0.1,0.0,1.0,0.0001,0.0,0.0,8.0,10.666666666666666,1.0,0.0001,2.0,278.0,0.005381173196080391,8.310180133197091,0.2778712398306734,0.3706861674157764,0.688956046038801,0.2394985191202395,0.4053591396815595,0.17200540210748191,-0.03744907003189654,-0.14543508733984892,-0.014200977706082465,0.00943493191865718
231,0.6,0.0,0.1,0.0,1.0,0.0001,0.0,0.0,8.0,10.666666666666666,1.0,0.0001,2.0,304.0,0.008859254803459171,8.51360958536782,0.2623455386841964,0.30907186140271825,0.7364743769884241,0.22323943553288642,0.38426383698831934,-0.028430386732095345,0.02495457137103924,-0.06843290409978296,-0.006018238766584557,-0.040016053991296846
232,0.7,0.0,0.1,0.0,1.0,0.0001,0.0,0.0,8.0,10.666666666666666,1.0,0.0001,2.0,284.0,0.012182845282390553,8.435886474419881,0.2647590938685344,0.31214549794875185,0.7938023148935666,0.17341640635757244,0.3891618503537507,0.01717430512290213,0.024982418586837335,0.3138252898885332,0.015889933169057673,-0.016227262643835245
233,0.8,0.0,0.1,0.0,1.0,0.0001,0.0,0.0,8.0,10.666666666666666,1.0,0.0001,2.0,228.0,0.01387020595066113,8.361352581888408,0.30367613044789277,0.524802043599506,0.5578855996075146,0.28558834455559695,0.45517174390282616,0.06354371187746481,0.025221288658659947,-0.024952180281640347,-0.021087160392093292,-0.04359171477770032
234,0.9,0.0,0.1,0.0,1.0,0.0001,0.0,0.0,8.0,10.666666666666666,1.0,0.0001,2.0,172.0,0.013621763687473698,8.170697051916047,0.3777269625137608,0.6524880101955851,0.4044722072793774,0.3969614318094286,0.5902785304575061,0.09719946034682453,-0.16700403812297535,0.035429518167456694,-0.02897783522768258,0.0470763665476677
235,1.0,0.0,0.1,0.0,1.0,0.0001,0.0,0.0,8.0,10.666666666666666,1.0,0.0001,2.0,66.0,0.012465213998031355,8.51726245898572,0.44639590031779297,0.7196635667787402,0.2990174528358598,0.46084318571876187,0.6290913497542713,-0.4487854700008963,-0.13627685839090697,0.03562499682722203,-0.015250988537915202,0.0700623890896035
236,1.1,0.0,0.1,0.0,1.0,0.0001,0.0,0.0,8.0,10.666666666666666,1.0,0.0001,2.0,14.0,0.010972399663316867,9.049330319420367,0.4422333592063544,0.5684362804064299,0.38440004674828554,0.46965608878794907,0.41240731563784533,0.32621854671297396,-0.4146971404091059,-0.04695557333350821,0.15337652627172274,-0.16886476063309083
237,1.2,0.0,0.1,0.0,1.0,0.0001,0.0,0.0,8.0,10.666666666666666,1.0,0.0001,2.0,2.0,0.009490015797052997,NaN,NaN,NaN,NaN,NaN,NaN,NaN,NaN,NaN,NaN,NaN
238,1.3,0.0,0.1,0.0,1.0,0.0001,0.0,0.0,8.0,10.666666666666666,1.0,0.0001,2.0,0.0,3.269011950024492e-9,NaN,NaN,NaN,NaN,NaN,NaN,NaN,NaN,NaN,NaN,NaN
239,1.4,0.0,0.1,0.0,1.0,0.0001,0.0,0.0,8.0,10.666666666666666,1.0,0.0001,2.0,4.0,0.007267963277559186,NaN,NaN,NaN,NaN,NaN,NaN,NaN,NaN,NaN,NaN,NaN
240,1.5,0.0,0.1,0.0,1.0,0.0001,0.0,0.0,8.0,10.666666666666666,1.0,0.0001,2.0,0.0,6.661338147750939e-16,NaN,NaN,NaN,NaN,NaN,NaN,NaN,NaN,NaN,NaN,NaN
241,0.4,0.0,0.1,0.0,1.0,0.0001,0.0,0.0,10.0,13.333333333333332,1.0,0.0001,2.0,298.0,0.0028162469027556702,8.01791792842137,0.2875104651603933,0.38446271469530086,0.6770261989407265,0.24666642834627864,0.42015972723108025,-0.2067365725439456,0.0317355311403881,-0.000935722682281827,0.0178589718939909,0.04771199750233369
242,0.5,0.0,0.1,0.0,1.0,0.0001,0.0,0.0,10.0,13.333333333333332,1.0,0.0001,2.0,264.0,0.005624855691368391,8.574482823027735,0.2679768836801478,0.2879351706745258,0.7663307476113668,0.2085435786435672,0.3738599345619693,-0.06086776181502662,0.04685316248412494,0.17348153483424264,-0.022072522731858293,-0.02940660061504478
243,0.6,0.0,0.1,0.0,1.0,0.0001,0.0,0.0,10.0,13.333333333333332,1.0,0.0001,2.0,290.0,0.009350887952146114,8.731205969521627,0.2632502333490042,0.3119097390157256,0.7280786183593345,0.225169105387345,0.38719475009282234,-0.04864913162832567,-0.022050742994495505,-0.0713073624205173,0.011730331949599574,0.0035602060891209747
244,0.7,0.0,0.1,0.0,1.0,0.0001,0.0,0.0,10.0,13.333333333333332,1.0,0.0001,2.0,272.0,0.012507592871643936,8.662551338553218,0.27417489807173184,0.3026113423948855,0.7629385927580387,0.20103027987884334,0.41035244275698063,-0.030944191791767297,-0.013447883469685668,0.03638053487083883,0.00820462418662784,0.007358493351013437
245,0.8,0.0,0.1,0.0,1.0,0.0001,0.0,0.0,10.0,13.333333333333332,1.0,0.0001,2.0,240.0,0.013356426445398917,8.286572383776226,0.33471693792841023,0.5358190409411696,0.5361689643804141,0.2987737013385466,0.4924021501914424,0.09783136353425127,-0.04324588835785026,0.08993504272693112,0.03580229869719963,-0.008718670216721248
246,0.9,0.0,0.1,0.0,1.0,0.0001,0.0,0.0,10.0,13.333333333333332,1.0,0.0001,2.0,146.0,0.012405737585736265,8.216066906839169,0.3803296492617762,0.6821932270229194,0.3979337880784919,0.4275556219806916,0.5576654929777474,0.08921081129515729,0.03214195755638285,-0.0632009944225907,0.02832482807176786,0.022085795602453055
247,1.0,0.0,0.1,0.0,1.0,0.0001,0.0,0.0,10.0,13.333333333333332,1.0,0.0001,2.0,48.0,0.010855221344325816,8.555222547595116,0.446650024421454,0.6404852425548293,0.404026684158778,0.421285342537641,0.5809074557352095,0.481875518164583,-0.09687815756100736,0.0006979908203380935,-0.01108655733090431,0.06666165671273687
248,1.1,0.0,0.1,0.0,1.0,0.0001,0.0,0.0,10.0,13.333333333333332,1.0,0.0001,2.0,10.0,0.009250402284679327,NaN,NaN,NaN,NaN,NaN,NaN,NaN,NaN,NaN,NaN,NaN
249,1.2,0.0,0.1,0.0,1.0,0.0001,0.0,0.0,10.0,13.333333333333332,1.0,0.0001,2.0,4.0,0.00792091648783777,NaN,NaN,NaN,NaN,NaN,NaN,NaN,NaN,NaN,NaN,NaN
250,1.3,0.0,0.1,0.0,1.0,0.0001,0.0,0.0,10.0,13.333333333333332,1.0,0.0001,2.0,0.0,9.661458300058712e-10,NaN,NaN,NaN,NaN,NaN,NaN,NaN,NaN,NaN,NaN,NaN
251,1.4,0.0,0.1,0.0,1.0,0.0001,0.0,0.0,10.0,13.333333333333332,1.0,0.0001,2.0,0.0,5.287256854558109e-9,NaN,NaN,NaN,NaN,NaN,NaN,NaN,NaN,NaN,NaN,NaN
252,1.5,0.0,0.1,0.0,1.0,0.0001,0.0,0.0,10.0,13.333333333333332,1.0,0.0001,2.0,0.0,1.3552856614751363e-9,NaN,NaN,NaN,NaN,NaN,NaN,NaN,NaN,NaN,NaN,NaN
253,0.4,0.0,0.1,0.0,1.0,0.0001,0.0,0.0,12.0,16.0,1.0,0.0001,2.0,278.0,0.0028936115461105083,8.258792616515366,0.27985604361036626,0.40201408943563927,0.6216087405804461,0.274092462144046,0.4106434102971209,-0.09801770264217446,-0.014501872154479995,-0.05279456671468842,-0.0175371209939939,0.023941124007696962
254,0.5,0.0,0.1,0.0,1.0,0.0001,0.0,0.0,12.0,16.0,1.0,0.0001,2.0,296.0,0.005907308570576197,8.682064086230403,0.2613130308040374,0.2915674513914763,0.7593510879805015,0.22133302497596785,0.3687779531812344,-0.00908543661213799,0.04843468992126897,-0.0022243937619632593,0.002843599165793502,0.017553251242175338
255,0.6,0.0,0.1,0.0,1.0,0.0001,0.0,0.0,12.0,16.0,1.0,0.0001,2.0,292.0,0.009952265621583689,9.027894070127871,0.24449225209817452,0.2658963569854948,0.763629342894168,0.2323159017689481,0.3487789206243828,-0.10339333998900857,0.002167647976148912,0.1952859291970101,0.01619800052455753,0.013900588655077144
256,0.7,0.0,0.1,0.0,1.0,0.0001,0.0,0.0,12.0,16.0,1.0,0.0001,2.0,312.0,0.01277658160861106,8.578622892405948,0.25028783136139143,0.28875875154208375,0.7836377802122786,0.19097924712136305,0.3631084553689185,0.05527444160698568,-0.020708500086071602,-0.1579374580832702,-0.017909659845311503,0.010282490183220095
257,0.8,0.0,0.1,0.0,1.0,0.0001,0.0,0.0,12.0,16.0,1.0,0.0001,2.0,258.0,0.012898171426770522,8.129664308664264,0.351915379980321,0.5626739235443557,0.5051225334608498,0.32318814469362606,0.5034872422038886,-0.2158559845158662,-0.017723628478093983,-0.09944006412879286,0.009315486752829852,-0.03401591362431097
258,0.9,0.0,0.1,0.0,1.0,0.0001,0.0,0.0,12.0,16.0,1.0,0.0001,2.0,126.0,0.01140149517329847,8.18566509153776,0.4101011880184445,0.6871582337855661,0.35489974048391876,0.42984628540320124,0.6073127932470478,-0.09863816384928041,0.006129618146000015,0.03786509422420452,-0.037354680263389506,0.040552069882495476
259,1.0,0.0,0.1,0.0,1.0,0.0001,0.0,0.0,12.0,16.0,1.0,0.0001,2.0,30.0,0.00962695017594617,9.058012939058337,0.40535663850502957,0.5360640349920385,0.4360269650761236,0.44768472256029257,0.5522866873831598,-0.16292303920952592,0.1489206733422522,0.11496186660817238,-0.04148412945818667,-0.0835324264246809
260,1.1,0.0,0.1,0.0,1.0,0.0001,0.0,0.0,12.0,16.0,1.0,0.0001,2.0,8.0,0.008001182591353961,NaN,NaN,NaN,NaN,NaN,NaN,NaN,NaN,NaN,NaN,NaN
261,1.2,0.0,0.1,0.0,1.0,0.0001,0.0,0.0,12.0,16.0,1.0,0.0001,2.0,0.0,8.88891382722079e-9,NaN,NaN,NaN,NaN,NaN,NaN,NaN,NaN,NaN,NaN,NaN
262,1.3,0.0,0.1,0.0,1.0,0.0001,0.0,0.0,12.0,16.0,1.0,0.0001,2.0,0.0,8.697094155962759e-10,NaN,NaN,NaN,NaN,NaN,NaN,NaN,NaN,NaN,NaN,NaN
263,1.4,0.0,0.1,0.0,1.0,0.0001,0.0,0.0,12.0,16.0,1.0,0.0001,2.0,0.0,1.4559464744934303e-12,NaN,NaN,NaN,NaN,NaN,NaN,NaN,NaN,NaN,NaN,NaN
264,1.5,0.0,0.1,0.0,1.0,0.0001,0.0,0.0,12.0,16.0,1.0,0.0001,2.0,0.0,3.530509218307998e-14,NaN,NaN,NaN,NaN,NaN,NaN,NaN,NaN,NaN,NaN,NaN
265,0.4,0.0,0.1,0.0,1.0,0.0001,0.0,0.0,14.0,18.666666666666664,1.0,0.0001,2.0,260.0,0.0029864005582760367,8.463939172762197,0.276705257605891,0.3842276907646458,0.6463169306235772,0.26210726361169395,0.39787000127515504,0.05694782463185014,-0.026174526418273444,-0.02817300220947905,-0.010935558783857866,0.037623199471090635
266,0.5,0.0,0.1,0.0,1.0,0.0001,0.0,0.0,14.0,18.666666666666664,1.0,0.0001,2.0,270.0,0.006314524307778402,9.098305055639592,0.24475662005871174,0.3291764724289793,0.7048129604442704,0.265369564388948,0.3403851879845573,-0.051006645565434446,0.0072008166227564945,-0.07318256633044752,0.0034400118010456805,-0.024944832430272304
267,0.6,0.0,0.1,0.0,1.0,0.0001,0.0,0.0,14.0,18.666666666666664,1.0,0.0001,2.0,332.0,0.010604574196972916,9.06219665421749,0.2581459095301889,0.21778670996044397,0.8368683051515411,0.16644388832832863,0.3512111570561073,0.11228722375527578,0.01092557758725264,-0.3590360900154833,-0.008295515592461623,-0.014540614202752064
268,0.7,0.0,0.1,0.0,1.0,0.0001,0.0,0.0,14.0,18.666666666666664,1.0,0.0001,2.0,292.0,0.01322425537735572,8.693847178036556,0.27713753132841906,0.2648593305879389,0.8038007550889765,0.17421286001194597,0.43132711619010633,-0.014269932727459408,0.019065011645128714,0.30464896576718103,-0.006807729047386566,-0.05531646249123627
269,0.8,0.0,0.1,0.0,1.0,0.0001,0.0,0.0,14.0,18.666666666666664,1.0,0.0001,2.0,250.0,0.012487343070939017,8.181815396186218,0.3435502316379895,0.6562522192199286,0.4291717030211451,0.3529885011855866,0.5342909106550295,-0.14661643677135658,0.1810534953300154,0.04978656690521781,-0.021936757832821414,-0.0904559671785679
270,0.9,0.0,0.1,0.0,1.0,0.0001,0.0,0.0,14.0,18.666666666666664,1.0,0.0001,2.0,108.0,0.0105524841530934,8.214460354316909,0.39327600320117345,0.7015087370039903,0.3448038504091103,0.44003359341472575,0.5630613751315501,0.03799903602332108,0.02790215381834447,0.06160769810017271,0.03299394682993579,0.02765108285960253
271,1.0,0.0,0.1,0.0,1.0,0.0001,0.0,0.0,14.0,18.666666666666664,1.0,0.0001,2.0,16.0,0.008650375875736582,9.299344533235216,0.348288430155766,0.532354219928672,0.48474183528426146,0.3585033594050008,0.4213146250961687,0.28938213887576886,0.055368355638717524,0.05157349595755007,0.0020800268119815354,0.0737496087081667
272,1.1,0.0,0.1,0.0,1.0,0.0001,0.0,0.0,14.0,18.666666666666664,1.0,0.0001,2.0,8.0,0.007071728556029777,NaN,NaN,NaN,NaN,NaN,NaN,NaN,NaN,NaN,NaN,NaN
273,1.2,0.0,0.1,0.0,1.0,0.0001,0.0,0.0,14.0,18.666666666666664,1.0,0.0001,2.0,0.0,7.131717438824126e-11,NaN,NaN,NaN,NaN,NaN,NaN,NaN,NaN,NaN,NaN,NaN
274,1.3,0.0,0.1,0.0,1.0,0.0001,0.0,0.0,14.0,18.666666666666664,1.0,0.0001,2.0,0.0,3.676170479138818e-12,NaN,NaN,NaN,NaN,NaN,NaN,NaN,NaN,NaN,NaN,NaN
275,1.4,0.0,0.1,0.0,1.0,0.0001,0.0,0.0,14.0,18.666666666666664,1.0,0.0001,2.0,0.0,2.0688117885470092e-11,NaN,NaN,NaN,NaN,NaN,NaN,NaN,NaN,NaN,NaN,NaN
276,1.5,0.0,0.1,0.0,1.0,0.0001,0.0,0.0,14.0,18.666666666666664,1.0,0.0001,2.0,NaN,NaN,NaN,NaN,NaN,NaN,NaN,NaN,NaN,NaN,NaN,NaN,NaN
277,0.4,0.0,0.1,0.0,1.0,0.0001,0.0,0.0,16.0,21.333333333333332,1.0,0.0001,2.0,282.0,0.0030903540148232156,8.54820354185979,0.26196753720550586,0.3565875333225712,0.6827917878973322,0.2578785504391046,0.3771384368716035,0.19992754284214215,0.03696726066592164,0.02797219049068781,0.01030344658842858,0.016728084120839953
278,0.5,0.0,0.1,0.0,1.0,0.0001,0.0,0.0,16.0,21.333333333333332,1.0,0.0001,2.0,286.0,0.006742381554683818,9.273958918765581,0.2387993566210015,0.2956227717293517,0.7055006377493881,0.26482453610269974,0.325484467385906,-0.03438071739062176,0.02655605325835062,-0.10811231705513494,0.01612231328298974,-0.060460086392613716
279,0.6,0.0,0.1,0.0,1.0,0.0001,0.0,0.0,16.0,21.333333333333332,1.0,0.0001,2.0,334.0,0.011477560143441257,9.375832931782224,0.2173506624749119,0.2578520024334806,0.7636829842323422,0.2550311732657427,0.29847300543044875,0.14107109210953658,0.018169382928673577,-0.09556886290961261,-0.011368151065798518,-0.04500176336739422
280,0.7,0.0,0.1,0.0,1.0,0.0001,0.0,0.0,16.0,21.333333333333332,1.0,0.0001,2.0,280.0,0.013712672831469264,8.852631615922885,0.26886152964451343,0.30139884600639827,0.7305857977717908,0.2352356285151167,0.41063524108806104,-0.07967258149356712,-0.0395856434584021,0.11061504734420936,-0.026384381299877458,0.07453253065595977
281,0.8,0.0,0.1,0.0,1.0,0.0001,0.0,0.0,16.0,21.333333333333332,1.0,0.0001,2.0,228.0,0.012150690376421802,8.201780817859433,0.3370331400012175,0.6056975882802385,0.46038751742040124,0.3255864855718367,0.5346340577127852,-0.04254438985806292,0.0829163122159281,0.09842895468754125,0.0198535872522999,-0.10590425516725685
282,0.9,0.0,0.1,0.0,1.0,0.0001,0.0,0.0,16.0,21.333333333333332,1.0,0.0001,2.0,86.0,0.009829559461171922,8.320886907841174,0.40296484557427664,0.6595797511444034,0.34320078090317374,0.41241122364864846,0.5593549290077312,0.012923228712469276,-0.0005582938294286515,0.026066305796163192,0.027500888191572908,0.03234255871105238
283,1.0,0.0,0.1,0.0,1.0,0.0001,0.0,0.0,16.0,21.333333333333332,1.0,0.0001,2.0,14.0,0.00784082440562206,9.24320651050546,0.4455438012198549,0.6299844818224458,0.35348328319487354,0.5337137696403238,0.561386805257417,-0.5013997397502029,-0.0030182370296637103,-0.11166561520141359,-0.10817677701955986,-0.008260265097158472
284,1.1,0.0,0.1,0.0,1.0,0.0001,0.0,0.0,16.0,21.333333333333332,1.0,0.0001,2.0,0.0,2.743445588482274e-7,NaN,NaN,NaN,NaN,NaN,NaN,NaN,NaN,NaN,NaN,NaN
285,1.2,0.0,0.1,0.0,1.0,0.0001,0.0,0.0,16.0,21.333333333333332,1.0,0.0001,2.0,4.0,0.005229217607877201,NaN,NaN,NaN,NaN,NaN,NaN,NaN,NaN,NaN,NaN,NaN
286,1.3,0.0,0.1,0.0,1.0,0.0001,0.0,0.0,16.0,21.333333333333332,1.0,0.0001,2.0,0.0,9.037215420448774e-14,NaN,NaN,NaN,NaN,NaN,NaN,NaN,NaN,NaN,NaN,NaN
287,1.4,0.0,0.1,0.0,1.0,0.0001,0.0,0.0,16.0,21.333333333333332,1.0,0.0001,2.0,0.0,7.121636613760529e-12,NaN,NaN,NaN,NaN,NaN,NaN,NaN,NaN,NaN,NaN,NaN
288,1.5,0.0,0.1,0.0,1.0,0.0001,0.0,0.0,16.0,21.333333333333332,1.0,0.0001,2.0,NaN,NaN,NaN,NaN,NaN,NaN,NaN,NaN,NaN,NaN,NaN,NaN,NaN
289,0.4,0.0,0.1,0.0,1.0,0.0001,0.0,0.0,18.0,24.0,1.0,0.0001,2.0,272.0,0.0032232969320491467,8.72501617452701,0.2525600196696633,0.3495021324697256,0.6382007383510147,0.27323136670203213,0.331522578575363,0.12201752433881134,-0.009361967604659141,-0.1448421358825941,0.006975341653147228,-0.0007580747194334002
290,0.5,0.0,0.1,0.0,1.0,0.0001,0.0,0.0,18.0,24.0,1.0,0.0001,2.0,312.0,0.007265366704363063,9.528205138942715,0.22094004143273416,0.2978409365943986,0.6822172138701291,0.2882236065793347,0.2978717001760674,-0.1560288846892624,-0.0021401445448973213,0.04350214948362415,0.012599858858649369,-0.022301203622519437
291,0.6,0.0,0.1,0.0,1.0,0.0001,0.0,0.0,18.0,24.0,1.0,0.0001,2.0,280.0,0.01259597145960012,9.977183016654939,0.22598131345190722,0.23877304924275528,0.7646069433534759,0.23803556365939274,0.2978557229947654,-0.10090419370899523,0.015095896247501808,0.10605439938750871,0.00880885321841836,-0.008791678894744586
292,0.7,0.0,0.1,0.0,1.0,0.0001,0.0,0.0,18.0,24.0,1.0,0.0001,2.0,276.0,0.014229883552664302,8.92150145143401,0.24675941980256302,0.2735821046420015,0.8073120186650716,0.19534102321336108,0.3732605156262282,-0.02295970565546661,0.03978521578318226,-0.1572819832553049,0.0124926802362113,-0.04998353887304457
293,0.8,0.0,0.1,0.0,1.0,0.0001,0.0,0.0,18.0,24.0,1.0,0.0001,2.0,214.0,0.011834071270071633,8.207520041916158,0.32857854158139277,0.6299916896253704,0.4438110167991859,0.309157475289678,0.5277319212078712,-0.10903809985682901,0.14153008102927334,0.03488799065774719,-0.0343546902725935,-0.00506679458218999
294,0.9,0.0,0.1,0.0,1.0,0.0001,0.0,0.0,18.0,24.0,1.0,0.0001,2.0,68.0,0.009201610230709312,8.4108421459949,0.4193081611562085,0.6540023327328249,0.37720022442133655,0.43367472401063384,0.5352937857653425,0.04034738830042078,0.010338884876050955,-0.01725572292550002,0.020875149305694736,0.06210812732252669
295,1.0,0.0,0.1,0.0,1.0,0.0001,0.0,0.0,18.0,24.0,1.0,0.0001,2.0,8.0,0.007177833762499364,NaN,NaN,NaN,NaN,NaN,NaN,NaN,NaN,NaN,NaN,NaN
296,1.1,0.0,0.1,0.0,1.0,0.0001,0.0,0.0,18.0,24.0,1.0,0.0001,2.0,0.0,4.3485082201755176e-10,NaN,NaN,NaN,NaN,NaN,NaN,NaN,NaN,NaN,NaN,NaN
297,1.2,0.0,0.1,0.0,1.0,0.0001,0.0,0.0,18.0,24.0,1.0,0.0001,2.0,4.0,0.0047047934563710925,NaN,NaN,NaN,NaN,NaN,NaN,NaN,NaN,NaN,NaN,NaN
298,1.3,0.0,0.1,0.0,1.0,0.0001,0.0,0.0,18.0,24.0,1.0,0.0001,2.0,0.0,1.2557621609232683e-10,NaN,NaN,NaN,NaN,NaN,NaN,NaN,NaN,NaN,NaN,NaN
299,1.4,0.0,0.1,0.0,1.0,0.0001,0.0,0.0,18.0,24.0,1.0,0.0001,2.0,0.0,1.9262369477246466e-12,NaN,NaN,NaN,NaN,NaN,NaN,NaN,NaN,NaN,NaN,NaN
300,1.5,0.0,0.1,0.0,1.0,0.0001,0.0,0.0,18.0,24.0,1.0,0.0001,2.0,NaN,NaN,NaN,NaN,NaN,NaN,NaN,NaN,NaN,NaN,NaN,NaN,NaN
301,0.4,0.0,0.1,0.0,1.0,0.0001,0.0,0.0,20.0,26.666666666666664,1.0,0.0001,2.0,280.0,0.003371541535708067,8.920342060836632,0.2423606149906156,0.3284198384348036,0.6550534204791739,0.2802930317156312,0.3458277298070852,0.1441548299623413,0.010784694967216988,-0.12837298932914254,-0.010425867107901466,-0.009612049539058245
302,0.5,0.0,0.1,0.0,1.0,0.0001,0.0,0.0,20.0,26.666666666666664,1.0,0.0001,2.0,312.0,0.007912997055746718,10.003668900269155,0.19967711588123477,0.31359723733373335,0.6698339570728999,0.3211439633829458,0.2921389011229684,0.15151318663005378,0.021955577887926934,-0.0438342624191539,-0.011744562207772782,0.03306531342997237
303,0.6,0.0,0.1,0.0,1.0,0.0001,0.0,0.0,20.0,26.666666666666664,1.0,0.0001,2.0,292.0,0.013833663453135747,10.619211324756089,0.21159696880136594,0.27205548889252007,0.6645858602505892,0.32342319056457935,0.30193128031144073,-0.09038092118647066,0.031963827687518084,-0.128539109779322,0.024691824069245867,-0.019701293550944528
304,0.7,0.0,0.1,0.0,1.0,0.0001,0.0,0.0,20.0,26.666666666666664,1.0,0.0001,2.0,296.0,0.01474327008248777,8.967774561427534,0.24815845421637178,0.2645566644224037,0.7887343527186952,0.1991407273968328,0.3207714561912514,0.09198497158082286,0.027479014843556776,-0.109211193644007,0.007576298661855178,-0.03553787675178923
305,0.8,0.0,0.1,0.0,1.0,0.0001,0.0,0.0,20.0,26.666666666666664,1.0,0.0001,2.0,230.0,0.011499054178112478,8.092284324754097,0.3770392309280533,0.6448264256230609,0.3914701687786744,0.3655002635099527,0.5053303125651596,0.17042958593908675,-0.09961948589303848,-0.09624326349042073,-0.0396068383176227,0.09598459398310147
306,0.9,0.0,0.1,0.0,1.0,0.0001,0.0,0.0,20.0,26.666666666666664,1.0,0.0001,2.0,58.0,0.008645183661710742,8.574492544209749,0.37232799358441515,0.5562341578425722,0.4897076790775063,0.3869423629728337,0.4675970900676814,0.14810722621662856,-0.06870667998885263,0.2270328402619301,-0.006947949040718357,0.008709911965369639
307,1.0,0.0,0.1,0.0,1.0,0.0001,0.0,0.0,20.0,26.666666666666664,1.0,0.0001,2.0,12.0,0.006597834255199109,NaN,NaN,NaN,NaN,NaN,NaN,NaN,NaN,NaN,NaN,NaN
308,1.1,0.0,0.1,0.0,1.0,0.0001,0.0,0.0,20.0,26.666666666666664,1.0,0.0001,2.0,2.0,0.005199984154856674,NaN,NaN,NaN,NaN,NaN,NaN,NaN,NaN,NaN,NaN,NaN
309,1.2,0.0,0.1,0.0,1.0,0.0001,0.0,0.0,20.0,26.666666666666664,1.0,0.0001,2.0,0.0,7.519633804520254e-10,NaN,NaN,NaN,NaN,NaN,NaN,NaN,NaN,NaN,NaN,NaN
310,1.3,0.0,0.1,0.0,1.0,0.0001,0.0,0.0,20.0,26.666666666666664,1.0,0.0001,2.0,0.0,4.511946372076636e-13,NaN,NaN,NaN,NaN,NaN,NaN,NaN,NaN,NaN,NaN,NaN
311,1.4,0.0,0.1,0.0,1.0,0.0001,0.0,0.0,20.0,26.666666666666664,1.0,0.0001,2.0,0.0,9.396927680427325e-12,NaN,NaN,NaN,NaN,NaN,NaN,NaN,NaN,NaN,NaN,NaN
312,1.5,0.0,0.1,0.0,1.0,0.0001,0.0,0.0,20.0,26.666666666666664,1.0,0.0001,2.0,NaN,NaN,NaN,NaN,NaN,NaN,NaN,NaN,NaN,NaN,NaN,NaN,NaN
313,0.4,0.0,0.1,0.0,1.0,0.0001,0.0,0.0,22.0,29.333333333333332,1.0,0.0001,2.0,302.0,0.0035346971919366643,9.053004902474274,0.22849848085290456,0.32148431935963184,0.6698838037876428,0.2968451145750582,0.3256934266774995,0.15306529788732218,0.004406232379041894,0.21702045059402778,0.0298574265369794,0.0021251028688820755
314,0.5,0.0,0.1,0.0,1.0,0.0001,0.0,0.0,22.0,29.333333333333332,1.0,0.0001,2.0,302.0,0.008683756841121826,10.851520277308849,0.2053442632713272,0.29742321817909795,0.5909100596631249,0.36243392049982753,0.314254560531748,0.034650267219529074,-0.0037675950941937104,-0.19805189824546043,0.013367761710629566,0.006606924085094847
315,0.6,0.0,0.1,0.0,1.0,0.0001,0.0,0.0,22.0,29.333333333333332,1.0,0.0001,2.0,288.0,0.015365033915805792,11.668148828825865,0.18820596223875485,0.29209107542355406,0.5492217565824099,0.3841620110443546,0.3051306394831792,0.09201895516255885,-0.016556205328498823,0.02342426303451558,-0.02403847118674634,-0.04490780449441389
316,0.7,0.0,0.1,0.0,1.0,0.0001,0.0,0.0,22.0,29.333333333333332,1.0,0.0001,2.0,312.0,0.015363765528449314,9.07343144174445,0.25751290761728846,0.25033954399853664,0.7787941353106019,0.21642203235132967,0.36305403214946164,0.14290069457705754,-0.008320361000805795,-0.1412435037880323,-0.019205385669090358,0.0391968947119255
317,0.8,0.0,0.1,0.0,1.0,0.0001,0.0,0.0,22.0,29.333333333333332,1.0,0.0001,2.0,222.0,0.011190963403486243,8.057157143082256,0.3657123504980193,0.6850138124981706,0.39178493396070013,0.3821319412310994,0.5638439437124216,-0.01414733421072324,0.10381453959909102,0.0686114867508697,0.026641776069779372,-0.03238518509342132
318,0.9,0.0,0.1,0.0,1.0,0.0001,0.0,0.0,22.0,29.333333333333332,1.0,0.0001,2.0,48.0,0.008149247441073815,8.617584448428177,0.419304922614743,0.5522826471138528,0.44106827611194604,0.391771299068757,0.5415278477187201,0.4369832736736961,-0.043019828153285554,-0.058824411721282104,0.06587835089841705,0.128963672512962
319,1.0,0.0,0.1,0.0,1.0,0.0001,0.0,0.0,22.0,29.333333333333332,1.0,0.0001,2.0,6.0,0.006126056199812657,NaN,NaN,NaN,NaN,NaN,NaN,NaN,NaN,NaN,NaN,NaN
320,1.1,0.0,0.1,0.0,1.0,0.0001,0.0,0.0,22.0,29.333333333333332,1.0,0.0001,2.0,2.0,0.004779099158006561,NaN,NaN,NaN,NaN,NaN,NaN,NaN,NaN,NaN,NaN,NaN
321,1.2,0.0,0.1,0.0,1.0,0.0001,0.0,0.0,22.0,29.333333333333332,1.0,0.0001,2.0,0.0,2.404965115943014e-12,NaN,NaN,NaN,NaN,NaN,NaN,NaN,NaN,NaN,NaN,NaN
322,1.3,0.0,0.1,0.0,1.0,0.0001,0.0,0.0,22.0,29.333333333333332,1.0,0.0001,2.0,0.0,1.554312234475219e-14,NaN,NaN,NaN,NaN,NaN,NaN,NaN,NaN,NaN,NaN,NaN
323,1.4,0.0,0.1,0.0,1.0,0.0001,0.0,0.0,22.0,29.333333333333332,1.0,0.0001,2.0,0.0,7.507860999567129e-11,NaN,NaN,NaN,NaN,NaN,NaN,NaN,NaN,NaN,NaN,NaN
324,1.5,0.0,0.1,0.0,1.0,0.0001,0.0,0.0,22.0,29.333333333333332,1.0,0.0001,2.0,NaN,NaN,NaN,NaN,NaN,NaN,NaN,NaN,NaN,NaN,NaN,NaN,NaN
325,0.4,0.0,0.1,0.0,1.0,0.0001,0.0,0.0,24.0,32.0,1.0,0.0001,2.0,290.0,0.0037374256085107027,9.366209588154538,0.23889685321159634,0.3130668202140016,0.6686071694118881,0.2883576253791002,0.3147084986397134,0.018648340765774624,-0.04037609072632944,0.04823285034685738,0.021093673021835915,0.008585490421517362
326,0.5,0.0,0.1,0.0,1.0,0.0001,0.0,0.0,24.0,32.0,1.0,0.0001,2.0,318.0,0.009553426000059706,11.884074492409454,0.18953421358887537,0.30809395710786025,0.5098183216408917,0.40476543941042553,0.3364370229296417,-0.002952789558349721,-0.0073711984750157705,-0.10176566447996543,-0.007570230222921218,0.03910041990464773
327,0.6,0.0,0.1,0.0,1.0,0.0001,0.0,0.0,24.0,32.0,1.0,0.0001,2.0,362.0,0.016960284355199362,12.960581914395172,0.17930283795541888,0.2983087033865792,0.4863878872342798,0.42243196685545625,0.3433574037524847,-0.07431019956521634,0.027814691085605057,0.03749062118204601,0.014807539183179516,0.04102043086747477
328,0.7,0.0,0.1,0.0,1.0,0.0001,0.0,0.0,24.0,32.0,1.0,0.0001,2.0,312.0,0.016068915528942962,9.18145618327163,0.24944199904841655,0.24460605720997927,0.809408790253893,0.1978913732300104,0.3345736054077629,0.08190859294057648,-0.02884082103601416,-0.1693412572132789,0.0014822805438534563,0.016809553588677917
329,0.8,0.0,0.1,0.0,1.0,0.0001,0.0,0.0,24.0,32.0,1.0,0.0001,2.0,234.0,0.010878224849005691,8.035293383882667,0.3726427430324265,0.6195657198385954,0.44070531715841343,0.3737991233145474,0.535758585994615,-0.06002246300453686,-0.04170928941837548,0.013075214905548822,0.014841205717981394,0.012996356959484234
330,0.9,0.0,0.1,0.0,1.0,0.0001,0.0,0.0,24.0,32.0,1.0,0.0001,2.0,40.0,0.007705758744059321,8.752683593282649,0.4357545008298125,0.6784867992239354,0.39410904674063774,0.4984767650889518,0.610825983469164,-0.16253231575698474,0.02005365512405164,0.03143905904644483,0.04862420563272565,0.0506521306760504
331,1.0,0.0,0.1,0.0,1.0,0.0001,0.0,0.0,24.0,32.0,1.0,0.0001,2.0,2.0,0.0056648588737193695,NaN,NaN,NaN,NaN,NaN,NaN,NaN,NaN,NaN,NaN,NaN
332,1.1,0.0,0.1,0.0,1.0,0.0001,0.0,0.0,24.0,32.0,1.0,0.0001,2.0,4.0,0.004448765443253011,NaN,NaN,NaN,NaN,NaN,NaN,NaN,NaN,NaN,NaN,NaN
333,1.2,0.0,0.1,0.0,1.0,0.0001,0.0,0.0,24.0,32.0,1.0,0.0001,2.0,0.0,1.804889571133117e-11,NaN,NaN,NaN,NaN,NaN,NaN,NaN,NaN,NaN,NaN,NaN
334,1.3,0.0,0.1,0.0,1.0,0.0001,0.0,0.0,24.0,32.0,1.0,0.0001,2.0,0.0,9.43689570931383e-14,NaN,NaN,NaN,NaN,NaN,NaN,NaN,NaN,NaN,NaN,NaN
335,1.4,0.0,0.1,0.0,1.0,0.0001,0.0,0.0,24.0,32.0,1.0,0.0001,2.0,NaN,NaN,NaN,NaN,NaN,NaN,NaN,NaN,NaN,NaN,NaN,NaN,NaN
336,1.5,0.0,0.1,0.0,1.0,0.0001,0.0,0.0,24.0,32.0,1.0,0.0001,2.0,NaN,NaN,NaN,NaN,NaN,NaN,NaN,NaN,NaN,NaN,NaN,NaN,NaN
337,0.4,0.0,0.1,0.0,1.0,0.0001,0.0,0.0,0.0,1.3333333333333333,1.0,0.0001,1.0,232.0,0.009179161857932272,5.6013285617858175,0.321061546326934,0.49564186788266135,0.5691361100651954,0.2921460067022266,0.44431625566075905,0.02352343840828856,-0.05753106283686069,-0.19490373193392307,-0.016407033548880394,0.0292187323432408
338,0.5,0.0,0.1,0.0,1.0,0.0001,0.0,0.0,0.0,1.3333333333333333,1.0,0.0001,1.0,246.0,0.012958414290891729,6.284359680335706,0.32624557305708257,0.48789037312718253,0.5738928437993946,0.2653433839304977,0.4580019917463459,0.17606785844439246,-0.01873940169137553,-0.17397400908551466,-0.011914850443320055,0.01652100839639273
339,0.6,0.0,0.1,0.0,1.0,0.0001,0.0,0.0,0.0,1.3333333333333333,1.0,0.0001,1.0,236.0,0.017045292068197604,6.824473770263673,0.3315869684053055,0.5516976023042469,0.5075822262972285,0.30352186396130454,0.4908652391661385,0.14930580256919085,0.08811798593871738,0.04236414580068794,-0.0073574037573726336,0.0027824101306967667
340,0.7,0.0,0.1,0.0,1.0,0.0001,0.0,0.0,0.0,1.3333333333333333,1.0,0.0001,1.0,230.0,0.02093751813352085,7.11573595997293,0.38087251398798067,0.63285515397245,0.41696149349960926,0.3775780734338863,0.5172738004311873,-0.2591431371480221,0.04593277131142643,-0.156646534325563,-0.009957933328264692,0.00802075559356232
341,0.8,0.0,0.1,0.0,1.0,0.0001,0.0,0.0,0.0,1.3333333333333333,1.0,0.0001,1.0,198.0,0.024160293934584076,7.369605629306026,0.4093365001147661,0.6578968660775826,0.3693870750587016,0.41800637005279706,0.5921095579809883,-0.18536381358601153,0.03775529236775482,0.03988472933766747,-0.0013166109905526358,-0.014247508486246356
342,0.9,0.0,0.1,0.0,1.0,0.0001,0.0,0.0,0.0,1.3333333333333333,1.0,0.0001,1.0,126.0,0.026530158434138307,7.689681964067635,0.38883913249327534,0.6777138145895584,0.36406157444230547,0.41404911252714116,0.5432079461062929,0.20085480389509197,0.14931902003549472,-0.13802061737664345,-0.013991548971893782,-0.087372788941169
343,1.0,0.0,0.1,0.0,1.0,0.0001,0.0,0.0,0.0,1.3333333333333333,1.0,0.0001,1.0,72.0,0.027879216466455192,8.083739412198495,0.4172197512825211,0.7049185628557155,0.35009088668071875,0.49410894014089074,0.6019770848944138,0.02984288975912344,-0.0175745116236786,-0.09532341709435999,-0.06742820472439194,0.034205449689258635
344,1.1,0.0,0.1,0.0,1.0,0.0001,0.0,0.0,0.0,1.3333333333333333,1.0,0.0001,1.0,30.0,0.028363488949930238,8.572245375395818,0.4677685538211158,0.5653217426324044,0.368122932231232,0.49862928251673516,0.5014766408046935,-0.038533125417965705,-0.022298746520051895,0.10816108666656135,-0.027384975746172952,0.0011262697867222107
345,1.2,0.0,0.1,0.0,1.0,0.0001,0.0,0.0,0.0,1.3333333333333333,1.0,0.0001,1.0,12.0,0.028139882776875957,NaN,NaN,NaN,NaN,NaN,NaN,NaN,NaN,NaN,NaN,NaN
346,1.3,0.0,0.1,0.0,1.0,0.0001,0.0,0.0,0.0,1.3333333333333333,1.0,0.0001,1.0,6.0,0.02742536260080297,NaN,NaN,NaN,NaN,NaN,NaN,NaN,NaN,NaN,NaN,NaN
347,1.4,0.0,0.1,0.0,1.0,0.0001,0.0,0.0,0.0,1.3333333333333333,1.0,0.0001,1.0,0.0,7.029844040218336e-9,NaN,NaN,NaN,NaN,NaN,NaN,NaN,NaN,NaN,NaN,NaN
348,1.5,0.0,0.1,0.0,1.0,0.0001,0.0,0.0,0.0,1.3333333333333333,1.0,0.0001,1.0,4.0,0.02544469473453126,NaN,NaN,NaN,NaN,NaN,NaN,NaN,NaN,NaN,NaN,NaN
349,0.4,0.0,0.1,0.0,1.0,0.0001,0.0,0.0,1.0,1.3333333333333333,1.0,0.0001,1.0,270.0,0.009424282837331432,5.806178982553551,0.29568971586941534,0.43679730987547155,0.6016323031336684,0.2723927522482565,0.4222401497775339,-0.03394870247142589,0.07565383792296762,-0.08790327142952861,0.017088502009561198,-0.027726155553973356
350,0.5,0.0,0.1,0.0,1.0,0.0001,0.0,0.0,1.0,1.3333333333333333,1.0,0.0001,1.0,264.0,0.01403154096086029,6.626589892167401,0.28224454122235276,0.4161533658257669,0.6363837191440892,0.26159376125343164,0.44285737854225393,-0.10143540572497224,-0.006574437480007366,0.010146016861547038,-0.007353700299042629,-0.01935521365174557
351,0.6,0.0,0.1,0.0,1.0,0.0001,0.0,0.0,1.0,1.3333333333333333,1.0,0.0001,1.0,232.0,0.019956328773280574,7.391139419002836,0.27746290354871106,0.40275948085945185,0.6878636299397265,0.244338197617548,0.4467111315899509,0.0721978808016233,-0.034251003903868336,-0.1483729367612019,0.00927820120408371,0.0172505590197498
352,0.7,0.0,0.1,0.0,1.0,0.0001,0.0,0.0,1.0,1.3333333333333333,1.0,0.0001,1.0,258.0,0.026808194157880494,7.82068964158423,0.28645907069400633,0.3547632970565912,0.7097345645461114,0.20721725620835788,0.4325049109031009,-0.07624930070242437,-0.022248450136904713,-0.31278674951986607,-0.004357025580274883,-0.04424139406363401
353,0.8,0.0,0.1,0.0,1.0,0.0001,0.0,0.0,1.0,1.3333333333333333,1.0,0.0001,1.0,234.0,0.03408174113100515,8.172840669271173,0.2993127351447794,0.34614338936325584,0.7547899788790098,0.19866707688848248,0.4352861108033022,-0.03434936938495302,-0.021793774676819408,0.28817704715370646,0.004755867001692613,0.02222825175291687
354,0.9,0.0,0.1,0.0,1.0,0.0001,0.0,0.0,1.0,1.3333333333333333,1.0,0.0001,1.0,254.0,0.0403956131489589,8.258565191417876,0.31914598395604105,0.42434929847454933,0.638444474862515,0.24647808421528686,0.4578873162591194,-0.157963973916473,-0.020175259278511715,-0.2651064640389721,-0.011571242430129807,0.012103263553250946
355,1.0,0.0,0.1,0.0,1.0,0.0001,0.0,0.0,1.0,1.3333333333333333,1.0,0.0001,1.0,212.0,0.045174601465732045,8.406246184276892,0.35089099672782775,0.6516009196775816,0.42840045430162904,0.3545994067681578,0.5296467447598755,0.17593087573708974,0.11282548325986123,0.1112942432431075,0.005150392250719889,-0.04795144909291474
356,1.1,0.0,0.1,0.0,1.0,0.0001,0.0,0.0,1.0,1.3333333333333333,1.0,0.0001,1.0,184.0,0.0476608500179998,8.331931415993163,0.4029198842276457,0.7703092978684759,0.27496589335704885,0.42824885801160334,0.5888232307985055,0.22548251529720978,0.03487753394465062,-0.017480047062636922,0.033387345306376666,-0.1395079462678991
357,1.2,0.0,0.1,0.0,1.0,0.0001,0.0,0.0,1.0,1.3333333333333333,1.0,0.0001,1.0,112.0,0.04842431212754161,8.474304208379387,0.40027151299014246,0.69009242205861,0.37973031729639634,0.4415383042457279,0.5691496994903332,0.006905399034306092,0.017969915909090754,0.0003107300944663684,-0.0090431717343727,0.02286788767055331
358,1.3,0.0,0.1,0.0,1.0,0.0001,0.0,0.0,1.0,1.3333333333333333,1.0,0.0001,1.0,48.0,0.047641839918894036,8.912401701805187,0.45971361669678384,0.6400416676398107,0.4172378762065377,0.5093224820697446,0.5433383780295037,0.17348336096378536,0.01204982916358638,-0.034158500215379486,-0.043714699188788425,-0.0016687310479146233
359,1.4,0.0,0.1,0.0,1.0,0.0001,0.0,0.0,1.0,1.3333333333333333,1.0,0.0001,1.0,20.0,0.045641228545744594,9.22435470908552,0.504588738754264,0.5179717925923232,0.3873725013219152,0.4806242818816532,0.533992383288394,-0.5396685740002757,0.02016039976124092,0.006029964575586655,-0.01908098533695997,0.11321920317334101
360,1.5,0.0,0.1,0.0,1.0,0.0001,0.0,0.0,1.0,1.3333333333333333,1.0,0.0001,1.0,4.0,0.04311674800229137,NaN,NaN,NaN,NaN,NaN,NaN,NaN,NaN,NaN,NaN,NaN
361,0.4,0.0,0.1,0.0,1.0,0.0001,0.0,0.0,2.0,2.6666666666666665,1.0,0.0001,1.0,280.0,0.006967257185515219,6.770694250249025,0.29733058381196237,0.41018706639173463,0.6356932788028544,0.2660815920461104,0.440156949190741,0.18898446909891747,0.025246570178105,-0.006812390394844872,-0.015044014465810308,-0.0014771846267385101
362,0.5,0.0,0.1,0.0,1.0,0.0001,0.0,0.0,2.0,2.6666666666666665,1.0,0.0001,1.0,266.0,0.011428280669022517,7.564439387161921,0.27834103937132093,0.3843214444637084,0.6964261397008484,0.2308139475928963,0.3901143491228096,0.10790703349307007,-0.06241777182696805,0.19874957752588265,-0.009675012983201031,-0.010899014159343726
363,0.6,0.0,0.1,0.0,1.0,0.0001,0.0,0.0,2.0,2.6666666666666665,1.0,0.0001,1.0,266.0,0.017280124413075804,8.10128855644033,0.2695733571822082,0.32840376898652707,0.7296470554424234,0.21569158140082498,0.41375889141054645,0.04763358231812043,-0.027267578748117086,0.09409076467423844,-0.0064648947841003,-0.02969820293671778
364,0.7,0.0,0.1,0.0,1.0,0.0001,0.0,0.0,2.0,2.6666666666666665,1.0,0.0001,1.0,264.0,0.023800889794952096,8.41279421294394,0.28438766593326276,0.3003341071478982,0.7412479628290003,0.20727051164713134,0.4274430758095177,-0.11650362688461405,-0.0577183513834814,0.18578807316853355,-0.014106258105483957,-0.01983336562504936
365,0.8,0.0,0.1,0.0,1.0,0.0001,0.0,0.0,2.0,2.6666666666666665,1.0,0.0001,1.0,290.0,0.029418037630753235,8.35374799652559,0.29517688951923876,0.4025263194920847,0.6935185008463925,0.22760838418509735,0.45252484411328936,-0.017917764599524932,-0.015151449058315477,-0.18576113798367572,0.0003977513419783712,-0.019884315412759538
366,0.9,0.0,0.1,0.0,1.0,0.0001,0.0,0.0,2.0,2.6666666666666665,1.0,0.0001,1.0,222.0,0.03316089264368405,8.472820448413986,0.33454922369031903,0.5288841456954393,0.534631163487565,0.30092949979447664,0.542701012104553,-0.04330375750627604,-0.013643499135691765,0.06439903672042592,0.009029141079793405,-0.018703478218159566
367,1.0,0.0,0.1,0.0,1.0,0.0001,0.0,0.0,2.0,2.6666666666666665,1.0,0.0001,1.0,182.0,0.03416137028042032,8.325495914470432,0.3885851478278324,0.7165088744592482,0.3514880954238037,0.4294631448816651,0.5603248818890892,-0.13752876152115417,0.05129185748155466,0.015728688263703713,-0.03438703803110118,-0.020079154870572335
368,1.1,0.0,0.1,0.0,1.0,0.0001,0.0,0.0,2.0,2.6666666666666665,1.0,0.0001,1.0,82.0,0.03351648840354948,8.56186417809617,0.48460639530775923,0.6729015545729389,0.3372073185744262,0.49410275466477366,0.5593481039215649,0.2997663839214801,-0.10126147925865027,0.06147320472372232,-0.007044656863459422,0.03592411365019024
369,1.2,0.0,0.1,0.0,1.0,0.0001,0.0,0.0,2.0,2.6666666666666665,1.0,0.0001,1.0,30.0,0.03151706545933197,9.075560584498957,0.3773554932831549,0.6650525520562816,0.3988859422458529,0.45596224253473927,0.664816947233471,0.4759762347383494,0.17589343677869387,-0.20244342328467813,-0.009327481708967023,-0.06147418223542848
370,1.3,0.0,0.1,0.0,1.0,0.0001,0.0,0.0,2.0,2.6666666666666665,1.0,0.0001,1.0,8.0,0.029084314548353918,NaN,NaN,NaN,NaN,NaN,NaN,NaN,NaN,NaN,NaN,NaN
371,1.4,0.0,0.1,0.0,1.0,0.0001,0.0,0.0,2.0,2.6666666666666665,1.0,0.0001,1.0,0.0,3.630429290524262e-13,NaN,NaN,NaN,NaN,NaN,NaN,NaN,NaN,NaN,NaN,NaN
372,1.5,0.0,0.1,0.0,1.0,0.0001,0.0,0.0,2.0,2.6666666666666665,1.0,0.0001,1.0,0.0,2.699427747998584e-8,NaN,NaN,NaN,NaN,NaN,NaN,NaN,NaN,NaN,NaN,NaN
373,0.4,0.0,0.1,0.0,1.0,0.0001,0.0,0.0,4.0,5.333333333333333,1.0,0.0001,1.0,282.0,0.006004397158393127,7.640761955797001,0.2927431613328048,0.40759665159089536,0.6310472177088693,0.24767641950273608,0.415497451928879,-0.09618993630247419,-0.025378765900936025,-0.07593898500135655,-0.020016454308197783,0.008052945071146317
374,0.5,0.0,0.1,0.0,1.0,0.0001,0.0,0.0,4.0,5.333333333333333,1.0,0.0001,1.0,300.0,0.010856195419503223,8.280714717744903,0.2723249727792623,0.3351445901506072,0.7200857148591108,0.229016677288556,0.42263390306065124,-0.012461325237095543,-0.030566378598139318,0.15758972872551624,-0.026037148337188645,0.01248583757782154
375,0.6,0.0,0.1,0.0,1.0,0.0001,0.0,0.0,4.0,5.333333333333333,1.0,0.0001,1.0,260.0,0.017306902380523237,8.879658921296206,0.2680120801126186,0.28953525359383003,0.7308499147754507,0.25163993801236084,0.4192327420027073,0.17664979731578462,-0.01824751936630542,-0.15870685593385808,0.005331966410866921,0.062120093609887087
376,0.7,0.0,0.1,0.0,1.0,0.0001,0.0,0.0,4.0,5.333333333333333,1.0,0.0001,1.0,280.0,0.023300462733549354,8.815943084104449,0.26663288806647056,0.29924041403810686,0.7769641182906212,0.20271547256877365,0.40717373110754373,-0.023802732782918362,-0.03201313028850548,-0.010384768711984117,-0.006307646074069469,-0.026590925493702896
377,0.8,0.0,0.1,0.0,1.0,0.0001,0.0,0.0,4.0,5.333333333333333,1.0,0.0001,1.0,254.0,0.02636441475174489,8.58272662066112,0.3294659099987103,0.4453721989282788,0.6194374637398861,0.23933466783817234,0.48946706404086204,0.08940918727590412,0.035754515759480465,0.19415086018109357,0.01649141731165731,0.07295650043825595
378,0.9,0.0,0.1,0.0,1.0,0.0001,0.0,0.0,4.0,5.333333333333333,1.0,0.0001,1.0,202.0,0.02607960444212598,8.326347341167086,0.38489161722958043,0.711017903053593,0.3698480447217444,0.42648177957264444,0.6056581226060009,0.0672957595261072,0.022610080119796223,0.00600852721192292,-0.03218593268535151,0.0006281540509835066
379,1.0,0.0,0.1,0.0,1.0,0.0001,0.0,0.0,4.0,5.333333333333333,1.0,0.0001,1.0,70.0,0.024152749905684612,8.66611771460649,0.4093750181320402,0.6465103819965659,0.3882524370356289,0.42054647867312633,0.5681780929900996,0.21931758669867008,0.044914120918891444,-0.10351862659868888,-0.01240398250404603,0.009249055752645896
380,1.1,0.0,0.1,0.0,1.0,0.0001,0.0,0.0,4.0,5.333333333333333,1.0,0.0001,1.0,14.0,0.021436108727644454,9.437161970085768,0.31735563319184984,0.5155251872330926,0.48604669203618034,0.3614075871823549,0.39637658225646144,0.3058459489021272,-0.10204793896912734,-0.06920740948870155,0.05974917639569334,0.12377680755554772
381,1.2,0.0,0.1,0.0,1.0,0.0001,0.0,0.0,4.0,5.333333333333333,1.0,0.0001,1.0,4.0,0.018739585481591714,NaN,NaN,NaN,NaN,NaN,NaN,NaN,NaN,NaN,NaN,NaN
382,1.3,0.0,0.1,0.0,1.0,0.0001,0.0,0.0,4.0,5.333333333333333,1.0,0.0001,1.0,2.0,0.016315929457892064,NaN,NaN,NaN,NaN,NaN,NaN,NaN,NaN,NaN,NaN,NaN
383,1.4,0.0,0.1,0.0,1.0,0.0001,0.0,0.0,4.0,5.333333333333333,1.0,0.0001,1.0,0.0,2.3741009158584347e-12,NaN,NaN,NaN,NaN,NaN,NaN,NaN,NaN,NaN,NaN,NaN
384,1.5,0.0,0.1,0.0,1.0,0.0001,0.0,0.0,4.0,5.333333333333333,1.0,0.0001,1.0,0.0,8.881784197001252e-16,NaN,NaN,NaN,NaN,NaN,NaN,NaN,NaN,NaN,NaN,NaN
385,0.4,0.0,0.1,0.0,1.0,0.0001,0.0,0.0,6.0,8.0,1.0,0.0001,1.0,276.0,0.005970980704532558,8.195739060900843,0.2762478645887293,0.35488798163109,0.6595879198421963,0.2637497546906644,0.37307253269788404,0.08481403250218555,0.008194935369465145,0.14768008910670927,0.03826241065734587,-0.04779880576463379
386,0.5,0.0,0.1,0.0,1.0,0.0001,0.0,0.0,6.0,8.0,1.0,0.0001,1.0,302.0,0.011544415919103379,8.892542923667165,0.2440348114332536,0.3023734216097402,0.7219002567569487,0.24736120926913802,0.3507517198706877,0.13646437433710248,-0.02626851501933088,-0.014689638208028079,0.015172325385296217,0.042696543603611505
387,0.6,0.0,0.1,0.0,1.0,0.0001,0.0,0.0,6.0,8.0,1.0,0.0001,1.0,246.0,0.018993294637824953,9.465698909281848,0.2389061821533107,0.25304434402664866,0.7853922315891289,0.21713190971370527,0.32358769571756985,0.0963079573336814,0.09987282384754491,0.022793579809722183,0.007270170691259869,0.03703075356411429
388,0.7,0.0,0.1,0.0,1.0,0.0001,0.0,0.0,6.0,8.0,1.0,0.0001,1.0,272.0,0.024255758969587093,9.150507589351573,0.2701801923367333,0.3074554733480321,0.7554686811546417,0.21169261078434468,0.4121178388441133,0.06625806203742846,-0.0235981928515298,-0.18545655658503613,-0.004287626481281164,-0.004649935578670093
389,0.8,0.0,0.1,0.0,1.0,0.0001,0.0,0.0,6.0,8.0,1.0,0.0001,1.0,234.0,0.02463249716574689,8.534446079677972,0.3092385289007804,0.6193536418114065,0.4492137111039317,0.30984109634735685,0.5380790614224913,0.08869538565749535,0.0893559284310035,-0.04954153252199971,-0.025731054554939875,-0.08841831033185314
390,0.9,0.0,0.1,0.0,1.0,0.0001,0.0,0.0,6.0,8.0,1.0,0.0001,1.0,130.0,0.02200526951924897,8.411115625205495,0.41627755996583304,0.6895910293354341,0.3538628895170003,0.446811819355893,0.5902948921733903,-0.012772022040852185,0.04322911042386717,0.004356354912975015,0.01225861965893264,-0.002548887549268366
391,1.0,0.0,0.1,0.0,1.0,0.0001,0.0,0.0,6.0,8.0,1.0,0.0001,1.0,30.0,0.018765479652221972,9.062307944621942,0.4241230013917748,0.679061737888314,0.32944266558574486,0.51273728915007,0.631916495596535,-0.08194693692792356,-0.007004414238083951,0.20043965484466814,-0.014598781612650458,-0.08065614724362068
392,1.1,0.0,0.1,0.0,1.0,0.0001,0.0,0.0,6.0,8.0,1.0,0.0001,1.0,6.0,0.015688559544354552,NaN,NaN,NaN,NaN,NaN,NaN,NaN,NaN,NaN,NaN,NaN
393,1.2,0.0,0.1,0.0,1.0,0.0001,0.0,0.0,6.0,8.0,1.0,0.0001,1.0,4.0,0.013292009015039907,NaN,NaN,NaN,NaN,NaN,NaN,NaN,NaN,NaN,NaN,NaN
394,1.3,0.0,0.1,0.0,1.0,0.0001,0.0,0.0,6.0,8.0,1.0,0.0001,1.0,0.0,3.703704010149522e-13,NaN,NaN,NaN,NaN,NaN,NaN,NaN,NaN,NaN,NaN,NaN
395,1.4,0.0,0.1,0.0,1.0,0.0001,0.0,0.0,6.0,8.0,1.0,0.0001,1.0,0.0,1.56097357262297e-13,NaN,NaN,NaN,NaN,NaN,NaN,NaN,NaN,NaN,NaN,NaN
396,1.5,0.0,0.1,0.0,1.0,0.0001,0.0,0.0,6.0,8.0,1.0,0.0001,1.0,0.0,1.992628284597231e-12,NaN,NaN,NaN,NaN,NaN,NaN,NaN,NaN,NaN,NaN,NaN
397,0.4,0.0,0.1,0.0,1.0,0.0001,0.0,0.0,8.0,10.666666666666666,1.0,0.0001,1.0,278.0,0.00622691792181701,8.544980154379822,0.25949191398168636,0.3386970134044575,0.6687328751933932,0.272749196404216,0.36949378737850963,0.005689387443663069,0.0008453287646579612,-0.07622924931372563,-0.006699291092527441,0.02150471560328778
398,0.5,0.0,0.1,0.0,1.0,0.0001,0.0,0.0,8.0,10.666666666666666,1.0,0.0001,1.0,286.0,0.012912553324520737,9.540339554923865,0.24007463722299,0.26216816983567043,0.7325150231554659,0.25369407445833075,0.2969244479101977,-0.15760339481532235,-0.015040163299782335,0.22817463810933653,0.028216765483264267,-0.012558588485846692
399,0.6,0.0,0.1,0.0,1.0,0.0001,0.0,0.0,8.0,10.666666666666666,1.0,0.0001,1.0,306.0,0.021453647805874665,10.045551921903563,0.24165545892833032,0.23489583816224593,0.7847057564406668,0.2088336251211578,0.32962521375404114,0.28200361153978815,-0.027298911623497756,-0.31818332416646605,0.038546396010084125,-0.06734551707098571
400,0.7,0.0,0.1,0.0,1.0,0.0001,0.0,0.0,8.0,10.666666666666666,1.0,0.0001,1.0,274.0,0.025782732961906363,9.375698114076972,0.2458164544071354,0.26293713227494425,0.7949223148720672,0.199906391642428,0.36986473911692486,0.009693958876089353,-0.004423731827481246,-0.18149588264038366,-0.003908297114578721,0.010911776161617542
401,0.8,0.0,0.1,0.0,1.0,0.0001,0.0,0.0,8.0,10.666666666666666,1.0,0.0001,1.0,248.0,0.02317744231990415,8.444293883994119,0.3615615744771892,0.663855357145001,0.4059708488888031,0.37681188795566084,0.5722651394040279,-0.13658507654311522,0.035849447934154656,0.10936266169029736,0.022516296254995422,-0.10141808886007832
402,0.9,0.0,0.1,0.0,1.0,0.0001,0.0,0.0,8.0,10.666666666666666,1.0,0.0001,1.0,93.0,0.019037105182534653,8.432921256384054,0.46021915309977574,0.6655791905437897,0.35762977283441283,0.4742974484635175,0.5442585252398062,0.5742318644266363,0.07845196431962748,0.00045710273781480163,0.017174970572347306,-0.042548832974725705
403,1.0,0.0,0.1,0.0,1.0,0.0001,0.0,0.0,8.0,10.666666666666666,1.0,0.0001,1.0,12.0,0.015340183528927631,NaN,NaN,NaN,NaN,NaN,NaN,NaN,NaN,NaN,NaN,NaN
404,1.1,0.0,0.1,0.0,1.0,0.0001,0.0,0.0,8.0,10.666666666666666,1.0,0.0001,1.0,2.0,0.012432106018008371,NaN,NaN,NaN,NaN,NaN,NaN,NaN,NaN,NaN,NaN,NaN
405,1.2,0.0,0.1,0.0,1.0,0.0001,0.0,0.0,8.0,10.666666666666666,1.0,0.0001,1.0,4.0,0.01031943701359217,NaN,NaN,NaN,NaN,NaN,NaN,NaN,NaN,NaN,NaN,NaN
406,1.3,0.0,0.1,0.0,1.0,0.0001,0.0,0.0,8.0,10.666666666666666,1.0,0.0001,1.0,0.0,3.9284286934559987e-10,NaN,NaN,NaN,NaN,NaN,NaN,NaN,NaN,NaN,NaN,NaN
407,1.4,0.0,0.1,0.0,1.0,0.0001,0.0,0.0,8.0,10.666666666666666,1.0,0.0001,1.0,0.0,1.0191847366058937e-13,NaN,NaN,NaN,NaN,NaN,NaN,NaN,NaN,NaN,NaN,NaN
408,1.5,0.0,0.1,0.0,1.0,0.0001,0.0,0.0,8.0,10.666666666666666,1.0,0.0001,1.0,0.0,1.687538997430238e-13,NaN,NaN,NaN,NaN,NaN,NaN,NaN,NaN,NaN,NaN,NaN
409,0.4,0.0,0.1,0.0,1.0,0.0001,0.0,0.0,10.0,13.333333333333332,1.0,0.0001,1.0,280.0,0.0066796754435946015,9.094320572992295,0.2512800081168554,0.34902805855433405,0.6286863798983061,0.27219702123072065,0.33271100293725203,-0.17011439656990887,0.01319404300974709,-0.01313134176447237,-0.011583104754345243,-0.021680606955369466
410,0.5,0.0,0.1,0.0,1.0,0.0001,0.0,0.0,10.0,13.333333333333332,1.0,0.0001,1.0,294.0,0.01487055683674987,10.591214655233312,0.1975226036306338,0.29526706313569984,0.670632046970873,0.3128537223475238,0.2904397718033801,-0.07186739412830664,0.009264380759147412,0.049491767085953105,0.009260671011957235,-0.011579215773316243
411,0.6,0.0,0.1,0.0,1.0,0.0001,0.0,0.0,10.0,13.333333333333332,1.0,0.0001,1.0,312.0,0.02543826404598193,11.237569637699908,0.196672989330971,0.2733609303259417,0.6421684127657549,0.33556807652209125,0.2849160925231469,0.0977103971836457,-0.029834000030404192,-0.1106836032774068,-0.001963439875583178,-0.014433534888885694
412,0.7,0.0,0.1,0.0,1.0,0.0001,0.0,0.0,10.0,13.333333333333332,1.0,0.0001,1.0,252.0,0.027947876007072492,9.700215970191442,0.2311529311905814,0.23734490855100565,0.8245796929867234,0.1936799889544972,0.3280841090674134,-0.0328360788779162,0.004838628005967348,-0.3584349970599736,-0.0042121203177280615,0.058500019858163395
413,0.8,0.0,0.1,0.0,1.0,0.0001,0.0,0.0,10.0,13.333333333333332,1.0,0.0001,1.0,218.0,0.022074648305611566,8.378513382239914,0.3537747770513236,0.692154674463917,0.39802239022680425,0.3595647290902865,0.607747156484047,0.03586700052552808,-0.08519455671670842,0.022324278529340977,-0.020960644090763505,0.037200928039752945
414,0.9,0.0,0.1,0.0,1.0,0.0001,0.0,0.0,10.0,13.333333333333332,1.0,0.0001,1.0,56.0,0.016810367785906832,8.70469978171867,0.4052893386268951,0.6364702725324317,0.3660949963106154,0.4196342471324289,0.5258411049213454,-0.16293655422756467,0.11118892251844317,0.024799783907484697,0.052804726180476005,-0.07919793318508736
415,1.0,0.0,0.1,0.0,1.0,0.0001,0.0,0.0,10.0,13.333333333333332,1.0,0.0001,1.0,8.0,0.01295423303488441,NaN,NaN,NaN,NaN,NaN,NaN,NaN,NaN,NaN,NaN,NaN
416,1.1,0.0,0.1,0.0,1.0,0.0001,0.0,0.0,10.0,13.333333333333332,1.0,0.0001,1.0,4.0,0.010286631150781878,NaN,NaN,NaN,NaN,NaN,NaN,NaN,NaN,NaN,NaN,NaN
417,1.2,0.0,0.1,0.0,1.0,0.0001,0.0,0.0,10.0,13.333333333333332,1.0,0.0001,1.0,0.0,1.8443246929678025e-11,NaN,NaN,NaN,NaN,NaN,NaN,NaN,NaN,NaN,NaN,NaN
418,1.3,0.0,0.1,0.0,1.0,0.0001,0.0,0.0,10.0,13.333333333333332,1.0,0.0001,1.0,0.0,2.688516076432279e-12,NaN,NaN,NaN,NaN,NaN,NaN,NaN,NaN,NaN,NaN,NaN
419,1.4,0.0,0.1,0.0,1.0,0.0001,0.0,0.0,10.0,13.333333333333332,1.0,0.0001,1.0,0.0,2.19824158875781e-14,NaN,NaN,NaN,NaN,NaN,NaN,NaN,NaN,NaN,NaN,NaN
420,1.5,0.0,0.1,0.0,1.0,0.0001,0.0,0.0,10.0,13.333333333333332,1.0,0.0001,1.0,0.0,6.661338147750939e-16,NaN,NaN,NaN,NaN,NaN,NaN,NaN,NaN,NaN,NaN,NaN
421,0.4,0.0,0.1,0.0,1.0,0.0001,0.0,0.0,12.0,16.0,1.0,0.0001,1.0,293.0,0.007271236945825155,9.501576205862131,0.22957767944720098,0.30753832695176114,0.7105286435990905,0.2796314143467108,0.33171277780647,0.07785927893416673,-0.0041351317799762435,0.07059661734853448,0.011944564447959563,0.03154097511263531
422,0.5,0.0,0.1,0.0,1.0,0.0001,0.0,0.0,12.0,16.0,1.0,0.0001,1.0,310.0,0.017623809366882015,12.723957582652426,0.17980325350282192,0.31598695704000973,0.5373347578916841,0.4014276855606854,0.3080412793096713,-0.058600379931007314,-0.004335124953087258,0.022402811432322044,-0.009438609704572961,-0.047539934166871176
423,0.6,0.0,0.1,0.0,1.0,0.0001,0.0,0.0,12.0,16.0,1.0,0.0001,1.0,334.0,0.030924502565498613,14.563721582506629,0.18571869466658886,0.30591774131382315,0.5014076162901988,0.41422618364237923,0.3130259779436913,0.09169101965875726,0.03154660658376242,-0.05107239365008983,0.0021369715508712853,-0.018101041798232877
424,0.7,0.0,0.1,0.0,1.0,0.0001,0.0,0.0,12.0,16.0,1.0,0.0001,1.0,278.0,0.030579937406791657,9.80224960111451,0.23199463712143384,0.24517012492633247,0.7648477652524148,0.23796310451643043,0.3213084314792269,0.05866759654445164,-0.027482074918050315,0.16778400573819166,0.02331767691324583,-0.03813088354917752
425,0.8,0.0,0.1,0.0,1.0,0.0001,0.0,0.0,12.0,16.0,1.0,0.0001,1.0,224.0,0.020971006597236164,8.349490766266596,0.35332682491560785,0.6555276638167488,0.4341305802674421,0.36730945973266216,0.5805629452704625,0.09922197744299995,-0.04302581253498102,0.02119777190008971,0.007898091640260998,-0.0008619687119198177
426,0.9,0.0,0.1,0.0,1.0,0.0001,0.0,0.0,12.0,16.0,1.0,0.0001,1.0,42.0,0.01503534218635516,8.814544042776454,0.46585302792432415,0.6309941144239266,0.36904388419292505,0.5088892714804955,0.49293806256928446,0.005706496023396576,0.014509681356651486,0.11840136809183163,0.020558912602743725,-0.07851239113920383
427,1.0,0.0,0.1,0.0,1.0,0.0001,0.0,0.0,12.0,16.0,1.0,0.0001,1.0,8.0,0.01120406606266644,NaN,NaN,NaN,NaN,NaN,NaN,NaN,NaN,NaN,NaN,NaN
428,1.1,0.0,0.1,0.0,1.0,0.0001,0.0,0.0,12.0,16.0,1.0,0.0001,1.0,0.0,4.2411763656602375e-8,NaN,NaN,NaN,NaN,NaN,NaN,NaN,NaN,NaN,NaN,NaN
429,1.2,0.0,0.1,0.0,1.0,0.0001,0.0,0.0,12.0,16.0,1.0,0.0001,1.0,2.0,0.0071631110769390105,NaN,NaN,NaN,NaN,NaN,NaN,NaN,NaN,NaN,NaN,NaN
430,1.3,0.0,0.1,0.0,1.0,0.0001,0.0,0.0,12.0,16.0,1.0,0.0001,1.0,0.0,2.2425941104131653e-9,NaN,NaN,NaN,NaN,NaN,NaN,NaN,NaN,NaN,NaN,NaN
431,1.4,0.0,0.1,0.0,1.0,0.0001,0.0,0.0,12.0,16.0,1.0,0.0001,1.0,4.0,0.005177160140215964,NaN,NaN,NaN,NaN,NaN,NaN,NaN,NaN,NaN,NaN,NaN
432,1.5,0.0,0.1,0.0,1.0,0.0001,0.0,0.0,12.0,16.0,1.0,0.0001,1.0,0.0,8.881784197001252e-16,NaN,NaN,NaN,NaN,NaN,NaN,NaN,NaN,NaN,NaN,NaN
433,0.4,0.0,0.1,0.0,1.0,0.0001,0.0,0.0,14.0,18.666666666666664,1.0,0.0001,1.0,296.0,0.008080332836575777,10.21995622074265,0.21318861114149568,0.3225089858855648,0.5950792663981607,0.34628607259205,0.3214776910409219,-0.08379496885084291,-0.039774382920770374,0.034326468444328295,0.01454193786726147,-0.0036817883407651328
434,0.5,0.0,0.1,0.0,1.0,0.0001,0.0,0.0,14.0,18.666666666666664,1.0,0.0001,1.0,336.0,0.020470482484704178,20.809499020938294,0.17595915910113116,0.25605876487048845,0.3626044831472463,0.4200745008940138,0.4238846172777085,0.03489882260594925,0.04032508665118287,-0.03469303808000319,-0.0019336772922599508,-0.007746813763263566
435,0.6,0.0,0.1,0.0,1.0,0.0001,0.0,0.0,14.0,18.666666666666664,1.0,0.0001,1.0,324.0,0.034588713886740674,23.927500891907577,0.18441384537871677,0.2500309143261127,0.3195419331078061,0.3980343426797346,0.44657398460562864,-0.07999789076465925,-0.07536070723655032,-0.009289260915186729,0.008792448965961272,-0.05488737691586453
436,0.7,0.0,0.1,0.0,1.0,0.0001,0.0,0.0,14.0,18.666666666666664,1.0,0.0001,1.0,315.0,0.03394250887399797,10.106236354316687,0.2230909570423456,0.2958230051401985,0.7078432583622287,0.2817124189158009,0.316703841827929,0.070360238020484,0.004363426162125342,-0.16266950955090598,-0.03522903110932314,-0.04280430208801132
437,0.8,0.0,0.1,0.0,1.0,0.0001,0.0,0.0,14.0,18.666666666666664,1.0,0.0001,1.0,220.0,0.020021562510276536,8.287351172600092,0.38191067796173667,0.6442859941799269,0.42005100507334175,0.40255561118974575,0.5360230960508973,0.014819364983627924,0.03893063465562306,-0.02034194822136232,-0.019110221218616025,-0.016671207180388233
438,0.9,0.0,0.1,0.0,1.0,0.0001,0.0,0.0,14.0,18.666666666666664,1.0,0.0001,1.0,32.0,0.013582986739674618,8.772586907000175,0.4784625893286613,0.6276816153793164,0.3679457772680663,0.47696801486524265,0.5593852941815791,-0.5071517844992488,-0.11733114814268976,0.025841517726497017,-0.006546754896645713,-0.017828419352234247
439,1.0,0.0,0.1,0.0,1.0,0.0001,0.0,0.0,14.0,18.666666666666664,1.0,0.0001,1.0,0.0,4.00453072924023e-8,NaN,NaN,NaN,NaN,NaN,NaN,NaN,NaN,NaN,NaN,NaN
440,1.1,0.0,0.1,0.0,1.0,0.0001,0.0,0.0,14.0,18.666666666666664,1.0,0.0001,1.0,4.0,0.007648113148640778,NaN,NaN,NaN,NaN,NaN,NaN,NaN,NaN,NaN,NaN,NaN
441,1.2,0.0,0.1,0.0,1.0,0.0001,0.0,0.0,14.0,18.666666666666664,1.0,0.0001,1.0,0.0,1.061644772093473e-9,NaN,NaN,NaN,NaN,NaN,NaN,NaN,NaN,NaN,NaN,NaN
442,1.3,0.0,0.1,0.0,1.0,0.0001,0.0,0.0,14.0,18.666666666666664,1.0,0.0001,1.0,0.0,9.903189379656396e-12,NaN,NaN,NaN,NaN,NaN,NaN,NaN,NaN,NaN,NaN,NaN
443,1.4,0.0,0.1,0.0,1.0,0.0001,0.0,0.0,14.0,18.666666666666664,1.0,0.0001,1.0,0.0,1.3988810110276972e-14,NaN,NaN,NaN,NaN,NaN,NaN,NaN,NaN,NaN,NaN,NaN
444,1.5,0.0,0.1,0.0,1.0,0.0001,0.0,0.0,14.0,18.666666666666664,1.0,0.0001,1.0,NaN,NaN,NaN,NaN,NaN,NaN,NaN,NaN,NaN,NaN,NaN,NaN,NaN
445,0.4,0.0,0.1,0.0,1.0,0.0001,0.0,0.0,16.0,21.333333333333332,1.0,0.0001,1.0,334.0,0.009063037496718718,11.269696159596263,0.19750526552151082,0.3136948839483933,0.5537805122875857,0.3857630006888294,0.3116557191317948,-0.09843673422619922,0.04169690625044724,0.1132233277592075,0.0011776670611951291,0.02441480577929536
446,0.5,0.0,0.1,0.0,1.0,0.0001,0.0,0.0,16.0,21.333333333333332,1.0,0.0001,1.0,271.0,0.024170471193348142,32.74041396558225,0.23157141563714634,0.30458357720356166,0.37501486904071785,0.4110351302480821,0.42110101939488365,-0.018873003277550617,0.008888477342300919,-0.00034569527571591774,0.026859073022052905,0.057649578039805735
447,0.6,0.0,0.1,0.0,1.0,0.0001,0.0,0.0,16.0,21.333333333333332,1.0,0.0001,1.0,103.0,0.041713862822365,47.79826046181378,0.3935978129908198,0.48501061072703056,0.4400051713094888,0.458947124658218,0.4822056681028841,-0.09495903794501054,-0.10872030167275519,-0.01493538015637281,0.001790724010955931,0.07611860678912517
448,0.7,0.0,0.1,0.0,1.0,0.0001,0.0,0.0,16.0,21.333333333333332,1.0,0.0001,1.0,310.0,0.03919982882165973,10.583640792606635,0.19851017293949394,0.2848066887578462,0.6777405819981266,0.30510129173849965,0.2629159410164808,-0.044430200466366664,-0.03567350520065118,0.0059615039339109095,0.012653993942462777,-0.017723056251329677
449,0.8,0.0,0.1,0.0,1.0,0.0001,0.0,0.0,16.0,21.333333333333332,1.0,0.0001,1.0,208.0,0.01917807824921025,8.219895759446446,0.37972566654175577,0.6724949736634833,0.36620816076342905,0.40344897033207544,0.5890312240987788,-0.08985276042923675,0.06111690925756351,0.06809518166657273,0.009952285240795403,-0.017820623805826167
450,0.9,0.0,0.1,0.0,1.0,0.0001,0.0,0.0,16.0,21.333333333333332,1.0,0.0001,1.0,22.0,0.012394069992055612,9.245948384641789,0.38892374250370854,0.5617860325360885,0.5007616961137483,0.472393039867996,0.6493189068712576,0.19330374921496388,-0.04336059239383656,-0.34168271097311,-0.028619435979485377,-0.09837654938312247
451,1.0,0.0,0.1,0.0,1.0,0.0001,0.0,0.0,16.0,21.333333333333332,1.0,0.0001,1.0,4.0,0.00880475445764528,NaN,NaN,NaN,NaN,NaN,NaN,NaN,NaN,NaN,NaN,NaN
452,1.1,0.0,0.1,0.0,1.0,0.0001,0.0,0.0,16.0,21.333333333333332,1.0,0.0001,1.0,0.0,2.699811374462513e-8,NaN,NaN,NaN,NaN,NaN,NaN,NaN,NaN,NaN,NaN,NaN
453,1.2,0.0,0.1,0.0,1.0,0.0001,0.0,0.0,16.0,21.333333333333332,1.0,0.0001,1.0,0.0,8.698930464845489e-11,NaN,NaN,NaN,NaN,NaN,NaN,NaN,NaN,NaN,NaN,NaN
454,1.3,0.0,0.1,0.0,1.0,0.0001,0.0,0.0,16.0,21.333333333333332,1.0,0.0001,1.0,0.0,6.399325513939402e-12,NaN,NaN,NaN,NaN,NaN,NaN,NaN,NaN,NaN,NaN,NaN
455,1.4,0.0,0.1,0.0,1.0,0.0001,0.0,0.0,16.0,21.333333333333332,1.0,0.0001,1.0,0.0,8.43769498715119e-14,NaN,NaN,NaN,NaN,NaN,NaN,NaN,NaN,NaN,NaN,NaN
456,1.5,0.0,0.1,0.0,1.0,0.0001,0.0,0.0,16.0,21.333333333333332,1.0,0.0001,1.0,NaN,NaN,NaN,NaN,NaN,NaN,NaN,NaN,NaN,NaN,NaN,NaN,NaN
457,0.4,0.0,0.1,0.0,1.0,0.0001,0.0,0.0,18.0,24.0,1.0,0.0001,1.0,316.0,0.010316879404272783,14.238220046682615,0.19684610612577758,0.2970777046559103,0.45799834740239914,0.4414703797167598,0.3414645604197477,0.0758022088118238,-0.032275086382249546,0.06294578170229129,-0.017018836745682154,-0.0023182507924730355
458,0.5,0.0,0.1,0.0,1.0,0.0001,0.0,0.0,18.0,24.0,1.0,0.0001,1.0,33.0,0.05774868594748128,90.88600493185707,0.33805637578883263,0.4261454835370867,0.5027868433090358,0.46012703536881444,0.451755175612865,0.12254811041515419,-0.12036544858199794,0.06701090841066894,-0.002162557990769468,0.07442982018192432
459,0.6,0.0,0.1,0.0,1.0,0.0001,0.0,0.0,18.0,24.0,1.0,0.0001,1.0,26.0,0.07750777338555903,86.8758413696829,0.4684836217509868,0.49147398117045904,0.44785134455137837,0.482855342830904,0.5066071666200878,0.18895723111314436,0.03100538993553522,-0.02837535215597504,0.061597853671210935,0.0610208581031562
460,0.7,0.0,0.1,0.0,1.0,0.0001,0.0,0.0,18.0,24.0,1.0,0.0001,1.0,324.0,0.047241210429189495,11.542206086128232,0.1795981893152169,0.2865732120195633,0.6291294766024782,0.3498103264511353,0.28922358369366524,-0.0003426800605028653,0.024491278451925225,-0.11600900588369281,-0.015301815914153966,-0.029658829884854323
461,0.8,0.0,0.1,0.0,1.0,0.0001,0.0,0.0,18.0,24.0,1.0,0.0001,1.0,185.0,0.01844242995515255,8.265214993572922,0.40223858537595614,0.6337213814675703,0.4010815639110164,0.40398595312728725,0.5672178064104574,-0.1586839402896537,0.03436570125875237,0.08286556794679979,0.05572487991508328,-0.009102333621667326
462,0.9,0.0,0.1,0.0,1.0,0.0001,0.0,0.0,18.0,24.0,1.0,0.0001,1.0,20.0,0.011382096770834238,9.026045594158994,0.4751244986417641,0.5564260338416054,0.4208960828639089,0.4858177443648985,0.5160836022603495,-0.4268451901742348,0.18173000892374783,0.04933980321854295,-0.017348286271979395,0.023344888408931688
463,1.0,0.0,0.1,0.0,1.0,0.0001,0.0,0.0,18.0,24.0,1.0,0.0001,1.0,2.0,0.007971546224072035,NaN,NaN,NaN,NaN,NaN,NaN,NaN,NaN,NaN,NaN,NaN
464,1.1,0.0,0.1,0.0,1.0,0.0001,0.0,0.0,18.0,24.0,1.0,0.0001,1.0,0.0,5.2210014089837387e-11,NaN,NaN,NaN,NaN,NaN,NaN,NaN,NaN,NaN,NaN,NaN
465,1.2,0.0,0.1,0.0,1.0,0.0001,0.0,0.0,18.0,24.0,1.0,0.0001,1.0,4.0,0.004867737736784061,NaN,NaN,NaN,NaN,NaN,NaN,NaN,NaN,NaN,NaN,NaN
466,1.3,0.0,0.1,0.0,1.0,0.0001,0.0,0.0,18.0,24.0,1.0,0.0001,1.0,0.0,2.2670754162845697e-13,NaN,NaN,NaN,NaN,NaN,NaN,NaN,NaN,NaN,NaN,NaN
467,1.4,0.0,0.1,0.0,1.0,0.0001,0.0,0.0,18.0,24.0,1.0,0.0001,1.0,0.0,3.2573943542502093e-13,NaN,NaN,NaN,NaN,NaN,NaN,NaN,NaN,NaN,NaN,NaN
468,1.5,0.0,0.1,0.0,1.0,0.0001,0.0,0.0,18.0,24.0,1.0,0.0001,1.0,NaN,NaN,NaN,NaN,NaN,NaN,NaN,NaN,NaN,NaN,NaN,NaN,NaN
469,0.4,0.0,0.1,0.0,1.0,0.0001,0.0,0.0,20.0,26.666666666666664,1.0,0.0001,1.0,362.0,0.011203982427377968,21.27269817433198,0.18164787928469822,0.24052215551585013,0.35812608127748574,0.38867043200240237,0.4600629014751935,0.11724360289948786,0.006043594162094518,0.05141380859941648,-0.0022886921527236342,0.03159757647700398
470,0.5,0.0,0.1,0.0,1.0,0.0001,0.0,0.0,20.0,26.666666666666664,1.0,0.0001,1.0,16.0,0.06626660943554247,129.45546995124488,0.4264226705386402,0.5119581162779978,0.4216782868683671,0.5019320474272363,0.5089662325684353,-0.15837904469395928,-0.1823910576283211,-0.011404117659540703,0.07956627947825531,-0.13224624091633236
471,0.6,0.0,0.1,0.0,1.0,0.0001,0.0,0.0,20.0,26.666666666666664,1.0,0.0001,1.0,26.0,0.07953780771189545,87.41766727117002,0.395833677614857,0.521459886670902,0.42962595209716226,0.47556026233457876,0.4782954500041908,-0.04730856001840933,-0.08106501679795931,0.011696056381883708,-0.0887095143096323,-0.01974909894801532
472,0.7,0.0,0.1,0.0,1.0,0.0001,0.0,0.0,20.0,26.666666666666664,1.0,0.0001,1.0,285.0,0.08816261784082946,16.521848875816115,0.3377109333947689,0.3954186507795482,0.5066212758940541,0.4223673834019561,0.43851469567978985,0.27620565138588066,-0.012932600309543293,0.03245518835506616,-0.002586657454575316,0.0015339294992019758
473,0.8,0.0,0.1,0.0,1.0,0.0001,0.0,0.0,20.0,26.666666666666664,1.0,0.0001,1.0,176.0,0.017708101270336507,8.259967019492311,0.3889061890732038,0.7681233998089514,0.28399446079403545,0.4202971091641942,0.6654898534777169,-0.047808858484972794,0.05795178008287483,0.006789030664406777,-0.01713185076003959,-0.03202848020522299
474,0.9,0.0,0.1,0.0,1.0,0.0001,0.0,0.0,20.0,26.666666666666664,1.0,0.0001,1.0,18.0,0.010514247582371405,9.033987466941687,0.4906922985208505,0.6636006318079262,0.333383196920759,0.4979603034757025,0.5597915439567096,-0.6028259633821572,0.23352249475814035,-0.17428958650058426,0.10445693897404633,0.08457986428199761
475,1.0,0.0,0.1,0.0,1.0,0.0001,0.0,0.0,20.0,26.666666666666664,1.0,0.0001,1.0,4.0,0.007297514963718443,NaN,NaN,NaN,NaN,NaN,NaN,NaN,NaN,NaN,NaN,NaN
476,1.1,0.0,0.1,0.0,1.0,0.0001,0.0,0.0,20.0,26.666666666666664,1.0,0.0001,1.0,0.0,8.774881208317709e-7,NaN,NaN,NaN,NaN,NaN,NaN,NaN,NaN,NaN,NaN,NaN
477,1.2,0.0,0.1,0.0,1.0,0.0001,0.0,0.0,20.0,26.666666666666664,1.0,0.0001,1.0,0.0,1.6976198224938344e-10,NaN,NaN,NaN,NaN,NaN,NaN,NaN,NaN,NaN,NaN,NaN
478,1.3,0.0,0.1,0.0,1.0,0.0001,0.0,0.0,20.0,26.666666666666664,1.0,0.0001,1.0,0.0,1.219024881038422e-13,NaN,NaN,NaN,NaN,NaN,NaN,NaN,NaN,NaN,NaN,NaN
479,1.4,0.0,0.1,0.0,1.0,0.0001,0.0,0.0,20.0,26.666666666666664,1.0,0.0001,1.0,0.0,2.666755705149626e-13,NaN,NaN,NaN,NaN,NaN,NaN,NaN,NaN,NaN,NaN,NaN
480,1.5,0.0,0.1,0.0,1.0,0.0001,0.0,0.0,20.0,26.666666666666664,1.0,0.0001,1.0,NaN,NaN,NaN,NaN,NaN,NaN,NaN,NaN,NaN,NaN,NaN,NaN,NaN
481,0.4,0.0,0.1,0.0,1.0,0.0001,0.0,0.0,22.0,29.333333333333332,1.0,0.0001,1.0,246.0,0.023055114825047685,35.22587301998148,0.210459293061342,0.25346646015591945,0.32239893883278026,0.36118444383910076,0.48298815690311525,0.04268495418274266,0.01827985222105744,0.09716357178991174,-0.006410194511114049,0.08920063122801515
482,0.5,0.0,0.1,0.0,1.0,0.0001,0.0,0.0,22.0,29.333333333333332,1.0,0.0001,1.0,22.0,0.06215824306536927,110.74330855355724,0.3609706396006889,0.457826939121392,0.4155752516823888,0.45513332910167653,0.48114446734949234,0.2252352038303496,-0.09510533621346938,-0.15047753040918568,-0.05176499173728984,0.038476564838357104
483,0.6,0.0,0.1,0.0,1.0,0.0001,0.0,0.0,22.0,29.333333333333332,1.0,0.0001,1.0,0.0,0.0762324409551618,NaN,NaN,NaN,NaN,NaN,NaN,NaN,NaN,NaN,NaN,NaN
484,0.7,0.0,0.1,0.0,1.0,0.0001,0.0,0.0,22.0,29.333333333333332,1.0,0.0001,1.0,65.0,0.2117212585983947,25.02562616910437,0.3941595579538865,0.4086548178323616,0.45871266510273867,0.3978682760876801,0.44062542449697106,-0.16310345891102987,0.0260040773042464,0.05876035411179805,0.00962716746570179,0.013349558308074915
485,0.8,0.0,0.1,0.0,1.0,0.0001,0.0,0.0,22.0,29.333333333333332,1.0,0.0001,1.0,162.0,0.017060660915898196,8.308057287524745,0.4282347185776491,0.681164262911267,0.3470200203121229,0.44097408552467354,0.5603088084044536,0.3944869113166936,0.037240468942323746,0.03813824790764568,-0.014887066777810192,-0.016709233609365468
486,0.9,0.0,0.1,0.0,1.0,0.0001,0.0,0.0,22.0,29.333333333333332,1.0,0.0001,1.0,8.0,0.009792953662175141,NaN,NaN,NaN,NaN,NaN,NaN,NaN,NaN,NaN,NaN,NaN
487,1.0,0.0,0.1,0.0,1.0,0.0001,0.0,0.0,22.0,29.333333333333332,1.0,0.0001,1.0,0.0,2.55764363021882e-8,NaN,NaN,NaN,NaN,NaN,NaN,NaN,NaN,NaN,NaN,NaN
488,1.1,0.0,0.1,0.0,1.0,0.0001,0.0,0.0,22.0,29.333333333333332,1.0,0.0001,1.0,0.0,2.9737935891560596e-8,NaN,NaN,NaN,NaN,NaN,NaN,NaN,NaN,NaN,NaN,NaN
489,1.2,0.0,0.1,0.0,1.0,0.0001,0.0,0.0,22.0,29.333333333333332,1.0,0.0001,1.0,0.0,4.337175063540144e-10,NaN,NaN,NaN,NaN,NaN,NaN,NaN,NaN,NaN,NaN,NaN
490,1.3,0.0,0.1,0.0,1.0,0.0001,0.0,0.0,22.0,29.333333333333332,1.0,0.0001,1.0,0.0,4.2588155224621005e-12,NaN,NaN,NaN,NaN,NaN,NaN,NaN,NaN,NaN,NaN,NaN
491,1.4,0.0,0.1,0.0,1.0,0.0001,0.0,0.0,22.0,29.333333333333332,1.0,0.0001,1.0,0.0,4.6629367034256575e-15,NaN,NaN,NaN,NaN,NaN,NaN,NaN,NaN,NaN,NaN,NaN
492,1.5,0.0,0.1,0.0,1.0,0.0001,0.0,0.0,22.0,29.333333333333332,1.0,0.0001,1.0,NaN,NaN,NaN,NaN,NaN,NaN,NaN,NaN,NaN,NaN,NaN,NaN,NaN
493,0.4,0.0,0.1,0.0,1.0,0.0001,0.0,0.0,24.0,32.0,1.0,0.0001,1.0,41.0,0.04248092092553202,85.12640010989875,0.4175825341300064,0.42363629921995116,0.4180841993252471,0.4236918192925814,0.4392328436842366,-0.2967868546182815,0.1328077097960347,0.055750165961484355,0.027258019322240815,-0.04451101232044514
494,0.5,0.0,0.1,0.0,1.0,0.0001,0.0,0.0,24.0,32.0,1.0,0.0001,1.0,0.0,0.06767085344212692,NaN,NaN,NaN,NaN,NaN,NaN,NaN,NaN,NaN,NaN,NaN
495,0.6,0.0,0.1,0.0,1.0,0.0001,0.0,0.0,24.0,32.0,1.0,0.0001,1.0,0.0,0.08986556683103941,NaN,NaN,NaN,NaN,NaN,NaN,NaN,NaN,NaN,NaN,NaN
496,0.7,0.0,0.1,0.0,1.0,0.0001,0.0,0.0,24.0,32.0,1.0,0.0001,1.0,63.0,0.09878225357756276,33.56158535413132,0.3576526799420884,0.4267725658247782,0.42692505894485977,0.4380851124713202,0.4654948993054406,0.04311833913455729,0.029289280507073318,0.019565701431802505,8.235412822349672e-6,0.033613280919365725
497,0.8,0.0,0.1,0.0,1.0,0.0001,0.0,0.0,24.0,32.0,1.0,0.0001,1.0,142.0,0.016468482018400565,8.28981835696477,0.4070363476480496,0.6878207879465902,0.3702742960108456,0.4591170766755707,0.5367738586016023,-0.3555516568769189,0.11659656373894574,-0.03430077907840356,-0.0655830654529658,-0.0355300843553353
498,0.9,0.0,0.1,0.0,1.0,0.0001,0.0,0.0,24.0,32.0,1.0,0.0001,1.0,12.0,0.009146497819542132,9.379857096292543,0.5384340070788165,0.5032404855060493,0.491537472591534,0.49010601586539293,0.5499193161554556,-0.5979629579301173,0.12222307899944415,0.09980957960000483,0.13058402246090015,-0.03707561433791651
499,1.0,0.0,0.1,0.0,1.0,0.0001,0.0,0.0,24.0,32.0,1.0,0.0001,1.0,2.0,0.006186247049425275,NaN,NaN,NaN,NaN,NaN,NaN,NaN,NaN,NaN,NaN,NaN
500,1.1,0.0,0.1,0.0,1.0,0.0001,0.0,0.0,24.0,32.0,1.0,0.0001,1.0,4.0,0.004667385004705649,NaN,NaN,NaN,NaN,NaN,NaN,NaN,NaN,NaN,NaN,NaN
501,1.2,0.0,0.1,0.0,1.0,0.0001,0.0,0.0,24.0,32.0,1.0,0.0001,1.0,0.0,6.016076525838798e-12,NaN,NaN,NaN,NaN,NaN,NaN,NaN,NaN,NaN,NaN,NaN
502,1.3,0.0,0.1,0.0,1.0,0.0001,0.0,0.0,24.0,32.0,1.0,0.0001,1.0,0.0,1.1723955140041653e-12,NaN,NaN,NaN,NaN,NaN,NaN,NaN,NaN,NaN,NaN,NaN
503,1.4,0.0,0.1,0.0,1.0,0.0001,0.0,0.0,24.0,32.0,1.0,0.0001,1.0,NaN,NaN,NaN,NaN,NaN,NaN,NaN,NaN,NaN,NaN,NaN,NaN,NaN
504,1.5,0.0,0.1,0.0,1.0,0.0001,0.0,0.0,24.0,32.0,1.0,0.0001,1.0,NaN,NaN,NaN,NaN,NaN,NaN,NaN,NaN,NaN,NaN,NaN,NaN,NaN
505,0.4,0.0,0.1,0.0,1.0,0.0001,0.0,0.0,0.0,1.3333333333333333,1.0,0.0001,0.8,264.0,0.011111479506936028,5.597090124048214,0.3061163316552426,0.4792721526733701,0.5684969258408485,0.28303717771234876,0.4636092236621443,-0.1462940619590246,0.013637424256778939,0.07185113911067427,-0.008867397071193325,0.011315126844647836
506,0.5,0.0,0.1,0.0,1.0,0.0001,0.0,0.0,0.0,1.3333333333333333,1.0,0.0001,0.8,226.0,0.015465834704886883,6.400938352130313,0.31673301391113484,0.49423641634222404,0.5739189757935945,0.2674618179077823,0.4776308212791201,0.14157645826995338,0.013220731062578005,-0.06043488730881039,-0.0066224699174948125,-0.05810828337666259
507,0.6,0.0,0.1,0.0,1.0,0.0001,0.0,0.0,0.0,1.3333333333333333,1.0,0.0001,0.8,262.0,0.019925254354891342,6.811147225924463,0.33467082601700693,0.6224045761532047,0.4533987724372722,0.3234586022477973,0.5350546879175991,-0.06722049745222676,-0.06844474658110249,-0.001857659981996478,-0.013567702293458304,0.06152140352030618
508,0.7,0.0,0.1,0.0,1.0,0.0001,0.0,0.0,0.0,1.3333333333333333,1.0,0.0001,0.8,196.0,0.024041455424009373,7.342853613505704,0.3510676961479655,0.5976075252199464,0.48543725851138236,0.34524479827558374,0.5290167981805982,0.02618171546710539,-0.06069177709419748,0.0756385666493761,-0.01782978640468849,0.016687451715301404
509,0.8,0.0,0.1,0.0,1.0,0.0001,0.0,0.0,0.0,1.3333333333333333,1.0,0.0001,0.8,172.0,0.0270977948138994,7.442519777059141,0.38756294399398633,0.699438739462767,0.34947924145800374,0.43431491236408776,0.5749179462136207,-0.07367318223302174,0.059234586735537345,0.004778891806364245,-0.04003417391200688,-0.021216225696740844
510,0.9,0.0,0.1,0.0,1.0,0.0001,0.0,0.0,0.0,1.3333333333333333,1.0,0.0001,0.8,102.0,0.029125687408493195,7.824470055122733,0.41025362597560544,0.6998845243872018,0.36568331355821937,0.47026254603792195,0.581725112831436,0.12293549678939535,-0.006684913486649223,0.0005156873476461536,0.008646936381158219,0.04285189176371804
511,1.0,0.0,0.1,0.0,1.0,0.0001,0.0,0.0,0.0,1.3333333333333333,1.0,0.0001,0.8,46.0,0.03002271977651172,8.314302427092594,0.45599725781370987,0.6452929421489848,0.40452320404879094,0.5323858338220683,0.5301861684335349,0.1830355990381846,0.015223341196636694,-0.13021044270623938,0.08612337850106012,-0.07894714671107247
512,1.1,0.0,0.1,0.0,1.0,0.0001,0.0,0.0,0.0,1.3333333333333333,1.0,0.0001,0.8,18.0,0.030034620939537238,8.974018579267401,0.44851934678249006,0.6053085133143088,0.3622999773186387,0.5393296533415862,0.5376223899006912,-0.01210947654213092,0.14333060402505204,-0.09794486364490043,-0.06466953338338009,-0.12882734796848477
513,1.2,0.0,0.1,0.0,1.0,0.0001,0.0,0.0,0.0,1.3333333333333333,1.0,0.0001,0.8,8.0,0.029361571510464035,NaN,NaN,NaN,NaN,NaN,NaN,NaN,NaN,NaN,NaN,NaN
514,1.3,0.0,0.1,0.0,1.0,0.0001,0.0,0.0,0.0,1.3333333333333333,1.0,0.0001,0.8,4.0,0.028270525539483504,NaN,NaN,NaN,NaN,NaN,NaN,NaN,NaN,NaN,NaN,NaN
515,1.4,0.0,0.1,0.0,1.0,0.0001,0.0,0.0,0.0,1.3333333333333333,1.0,0.0001,0.8,0.0,2.160496226366604e-10,NaN,NaN,NaN,NaN,NaN,NaN,NaN,NaN,NaN,NaN,NaN
516,1.5,0.0,0.1,0.0,1.0,0.0001,0.0,0.0,0.0,1.3333333333333333,1.0,0.0001,0.8,0.0,4.063416270128073e-14,NaN,NaN,NaN,NaN,NaN,NaN,NaN,NaN,NaN,NaN,NaN
517,0.4,0.0,0.1,0.0,1.0,0.0001,0.0,0.0,1.0,1.3333333333333333,1.0,0.0001,0.8,296.0,0.011483772352632038,5.85433124062796,0.2785201080816573,0.3925811139056745,0.6749132293493308,0.24016898018854282,0.44739350717989085,-0.09167647384492264,0.018649726156213315,0.040499907372753274,-0.003388621965281611,-0.04106835801108171
518,0.5,0.0,0.1,0.0,1.0,0.0001,0.0,0.0,1.0,1.3333333333333333,1.0,0.0001,0.8,290.0,0.017029954203431397,6.786780155703899,0.303371089209541,0.4412951006448297,0.5848304791911586,0.26649279862133896,0.44067945730313896,0.05429310324679591,-0.035022905289802994,0.1122706600237097,-0.013936405973639402,0.002917331027575506
519,0.6,0.0,0.1,0.0,1.0,0.0001,0.0,0.0,1.0,1.3333333333333333,1.0,0.0001,0.8,274.0,0.024072899445969576,7.5321224799367394,0.2821094292645261,0.3315556772941513,0.6955360518976483,0.23294128255996058,0.45087059905095545,0.12103182726995926,-0.012085614689207021,0.007807246847182282,-0.014137418682366959,-0.04255540606923298
520,0.7,0.0,0.1,0.0,1.0,0.0001,0.0,0.0,1.0,1.3333333333333333,1.0,0.0001,0.8,266.0,0.03217867325393575,8.065631307061023,0.28148856961826546,0.3639196696858689,0.6981262947592105,0.22623406579988792,0.42184698489281636,0.07747878539954432,0.018993890524288043,0.06204788907278682,0.01065938216313091,-0.03919946869231304
521,0.8,0.0,0.1,0.0,1.0,0.0001,0.0,0.0,1.0,1.3333333333333333,1.0,0.0001,0.8,276.0,0.04021534730126042,8.325255001988031,0.29683122207171797,0.3478863950202678,0.7328751000632997,0.20718098291010986,0.4790895088922415,0.17869534709586907,0.035890416408624504,-0.2589496792791016,0.04387280835252852,0.03853095105580323
522,0.9,0.0,0.1,0.0,1.0,0.0001,0.0,0.0,1.0,1.3333333333333333,1.0,0.0001,0.8,246.0,0.047029466622617755,8.4826189266435,0.3180898460881664,0.4765443186595984,0.5939495920529886,0.2671240219375431,0.4945969509706009,0.06433442285235265,0.013841973250441132,0.04782519404265901,0.013655848848603299,-0.043240663887484126
523,1.0,0.0,0.1,0.0,1.0,0.0001,0.0,0.0,1.0,1.3333333333333333,1.0,0.0001,0.8,204.0,0.05135553496157408,8.527195779060463,0.37656983247838455,0.6937778053856416,0.36299322936843037,0.3765437838303112,0.5588831685509213,0.0034050034934326773,0.1551424903852169,0.014510434708884624,0.01056492772123537,-0.06627016873983423
524,1.1,0.0,0.1,0.0,1.0,0.0001,0.0,0.0,1.0,1.3333333333333333,1.0,0.0001,0.8,164.0,0.05296489271908422,8.457352685531372,0.3858811040651273,0.7310356360053584,0.3231872395939851,0.4171214798331597,0.5948905856657114,0.025025569103459537,0.12032722627972443,0.027739573868000335,-0.005871893342678799,-0.046769336133783465
525,1.2,0.0,0.1,0.0,1.0,0.0001,0.0,0.0,1.0,1.3333333333333333,1.0,0.0001,0.8,82.0,0.052688156306072154,8.740863505300641,0.4421206041008671,0.684218122747199,0.3791063536600137,0.48381766070102106,0.6353763975699002,0.08338021597247655,-0.059293570481908586,-0.04728060285146627,-0.021907637628511573,-0.050131664659133046
526,1.3,0.0,0.1,0.0,1.0,0.0001,0.0,0.0,1.0,1.3333333333333333,1.0,0.0001,0.8,34.0,0.05072257770624056,9.152591528400158,0.492535872742835,0.5905025966740978,0.3016481149743715,0.5104077279679111,0.4407428864570051,-0.1811233119895814,0.023554083792198963,0.01002247703761012,-0.05186012448424343,-0.08845639508393142
527,1.4,0.0,0.1,0.0,1.0,0.0001,0.0,0.0,1.0,1.3333333333333333,1.0,0.0001,0.8,12.0,0.04788499430387927,NaN,NaN,NaN,NaN,NaN,NaN,NaN,NaN,NaN,NaN,NaN
528,1.5,0.0,0.1,0.0,1.0,0.0001,0.0,0.0,1.0,1.3333333333333333,1.0,0.0001,0.8,6.0,0.044624527025517,NaN,NaN,NaN,NaN,NaN,NaN,NaN,NaN,NaN,NaN,NaN
529,0.4,0.0,0.1,0.0,1.0,0.0001,0.0,0.0,2.0,2.6666666666666665,1.0,0.0001,0.8,258.0,0.008599281410277937,6.997008146244877,0.293796716291881,0.44982880822924276,0.5772470670184257,0.2683556356105983,0.43871957410034423,0.03306732427868054,0.03542604664821956,-0.053543187230337755,0.0015717499214983055,-0.01917707019292068
530,0.5,0.0,0.1,0.0,1.0,0.0001,0.0,0.0,2.0,2.6666666666666665,1.0,0.0001,0.8,292.0,0.014078865543403873,7.7316906659996825,0.2627741133192824,0.37888974687462357,0.6728006179849659,0.2330238450446419,0.39746355943894524,-0.0006665907603140701,0.0398314042384022,0.1417311780209683,-0.0006065139590458618,-0.03994800708667004
531,0.6,0.0,0.1,0.0,1.0,0.0001,0.0,0.0,2.0,2.6666666666666665,1.0,0.0001,0.8,262.0,0.021294191342039248,8.418322416507214,0.26468606583701487,0.33945445327410595,0.7069391202334199,0.23156768333657315,0.4082421602633204,0.12212107966273034,0.0008598905892091805,-0.1005039966962357,0.02077055393748126,-0.0011658022035898542
532,0.7,0.0,0.1,0.0,1.0,0.0001,0.0,0.0,2.0,2.6666666666666665,1.0,0.0001,0.8,284.0,0.02891532713326861,8.620787630150012,0.27014315767463115,0.311775934434003,0.7649896093538652,0.20309357732958652,0.4178891386025003,0.04115203816497058,-0.03045072786962964,-0.01979815385567051,0.014699050868183449,-0.028898585843634007
533,0.8,0.0,0.1,0.0,1.0,0.0001,0.0,0.0,2.0,2.6666666666666665,1.0,0.0001,0.8,266.0,0.03499611085058574,8.58113162696242,0.31057831560861765,0.4869676251205302,0.5951096441199457,0.2391054934110809,0.4748273125169596,-0.051241181704162905,0.1346941618843873,0.2274379263077102,-0.028380253952042668,-0.08518759139492495
534,0.9,0.0,0.1,0.0,1.0,0.0001,0.0,0.0,2.0,2.6666666666666665,1.0,0.0001,0.8,222.0,0.03801485731258247,8.521610841737838,0.3624869624344469,0.630050331643792,0.4337448073527502,0.36224462169530447,0.5297179469065714,0.06942162712510343,0.14350504703142694,-0.0743374455345492,0.00935733981070344,-0.009053312898926677
535,1.0,0.0,0.1,0.0,1.0,0.0001,0.0,0.0,2.0,2.6666666666666665,1.0,0.0001,0.8,148.0,0.03803089949555205,8.573911279876796,0.3914037119375207,0.6882921525567872,0.38444712005397763,0.42705752775548655,0.5735490314298524,-0.16410763103497117,0.04426326155870266,0.007775838152638367,0.022564726816166603,0.003731341717227664
536,1.1,0.0,0.1,0.0,1.0,0.0001,0.0,0.0,2.0,2.6666666666666665,1.0,0.0001,0.8,56.0,0.0362346156157729,8.985489250320464,0.4574429021834941,0.6477610902997643,0.3758337903486097,0.491493165229486,0.5578192482193935,-0.16004617797412068,0.029219865126277896,-0.05679276637786952,-0.0310023673582611,-0.1532029869650753
537,1.2,0.0,0.1,0.0,1.0,0.0001,0.0,0.0,2.0,2.6666666666666665,1.0,0.0001,0.8,14.0,0.03334301583275545,9.517948321161967,0.4159698737432638,0.45775696303065466,0.4911136603236231,0.5408140204301588,0.5198531055098413,0.7695892670829417,0.007011649716886125,-0.10108263653284073,0.09817198284945856,-0.10119240743196184
538,1.3,0.0,0.1,0.0,1.0,0.0001,0.0,0.0,2.0,2.6666666666666665,1.0,0.0001,0.8,6.0,0.030095153010408993,NaN,NaN,NaN,NaN,NaN,NaN,NaN,NaN,NaN,NaN,NaN
539,1.4,0.0,0.1,0.0,1.0,0.0001,0.0,0.0,2.0,2.6666666666666665,1.0,0.0001,0.8,4.0,0.027201063708657713,NaN,NaN,NaN,NaN,NaN,NaN,NaN,NaN,NaN,NaN,NaN
540,1.5,0.0,0.1,0.0,1.0,0.0001,0.0,0.0,2.0,2.6666666666666665,1.0,0.0001,0.8,0.0,8.113509863960644e-13,NaN,NaN,NaN,NaN,NaN,NaN,NaN,NaN,NaN,NaN,NaN
541,0.4,0.0,0.1,0.0,1.0,0.0001,0.0,0.0,4.0,5.333333333333333,1.0,0.0001,0.8,274.0,0.007573421749202169,7.883085873940912,0.2846423592682643,0.3642695404806334,0.6701067633537322,0.2465996920731601,0.41157743866691915,0.06582612850275811,0.0560134744800758,0.10769854873828241,0.026534766501996456,0.001452469180760837
542,0.5,0.0,0.1,0.0,1.0,0.0001,0.0,0.0,4.0,5.333333333333333,1.0,0.0001,0.8,288.0,0.0138599381027803,8.680277875315136,0.24584110958853322,0.326768078352825,0.6878644192668028,0.24728701974472378,0.3618788588518824,-0.05345342475250889,0.029119138450201712,0.032687010102721965,0.009287215695060889,0.00639077948923019
543,0.6,0.0,0.1,0.0,1.0,0.0001,0.0,0.0,4.0,5.333333333333333,1.0,0.0001,0.8,286.0,0.022065529038194587,9.136258164194107,0.24844800273894738,0.22755937087496514,0.833924517760868,0.17195620760956917,0.3248066645965133,-0.048462678145866245,0.025604075018059468,0.11031128696882823,0.0033018652602275498,0.01626897822993919
544,0.7,0.0,0.1,0.0,1.0,0.0001,0.0,0.0,4.0,5.333333333333333,1.0,0.0001,0.8,278.0,0.028948619913280238,9.103204410965475,0.27195940771141697,0.2556843733899468,0.8122446952822756,0.1834945587882721,0.40215013506559943,-0.07290013259210656,-0.03985770519032953,0.31357035553480284,0.02214365133559628,0.0312269088101761
545,0.8,0.0,0.1,0.0,1.0,0.0001,0.0,0.0,4.0,5.333333333333333,1.0,0.0001,0.8,274.0,0.031042166742949462,8.66445719055598,0.34337239517043217,0.5940261649363049,0.5017671539008033,0.31212478170413266,0.4840807847784792,-0.1983092714711893,0.1078353588473984,0.1026733278091188,-0.0003422327493838156,-0.01038339265275201
546,0.9,0.0,0.1,0.0,1.0,0.0001,0.0,0.0,4.0,5.333333333333333,1.0,0.0001,0.8,158.0,0.02936640497940024,8.536215532642055,0.38571932710874074,0.6834744873719905,0.38387165911444676,0.41029969077357753,0.5889606946182229,-0.07019126359628038,-0.02972825762168773,-0.02876352373340057,0.0013698338231635176,0.02306081415094922
547,1.0,0.0,0.1,0.0,1.0,0.0001,0.0,0.0,4.0,5.333333333333333,1.0,0.0001,0.8,48.0,0.026078886783762023,9.052272269859996,0.47006124035247493,0.5874780682418169,0.392965144707726,0.4724939448275942,0.5137200613707995,0.24016600056744863,-0.005369253358875035,0.12821414918687096,0.02666128419162825,0.0158191953236738
548,1.1,0.0,0.1,0.0,1.0,0.0001,0.0,0.0,4.0,5.333333333333333,1.0,0.0001,0.8,8.0,0.022484260781477916,NaN,NaN,NaN,NaN,NaN,NaN,NaN,NaN,NaN,NaN,NaN
549,1.2,0.0,0.1,0.0,1.0,0.0001,0.0,0.0,4.0,5.333333333333333,1.0,0.0001,0.8,4.0,0.019328130000424437,NaN,NaN,NaN,NaN,NaN,NaN,NaN,NaN,NaN,NaN,NaN
550,1.3,0.0,0.1,0.0,1.0,0.0001,0.0,0.0,4.0,5.333333333333333,1.0,0.0001,0.8,0.0,4.065192626967473e-12,NaN,NaN,NaN,NaN,NaN,NaN,NaN,NaN,NaN,NaN,NaN
551,1.4,0.0,0.1,0.0,1.0,0.0001,0.0,0.0,4.0,5.333333333333333,1.0,0.0001,0.8,0.0,1.362021606610142e-12,NaN,NaN,NaN,NaN,NaN,NaN,NaN,NaN,NaN,NaN,NaN
552,1.5,0.0,0.1,0.0,1.0,0.0001,0.0,0.0,4.0,5.333333333333333,1.0,0.0001,0.8,0.0,3.255395952805884e-12,NaN,NaN,NaN,NaN,NaN,NaN,NaN,NaN,NaN,NaN,NaN
553,0.4,0.0,0.1,0.0,1.0,0.0001,0.0,0.0,6.0,8.0,1.0,0.0001,0.8,294.0,0.007709123919202865,8.452002226983769,0.2770433904718643,0.3684790270678947,0.6014333752939083,0.2761537921361484,0.38331511495723747,-0.10754203121785672,-0.0015274819317666424,-0.0912637306512112,0.009825789667728914,0.042374536996770254
554,0.5,0.0,0.1,0.0,1.0,0.0001,0.0,0.0,6.0,8.0,1.0,0.0001,0.8,314.0,0.015341111548821229,9.468400327908546,0.26700366618496746,0.2993571599947495,0.6509830567767001,0.27124360019206295,0.3587961176147895,0.02082245437439056,-0.018631625276966154,-0.13773858834949881,0.0008062715481576097,0.016159628320651095
555,0.6,0.0,0.1,0.0,1.0,0.0001,0.0,0.0,6.0,8.0,1.0,0.0001,0.8,298.0,0.02527178235028238,10.14990879816424,0.2432368848815749,0.256093184939072,0.7237414959440673,0.2482143472078959,0.3425805323724494,0.03609956538922201,0.01844647426974475,-0.10190057627990362,0.04755088863186783,0.004333616254435975
556,0.7,0.0,0.1,0.0,1.0,0.0001,0.0,0.0,6.0,8.0,1.0,0.0001,0.8,262.0,0.030944441051957927,9.578321801846684,0.2502671062995793,0.2421850076218467,0.7865013225360336,0.20304021254547774,0.3585472217784621,0.08393552716614154,-0.03429124400566952,-0.32836438636948895,-0.004284302106468306,-0.061554996565714545
557,0.8,0.0,0.1,0.0,1.0,0.0001,0.0,0.0,6.0,8.0,1.0,0.0001,0.8,252.0,0.028805881123419308,8.58642225567159,0.35486972278896867,0.6047977569797376,0.48021149331362323,0.333202381152628,0.5097567476391466,0.041203291569383065,-0.0016726342042323898,-0.05159035970787601,0.005496540372881521,-0.018760195981416924
558,0.9,0.0,0.1,0.0,1.0,0.0001,0.0,0.0,6.0,8.0,1.0,0.0001,0.8,102.0,0.024276583889767167,8.623710809615442,0.43604858319744116,0.6434833016650567,0.4303081819523939,0.4853246789452163,0.558731323492341,0.17444888958249596,-0.052668081258220555,0.0666713758804887,-0.01289819692969384,0.01191970179952831
559,1.0,0.0,0.1,0.0,1.0,0.0001,0.0,0.0,6.0,8.0,1.0,0.0001,0.8,18.0,0.01987636859775388,9.187574345709473,0.4596413744428238,0.660997940623215,0.32661282071635106,0.48468845260693766,0.5299856597692593,-0.29238005971712133,0.1954183970010491,0.011775571162353449,-0.061588005170754474,0.022768331047996686
560,1.1,0.0,0.1,0.0,1.0,0.0001,0.0,0.0,6.0,8.0,1.0,0.0001,0.8,8.0,0.01624934509190834,NaN,NaN,NaN,NaN,NaN,NaN,NaN,NaN,NaN,NaN,NaN
561,1.2,0.0,0.1,0.0,1.0,0.0001,0.0,0.0,6.0,8.0,1.0,0.0001,0.8,4.0,0.013592969867338267,NaN,NaN,NaN,NaN,NaN,NaN,NaN,NaN,NaN,NaN,NaN
562,1.3,0.0,0.1,0.0,1.0,0.0001,0.0,0.0,6.0,8.0,1.0,0.0001,0.8,0.0,6.261797746986986e-10,NaN,NaN,NaN,NaN,NaN,NaN,NaN,NaN,NaN,NaN,NaN
563,1.4,0.0,0.1,0.0,1.0,0.0001,0.0,0.0,6.0,8.0,1.0,0.0001,0.8,0.0,8.377742943821431e-13,NaN,NaN,NaN,NaN,NaN,NaN,NaN,NaN,NaN,NaN,NaN
564,1.5,0.0,0.1,0.0,1.0,0.0001,0.0,0.0,6.0,8.0,1.0,0.0001,0.8,0.0,1.9095836023552692e-14,NaN,NaN,NaN,NaN,NaN,NaN,NaN,NaN,NaN,NaN,NaN
565,0.4,0.0,0.1,0.0,1.0,0.0001,0.0,0.0,8.0,10.666666666666666,1.0,0.0001,0.8,296.0,0.008277316281313452,9.02901956097541,0.2506489016782535,0.29193885069368547,0.7096034544924196,0.2570002653030265,0.3449792444413555,-0.05984661748283477,-0.0468418737466329,0.04509308104246185,0.009866455692846925,0.08345963023972282
566,0.5,0.0,0.1,0.0,1.0,0.0001,0.0,0.0,8.0,10.666666666666666,1.0,0.0001,0.8,338.0,0.018039805236925666,10.686437129088713,0.19105640103438945,0.2963042906008999,0.6614593982097965,0.3172453026294529,0.28950999822677287,0.07747538947862796,-0.014214221279646156,0.06798873613345527,-0.00944914197405301,-0.009210366909430565
567,0.6,0.0,0.1,0.0,1.0,0.0001,0.0,0.0,8.0,10.666666666666666,1.0,0.0001,0.8,318.0,0.03067311194718103,11.642709684418577,0.20302530911738972,0.28331023474082584,0.6018718722676845,0.35011413187582463,0.3034624434952463,-0.14695294927861333,0.0002937694802434181,-0.008728009197184507,-0.0162991647432524,-0.007035427223300282
568,0.7,0.0,0.1,0.0,1.0,0.0001,0.0,0.0,8.0,10.666666666666666,1.0,0.0001,0.8,262.0,0.03402313195392659,9.833892821618127,0.2442275248792241,0.2534455896643835,0.7913157927876721,0.2198010541285514,0.3309057106368138,-0.2341131358636347,0.007242826534991121,0.09986240568432454,-0.0026810610978881422,-0.005161677637339203
569,0.8,0.0,0.1,0.0,1.0,0.0001,0.0,0.0,8.0,10.666666666666666,1.0,0.0001,0.8,238.0,0.027020945927429985,8.497272724316431,0.38015028025551456,0.6208452875752395,0.4155152246210503,0.34854736285245497,0.5323484709120467,-0.093793580769368,0.07452625090230193,0.08686474550386951,0.017295364675548052,-0.09913714163665119
570,0.9,0.0,0.1,0.0,1.0,0.0001,0.0,0.0,8.0,10.666666666666666,1.0,0.0001,0.8,54.0,0.020782571394756588,8.847060574582049,0.4377184486910214,0.5854858241897601,0.3648122651300583,0.4213872063691268,0.49926326978454355,0.3186484136548193,-0.0041683889652141546,0.05626620906689179,0.02000094083027895,0.16557426568784395
571,1.0,0.0,0.1,0.0,1.0,0.0001,0.0,0.0,8.0,10.666666666666666,1.0,0.0001,0.8,12.0,0.01603487912983037,NaN,NaN,NaN,NaN,NaN,NaN,NaN,NaN,NaN,NaN,NaN
572,1.1,0.0,0.1,0.0,1.0,0.0001,0.0,0.0,8.0,10.666666666666666,1.0,0.0001,0.8,4.0,0.012772978137019164,NaN,NaN,NaN,NaN,NaN,NaN,NaN,NaN,NaN,NaN,NaN
573,1.2,0.0,0.1,0.0,1.0,0.0001,0.0,0.0,8.0,10.666666666666666,1.0,0.0001,0.8,0.0,5.015396986607357e-10,NaN,NaN,NaN,NaN,NaN,NaN,NaN,NaN,NaN,NaN,NaN
574,1.3,0.0,0.1,0.0,1.0,0.0001,0.0,0.0,8.0,10.666666666666666,1.0,0.0001,0.8,0.0,9.930796629475935e-9,NaN,NaN,NaN,NaN,NaN,NaN,NaN,NaN,NaN,NaN,NaN
575,1.4,0.0,0.1,0.0,1.0,0.0001,0.0,0.0,8.0,10.666666666666666,1.0,0.0001,0.8,4.0,0.0076507450722991255,NaN,NaN,NaN,NaN,NaN,NaN,NaN,NaN,NaN,NaN,NaN
576,1.5,0.0,0.1,0.0,1.0,0.0001,0.0,0.0,8.0,10.666666666666666,1.0,0.0001,0.8,0.0,5.384581669432009e-13,NaN,NaN,NaN,NaN,NaN,NaN,NaN,NaN,NaN,NaN,NaN
577,0.4,0.0,0.1,0.0,1.0,0.0001,0.0,0.0,10.0,13.333333333333332,1.0,0.0001,0.8,326.0,0.009165520251978476,9.651344287530026,0.22351579060272547,0.30884524365799865,0.6494960173186468,0.31727417182861206,0.3135873613406412,0.12969021338699505,-0.004664651212858671,-0.002857189079087884,-0.009481202949565514,-0.00691272832173764
578,0.5,0.0,0.1,0.0,1.0,0.0001,0.0,0.0,10.0,13.333333333333332,1.0,0.0001,0.8,340.0,0.022157792214170136,13.935263236944056,0.1872403315847095,0.3138771615915012,0.4647721223662614,0.43316013598154013,0.3656762549924782,0.01363144458327026,0.02418262266194586,-0.04796886800103967,-0.005523615091490111,-0.020455237494497583
579,0.6,0.0,0.1,0.0,1.0,0.0001,0.0,0.0,10.0,13.333333333333332,1.0,0.0001,0.8,320.0,0.03865921124851179,17.535561446372306,0.18694044665493878,0.2898340161753357,0.41643968343844623,0.41700798141922113,0.379497723302046,-0.06628159879985887,0.007123135980240313,-0.08743249230791912,0.00022422838780967178,0.051810494700876134
580,0.7,0.0,0.1,0.0,1.0,0.0001,0.0,0.0,10.0,13.333333333333332,1.0,0.0001,0.8,288.0,0.03822538957044208,10.1088961540292,0.22396241891715338,0.2919414432321836,0.7257571799004303,0.2746168242276156,0.30812889620757694,0.02847411691794474,0.02156677856747285,-0.004101979739333576,0.02318274883567658,0.01996470839636971
581,0.8,0.0,0.1,0.0,1.0,0.0001,0.0,0.0,10.0,13.333333333333332,1.0,0.0001,0.8,220.0,0.02550337580444506,8.474164539374648,0.359236467802779,0.6636653889119473,0.4087706883958942,0.3793235189736832,0.5277947782364619,0.08166340229928419,0.10889012516895706,-0.036562520459831445,-0.0058962051727929074,-0.01992051222557853
582,0.9,0.0,0.1,0.0,1.0,0.0001,0.0,0.0,10.0,13.333333333333332,1.0,0.0001,0.8,40.0,0.01809688468756132,8.869708437725885,0.487929593646044,0.6329420034465638,0.3908127673456976,0.5270868527460955,0.544807622618452,0.11151955383960524,0.0395793017366854,0.014852898058622511,-0.029580754371335727,0.02668365678105934
583,1.0,0.0,0.1,0.0,1.0,0.0001,0.0,0.0,10.0,13.333333333333332,1.0,0.0001,0.8,6.0,0.01344541991982684,NaN,NaN,NaN,NaN,NaN,NaN,NaN,NaN,NaN,NaN,NaN
584,1.1,0.0,0.1,0.0,1.0,0.0001,0.0,0.0,10.0,13.333333333333332,1.0,0.0001,0.8,2.0,0.01053702923866795,NaN,NaN,NaN,NaN,NaN,NaN,NaN,NaN,NaN,NaN,NaN
585,1.2,0.0,0.1,0.0,1.0,0.0001,0.0,0.0,10.0,13.333333333333332,1.0,0.0001,0.8,0.0,5.5542459520552256e-11,NaN,NaN,NaN,NaN,NaN,NaN,NaN,NaN,NaN,NaN,NaN
586,1.3,0.0,0.1,0.0,1.0,0.0001,0.0,0.0,10.0,13.333333333333332,1.0,0.0001,0.8,0.0,3.3781630826013043e-9,NaN,NaN,NaN,NaN,NaN,NaN,NaN,NaN,NaN,NaN,NaN
587,1.4,0.0,0.1,0.0,1.0,0.0001,0.0,0.0,10.0,13.333333333333332,1.0,0.0001,0.8,0.0,1.354472090042691e-14,NaN,NaN,NaN,NaN,NaN,NaN,NaN,NaN,NaN,NaN,NaN
588,1.5,0.0,0.1,0.0,1.0,0.0001,0.0,0.0,10.0,13.333333333333332,1.0,0.0001,0.8,0.0,1.2885248423799567e-12,NaN,NaN,NaN,NaN,NaN,NaN,NaN,NaN,NaN,NaN,NaN
589,0.4,0.0,0.1,0.0,1.0,0.0001,0.0,0.0,12.0,16.0,1.0,0.0001,0.8,288.0,0.010494582510569617,10.986608900806827,0.19790580999387927,0.31945029948619946,0.5853711082717437,0.35517317627770145,0.28268000851708863,0.00676963036942816,-0.0012808914017831674,0.09421124129808958,0.00474076394688101,0.017052465969234203
590,0.5,0.0,0.1,0.0,1.0,0.0001,0.0,0.0,12.0,16.0,1.0,0.0001,0.8,340.0,0.025179824923531435,27.87166195881918,0.1812124269371248,0.21558357522596464,0.30899194930576407,0.35036152123296904,0.5142918742103616,0.003808717240881811,-0.0035414063559488845,-0.010542921450618834,-0.010330706916989603,-0.017540238029964905
591,0.6,0.0,0.1,0.0,1.0,0.0001,0.0,0.0,12.0,16.0,1.0,0.0001,0.8,125.0,0.04577169431570283,42.151522436182496,0.2457304486310532,0.3672860291131719,0.4506627625325804,0.41271911775966025,0.4221038681981995,0.07999315331484873,-0.0496592389508497,-0.0431200151537493,-0.038631618557472276,0.012211788454503176
592,0.7,0.0,0.1,0.0,1.0,0.0001,0.0,0.0,12.0,16.0,1.0,0.0001,0.8,272.0,0.04517407978554544,10.910092588454825,0.21504413731112257,0.30232028835881986,0.5888813316381162,0.3521452206643296,0.30160456379768985,0.043123871247199234,0.016306807497522703,-0.02507745861381407,0.0041887363715631615,-0.003963909219986277
593,0.8,0.0,0.1,0.0,1.0,0.0001,0.0,0.0,12.0,16.0,1.0,0.0001,0.8,208.0,0.024161040904240982,8.393573043030674,0.3753569011439749,0.7238258006360753,0.33635793440794737,0.4002162465392131,0.579178069472828,-0.11256406143126416,-0.06663151932874845,0.07611534378626242,-0.0526178507657296,0.09345147751686232
594,0.9,0.0,0.1,0.0,1.0,0.0001,0.0,0.0,12.0,16.0,1.0,0.0001,0.8,26.0,0.016054299405638295,9.25462394958396,0.43812625362032204,0.5770069137300137,0.42863347347110375,0.5042291139445879,0.6272946751600493,0.206895612933419,0.11474584393292615,-0.0485246656406408,0.042680162620352576,-0.182342034971125
595,1.0,0.0,0.1,0.0,1.0,0.0001,0.0,0.0,12.0,16.0,1.0,0.0001,0.8,4.0,0.011593166196873672,NaN,NaN,NaN,NaN,NaN,NaN,NaN,NaN,NaN,NaN,NaN
596,1.1,0.0,0.1,0.0,1.0,0.0001,0.0,0.0,12.0,16.0,1.0,0.0001,0.8,4.0,0.008956919050058021,NaN,NaN,NaN,NaN,NaN,NaN,NaN,NaN,NaN,NaN,NaN
597,1.2,0.0,0.1,0.0,1.0,0.0001,0.0,0.0,12.0,16.0,1.0,0.0001,0.8,0.0,2.7623448417557483e-8,NaN,NaN,NaN,NaN,NaN,NaN,NaN,NaN,NaN,NaN,NaN
598,1.3,0.0,0.1,0.0,1.0,0.0001,0.0,0.0,12.0,16.0,1.0,0.0001,0.8,2.0,0.006011320913996254,NaN,NaN,NaN,NaN,NaN,NaN,NaN,NaN,NaN,NaN,NaN
599,1.4,0.0,0.1,0.0,1.0,0.0001,0.0,0.0,12.0,16.0,1.0,0.0001,0.8,0.0,3.461516813185739e-7,NaN,NaN,NaN,NaN,NaN,NaN,NaN,NaN,NaN,NaN,NaN
600,1.5,0.0,0.1,0.0,1.0,0.0001,0.0,0.0,12.0,16.0,1.0,0.0001,0.8,0.0,8.881784197001252e-16,NaN,NaN,NaN,NaN,NaN,NaN,NaN,NaN,NaN,NaN,NaN
601,0.4,0.0,0.1,0.0,1.0,0.0001,0.0,0.0,14.0,18.666666666666664,1.0,0.0001,0.8,318.0,0.012149028343631518,13.55077013025619,0.1845289121640656,0.29724842692404846,0.4979311237942472,0.419027840114299,0.3243287855819507,0.12487369428181597,0.008131805847282122,-0.05166434159158736,-0.0048057590040954164,-0.01328210396979589
602,0.5,0.0,0.1,0.0,1.0,0.0001,0.0,0.0,14.0,18.666666666666664,1.0,0.0001,0.8,76.0,0.05378116223727686,59.96983444764689,0.46713188545285095,0.47163210183457266,0.46217726283348487,0.4833155004878589,0.5154490837667115,-0.08976628384286305,-0.02375341979274558,-0.015853205785442397,-0.05099719834286729,0.016407055750703253
603,0.6,0.0,0.1,0.0,1.0,0.0001,0.0,0.0,14.0,18.666666666666664,1.0,0.0001,0.8,25.0,0.0862067414795522,89.80729475114528,0.4297905773342565,0.4836419476301061,0.41487205855520454,0.5080308048760093,0.5522848959799161,-0.023318061558028364,0.17470158044909198,-0.14415161079518907,-0.11128387187303644,-0.08127797243947142
604,0.7,0.0,0.1,0.0,1.0,0.0001,0.0,0.0,14.0,18.666666666666664,1.0,0.0001,0.8,310.0,0.05661348465584559,12.153286014672592,0.19688663147584803,0.29820142254602094,0.5870693343637748,0.38473208432091627,0.3195336487519157,0.09519417040373834,0.019804062600781037,-0.09142214496823511,0.005439030695741343,-0.031240555550432925
605,0.8,0.0,0.1,0.0,1.0,0.0001,0.0,0.0,14.0,18.666666666666664,1.0,0.0001,0.8,192.0,0.02299615415196743,8.4095788600967,0.37617383557967526,0.7314211682408959,0.3472427725732182,0.423817696514257,0.6167705177086319,0.08684539160992406,-0.06393298537973097,0.006739000673843683,0.014559315832338944,0.07831731969589162
606,0.9,0.0,0.1,0.0,1.0,0.0001,0.0,0.0,14.0,18.666666666666664,1.0,0.0001,0.8,26.0,0.01438353331999842,9.087651730326026,0.4157701355449968,0.6996907978134294,0.36105514928699023,0.48868085301949654,0.5483010197179957,0.11721248750503512,-0.03543951744849494,0.013669355941169976,-0.09627986679623962,-0.12905893937537002
607,1.0,0.0,0.1,0.0,1.0,0.0001,0.0,0.0,14.0,18.666666666666664,1.0,0.0001,0.8,4.0,0.010173443192902365,NaN,NaN,NaN,NaN,NaN,NaN,NaN,NaN,NaN,NaN,NaN
608,1.1,0.0,0.1,0.0,1.0,0.0001,0.0,0.0,14.0,18.666666666666664,1.0,0.0001,0.8,0.0,9.14967457354976e-9,NaN,NaN,NaN,NaN,NaN,NaN,NaN,NaN,NaN,NaN,NaN
609,1.2,0.0,0.1,0.0,1.0,0.0001,0.0,0.0,14.0,18.666666666666664,1.0,0.0001,0.8,0.0,7.083222897108499e-14,NaN,NaN,NaN,NaN,NaN,NaN,NaN,NaN,NaN,NaN,NaN
610,1.3,0.0,0.1,0.0,1.0,0.0001,0.0,0.0,14.0,18.666666666666664,1.0,0.0001,0.8,0.0,4.918287999089443e-13,NaN,NaN,NaN,NaN,NaN,NaN,NaN,NaN,NaN,NaN,NaN
611,1.4,0.0,0.1,0.0,1.0,0.0001,0.0,0.0,14.0,18.666666666666664,1.0,0.0001,0.8,0.0,4.218847493575595e-15,NaN,NaN,NaN,NaN,NaN,NaN,NaN,NaN,NaN,NaN,NaN
612,1.5,0.0,0.1,0.0,1.0,0.0001,0.0,0.0,14.0,18.666666666666664,1.0,0.0001,0.8,NaN,NaN,NaN,NaN,NaN,NaN,NaN,NaN,NaN,NaN,NaN,NaN,NaN
613,0.4,0.0,0.1,0.0,1.0,0.0001,0.0,0.0,16.0,21.333333333333332,1.0,0.0001,0.8,342.0,0.013613326857339791,23.050312652016622,0.18280680032827215,0.25183805620128513,0.3521014345248843,0.418148384883896,0.4676020209192104,-0.09901096119123655,0.023869549046500863,0.04176621154129906,-0.006902774112877491,0.11259177431014092
614,0.5,0.0,0.1,0.0,1.0,0.0001,0.0,0.0,16.0,21.333333333333332,1.0,0.0001,0.8,0.0,0.07366807352781607,NaN,NaN,NaN,NaN,NaN,NaN,NaN,NaN,NaN,NaN,NaN
615,0.6,0.0,0.1,0.0,1.0,0.0001,0.0,0.0,16.0,21.333333333333332,1.0,0.0001,0.8,0.0,0.09103676112081571,NaN,NaN,NaN,NaN,NaN,NaN,NaN,NaN,NaN,NaN,NaN
616,0.7,0.0,0.1,0.0,1.0,0.0001,0.0,0.0,16.0,21.333333333333332,1.0,0.0001,0.8,64.0,0.14795736495220801,32.77829735053282,0.3009003498429939,0.43332395793891604,0.3925146123539123,0.43355649973851484,0.3850153461037921,-0.04734381264382487,0.06092105090698316,-0.028724395930476303,0.030497748141276065,-0.10564242814381924
617,0.8,0.0,0.1,0.0,1.0,0.0001,0.0,0.0,16.0,21.333333333333332,1.0,0.0001,0.8,178.0,0.021895754005334944,8.314373490266188,0.3915716512527421,0.7090674497901261,0.3510592047981603,0.41552885976724185,0.6398015400994549,-0.02281319935361671,0.01876155085553012,-0.07432839489345082,0.013006066275545562,-0.035541307114799844
618,0.9,0.0,0.1,0.0,1.0,0.0001,0.0,0.0,16.0,21.333333333333332,1.0,0.0001,0.8,10.0,0.01307540331830015,NaN,NaN,NaN,NaN,NaN,NaN,NaN,NaN,NaN,NaN,NaN
619,1.0,0.0,0.1,0.0,1.0,0.0001,0.0,0.0,16.0,21.333333333333332,1.0,0.0001,0.8,2.0,0.009056912167617281,NaN,NaN,NaN,NaN,NaN,NaN,NaN,NaN,NaN,NaN,NaN
620,1.1,0.0,0.1,0.0,1.0,0.0001,0.0,0.0,16.0,21.333333333333332,1.0,0.0001,0.8,0.0,1.5016707877180124e-9,NaN,NaN,NaN,NaN,NaN,NaN,NaN,NaN,NaN,NaN,NaN
621,1.2,0.0,0.1,0.0,1.0,0.0001,0.0,0.0,16.0,21.333333333333332,1.0,0.0001,0.8,0.0,7.920664124583254e-11,NaN,NaN,NaN,NaN,NaN,NaN,NaN,NaN,NaN,NaN,NaN
622,1.3,0.0,0.1,0.0,1.0,0.0001,0.0,0.0,16.0,21.333333333333332,1.0,0.0001,0.8,0.0,4.556355293061642e-13,NaN,NaN,NaN,NaN,NaN,NaN,NaN,NaN,NaN,NaN,NaN
623,1.4,0.0,0.1,0.0,1.0,0.0001,0.0,0.0,16.0,21.333333333333332,1.0,0.0001,0.8,0.0,1.2567724638756772e-13,NaN,NaN,NaN,NaN,NaN,NaN,NaN,NaN,NaN,NaN,NaN
624,1.5,0.0,0.1,0.0,1.0,0.0001,0.0,0.0,16.0,21.333333333333332,1.0,0.0001,0.8,NaN,NaN,NaN,NaN,NaN,NaN,NaN,NaN,NaN,NaN,NaN,NaN,NaN
625,0.4,0.0,0.1,0.0,1.0,0.0001,0.0,0.0,18.0,24.0,1.0,0.0001,0.8,254.0,0.028182111075721106,34.59809949474549,0.3266511205055211,0.4169771104642951,0.45193243128864247,0.4212996388748137,0.4197774329558921,-0.015345516191734633,0.0153150251805824,0.020537778907572458,-0.007109167112729996,-0.011527324723422607
626,0.5,0.0,0.1,0.0,1.0,0.0001,0.0,0.0,18.0,24.0,1.0,0.0001,0.8,0.0,0.07401922279185985,NaN,NaN,NaN,NaN,NaN,NaN,NaN,NaN,NaN,NaN,NaN
627,0.6,0.0,0.1,0.0,1.0,0.0001,0.0,0.0,18.0,24.0,1.0,0.0001,0.8,0.0,0.09049272459069102,NaN,NaN,NaN,NaN,NaN,NaN,NaN,NaN,NaN,NaN,NaN
628,0.7,0.0,0.1,0.0,1.0,0.0001,0.0,0.0,18.0,24.0,1.0,0.0001,0.8,52.0,0.15103482646727728,33.603540268492615,0.27804702348713023,0.32502970227499034,0.3872723383460389,0.43734645192973254,0.488284950239354,0.04093929496163971,-0.07900218478431371,-0.06303691949217068,-0.020670225602432295,-0.06758361381835512
629,0.8,0.0,0.1,0.0,1.0,0.0001,0.0,0.0,18.0,24.0,1.0,0.0001,0.8,148.0,0.020964099961484406,8.387106843029349,0.39728747620722693,0.6222850264608738,0.3887682760995362,0.38931974964590244,0.5703915126816826,0.1434131197974742,0.1643320444943635,0.06942759943214816,-0.012118289865194936,-0.040607788074455226
630,0.9,0.0,0.1,0.0,1.0,0.0001,0.0,0.0,18.0,24.0,1.0,0.0001,0.8,6.0,0.01196405510760501,NaN,NaN,NaN,NaN,NaN,NaN,NaN,NaN,NaN,NaN,NaN
631,1.0,0.0,0.1,0.0,1.0,0.0001,0.0,0.0,18.0,24.0,1.0,0.0001,0.8,4.0,0.008120739378143504,NaN,NaN,NaN,NaN,NaN,NaN,NaN,NaN,NaN,NaN,NaN
632,1.1,0.0,0.1,0.0,1.0,0.0001,0.0,0.0,18.0,24.0,1.0,0.0001,0.8,2.0,0.00617822066735485,NaN,NaN,NaN,NaN,NaN,NaN,NaN,NaN,NaN,NaN,NaN
633,1.2,0.0,0.1,0.0,1.0,0.0001,0.0,0.0,18.0,24.0,1.0,0.0001,0.8,0.0,3.661071446003916e-12,NaN,NaN,NaN,NaN,NaN,NaN,NaN,NaN,NaN,NaN,NaN
634,1.3,0.0,0.1,0.0,1.0,0.0001,0.0,0.0,18.0,24.0,1.0,0.0001,0.8,0.0,6.403766406037903e-13,NaN,NaN,NaN,NaN,NaN,NaN,NaN,NaN,NaN,NaN,NaN
635,1.4,0.0,0.1,0.0,1.0,0.0001,0.0,0.0,18.0,24.0,1.0,0.0001,0.8,0.0,2.886579864025407e-15,NaN,NaN,NaN,NaN,NaN,NaN,NaN,NaN,NaN,NaN,NaN
636,1.5,0.0,0.1,0.0,1.0,0.0001,0.0,0.0,18.0,24.0,1.0,0.0001,0.8,NaN,NaN,NaN,NaN,NaN,NaN,NaN,NaN,NaN,NaN,NaN,NaN,NaN
637,0.4,0.0,0.1,0.0,1.0,0.0001,0.0,0.0,20.0,26.666666666666664,1.0,0.0001,0.8,24.0,0.05759160473349634,109.8853686817649,0.4578673018305699,0.4582115095669472,0.45763852241974723,0.46333404737357503,0.44908689814125907,0.2981186805274099,-0.0648567916956983,0.06717635661513892,0.03469053407117409,0.08156277907656873
638,0.5,0.0,0.1,0.0,1.0,0.0001,0.0,0.0,20.0,26.666666666666664,1.0,0.0001,0.8,0.0,0.0715667040782435,NaN,NaN,NaN,NaN,NaN,NaN,NaN,NaN,NaN,NaN,NaN
639,0.6,0.0,0.1,0.0,1.0,0.0001,0.0,0.0,20.0,26.666666666666664,1.0,0.0001,0.8,0.0,0.09466284709881267,NaN,NaN,NaN,NaN,NaN,NaN,NaN,NaN,NaN,NaN,NaN
640,0.7,0.0,0.1,0.0,1.0,0.0001,0.0,0.0,20.0,26.666666666666664,1.0,0.0001,0.8,47.0,0.1986288870809758,32.917792627184355,0.40215963253893705,0.4445017266498612,0.4977278446858927,0.47720283497398447,0.4720505185797759,-0.08895619979498019,-0.1369256268035382,0.030612193212006845,0.04237919735949488,0.009298689973913112
641,0.8,0.0,0.1,0.0,1.0,0.0001,0.0,0.0,20.0,26.666666666666664,1.0,0.0001,0.8,150.0,0.020011574675297017,8.316365884222526,0.39684136569999356,0.6819956274870006,0.37812387853949586,0.4272214761056832,0.5983204228420599,-0.05945679203438582,-0.027278819723622318,-0.06043083571467232,0.021550849073494315,0.02827651411961392
642,0.9,0.0,0.1,0.0,1.0,0.0001,0.0,0.0,20.0,26.666666666666664,1.0,0.0001,0.8,8.0,0.01100845930954808,NaN,NaN,NaN,NaN,NaN,NaN,NaN,NaN,NaN,NaN,NaN
643,1.0,0.0,0.1,0.0,1.0,0.0001,0.0,0.0,20.0,26.666666666666664,1.0,0.0001,0.8,2.0,0.007448210432644542,NaN,NaN,NaN,NaN,NaN,NaN,NaN,NaN,NaN,NaN,NaN
644,1.1,0.0,0.1,0.0,1.0,0.0001,0.0,0.0,20.0,26.666666666666664,1.0,0.0001,0.8,0.0,4.4326660120219685e-9,NaN,NaN,NaN,NaN,NaN,NaN,NaN,NaN,NaN,NaN,NaN
645,1.2,0.0,0.1,0.0,1.0,0.0001,0.0,0.0,20.0,26.666666666666664,1.0,0.0001,0.8,0.0,5.0047965771682357e-11,NaN,NaN,NaN,NaN,NaN,NaN,NaN,NaN,NaN,NaN,NaN
646,1.3,0.0,0.1,0.0,1.0,0.0001,0.0,0.0,20.0,26.666666666666664,1.0,0.0001,0.8,0.0,4.4489567585515033e-10,NaN,NaN,NaN,NaN,NaN,NaN,NaN,NaN,NaN,NaN,NaN
647,1.4,0.0,0.1,0.0,1.0,0.0001,0.0,0.0,20.0,26.666666666666664,1.0,0.0001,0.8,0.0,2.708944180085382e-14,NaN,NaN,NaN,NaN,NaN,NaN,NaN,NaN,NaN,NaN,NaN
648,1.5,0.0,0.1,0.0,1.0,0.0001,0.0,0.0,20.0,26.666666666666664,1.0,0.0001,0.8,NaN,NaN,NaN,NaN,NaN,NaN,NaN,NaN,NaN,NaN,NaN,NaN,NaN
649,0.4,0.0,0.1,0.0,1.0,0.0001,0.0,0.0,22.0,29.333333333333332,1.0,0.0001,0.8,0.0,0.06353303216985268,NaN,NaN,NaN,NaN,NaN,NaN,NaN,NaN,NaN,NaN,NaN
650,0.5,0.0,0.1,0.0,1.0,0.0001,0.0,0.0,22.0,29.333333333333332,1.0,0.0001,0.8,0.0,0.08738708317123034,NaN,NaN,NaN,NaN,NaN,NaN,NaN,NaN,NaN,NaN,NaN
651,0.6,0.0,0.1,0.0,1.0,0.0001,0.0,0.0,22.0,29.333333333333332,1.0,0.0001,0.8,0.0,0.08955685555813153,NaN,NaN,NaN,NaN,NaN,NaN,NaN,NaN,NaN,NaN,NaN
652,0.7,0.0,0.1,0.0,1.0,0.0001,0.0,0.0,22.0,29.333333333333332,1.0,0.0001,0.8,39.0,0.11883253703490237,44.13260545518709,0.3839283729810619,0.4520562859684817,0.43036050805723025,0.36688228122387934,0.4875055385697105,-0.021058927812492363,-0.03647825901755649,-0.16984333069496318,0.041936642708762524,-0.007744457386863088
653,0.8,0.0,0.1,0.0,1.0,0.0001,0.0,0.0,22.0,29.333333333333332,1.0,0.0001,0.8,126.0,0.01921074285306712,8.39102902670594,0.4254148093982538,0.667361257229783,0.3579006302219426,0.4587481056595766,0.5397444417775179,0.058262818301894795,0.015501708718645342,-0.06257140894822856,0.005984411961034031,-0.04229944415287135
654,0.9,0.0,0.1,0.0,1.0,0.0001,0.0,0.0,22.0,29.333333333333332,1.0,0.0001,0.8,4.0,0.010216075592954232,NaN,NaN,NaN,NaN,NaN,NaN,NaN,NaN,NaN,NaN,NaN
655,1.0,0.0,0.1,0.0,1.0,0.0001,0.0,0.0,22.0,29.333333333333332,1.0,0.0001,0.8,0.0,2.1397517480092887e-7,NaN,NaN,NaN,NaN,NaN,NaN,NaN,NaN,NaN,NaN,NaN
656,1.1,0.0,0.1,0.0,1.0,0.0001,0.0,0.0,22.0,29.333333333333332,1.0,0.0001,0.8,0.0,4.796373098692186e-8,NaN,NaN,NaN,NaN,NaN,NaN,NaN,NaN,NaN,NaN,NaN
657,1.2,0.0,0.1,0.0,1.0,0.0001,0.0,0.0,22.0,29.333333333333332,1.0,0.0001,0.8,0.0,1.1608491945480637e-10,NaN,NaN,NaN,NaN,NaN,NaN,NaN,NaN,NaN,NaN,NaN
658,1.3,0.0,0.1,0.0,1.0,0.0001,0.0,0.0,22.0,29.333333333333332,1.0,0.0001,0.8,0.0,1.1088907569956064e-11,NaN,NaN,NaN,NaN,NaN,NaN,NaN,NaN,NaN,NaN,NaN
659,1.4,0.0,0.1,0.0,1.0,0.0001,0.0,0.0,22.0,29.333333333333332,1.0,0.0001,0.8,0.0,2.1390023086098608e-10,NaN,NaN,NaN,NaN,NaN,NaN,NaN,NaN,NaN,NaN,NaN
660,1.5,0.0,0.1,0.0,1.0,0.0001,0.0,0.0,22.0,29.333333333333332,1.0,0.0001,0.8,NaN,NaN,NaN,NaN,NaN,NaN,NaN,NaN,NaN,NaN,NaN,NaN,NaN
661,0.4,0.0,0.1,0.0,1.0,0.0001,0.0,0.0,24.0,32.0,1.0,0.0001,0.8,0.0,0.08238223249608045,NaN,NaN,NaN,NaN,NaN,NaN,NaN,NaN,NaN,NaN,NaN
662,0.5,0.0,0.1,0.0,1.0,0.0001,0.0,0.0,24.0,32.0,1.0,0.0001,0.8,0.0,0.08262362957894404,NaN,NaN,NaN,NaN,NaN,NaN,NaN,NaN,NaN,NaN,NaN
663,0.6,0.0,0.1,0.0,1.0,0.0001,0.0,0.0,24.0,32.0,1.0,0.0001,0.8,0.0,0.09464577160679422,NaN,NaN,NaN,NaN,NaN,NaN,NaN,NaN,NaN,NaN,NaN
664,0.7,0.0,0.1,0.0,1.0,0.0001,0.0,0.0,24.0,32.0,1.0,0.0001,0.8,40.0,0.14717428443945024,39.48409167735374,0.3648228580026501,0.46218152152163827,0.4607824418383692,0.513875827326301,0.4992930541155252,0.1660288051326994,0.0672008391954773,-0.058317278919751754,0.04905410501528445,-0.016525050951506578
665,0.8,0.0,0.1,0.0,1.0,0.0001,0.0,0.0,24.0,32.0,1.0,0.0001,0.8,124.0,0.01842264497331081,8.318069904997087,0.44960658100697337,0.6432213169692369,0.3762018502222277,0.4831363128982534,0.5745462774518166,0.134912900497494,0.006989396798312098,-0.06693179641381361,-0.017744306118159747,0.010203725035531366
666,0.9,0.0,0.1,0.0,1.0,0.0001,0.0,0.0,24.0,32.0,1.0,0.0001,0.8,6.0,0.00950794674028721,NaN,NaN,NaN,NaN,NaN,NaN,NaN,NaN,NaN,NaN,NaN
667,1.0,0.0,0.1,0.0,1.0,0.0001,0.0,0.0,24.0,32.0,1.0,0.0001,0.8,4.0,0.006323344474954529,NaN,NaN,NaN,NaN,NaN,NaN,NaN,NaN,NaN,NaN,NaN
668,1.1,0.0,0.1,0.0,1.0,0.0001,0.0,0.0,24.0,32.0,1.0,0.0001,0.8,0.0,7.482925390434048e-10,NaN,NaN,NaN,NaN,NaN,NaN,NaN,NaN,NaN,NaN,NaN
669,1.2,0.0,0.1,0.0,1.0,0.0001,0.0,0.0,24.0,32.0,1.0,0.0001,0.8,0.0,6.3435923181032194e-12,NaN,NaN,NaN,NaN,NaN,NaN,NaN,NaN,NaN,NaN,NaN
670,1.3,0.0,0.1,0.0,1.0,0.0001,0.0,0.0,24.0,32.0,1.0,0.0001,0.8,0.0,1.933649462770859e-9,NaN,NaN,NaN,NaN,NaN,NaN,NaN,NaN,NaN,NaN,NaN
671,1.4,0.0,0.1,0.0,1.0,0.0001,0.0,0.0,24.0,32.0,1.0,0.0001,0.8,NaN,NaN,NaN,NaN,NaN,NaN,NaN,NaN,NaN,NaN,NaN,NaN,NaN
672,1.5,0.0,0.1,0.0,1.0,0.0001,0.0,0.0,24.0,32.0,1.0,0.0001,0.8,NaN,NaN,NaN,NaN,NaN,NaN,NaN,NaN,NaN,NaN,NaN,NaN,NaN
673,0.4,0.0,0.1,0.0,1.0,0.0001,0.0,0.0,0.0,1.3333333333333333,1.0,0.0001,0.6,256.0,0.01410947081595948,5.710296114995747,0.3160790351110426,0.46949006171028257,0.5537380321139233,0.2806716874031852,0.4697260362995075,-0.09292003413609316,0.013536778780763887,0.06169812042033862,-0.007066328566523315,0.010862248972121858
674,0.5,0.0,0.1,0.0,1.0,0.0001,0.0,0.0,0.0,1.3333333333333333,1.0,0.0001,0.6,260.0,0.01919259191570205,6.403522906058366,0.3269021315791871,0.4944782777064779,0.5534833889463225,0.30644358537798344,0.49468674972940285,0.00598221945438536,0.010662339672256136,-0.08404786071546493,-0.031440589414841735,-0.016678748260316945
675,0.6,0.0,0.1,0.0,1.0,0.0001,0.0,0.0,0.0,1.3333333333333333,1.0,0.0001,0.6,250.0,0.024101786566052996,6.876220420393066,0.37983349616192025,0.5705631201327183,0.4323839862786448,0.35986363857150155,0.5444158264738507,-0.17853559254444715,0.06912559617585928,0.041047620021531506,0.020192317067748048,-0.02955446372309831
676,0.7,0.0,0.1,0.0,1.0,0.0001,0.0,0.0,0.0,1.3333333333333333,1.0,0.0001,0.6,192.0,0.028168931392320462,7.302628412857752,0.41958013978806075,0.6185793373107824,0.39874970558486944,0.3982004600439237,0.5443063315188073,0.18927320731386055,0.10004565758301365,-0.012951775818923863,-0.022838088447433878,-0.10883407018887288
677,0.8,0.0,0.1,0.0,1.0,0.0001,0.0,0.0,0.0,1.3333333333333333,1.0,0.0001,0.6,124.0,0.030954786790332256,7.6528690747089145,0.40971084456644263,0.694688777921104,0.3540383648397588,0.45663682049583887,0.5832798730676582,-0.0669116723440598,-0.02245746849475598,0.05698123073027387,-0.012049353172416283,0.015913015710889794
678,0.9,0.0,0.1,0.0,1.0,0.0001,0.0,0.0,0.0,1.3333333333333333,1.0,0.0001,0.6,66.0,0.03228032728457997,8.058284339526814,0.42992244276132485,0.7004735297577005,0.3639683951086682,0.49658246562711805,0.6194279261407792,-0.008031646235486505,0.017964701061135513,-0.0558090421248749,-0.05785017533452397,-0.0704831637609576
679,1.0,0.0,0.1,0.0,1.0,0.0001,0.0,0.0,0.0,1.3333333333333333,1.0,0.0001,0.6,20.0,0.03253105092951736,8.879720038639997,0.3537635100353315,0.5675608031393486,0.4045915697193614,0.4233476445671689,0.47430177320998823,0.14985850435019257,-0.18933488391851647,0.13163953022027033,0.035268455185292015,0.1543763355153678
680,1.1,0.0,0.1,0.0,1.0,0.0001,0.0,0.0,0.0,1.3333333333333333,1.0,0.0001,0.6,12.0,0.031865853568664004,NaN,NaN,NaN,NaN,NaN,NaN,NaN,NaN,NaN,NaN,NaN
681,1.2,0.0,0.1,0.0,1.0,0.0001,0.0,0.0,0.0,1.3333333333333333,1.0,0.0001,0.6,8.0,0.030659603443721428,NaN,NaN,NaN,NaN,NaN,NaN,NaN,NaN,NaN,NaN,NaN
682,1.3,0.0,0.1,0.0,1.0,0.0001,0.0,0.0,0.0,1.3333333333333333,1.0,0.0001,0.6,0.0,1.655743320227998e-9,NaN,NaN,NaN,NaN,NaN,NaN,NaN,NaN,NaN,NaN,NaN
683,1.4,0.0,0.1,0.0,1.0,0.0001,0.0,0.0,0.0,1.3333333333333333,1.0,0.0001,0.6,0.0,8.737233159195057e-12,NaN,NaN,NaN,NaN,NaN,NaN,NaN,NaN,NaN,NaN,NaN
684,1.5,0.0,0.1,0.0,1.0,0.0001,0.0,0.0,0.0,1.3333333333333333,1.0,0.0001,0.6,0.0,1.0325074129013956e-13,NaN,NaN,NaN,NaN,NaN,NaN,NaN,NaN,NaN,NaN,NaN
685,0.4,0.0,0.1,0.0,1.0,0.0001,0.0,0.0,1.0,1.3333333333333333,1.0,0.0001,0.6,264.0,0.014735403100148203,6.149343473618033,0.29458196124183605,0.4371408092490547,0.6013231241422305,0.2648995343361215,0.42104841210976296,-0.029006232970528345,-0.01095399587074293,0.09928621645614812,0.009047393670757574,-0.025805787609322603
686,0.5,0.0,0.1,0.0,1.0,0.0001,0.0,0.0,1.0,1.3333333333333333,1.0,0.0001,0.6,266.0,0.021791062472593048,7.10225675084043,0.2745832172416282,0.4160414571218561,0.6351586247154101,0.24487584185989184,0.39826493457950757,-0.16485813777270425,-0.02451026575521334,0.0825253158356578,0.0019754331872527146,0.0066696663859248
687,0.6,0.0,0.1,0.0,1.0,0.0001,0.0,0.0,1.0,1.3333333333333333,1.0,0.0001,0.6,268.0,0.03063720742425069,7.922081502001916,0.2897561814049947,0.29060803153017195,0.7758546500480382,0.18587112406336567,0.4343857387736812,0.21967045062756932,0.015244983671220565,-0.1383321639841375,0.012070123182025534,0.04572011970703004
688,0.7,0.0,0.1,0.0,1.0,0.0001,0.0,0.0,1.0,1.3333333333333333,1.0,0.0001,0.6,260.0,0.040561108505268284,8.488154118492355,0.2782041856812872,0.3353372441733324,0.7232244245230202,0.20633561991325103,0.41041048352401127,-0.005084079540454062,0.006266021798950984,-0.015208299875889342,0.017455571717996395,-0.01089572474754532
689,0.8,0.0,0.1,0.0,1.0,0.0001,0.0,0.0,1.0,1.3333333333333333,1.0,0.0001,0.6,264.0,0.04973537011233631,8.689927073385174,0.28840661934973555,0.3603393910115384,0.7295509660974457,0.20420824427626155,0.4482927265775411,0.003983186404035592,-0.0430975550426093,-0.16358789584703007,-0.01572610182205864,-0.03251110200356486
690,0.9,0.0,0.1,0.0,1.0,0.0001,0.0,0.0,1.0,1.3333333333333333,1.0,0.0001,0.6,248.0,0.05645219387580136,8.68847142414369,0.33111486445388416,0.6412150319121638,0.459581376877416,0.31373943787319436,0.5245981753319026,0.0762353456638184,-0.07264860186915188,0.0377967824953708,-0.01644807115137905,0.06788485591978673
691,1.0,0.0,0.1,0.0,1.0,0.0001,0.0,0.0,1.0,1.3333333333333333,1.0,0.0001,0.6,210.0,0.05961491619965409,8.643843998301064,0.35433111580737814,0.6492676749761763,0.4323361996400381,0.37691496624253834,0.580178999568113,-0.10073153465070393,-0.03639258697259748,0.06211983120378836,-0.00014670171298418618,0.004828140456395836
692,1.1,0.0,0.1,0.0,1.0,0.0001,0.0,0.0,1.0,1.3333333333333333,1.0,0.0001,0.6,122.0,0.05990871755597693,8.771712748268545,0.46934315380659153,0.5564519955822643,0.4217973066806318,0.445087687664862,0.5453560350448096,0.2732648289838002,-0.0007723102358753535,0.034195548940041794,-0.032758338878877705,0.02537783376790208
693,1.2,0.0,0.1,0.0,1.0,0.0001,0.0,0.0,1.0,1.3333333333333333,1.0,0.0001,0.6,46.0,0.05790928963396724,9.1739897755414,0.42665163586303223,0.70987270755652,0.34742449424440885,0.5250217184577172,0.5991841154665216,0.2942487005103058,-0.02444270509608206,-0.04232867530060678,-0.035141776996121164,0.09303264937710952
694,1.3,0.0,0.1,0.0,1.0,0.0001,0.0,0.0,1.0,1.3333333333333333,1.0,0.0001,0.6,14.0,0.054442697570301846,9.632018894649523,0.4258868368459031,0.6344098870158212,0.3551354968608298,0.5242278221384337,0.4504002634577632,-0.053800237745079006,-0.12954087494267247,-0.01546610175638667,0.03032007311523366,0.209729313249542
695,1.4,0.0,0.1,0.0,1.0,0.0001,0.0,0.0,1.0,1.3333333333333333,1.0,0.0001,0.6,6.0,0.0503890806247127,NaN,NaN,NaN,NaN,NaN,NaN,NaN,NaN,NaN,NaN,NaN
696,1.5,0.0,0.1,0.0,1.0,0.0001,0.0,0.0,1.0,1.3333333333333333,1.0,0.0001,0.6,2.0,0.04618844967909075,NaN,NaN,NaN,NaN,NaN,NaN,NaN,NaN,NaN,NaN,NaN
697,0.4,0.0,0.1,0.0,1.0,0.0001,0.0,0.0,2.0,2.6666666666666665,1.0,0.0001,0.6,260.0,0.011246857756898987,7.228131352775168,0.2774625318102901,0.3538512781117528,0.7122819496598599,0.23183722866646184,0.39845888672714486,0.21231703151613757,-0.01904527466704338,0.28222215814477924,0.02285450537361872,0.0406927647824794
698,0.5,0.0,0.1,0.0,1.0,0.0001,0.0,0.0,2.0,2.6666666666666665,1.0,0.0001,0.6,270.0,0.018519180366994847,8.158965460570057,0.2725782960060079,0.32168754863251603,0.7274651417459002,0.21749440135238435,0.40781643926437827,0.10022502319002496,-0.0773247520669793,0.13723419215859603,0.005061544864869209,0.0060670465945453726
699,0.6,0.0,0.1,0.0,1.0,0.0001,0.0,0.0,2.0,2.6666666666666665,1.0,0.0001,0.6,286.0,0.02781136904237924,8.834420873289822,0.26513036220756814,0.2991687071229915,0.7212348816226541,0.22159387555111706,0.3811258692404871,-0.0010493411167537814,0.03343170907208439,0.13296196746312994,0.021563923208487903,0.021573407457868895
700,0.7,0.0,0.1,0.0,1.0,0.0001,0.0,0.0,2.0,2.6666666666666665,1.0,0.0001,0.6,288.0,0.037112478349774825,9.019653501512435,0.25393633785493813,0.27018744471729483,0.7980362883729827,0.17829958470768395,0.36199667135882513,0.15560813298280282,0.025204774934957427,-0.12475092094855957,-0.012285089746686753,0.040795446261758544
701,0.8,0.0,0.1,0.0,1.0,0.0001,0.0,0.0,2.0,2.6666666666666665,1.0,0.0001,0.6,266.0,0.04326131011128487,8.88203219867529,0.29634778240552795,0.3974383339095899,0.6829145502201251,0.2267615925270734,0.44171913879313435,-0.12286154886730488,-0.005182124514689791,-0.14120306526139675,-0.029046073285728054,-0.053248950609268556
702,0.9,0.0,0.1,0.0,1.0,0.0001,0.0,0.0,2.0,2.6666666666666665,1.0,0.0001,0.6,210.0,0.04480097530932492,8.639803891920216,0.3913951468899656,0.7252965356147291,0.3116715338134752,0.40804650794499653,0.6102568631076881,-0.011268772581609469,-0.1378759226542744,-0.01729494019636406,0.04416035481588617,0.1276810419044866
703,1.0,0.0,0.1,0.0,1.0,0.0001,0.0,0.0,2.0,2.6666666666666665,1.0,0.0001,0.6,110.0,0.04300236343945074,8.765880010937233,0.4005183920996025,0.6672437934582228,0.37091470659705644,0.43708136698112304,0.5880112159627674,0.22964369240340546,0.0034432413253686896,-0.06814328108706533,-0.0164421095504367,0.029768787570283447
704,1.1,0.0,0.1,0.0,1.0,0.0001,0.0,0.0,2.0,2.6666666666666665,1.0,0.0001,0.6,30.0,0.03947602974459152,9.28732557848292,0.39452461760366514,0.6926576122849554,0.360011932537212,0.4494354039116299,0.504311618316617,0.17129783199821394,-0.006109040723047067,0.08671352060318961,0.02746244130519867,-0.07220416567638756
705,1.2,0.0,0.1,0.0,1.0,0.0001,0.0,0.0,2.0,2.6666666666666665,1.0,0.0001,0.6,8.0,0.03532236558591406,NaN,NaN,NaN,NaN,NaN,NaN,NaN,NaN,NaN,NaN,NaN
706,1.3,0.0,0.1,0.0,1.0,0.0001,0.0,0.0,2.0,2.6666666666666665,1.0,0.0001,0.6,4.0,0.03128266589527784,NaN,NaN,NaN,NaN,NaN,NaN,NaN,NaN,NaN,NaN,NaN
707,1.4,0.0,0.1,0.0,1.0,0.0001,0.0,0.0,2.0,2.6666666666666665,1.0,0.0001,0.6,4.0,0.02794385041772074,NaN,NaN,NaN,NaN,NaN,NaN,NaN,NaN,NaN,NaN,NaN
708,1.5,0.0,0.1,0.0,1.0,0.0001,0.0,0.0,2.0,2.6666666666666665,1.0,0.0001,0.6,0.0,1.7763568394002505e-15,NaN,NaN,NaN,NaN,NaN,NaN,NaN,NaN,NaN,NaN,NaN
709,0.4,0.0,0.1,0.0,1.0,0.0001,0.0,0.0,4.0,5.333333333333333,1.0,0.0001,0.6,268.0,0.010309011444097349,8.424649118900064,0.2717097368787996,0.3468914696477064,0.6694434079716801,0.24087192211390676,0.3830318841321083,0.0743895676470399,-0.027332364393056977,0.2689527687570889,0.030589763512437522,0.007069712941522541
710,0.5,0.0,0.1,0.0,1.0,0.0001,0.0,0.0,4.0,5.333333333333333,1.0,0.0001,0.6,295.0,0.019264095479633037,9.381648469582702,0.2376208423821015,0.2700332796180123,0.7656604014099525,0.22802476876326586,0.33333937009071973,0.06252797592260433,0.012905244748367961,-0.06009174587973252,-0.001166130283367268,-0.01895580339070855
711,0.6,0.0,0.1,0.0,1.0,0.0001,0.0,0.0,4.0,5.333333333333333,1.0,0.0001,0.6,280.0,0.030833984163196604,10.130386701301655,0.255306568119622,0.2864918109754617,0.7182319912389022,0.24060910974528596,0.34704277230347863,0.023842527102745766,-0.0472272054414004,-0.21699490029006396,0.021837369853784865,-0.011666703853405862
712,0.7,0.0,0.1,0.0,1.0,0.0001,0.0,0.0,4.0,5.333333333333333,1.0,0.0001,0.6,276.0,0.038750939869269474,9.68311901671678,0.2607193527982797,0.32093698715892754,0.7122611281762385,0.23348608497115428,0.39417658967564206,0.008885033983543318,-0.001817987129682163,-0.1359225399944023,0.013758673717148595,-0.05250364972745277
713,0.8,0.0,0.1,0.0,1.0,0.0001,0.0,0.0,4.0,5.333333333333333,1.0,0.0001,0.6,236.0,0.03828928438196599,8.88073223891195,0.31629380581361155,0.3352280043877582,0.7502684172684694,0.20447098465922448,0.49218993296177005,-0.14418337187659722,0.06230032898546692,0.456503783969835,0.013860273444481777,0.06766266020361712
714,0.9,0.0,0.1,0.0,1.0,0.0001,0.0,0.0,4.0,5.333333333333333,1.0,0.0001,0.6,126.0,0.03360145337681153,8.65938540869284,0.4364155967419238,0.6491886466265099,0.3886271039578453,0.47725323141854886,0.5454403675501931,0.04871839380113802,0.075408014772217,-0.03136898593985966,0.03380302911336018,-0.04048726251498766
715,1.0,0.0,0.1,0.0,1.0,0.0001,0.0,0.0,4.0,5.333333333333333,1.0,0.0001,0.6,28.0,0.02830057524986096,9.19342619652888,0.4943601811278374,0.5900774186916835,0.38946374499153674,0.5131337943448661,0.5327375046647261,0.31338223445756674,-0.030229388186667774,0.008642962783396517,-0.04477886313071976,0.10624523457806795
716,1.1,0.0,0.1,0.0,1.0,0.0001,0.0,0.0,4.0,5.333333333333333,1.0,0.0001,0.6,4.0,0.023615549515570988,NaN,NaN,NaN,NaN,NaN,NaN,NaN,NaN,NaN,NaN,NaN
717,1.2,0.0,0.1,0.0,1.0,0.0001,0.0,0.0,4.0,5.333333333333333,1.0,0.0001,0.6,0.0,6.537437258202772e-12,NaN,NaN,NaN,NaN,NaN,NaN,NaN,NaN,NaN,NaN,NaN
718,1.3,0.0,0.1,0.0,1.0,0.0001,0.0,0.0,4.0,5.333333333333333,1.0,0.0001,0.6,2.0,0.017133147827949502,NaN,NaN,NaN,NaN,NaN,NaN,NaN,NaN,NaN,NaN,NaN
719,1.4,0.0,0.1,0.0,1.0,0.0001,0.0,0.0,4.0,5.333333333333333,1.0,0.0001,0.6,4.0,0.014874887093513367,NaN,NaN,NaN,NaN,NaN,NaN,NaN,NaN,NaN,NaN,NaN
720,1.5,0.0,0.1,0.0,1.0,0.0001,0.0,0.0,4.0,5.333333333333333,1.0,0.0001,0.6,0.0,2.220446049250313e-16,NaN,NaN,NaN,NaN,NaN,NaN,NaN,NaN,NaN,NaN,NaN
721,0.4,0.0,0.1,0.0,1.0,0.0001,0.0,0.0,6.0,8.0,1.0,0.0001,0.6,268.0,0.01099364476646375,9.21922604843454,0.23371037890051194,0.33009641928770467,0.6438593097770149,0.29864655998351536,0.3252923111011591,-0.01641426019633607,-0.03755531792679001,-0.1255200221579147,-0.03594385843488475,0.0011604840413154485
722,0.5,0.0,0.1,0.0,1.0,0.0001,0.0,0.0,6.0,8.0,1.0,0.0001,0.6,312.0,0.02315350463089444,11.058248970537568,0.19252261796648085,0.29259620540832953,0.6274043334065772,0.32366132023836547,0.2809141194518307,-0.10392998764947667,0.024066582564961376,0.054112306646087356,0.018729357404631868,0.036113801827141544
723,0.6,0.0,0.1,0.0,1.0,0.0001,0.0,0.0,6.0,8.0,1.0,0.0001,0.6,326.0,0.03889328302429684,12.177700205178855,0.18181681607700215,0.2934158749283281,0.6214879336175722,0.351012175364916,0.3001625214976097,-0.03959615186945063,-0.015483282572140282,-0.07160914028435748,-0.0001321030982095548,-0.04643777218748084
724,0.7,0.0,0.1,0.0,1.0,0.0001,0.0,0.0,6.0,8.0,1.0,0.0001,0.6,306.0,0.04342185640821283,10.026674434066587,0.23695018404624846,0.2375403158315079,0.807069869912415,0.20347294926704132,0.30745741560501544,0.05880379986514509,-0.02421822463862691,-0.3490581085814709,-0.015141735464505542,-0.025436296583370595
725,0.8,0.0,0.1,0.0,1.0,0.0001,0.0,0.0,6.0,8.0,1.0,0.0001,0.6,232.0,0.03512797091339448,8.734248105146019,0.3484513989144516,0.748128579360237,0.33160226081527777,0.37410434956250677,0.5895594146056486,-0.20692605188967889,-0.14767536179053958,-0.01965432702932904,0.032094647022231665,0.11230348344539107
726,0.9,0.0,0.1,0.0,1.0,0.0001,0.0,0.0,6.0,8.0,1.0,0.0001,0.6,68.0,0.02715280133646214,8.940185323784418,0.44049364502824917,0.6076738593643356,0.3768697756716527,0.45287258634893796,0.5162610133043647,-0.2117261792510108,0.038503447086189316,0.0806973712049911,0.05996436232530206,-0.035117519892116526
727,1.0,0.0,0.1,0.0,1.0,0.0001,0.0,0.0,6.0,8.0,1.0,0.0001,0.6,8.0,0.021121870705004042,NaN,NaN,NaN,NaN,NaN,NaN,NaN,NaN,NaN,NaN,NaN
728,1.1,0.0,0.1,0.0,1.0,0.0001,0.0,0.0,6.0,8.0,1.0,0.0001,0.6,0.0,3.4057905384798914e-9,NaN,NaN,NaN,NaN,NaN,NaN,NaN,NaN,NaN,NaN,NaN
729,1.2,0.0,0.1,0.0,1.0,0.0001,0.0,0.0,6.0,8.0,1.0,0.0001,0.6,4.0,0.01390868303383841,NaN,NaN,NaN,NaN,NaN,NaN,NaN,NaN,NaN,NaN,NaN
730,1.3,0.0,0.1,0.0,1.0,0.0001,0.0,0.0,6.0,8.0,1.0,0.0001,0.6,0.0,2.524647157997606e-12,NaN,NaN,NaN,NaN,NaN,NaN,NaN,NaN,NaN,NaN,NaN
731,1.4,0.0,0.1,0.0,1.0,0.0001,0.0,0.0,6.0,8.0,1.0,0.0001,0.6,0.0,3.0460062694359635e-8,NaN,NaN,NaN,NaN,NaN,NaN,NaN,NaN,NaN,NaN,NaN
732,1.5,0.0,0.1,0.0,1.0,0.0001,0.0,0.0,6.0,8.0,1.0,0.0001,0.6,0.0,3.525846281604572e-12,NaN,NaN,NaN,NaN,NaN,NaN,NaN,NaN,NaN,NaN,NaN
733,0.4,0.0,0.1,0.0,1.0,0.0001,0.0,0.0,8.0,10.666666666666666,1.0,0.0001,0.6,320.0,0.012442191029132021,10.319037784294636,0.20495082620548924,0.3135166513072989,0.6308530531136574,0.3298198499403315,0.2969008808553299,-0.09431908315867661,-0.016809408692767848,0.28585817328465285,0.004156940862655899,0.003548837401495356
734,0.5,0.0,0.1,0.0,1.0,0.0001,0.0,0.0,8.0,10.666666666666666,1.0,0.0001,0.6,336.0,0.029745481237994864,18.418593703020548,0.18272196841268248,0.28516723818516637,0.4395889521924677,0.4512688505260875,0.3803038356116718,0.047399396593485285,0.004342071842017097,-0.1003188644787126,0.005514749621968694,0.011648170396720888
735,0.6,0.0,0.1,0.0,1.0,0.0001,0.0,0.0,8.0,10.666666666666666,1.0,0.0001,0.6,330.0,0.04977991466632714,22.477497778927162,0.17183253612521027,0.23694051962612805,0.3513275769943208,0.39170615019574373,0.49331104617858906,-0.1638638160209314,-0.04711384473791175,-0.1301094333635464,-0.013351064803452344,-0.06433527185951654
736,0.7,0.0,0.1,0.0,1.0,0.0001,0.0,0.0,8.0,10.666666666666666,1.0,0.0001,0.6,296.0,0.05188538778259966,10.771351279546863,0.22904084031289304,0.1847171377302874,0.8666757697916685,0.18828153131411302,0.2771071557990077,0.24033482319193597,-0.016183251498407786,-0.08834207757747302,-0.008096085007611682,0.050830316859799884
737,0.8,0.0,0.1,0.0,1.0,0.0001,0.0,0.0,8.0,10.666666666666666,1.0,0.0001,0.6,230.0,0.032590029509712015,8.568808781032711,0.35433961015326526,0.6558682142839721,0.4143275736566793,0.3421100772495875,0.5401140131019414,0.2049485128751359,0.10422692688162619,0.14144130390353937,0.0004921350926099118,-0.11241710797433453
738,0.9,0.0,0.1,0.0,1.0,0.0001,0.0,0.0,8.0,10.666666666666666,1.0,0.0001,0.6,32.0,0.022806475759301392,9.08257457205086,0.454570732901463,0.6151055780994716,0.38364062451952585,0.4658752629889862,0.43485500738376703,0.4899964347800858,0.03520210389016928,0.0839763070713759,0.14276102491457546,0.060167162310367554
739,1.0,0.0,0.1,0.0,1.0,0.0001,0.0,0.0,8.0,10.666666666666666,1.0,0.0001,0.6,6.0,0.016823445539699278,NaN,NaN,NaN,NaN,NaN,NaN,NaN,NaN,NaN,NaN,NaN
740,1.1,0.0,0.1,0.0,1.0,0.0001,0.0,0.0,8.0,10.666666666666666,1.0,0.0001,0.6,0.0,1.5445156265059268e-10,NaN,NaN,NaN,NaN,NaN,NaN,NaN,NaN,NaN,NaN,NaN
741,1.2,0.0,0.1,0.0,1.0,0.0001,0.0,0.0,8.0,10.666666666666666,1.0,0.0001,0.6,4.0,0.01067155537447717,NaN,NaN,NaN,NaN,NaN,NaN,NaN,NaN,NaN,NaN,NaN
742,1.3,0.0,0.1,0.0,1.0,0.0001,0.0,0.0,8.0,10.666666666666666,1.0,0.0001,0.6,0.0,1.5765166949677223e-14,NaN,NaN,NaN,NaN,NaN,NaN,NaN,NaN,NaN,NaN,NaN
743,1.4,0.0,0.1,0.0,1.0,0.0001,0.0,0.0,8.0,10.666666666666666,1.0,0.0001,0.6,0.0,4.811706588725428e-13,NaN,NaN,NaN,NaN,NaN,NaN,NaN,NaN,NaN,NaN,NaN
744,1.5,0.0,0.1,0.0,1.0,0.0001,0.0,0.0,8.0,10.666666666666666,1.0,0.0001,0.6,0.0,6.661338147750939e-16,NaN,NaN,NaN,NaN,NaN,NaN,NaN,NaN,NaN,NaN,NaN
745,0.4,0.0,0.1,0.0,1.0,0.0001,0.0,0.0,10.0,13.333333333333332,1.0,0.0001,0.6,332.0,0.014786353054810075,12.572059810445195,0.1908792860233964,0.31744269499120115,0.5461566001519415,0.38997446295022276,0.2910882732523371,-0.07533034097477437,-0.03049492429391743,0.014565098876446837,-0.0047386577100784495,0.013215430051980065
746,0.5,0.0,0.1,0.0,1.0,0.0001,0.0,0.0,10.0,13.333333333333332,1.0,0.0001,0.6,226.0,0.032057446227705066,35.82468012152655,0.32575367413337136,0.45776680456185115,0.4152642301736747,0.42547508930805855,0.4718668355319935,-0.06983221912839783,-0.005128075212452083,0.051189750364772704,0.00032975452457018,0.03713067023632876
747,0.6,0.0,0.1,0.0,1.0,0.0001,0.0,0.0,10.0,13.333333333333332,1.0,0.0001,0.6,55.0,0.07076909997235581,63.41585286880115,0.4929659942764607,0.42668372161778595,0.4866732755269389,0.4913423640283727,0.5662418536526999,0.0226356306743241,0.02757946499386054,0.1790440885212294,0.0066053099006349696,-0.0414752274056807
748,0.7,0.0,0.1,0.0,1.0,0.0001,0.0,0.0,10.0,13.333333333333332,1.0,0.0001,0.6,328.0,0.0689475813128766,12.237092039309491,0.17658128681005827,0.2963473567232871,0.6022569371377157,0.3757053817391693,0.2998192435440406,0.12165731409694412,0.007463970913317263,-0.07145955803507534,-0.003097446329248761,0.00613177017430557
749,0.8,0.0,0.1,0.0,1.0,0.0001,0.0,0.0,10.0,13.333333333333332,1.0,0.0001,0.6,192.0,0.030593675658416863,8.586444363946661,0.35075075856712196,0.6892188791448155,0.38394467619038136,0.3481079592823821,0.5527854190277912,-0.20755071038486161,-0.11199112534737676,0.027469211845661146,0.009862355492995719,0.08039289134218776
750,0.9,0.0,0.1,0.0,1.0,0.0001,0.0,0.0,10.0,13.333333333333332,1.0,0.0001,0.6,18.0,0.01962373293278863,9.54818758789545,0.3601338866831631,0.4011781060810371,0.4795350884993504,0.3896616564168672,0.47396943955907717,0.30842579689791594,0.01868590559519913,0.02538813135915881,0.17349032491473074,0.014908480715359992
751,1.0,0.0,0.1,0.0,1.0,0.0001,0.0,0.0,10.0,13.333333333333332,1.0,0.0001,0.6,4.0,0.013955960480541263,NaN,NaN,NaN,NaN,NaN,NaN,NaN,NaN,NaN,NaN,NaN
752,1.1,0.0,0.1,0.0,1.0,0.0001,0.0,0.0,10.0,13.333333333333332,1.0,0.0001,0.6,0.0,6.523950357717467e-8,NaN,NaN,NaN,NaN,NaN,NaN,NaN,NaN,NaN,NaN,NaN
753,1.2,0.0,0.1,0.0,1.0,0.0001,0.0,0.0,10.0,13.333333333333332,1.0,0.0001,0.6,0.0,6.217248937900877e-12,NaN,NaN,NaN,NaN,NaN,NaN,NaN,NaN,NaN,NaN,NaN
754,1.3,0.0,0.1,0.0,1.0,0.0001,0.0,0.0,10.0,13.333333333333332,1.0,0.0001,0.6,0.0,8.644085447429006e-11,NaN,NaN,NaN,NaN,NaN,NaN,NaN,NaN,NaN,NaN,NaN
755,1.4,0.0,0.1,0.0,1.0,0.0001,0.0,0.0,10.0,13.333333333333332,1.0,0.0001,0.6,0.0,3.774758283725532e-15,NaN,NaN,NaN,NaN,NaN,NaN,NaN,NaN,NaN,NaN,NaN
756,1.5,0.0,0.1,0.0,1.0,0.0001,0.0,0.0,10.0,13.333333333333332,1.0,0.0001,0.6,0.0,7.105427357601002e-15,NaN,NaN,NaN,NaN,NaN,NaN,NaN,NaN,NaN,NaN,NaN
757,0.4,0.0,0.1,0.0,1.0,0.0001,0.0,0.0,12.0,16.0,1.0,0.0001,0.6,356.0,0.017308119473058547,24.951839024522414,0.18074825419121848,0.25804736577675874,0.35969547194869217,0.4185998134197109,0.44783888260436655,0.041940286264017135,0.02418018233507243,0.07938500102936878,0.014244822655468562,0.08611435494746897
758,0.5,0.0,0.1,0.0,1.0,0.0001,0.0,0.0,12.0,16.0,1.0,0.0001,0.6,0.0,0.07197317465832276,NaN,NaN,NaN,NaN,NaN,NaN,NaN,NaN,NaN,NaN,NaN
759,0.6,0.0,0.1,0.0,1.0,0.0001,0.0,0.0,12.0,16.0,1.0,0.0001,0.6,0.0,0.1059511829647079,NaN,NaN,NaN,NaN,NaN,NaN,NaN,NaN,NaN,NaN,NaN
760,0.7,0.0,0.1,0.0,1.0,0.0001,0.0,0.0,12.0,16.0,1.0,0.0001,0.6,52.0,0.15191212383212493,40.04594874772762,0.33037446705372414,0.39001282406623566,0.427337044786956,0.45275737806324606,0.4257442352860987,-0.025090990103222136,0.05675632979387269,-0.04104018786983384,0.002010779773088026,-0.0013619867673716525
761,0.8,0.0,0.1,0.0,1.0,0.0001,0.0,0.0,12.0,16.0,1.0,0.0001,0.6,178.0,0.02873678869580476,8.480368833592694,0.38033789809057517,0.6740464532359327,0.37406640592946894,0.4172163878723158,0.5852312561583402,-0.18790277540195185,0.03157787964381979,0.01585830735977959,0.022878857501298835,-0.018697549791395453
762,0.9,0.0,0.1,0.0,1.0,0.0001,0.0,0.0,12.0,16.0,1.0,0.0001,0.6,8.0,0.017197741550552315,NaN,NaN,NaN,NaN,NaN,NaN,NaN,NaN,NaN,NaN,NaN
763,1.0,0.0,0.1,0.0,1.0,0.0001,0.0,0.0,12.0,16.0,1.0,0.0001,0.6,4.0,0.011935944368689833,NaN,NaN,NaN,NaN,NaN,NaN,NaN,NaN,NaN,NaN,NaN
764,1.1,0.0,0.1,0.0,1.0,0.0001,0.0,0.0,12.0,16.0,1.0,0.0001,0.6,0.0,2.3967510198730224e-9,NaN,NaN,NaN,NaN,NaN,NaN,NaN,NaN,NaN,NaN,NaN
765,1.2,0.0,0.1,0.0,1.0,0.0001,0.0,0.0,12.0,16.0,1.0,0.0001,0.6,4.0,0.007287757767843628,NaN,NaN,NaN,NaN,NaN,NaN,NaN,NaN,NaN,NaN,NaN
766,1.3,0.0,0.1,0.0,1.0,0.0001,0.0,0.0,12.0,16.0,1.0,0.0001,0.6,0.0,1.5210055437364645e-13,NaN,NaN,NaN,NaN,NaN,NaN,NaN,NaN,NaN,NaN,NaN
767,1.4,0.0,0.1,0.0,1.0,0.0001,0.0,0.0,12.0,16.0,1.0,0.0001,0.6,0.0,4.412026299860372e-13,NaN,NaN,NaN,NaN,NaN,NaN,NaN,NaN,NaN,NaN,NaN
768,1.5,0.0,0.1,0.0,1.0,0.0001,0.0,0.0,12.0,16.0,1.0,0.0001,0.6,0.0,8.881784197001252e-16,NaN,NaN,NaN,NaN,NaN,NaN,NaN,NaN,NaN,NaN,NaN
769,0.4,0.0,0.1,0.0,1.0,0.0001,0.0,0.0,14.0,18.666666666666664,1.0,0.0001,0.6,92.0,0.04573124796719913,56.58640217330236,0.3917489958875357,0.44832471638574295,0.42163458335100495,0.44226758565266766,0.46525906326219263,0.03308795721179175,-0.02385017233738293,0.049499520550860036,0.04729623345479408,0.021267547814089613
770,0.5,0.0,0.1,0.0,1.0,0.0001,0.0,0.0,14.0,18.666666666666664,1.0,0.0001,0.6,0.0,0.09002919017891436,NaN,NaN,NaN,NaN,NaN,NaN,NaN,NaN,NaN,NaN,NaN
771,0.6,0.0,0.1,0.0,1.0,0.0001,0.0,0.0,14.0,18.666666666666664,1.0,0.0001,0.6,0.0,0.11812853285199215,NaN,NaN,NaN,NaN,NaN,NaN,NaN,NaN,NaN,NaN,NaN
772,0.7,0.0,0.1,0.0,1.0,0.0001,0.0,0.0,14.0,18.666666666666664,1.0,0.0001,0.6,40.0,0.13636449720067334,47.51247090520398,0.370712268243043,0.37153039603089694,0.46185021949262406,0.41038403535870377,0.49614892212248185,0.13203596589541092,0.06253260581075323,-0.022994846133693004,-0.003980599302651216,0.05270553194057685
773,0.8,0.0,0.1,0.0,1.0,0.0001,0.0,0.0,14.0,18.666666666666664,1.0,0.0001,0.6,162.0,0.02711971755832765,8.46383699519322,0.40459027536186787,0.6713504065547734,0.37265817142170293,0.4270389164418085,0.5602128828695114,-0.020702862726799547,-0.08578402997982149,-0.07887923299364151,0.0035392570510045067,0.0450308183429488
774,0.9,0.0,0.1,0.0,1.0,0.0001,0.0,0.0,14.0,18.666666666666664,1.0,0.0001,0.6,12.0,0.01526737333599737,NaN,NaN,NaN,NaN,NaN,NaN,NaN,NaN,NaN,NaN,NaN
775,1.0,0.0,0.1,0.0,1.0,0.0001,0.0,0.0,14.0,18.666666666666664,1.0,0.0001,0.6,2.0,0.010443756385893233,NaN,NaN,NaN,NaN,NaN,NaN,NaN,NaN,NaN,NaN,NaN
776,1.1,0.0,0.1,0.0,1.0,0.0001,0.0,0.0,14.0,18.666666666666664,1.0,0.0001,0.6,0.0,2.774572127606234e-8,NaN,NaN,NaN,NaN,NaN,NaN,NaN,NaN,NaN,NaN,NaN
777,1.2,0.0,0.1,0.0,1.0,0.0001,0.0,0.0,14.0,18.666666666666664,1.0,0.0001,0.6,0.0,4.3942627314663696e-13,NaN,NaN,NaN,NaN,NaN,NaN,NaN,NaN,NaN,NaN,NaN
778,1.3,0.0,0.1,0.0,1.0,0.0001,0.0,0.0,14.0,18.666666666666664,1.0,0.0001,0.6,0.0,4.170885858911788e-12,NaN,NaN,NaN,NaN,NaN,NaN,NaN,NaN,NaN,NaN,NaN
779,1.4,0.0,0.1,0.0,1.0,0.0001,0.0,0.0,14.0,18.666666666666664,1.0,0.0001,0.6,0.0,2.1738166822160565e-13,NaN,NaN,NaN,NaN,NaN,NaN,NaN,NaN,NaN,NaN,NaN
780,1.5,0.0,0.1,0.0,1.0,0.0001,0.0,0.0,14.0,18.666666666666664,1.0,0.0001,0.6,NaN,NaN,NaN,NaN,NaN,NaN,NaN,NaN,NaN,NaN,NaN,NaN,NaN
781,0.4,0.0,0.1,0.0,1.0,0.0001,0.0,0.0,16.0,21.333333333333332,1.0,0.0001,0.6,0.0,0.04815079988591858,NaN,NaN,NaN,NaN,NaN,NaN,NaN,NaN,NaN,NaN,NaN
782,0.5,0.0,0.1,0.0,1.0,0.0001,0.0,0.0,16.0,21.333333333333332,1.0,0.0001,0.6,0.0,0.0874504823345274,NaN,NaN,NaN,NaN,NaN,NaN,NaN,NaN,NaN,NaN,NaN
783,0.6,0.0,0.1,0.0,1.0,0.0001,0.0,0.0,16.0,21.333333333333332,1.0,0.0001,0.6,0.0,0.1100054073116482,NaN,NaN,NaN,NaN,NaN,NaN,NaN,NaN,NaN,NaN,NaN
784,0.7,0.0,0.1,0.0,1.0,0.0001,0.0,0.0,16.0,21.333333333333332,1.0,0.0001,0.6,38.0,0.15547317787388903,45.27743113869393,0.37979208836510325,0.39885138120589164,0.4865879137724864,0.4052448331261748,0.5065283830957269,-0.16222806729370198,0.04429713800380235,0.051868287376741075,0.05210740620417322,-0.0870251626171301
785,0.8,0.0,0.1,0.0,1.0,0.0001,0.0,0.0,16.0,21.333333333333332,1.0,0.0001,0.6,144.0,0.02565132391280056,8.450927951073005,0.417401820191335,0.6779433999871536,0.38144795015216737,0.4407664975375591,0.5871170066900101,0.026183609652933055,0.03221231550156795,-0.11950864289245204,0.006190581652448763,-0.0015461346767821611
786,0.9,0.0,0.1,0.0,1.0,0.0001,0.0,0.0,16.0,21.333333333333332,1.0,0.0001,0.6,10.0,0.013799916110446508,NaN,NaN,NaN,NaN,NaN,NaN,NaN,NaN,NaN,NaN,NaN
787,1.0,0.0,0.1,0.0,1.0,0.0001,0.0,0.0,16.0,21.333333333333332,1.0,0.0001,0.6,0.0,3.137536730424273e-8,NaN,NaN,NaN,NaN,NaN,NaN,NaN,NaN,NaN,NaN,NaN
788,1.1,0.0,0.1,0.0,1.0,0.0001,0.0,0.0,16.0,21.333333333333332,1.0,0.0001,0.6,2.0,0.00690192964509273,NaN,NaN,NaN,NaN,NaN,NaN,NaN,NaN,NaN,NaN,NaN
789,1.2,0.0,0.1,0.0,1.0,0.0001,0.0,0.0,16.0,21.333333333333332,1.0,0.0001,0.6,0.0,1.841074181996305e-9,NaN,NaN,NaN,NaN,NaN,NaN,NaN,NaN,NaN,NaN,NaN
790,1.3,0.0,0.1,0.0,1.0,0.0001,0.0,0.0,16.0,21.333333333333332,1.0,0.0001,0.6,0.0,1.9984014443252818e-14,NaN,NaN,NaN,NaN,NaN,NaN,NaN,NaN,NaN,NaN,NaN
791,1.4,0.0,0.1,0.0,1.0,0.0001,0.0,0.0,16.0,21.333333333333332,1.0,0.0001,0.6,0.0,4.075850768003875e-12,NaN,NaN,NaN,NaN,NaN,NaN,NaN,NaN,NaN,NaN,NaN
792,1.5,0.0,0.1,0.0,1.0,0.0001,0.0,0.0,16.0,21.333333333333332,1.0,0.0001,0.6,NaN,NaN,NaN,NaN,NaN,NaN,NaN,NaN,NaN,NaN,NaN,NaN,NaN
793,0.4,0.0,0.1,0.0,1.0,0.0001,0.0,0.0,18.0,24.0,1.0,0.0001,0.6,0.0,0.06821287387353903,NaN,NaN,NaN,NaN,NaN,NaN,NaN,NaN,NaN,NaN,NaN
794,0.5,0.0,0.1,0.0,1.0,0.0001,0.0,0.0,18.0,24.0,1.0,0.0001,0.6,0.0,0.0916819340891224,NaN,NaN,NaN,NaN,NaN,NaN,NaN,NaN,NaN,NaN,NaN
795,0.6,0.0,0.1,0.0,1.0,0.0001,0.0,0.0,18.0,24.0,1.0,0.0001,0.6,0.0,0.10617208711035164,NaN,NaN,NaN,NaN,NaN,NaN,NaN,NaN,NaN,NaN,NaN
796,0.7,0.0,0.1,0.0,1.0,0.0001,0.0,0.0,18.0,24.0,1.0,0.0001,0.6,42.0,0.2511972935508744,36.159523746222334,0.4035794339566845,0.4940757200496132,0.43817444256509736,0.4984885588089705,0.47181287802336086,-0.0425096194384827,0.03527423722138252,-0.010521869216696695,0.006662399247969801,-0.009371825281192275
797,0.8,0.0,0.1,0.0,1.0,0.0001,0.0,0.0,18.0,24.0,1.0,0.0001,0.6,130.0,0.02430906156490298,8.403240524082292,0.4301163362640677,0.7085906444878827,0.344368782883406,0.48539280057282397,0.5808370097103726,-0.024613970647426507,0.01881305740503161,-0.06815288700093518,-0.0011074863972889378,-0.05852927240493946
798,0.9,0.0,0.1,0.0,1.0,0.0001,0.0,0.0,18.0,24.0,1.0,0.0001,0.6,6.0,0.012544652910252863,NaN,NaN,NaN,NaN,NaN,NaN,NaN,NaN,NaN,NaN,NaN
799,1.0,0.0,0.1,0.0,1.0,0.0001,0.0,0.0,18.0,24.0,1.0,0.0001,0.6,4.0,0.008378236400955807,NaN,NaN,NaN,NaN,NaN,NaN,NaN,NaN,NaN,NaN,NaN
800,1.1,0.0,0.1,0.0,1.0,0.0001,0.0,0.0,18.0,24.0,1.0,0.0001,0.6,2.0,0.006234185876338838,NaN,NaN,NaN,NaN,NaN,NaN,NaN,NaN,NaN,NaN,NaN
801,1.2,0.0,0.1,0.0,1.0,0.0001,0.0,0.0,18.0,24.0,1.0,0.0001,0.6,0.0,2.717825964282383e-13,NaN,NaN,NaN,NaN,NaN,NaN,NaN,NaN,NaN,NaN,NaN
802,1.3,0.0,0.1,0.0,1.0,0.0001,0.0,0.0,18.0,24.0,1.0,0.0001,0.6,0.0,7.984723993104126e-13,NaN,NaN,NaN,NaN,NaN,NaN,NaN,NaN,NaN,NaN,NaN
803,1.4,0.0,0.1,0.0,1.0,0.0001,0.0,0.0,18.0,24.0,1.0,0.0001,0.6,0.0,3.782307800292983e-12,NaN,NaN,NaN,NaN,NaN,NaN,NaN,NaN,NaN,NaN,NaN
804,1.5,0.0,0.1,0.0,1.0,0.0001,0.0,0.0,18.0,24.0,1.0,0.0001,0.6,NaN,NaN,NaN,NaN,NaN,NaN,NaN,NaN,NaN,NaN,NaN,NaN,NaN
805,0.4,0.0,0.1,0.0,1.0,0.0001,0.0,0.0,20.0,26.666666666666664,1.0,0.0001,0.6,0.0,0.09382262391795393,NaN,NaN,NaN,NaN,NaN,NaN,NaN,NaN,NaN,NaN,NaN
806,0.5,0.0,0.1,0.0,1.0,0.0001,0.0,0.0,20.0,26.666666666666664,1.0,0.0001,0.6,0.0,0.09780640445551742,NaN,NaN,NaN,NaN,NaN,NaN,NaN,NaN,NaN,NaN,NaN
807,0.6,0.0,0.1,0.0,1.0,0.0001,0.0,0.0,20.0,26.666666666666664,1.0,0.0001,0.6,0.0,0.10688472698579626,NaN,NaN,NaN,NaN,NaN,NaN,NaN,NaN,NaN,NaN,NaN
808,0.7,0.0,0.1,0.0,1.0,0.0001,0.0,0.0,20.0,26.666666666666664,1.0,0.0001,0.6,37.0,0.17977110764070448,40.728151790919405,0.4684586685673304,0.5021491530088005,0.42792461584157093,0.509122070630432,0.5416010034652845,0.040046110252569316,-0.08404720188056565,0.03318854351264291,0.10281439514318191,0.056259370352406864
809,0.8,0.0,0.1,0.0,1.0,0.0001,0.0,0.0,20.0,26.666666666666664,1.0,0.0001,0.6,104.0,0.023164502786736207,8.498312360183265,0.4385090296138354,0.6400909487750664,0.37202684325502033,0.436773955422844,0.5610064403557773,0.026933072111311625,-0.13197416032854012,0.021263228520149773,0.019937011330090144,0.050662354201517185
810,0.9,0.0,0.1,0.0,1.0,0.0001,0.0,0.0,20.0,26.666666666666664,1.0,0.0001,0.6,6.0,0.01150286917044463,NaN,NaN,NaN,NaN,NaN,NaN,NaN,NaN,NaN,NaN,NaN
811,1.0,0.0,0.1,0.0,1.0,0.0001,0.0,0.0,20.0,26.666666666666664,1.0,0.0001,0.6,2.0,0.007602830767168611,NaN,NaN,NaN,NaN,NaN,NaN,NaN,NaN,NaN,NaN,NaN
812,1.1,0.0,0.1,0.0,1.0,0.0001,0.0,0.0,20.0,26.666666666666664,1.0,0.0001,0.6,2.0,0.005665465125283431,NaN,NaN,NaN,NaN,NaN,NaN,NaN,NaN,NaN,NaN,NaN
813,1.2,0.0,0.1,0.0,1.0,0.0001,0.0,0.0,20.0,26.666666666666664,1.0,0.0001,0.6,0.0,7.135736446173269e-11,NaN,NaN,NaN,NaN,NaN,NaN,NaN,NaN,NaN,NaN,NaN
814,1.3,0.0,0.1,0.0,1.0,0.0001,0.0,0.0,20.0,26.666666666666664,1.0,0.0001,0.6,0.0,8.79296635503124e-14,NaN,NaN,NaN,NaN,NaN,NaN,NaN,NaN,NaN,NaN,NaN
815,1.4,0.0,0.1,0.0,1.0,0.0001,0.0,0.0,20.0,26.666666666666664,1.0,0.0001,0.6,0.0,2.886579864025407e-15,NaN,NaN,NaN,NaN,NaN,NaN,NaN,NaN,NaN,NaN,NaN
816,1.5,0.0,0.1,0.0,1.0,0.0001,0.0,0.0,20.0,26.666666666666664,1.0,0.0001,0.6,NaN,NaN,NaN,NaN,NaN,NaN,NaN,NaN,NaN,NaN,NaN,NaN,NaN
817,0.4,0.0,0.1,0.0,1.0,0.0001,0.0,0.0,22.0,29.333333333333332,1.0,0.0001,0.6,0.0,0.11207046300441492,NaN,NaN,NaN,NaN,NaN,NaN,NaN,NaN,NaN,NaN,NaN
818,0.5,0.0,0.1,0.0,1.0,0.0001,0.0,0.0,22.0,29.333333333333332,1.0,0.0001,0.6,0.0,0.0988677044199619,NaN,NaN,NaN,NaN,NaN,NaN,NaN,NaN,NaN,NaN,NaN
819,0.6,0.0,0.1,0.0,1.0,0.0001,0.0,0.0,22.0,29.333333333333332,1.0,0.0001,0.6,0.0,0.11916762594478875,NaN,NaN,NaN,NaN,NaN,NaN,NaN,NaN,NaN,NaN,NaN
820,0.7,0.0,0.1,0.0,1.0,0.0001,0.0,0.0,22.0,29.333333333333332,1.0,0.0001,0.6,36.0,0.15248716948429641,44.066641979111544,0.45157681876131506,0.477621800534823,0.5100790494124308,0.520102333599216,0.4627829574547304,-0.17487570480391332,0.12383728117577916,0.04415030425178154,0.07823184352218203,-0.041556117455495444
821,0.8,0.0,0.1,0.0,1.0,0.0001,0.0,0.0,22.0,29.333333333333332,1.0,0.0001,0.6,82.0,0.022106647541092705,8.576498971312143,0.4649904342975162,0.6274451028410131,0.3191622376136068,0.4674747452996134,0.5540298156346,0.10546742994521614,0.041932360754734534,-0.0679902609036812,-0.04432210308545045,0.04437218525011188
822,0.9,0.0,0.1,0.0,1.0,0.0001,0.0,0.0,22.0,29.333333333333332,1.0,0.0001,0.6,4.0,0.010609891028200424,NaN,NaN,NaN,NaN,NaN,NaN,NaN,NaN,NaN,NaN,NaN
823,1.0,0.0,0.1,0.0,1.0,0.0001,0.0,0.0,22.0,29.333333333333332,1.0,0.0001,0.6,0.0,7.01768931854474e-9,NaN,NaN,NaN,NaN,NaN,NaN,NaN,NaN,NaN,NaN,NaN
824,1.1,0.0,0.1,0.0,1.0,0.0001,0.0,0.0,22.0,29.333333333333332,1.0,0.0001,0.6,2.0,0.005150481253855865,NaN,NaN,NaN,NaN,NaN,NaN,NaN,NaN,NaN,NaN,NaN
825,1.2,0.0,0.1,0.0,1.0,0.0001,0.0,0.0,22.0,29.333333333333332,1.0,0.0001,0.6,0.0,4.732885194869141e-10,NaN,NaN,NaN,NaN,NaN,NaN,NaN,NaN,NaN,NaN,NaN
826,1.3,0.0,0.1,0.0,1.0,0.0001,0.0,0.0,22.0,29.333333333333332,1.0,0.0001,0.6,0.0,5.8195670504801456e-12,NaN,NaN,NaN,NaN,NaN,NaN,NaN,NaN,NaN,NaN,NaN
827,1.4,0.0,0.1,0.0,1.0,0.0001,0.0,0.0,22.0,29.333333333333332,1.0,0.0001,0.6,0.0,2.439826118916244e-12,NaN,NaN,NaN,NaN,NaN,NaN,NaN,NaN,NaN,NaN,NaN
828,1.5,0.0,0.1,0.0,1.0,0.0001,0.0,0.0,22.0,29.333333333333332,1.0,0.0001,0.6,NaN,NaN,NaN,NaN,NaN,NaN,NaN,NaN,NaN,NaN,NaN,NaN,NaN
829,0.4,0.0,0.1,0.0,1.0,0.0001,0.0,0.0,24.0,32.0,1.0,0.0001,0.6,0.0,0.11613704418053888,NaN,NaN,NaN,NaN,NaN,NaN,NaN,NaN,NaN,NaN,NaN
830,0.5,0.0,0.1,0.0,1.0,0.0001,0.0,0.0,24.0,32.0,1.0,0.0001,0.6,0.0,0.09280898338534099,NaN,NaN,NaN,NaN,NaN,NaN,NaN,NaN,NaN,NaN,NaN
831,0.6,0.0,0.1,0.0,1.0,0.0001,0.0,0.0,24.0,32.0,1.0,0.0001,0.6,0.0,0.10756799552518248,NaN,NaN,NaN,NaN,NaN,NaN,NaN,NaN,NaN,NaN,NaN
832,0.7,0.0,0.1,0.0,1.0,0.0001,0.0,0.0,24.0,32.0,1.0,0.0001,0.6,27.0,0.16116611684819293,50.82402537930351,0.3334760105792884,0.4193302815559712,0.43457646998307947,0.40962174489655706,0.4474052675821308,-0.3027116881068854,0.05336191285086008,0.04173987618764851,0.044254401692150766,-0.02185030281232385
833,0.8,0.0,0.1,0.0,1.0,0.0001,0.0,0.0,24.0,32.0,1.0,0.0001,0.6,76.0,0.021060264968345566,8.619162690697841,0.419978592981542,0.5997762958063578,0.4208761817770415,0.4534485322735624,0.562554904303957,-0.16966565027754593,-0.009302072679756903,-0.060222657160727076,-0.007731315643246408,0.03388148122754592
834,0.9,0.0,0.1,0.0,1.0,0.0001,0.0,0.0,24.0,32.0,1.0,0.0001,0.6,2.0,0.009886377765595533,NaN,NaN,NaN,NaN,NaN,NaN,NaN,NaN,NaN,NaN,NaN
835,1.0,0.0,0.1,0.0,1.0,0.0001,0.0,0.0,24.0,32.0,1.0,0.0001,0.6,2.0,0.006369201853121842,NaN,NaN,NaN,NaN,NaN,NaN,NaN,NaN,NaN,NaN,NaN
836,1.1,0.0,0.1,0.0,1.0,0.0001,0.0,0.0,24.0,32.0,1.0,0.0001,0.6,0.0,1.1620458595373861e-8,NaN,NaN,NaN,NaN,NaN,NaN,NaN,NaN,NaN,NaN,NaN
837,1.2,0.0,0.1,0.0,1.0,0.0001,0.0,0.0,24.0,32.0,1.0,0.0001,0.6,0.0,5.3725468518450725e-11,NaN,NaN,NaN,NaN,NaN,NaN,NaN,NaN,NaN,NaN,NaN
838,1.3,0.0,0.1,0.0,1.0,0.0001,0.0,0.0,24.0,32.0,1.0,0.0001,0.6,0.0,3.672617765460018e-13,NaN,NaN,NaN,NaN,NaN,NaN,NaN,NaN,NaN,NaN,NaN
839,1.4,0.0,0.1,0.0,1.0,0.0001,0.0,0.0,24.0,32.0,1.0,0.0001,0.6,NaN,NaN,NaN,NaN,NaN,NaN,NaN,NaN,NaN,NaN,NaN,NaN,NaN
840,1.5,0.0,0.1,0.0,1.0,0.0001,0.0,0.0,24.0,32.0,1.0,0.0001,0.6,NaN,NaN,NaN,NaN,NaN,NaN,NaN,NaN,NaN,NaN,NaN,NaN,NaN
841,0.4,0.0,0.1,0.0,1.0,0.0001,0.0,0.0,0.0,1.3333333333333333,1.0,0.0001,0.4,264.0,0.019399924971313875,5.878305357698189,0.33090514330952664,0.5263714441280583,0.5097219838239407,0.2997639668179271,0.45135392032932437,0.018598826683901164,-0.026161840796564983,-0.04165165210256205,-0.006910450074602942,-0.03499812180644931
842,0.5,0.0,0.1,0.0,1.0,0.0001,0.0,0.0,0.0,1.3333333333333333,1.0,0.0001,0.4,250.0,0.025451465874216705,6.630855032738156,0.3571350222306673,0.5330955367655125,0.505381407779365,0.3091237571889288,0.5133344481939771,-0.23714000729085524,0.0513569167141083,-0.18030021833182155,-0.003749346142178191,0.005907251540590006
843,0.6,0.0,0.1,0.0,1.0,0.0001,0.0,0.0,0.0,1.3333333333333333,1.0,0.0001,0.4,202.0,0.030703762404410972,7.160881385046203,0.36539089974394856,0.6659448179680034,0.3838579589959992,0.3713406327199725,0.5693036143063883,-0.18606081289848106,-0.0039892698222123565,0.020156010568333306,0.018692531470926296,-0.024153161154104506
844,0.7,0.0,0.1,0.0,1.0,0.0001,0.0,0.0,0.0,1.3333333333333333,1.0,0.0001,0.4,152.0,0.034287789313411476,7.489746939953421,0.40662897755677635,0.6793463635642929,0.37360320189474167,0.44660351604665943,0.5918714420682281,-0.17553923632305266,0.0016667730374151347,-0.027267805574010668,0.043279735938304316,0.0018507515966286164
845,0.8,0.0,0.1,0.0,1.0,0.0001,0.0,0.0,0.0,1.3333333333333333,1.0,0.0001,0.4,74.0,0.03612654750662647,8.025557410983685,0.4528142815469929,0.6499655445243584,0.4284459691908657,0.49106802655346304,0.5944458060595623,0.11991493373852627,0.07140223519133387,-0.05364324088178982,-0.07032660924413899,-0.06824414888287973
846,0.9,0.0,0.1,0.0,1.0,0.0001,0.0,0.0,0.0,1.3333333333333333,1.0,0.0001,0.4,28.0,0.03635648309811368,8.648677263167025,0.48821599295310136,0.6351362002199494,0.35712558811728595,0.5252839796536933,0.5733300784488308,0.37873488140736644,0.15442065166431432,-0.1311628012128914,0.04638040446835583,0.006860814598593927
847,1.0,0.0,0.1,0.0,1.0,0.0001,0.0,0.0,0.0,1.3333333333333333,1.0,0.0001,0.4,10.0,0.03546769176830766,NaN,NaN,NaN,NaN,NaN,NaN,NaN,NaN,NaN,NaN,NaN
848,1.1,0.0,0.1,0.0,1.0,0.0001,0.0,0.0,0.0,1.3333333333333333,1.0,0.0001,0.4,6.0,0.03390100377774896,NaN,NaN,NaN,NaN,NaN,NaN,NaN,NaN,NaN,NaN,NaN
849,1.2,0.0,0.1,0.0,1.0,0.0001,0.0,0.0,0.0,1.3333333333333333,1.0,0.0001,0.4,0.0,1.177946629127291e-12,NaN,NaN,NaN,NaN,NaN,NaN,NaN,NaN,NaN,NaN,NaN
850,1.3,0.0,0.1,0.0,1.0,0.0001,0.0,0.0,0.0,1.3333333333333333,1.0,0.0001,0.4,0.0,4.988159261198888e-7,NaN,NaN,NaN,NaN,NaN,NaN,NaN,NaN,NaN,NaN,NaN
851,1.4,0.0,0.1,0.0,1.0,0.0001,0.0,0.0,0.0,1.3333333333333333,1.0,0.0001,0.4,0.0,6.463718449367661e-13,NaN,NaN,NaN,NaN,NaN,NaN,NaN,NaN,NaN,NaN,NaN
852,1.5,0.0,0.1,0.0,1.0,0.0001,0.0,0.0,0.0,1.3333333333333333,1.0,0.0001,0.4,0.0,1.9984014443252818e-15,NaN,NaN,NaN,NaN,NaN,NaN,NaN,NaN,NaN,NaN,NaN
853,0.4,0.0,0.1,0.0,1.0,0.0001,0.0,0.0,1.0,1.3333333333333333,1.0,0.0001,0.4,278.0,0.02067923081976053,6.4321488651891645,0.2996343172557723,0.45430264820794786,0.6015162264843161,0.2653421342352299,0.4426121166144814,0.034189462211960876,-0.015310228324678743,-0.050747070141155884,-0.013034585258153705,-0.012778514005965814
854,0.5,0.0,0.1,0.0,1.0,0.0001,0.0,0.0,1.0,1.3333333333333333,1.0,0.0001,0.4,288.0,0.0304724824952195,7.636014078764728,0.2790031582013684,0.3547791439062589,0.7226677266984345,0.22471949570836378,0.40712096375112083,0.060711510145188795,0.006060353889886496,0.2578386183673578,-0.017759906738295562,-0.0030723363022321284
855,0.6,0.0,0.1,0.0,1.0,0.0001,0.0,0.0,1.0,1.3333333333333333,1.0,0.0001,0.4,270.0,0.04268551913813523,8.71430531175486,0.2818152845969837,0.32911125030341265,0.7117358797248907,0.23363239320614343,0.4198522977907197,0.09753464030827051,0.04830073039863491,0.058319493982980676,-0.01669843724543786,0.005974740736365847
856,0.7,0.0,0.1,0.0,1.0,0.0001,0.0,0.0,1.0,1.3333333333333333,1.0,0.0001,0.4,292.0,0.055498991251740626,9.197631105457678,0.28293270939163145,0.23831079026650973,0.8260997948787786,0.15963457508533302,0.39063772180546547,-0.1003188859800666,0.011062301704878015,-0.2986113410257274,0.006975986377911073,-0.05611497748949334
857,0.8,0.0,0.1,0.0,1.0,0.0001,0.0,0.0,1.0,1.3333333333333333,1.0,0.0001,0.4,278.0,0.06604487963869099,9.27824880775575,0.3065214384977127,0.3923691104430743,0.675439628732332,0.22276813009500052,0.4695231959833855,0.07078686148733149,-0.00898230567414174,0.08739513105782366,0.010203365189173965,-0.007261312896281976
858,0.9,0.0,0.1,0.0,1.0,0.0001,0.0,0.0,1.0,1.3333333333333333,1.0,0.0001,0.4,236.0,0.07165015355791637,9.103771328080368,0.3546135670641389,0.6797420088685109,0.39659725309988425,0.3611036515743207,0.5556813377446432,0.1878071573275052,-0.1538278512161043,-0.13691686922591972,0.02631554997656655,0.09768717632561505
859,1.0,0.0,0.1,0.0,1.0,0.0001,0.0,0.0,1.0,1.3333333333333333,1.0,0.0001,0.4,172.0,0.07200802827650155,8.927385404115036,0.3772291236089167,0.8145632690409452,0.2829205606842375,0.4400320194676465,0.665434435502945,-0.15988130006634863,0.060937471577834953,0.03728456378202549,0.020783494439621197,-0.10308171962806136
860,1.1,0.0,0.1,0.0,1.0,0.0001,0.0,0.0,1.0,1.3333333333333333,1.0,0.0001,0.4,64.0,0.06934381758090402,9.243901385891835,0.4780285600356761,0.6516964648003015,0.3379773886859729,0.504657859682789,0.5447165660445533,0.19716854685433235,-0.03946791872234011,-0.024791421909849377,-0.01248585897819123,-0.039788474210112626
861,1.2,0.0,0.1,0.0,1.0,0.0001,0.0,0.0,1.0,1.3333333333333333,1.0,0.0001,0.4,22.0,0.06428037409748466,9.66840510516374,0.3734151352103371,0.6718791251907844,0.3944316582229307,0.38347665448646856,0.5150606305069398,0.4451865636264619,0.029901379087838187,0.0644176857521846,0.03936339550899242,-0.04229192564528523
862,1.3,0.0,0.1,0.0,1.0,0.0001,0.0,0.0,1.0,1.3333333333333333,1.0,0.0001,0.4,8.0,0.058349043968587644,NaN,NaN,NaN,NaN,NaN,NaN,NaN,NaN,NaN,NaN,NaN
863,1.4,0.0,0.1,0.0,1.0,0.0001,0.0,0.0,1.0,1.3333333333333333,1.0,0.0001,0.4,2.0,0.05307401957811386,NaN,NaN,NaN,NaN,NaN,NaN,NaN,NaN,NaN,NaN,NaN
864,1.5,0.0,0.1,0.0,1.0,0.0001,0.0,0.0,1.0,1.3333333333333333,1.0,0.0001,0.4,0.0,1.5283330156989905e-12,NaN,NaN,NaN,NaN,NaN,NaN,NaN,NaN,NaN,NaN,NaN
865,0.4,0.0,0.1,0.0,1.0,0.0001,0.0,0.0,2.0,2.6666666666666665,1.0,0.0001,0.4,268.0,0.016370323591971214,7.772002858251338,0.25071648458878515,0.39059166891651087,0.6648278703372467,0.24774820039183232,0.38180401056821184,-0.10641208869458472,0.009205543090363054,-0.015073703550777692,-0.005921935750766418,-0.061809624282096014
866,0.5,0.0,0.1,0.0,1.0,0.0001,0.0,0.0,2.0,2.6666666666666665,1.0,0.0001,0.4,280.0,0.027322976990201364,9.008078980483733,0.25673951099716164,0.3253104104737365,0.7017136850380025,0.24636438195964874,0.3539245255735555,0.13722914772120612,-0.013551005877828697,-0.2293599052040565,-0.00863188958623738,-0.04930621970711507
867,0.6,0.0,0.1,0.0,1.0,0.0001,0.0,0.0,2.0,2.6666666666666665,1.0,0.0001,0.4,262.0,0.04119640182167772,10.047148397960793,0.23289436654060247,0.24248458849685994,0.8282912161436967,0.17882109089900858,0.3141628105863168,-0.03453753550887942,0.05696724276137573,0.25408957787393716,0.011732776124962546,0.05634237209376183
868,0.7,0.0,0.1,0.0,1.0,0.0001,0.0,0.0,2.0,2.6666666666666665,1.0,0.0001,0.4,274.0,0.05326929079324738,10.00884449428608,0.26684923124962884,0.3458380228322223,0.689913400247918,0.24986321618550247,0.39957935269948613,0.1401314687575693,0.02440595568565643,-0.11489314342868046,0.010090063677252587,-0.010578154427773729
869,0.8,0.0,0.1,0.0,1.0,0.0001,0.0,0.0,2.0,2.6666666666666665,1.0,0.0001,0.4,268.0,0.0576010847515519,9.3771582789702,0.31131702976384207,0.45494013983079484,0.625444763815341,0.26212749457024875,0.4691876773791137,0.0957181392398382,-0.062122216041390635,-0.10824775070771492,0.0072954192659218705,0.028756323489268997
870,0.9,0.0,0.1,0.0,1.0,0.0001,0.0,0.0,2.0,2.6666666666666665,1.0,0.0001,0.4,180.0,0.05515599966495288,8.958030286708247,0.40769047409607573,0.6833298830301285,0.35936880937047166,0.4217956368487277,0.5818534475003678,0.18413929091938397,0.09201903393822818,0.011589118439157196,-0.007170976270593367,-0.08102843771179767
871,1.0,0.0,0.1,0.0,1.0,0.0001,0.0,0.0,2.0,2.6666666666666665,1.0,0.0001,0.4,58.0,0.04967585270801134,9.207323654982247,0.48303688381794985,0.6622536149316032,0.3410386894414324,0.5407349964327258,0.5678172097918529,-0.2815019537437066,0.020204816102305338,0.05595685499162621,0.06003901049234515,-0.09566078563478889
872,1.1,0.0,0.1,0.0,1.0,0.0001,0.0,0.0,2.0,2.6666666666666665,1.0,0.0001,0.4,14.0,0.04327973885599867,9.623796058956144,0.5566523605435766,0.46774305418318557,0.3387023840983995,0.541705259298388,0.4969212990666563,0.34292277994518633,0.1758508847693205,0.11329545046710608,-0.04626055966620504,-0.09464315716192574
873,1.2,0.0,0.1,0.0,1.0,0.0001,0.0,0.0,2.0,2.6666666666666665,1.0,0.0001,0.4,4.0,0.037296455174524956,NaN,NaN,NaN,NaN,NaN,NaN,NaN,NaN,NaN,NaN,NaN
874,1.3,0.0,0.1,0.0,1.0,0.0001,0.0,0.0,2.0,2.6666666666666665,1.0,0.0001,0.4,0.0,1.9536527950947402e-10,NaN,NaN,NaN,NaN,NaN,NaN,NaN,NaN,NaN,NaN,NaN
875,1.4,0.0,0.1,0.0,1.0,0.0001,0.0,0.0,2.0,2.6666666666666665,1.0,0.0001,0.4,0.0,1.3387069230930138e-12,NaN,NaN,NaN,NaN,NaN,NaN,NaN,NaN,NaN,NaN,NaN
876,1.5,0.0,0.1,0.0,1.0,0.0001,0.0,0.0,2.0,2.6666666666666665,1.0,0.0001,0.4,0.0,2.4424906541753444e-15,NaN,NaN,NaN,NaN,NaN,NaN,NaN,NaN,NaN,NaN,NaN
877,0.4,0.0,0.1,0.0,1.0,0.0001,0.0,0.0,4.0,5.333333333333333,1.0,0.0001,0.4,274.0,0.01624338073027265,9.315929749156554,0.2421089629500234,0.3341204761402441,0.664136436707788,0.2871561704386412,0.3342209748613829,-0.11875360475929347,-0.013414744790075072,0.07166923070173224,0.016967053611193366,-0.012582335951176317
878,0.5,0.0,0.1,0.0,1.0,0.0001,0.0,0.0,4.0,5.333333333333333,1.0,0.0001,0.4,314.0,0.03248779386143297,11.9491165152146,0.2065176750423646,0.2874998741512077,0.6394802064575885,0.3295117404305359,0.2820437102487254,0.051053253745132816,0.022823321153775326,-0.20181050958426042,0.02982730793198545,-0.018795582651816002
879,0.6,0.0,0.1,0.0,1.0,0.0001,0.0,0.0,4.0,5.333333333333333,1.0,0.0001,0.4,300.0,0.053696841789492744,13.880594646108609,0.18299992394031286,0.2979260243722594,0.5835925957306103,0.36275095979109734,0.2958062493109682,-0.054044996636268,-0.0035191565009288005,-0.23713063679407326,0.017255788440636154,0.007989600044003618
880,0.7,0.0,0.1,0.0,1.0,0.0001,0.0,0.0,4.0,5.333333333333333,1.0,0.0001,0.4,296.0,0.061212188253920274,10.940182521015641,0.2285148125109828,0.21445047992716695,0.8782927199122582,0.17490110119094684,0.3053564806022405,-0.08191493329339823,-0.007986429371693417,0.38869860068160533,-0.017212682852337752,-0.05869615182726824
881,0.8,0.0,0.1,0.0,1.0,0.0001,0.0,0.0,4.0,5.333333333333333,1.0,0.0001,0.4,252.0,0.050372188717226374,9.096325885239706,0.35023846694451455,0.5640448587599639,0.5137349726224114,0.31331357947139105,0.5324381992775584,0.3717208020789359,-0.10839630827363617,0.17967304407332357,0.016154400030680038,0.01707911107334269
882,0.9,0.0,0.1,0.0,1.0,0.0001,0.0,0.0,4.0,5.333333333333333,1.0,0.0001,0.4,68.0,0.03952797308423217,9.10803706655093,0.44816759575291415,0.6604687630903072,0.379495079165567,0.48867447405923314,0.5789288219557681,-0.12163582647104187,0.006222679997399566,-0.13582404328920492,-0.05133081527627851,-0.03706533437838037
883,1.0,0.0,0.1,0.0,1.0,0.0001,0.0,0.0,4.0,5.333333333333333,1.0,0.0001,0.4,6.0,0.030968684871387264,NaN,NaN,NaN,NaN,NaN,NaN,NaN,NaN,NaN,NaN,NaN
884,1.1,0.0,0.1,0.0,1.0,0.0001,0.0,0.0,4.0,5.333333333333333,1.0,0.0001,0.4,4.0,0.02485313261727473,NaN,NaN,NaN,NaN,NaN,NaN,NaN,NaN,NaN,NaN,NaN
885,1.2,0.0,0.1,0.0,1.0,0.0001,0.0,0.0,4.0,5.333333333333333,1.0,0.0001,0.4,0.0,1.0418776952292319e-11,NaN,NaN,NaN,NaN,NaN,NaN,NaN,NaN,NaN,NaN,NaN
886,1.3,0.0,0.1,0.0,1.0,0.0001,0.0,0.0,4.0,5.333333333333333,1.0,0.0001,0.4,0.0,1.2168044349891716e-13,NaN,NaN,NaN,NaN,NaN,NaN,NaN,NaN,NaN,NaN,NaN
887,1.4,0.0,0.1,0.0,1.0,0.0001,0.0,0.0,4.0,5.333333333333333,1.0,0.0001,0.4,0.0,1.428627438571084e-9,NaN,NaN,NaN,NaN,NaN,NaN,NaN,NaN,NaN,NaN,NaN
888,1.5,0.0,0.1,0.0,1.0,0.0001,0.0,0.0,4.0,5.333333333333333,1.0,0.0001,0.4,0.0,1.283417816466681e-13,NaN,NaN,NaN,NaN,NaN,NaN,NaN,NaN,NaN,NaN,NaN
889,0.4,0.0,0.1,0.0,1.0,0.0001,0.0,0.0,6.0,8.0,1.0,0.0001,0.4,310.0,0.019236876993076746,11.662729841699432,0.2118217077234013,0.2950373658086732,0.5979697333547274,0.34873067550579356,0.2818606038734253,0.14899410335696972,-0.01804415556596704,-0.0802704637599751,-0.02983992973312304,-0.01707378320405982
890,0.5,0.0,0.1,0.0,1.0,0.0001,0.0,0.0,6.0,8.0,1.0,0.0001,0.4,338.0,0.042724701274391375,28.007234069934476,0.17710255749294912,0.21715410620605433,0.28077721515775206,0.3848319430049235,0.5017999449315025,-0.047856932641693356,-0.019637732511220706,-0.013169403089280596,0.006825913477740547,0.006033513204694308
891,0.6,0.0,0.1,0.0,1.0,0.0001,0.0,0.0,6.0,8.0,1.0,0.0001,0.4,89.0,0.06755380251647525,50.155529540563144,0.24849474381067566,0.33081199474057227,0.39451031625108196,0.39529780612313165,0.4231563670263113,-0.18577488349717147,0.04711436819040495,-0.1295969090290405,-0.024597663991220976,-0.035025670088777903
892,0.7,0.0,0.1,0.0,1.0,0.0001,0.0,0.0,6.0,8.0,1.0,0.0001,0.4,310.0,0.08551010135334569,12.85550834222878,0.1872329978226846,0.27627675587395645,0.6311055768729084,0.3458601090327747,0.2985253979917472,0.005069503832244047,0.005789008638974099,-0.11308710304282803,0.005391579051378857,0.020291418842247257
893,0.8,0.0,0.1,0.0,1.0,0.0001,0.0,0.0,6.0,8.0,1.0,0.0001,0.4,220.0,0.04573002285612959,8.892992506775794,0.3640253859430038,0.7203363879957326,0.35630338886210555,0.3843139954917937,0.5942915417407646,-0.022876616358852665,0.09000854945997916,-0.04490633820435416,0.009639137073891564,-0.01998796172711931
894,0.9,0.0,0.1,0.0,1.0,0.0001,0.0,0.0,6.0,8.0,1.0,0.0001,0.4,24.0,0.030869342757519957,9.61309331813172,0.4597324599212868,0.6301832731578768,0.3987466112783644,0.4863151244681738,0.4927709002241001,-0.12843716814233122,-0.08130469877138542,0.04516149265465048,0.10776960332661562,0.0026422227715451004
895,1.0,0.0,0.1,0.0,1.0,0.0001,0.0,0.0,6.0,8.0,1.0,0.0001,0.4,2.0,0.022360441570307144,NaN,NaN,NaN,NaN,NaN,NaN,NaN,NaN,NaN,NaN,NaN
896,1.1,0.0,0.1,0.0,1.0,0.0001,0.0,0.0,6.0,8.0,1.0,0.0001,0.4,4.0,0.01746683207343902,NaN,NaN,NaN,NaN,NaN,NaN,NaN,NaN,NaN,NaN,NaN
897,1.2,0.0,0.1,0.0,1.0,0.0001,0.0,0.0,6.0,8.0,1.0,0.0001,0.4,0.0,6.957713798438903e-7,NaN,NaN,NaN,NaN,NaN,NaN,NaN,NaN,NaN,NaN,NaN
898,1.3,0.0,0.1,0.0,1.0,0.0001,0.0,0.0,6.0,8.0,1.0,0.0001,0.4,0.0,9.996492522645894e-11,NaN,NaN,NaN,NaN,NaN,NaN,NaN,NaN,NaN,NaN,NaN
899,1.4,0.0,0.1,0.0,1.0,0.0001,0.0,0.0,6.0,8.0,1.0,0.0001,0.4,0.0,6.88160639583657e-12,NaN,NaN,NaN,NaN,NaN,NaN,NaN,NaN,NaN,NaN,NaN
900,1.5,0.0,0.1,0.0,1.0,0.0001,0.0,0.0,6.0,8.0,1.0,0.0001,0.4,0.0,7.549516567451064e-15,NaN,NaN,NaN,NaN,NaN,NaN,NaN,NaN,NaN,NaN,NaN
901,0.4,0.0,0.1,0.0,1.0,0.0001,0.0,0.0,8.0,10.666666666666666,1.0,0.0001,0.4,362.0,0.02390456240065081,28.791170018164575,0.2050113395393685,0.24897820490586098,0.33554154522723184,0.4188069003816032,0.432367420571388,0.0007801097330972591,-0.04467571038624747,0.01835664033398973,-0.0012181394173702072,-0.06798648907029546
902,0.5,0.0,0.1,0.0,1.0,0.0001,0.0,0.0,8.0,10.666666666666666,1.0,0.0001,0.4,0.0,0.07471121892402882,NaN,NaN,NaN,NaN,NaN,NaN,NaN,NaN,NaN,NaN,NaN
903,0.6,0.0,0.1,0.0,1.0,0.0001,0.0,0.0,8.0,10.666666666666666,1.0,0.0001,0.4,0.0,0.13733886077173568,NaN,NaN,NaN,NaN,NaN,NaN,NaN,NaN,NaN,NaN,NaN
904,0.7,0.0,0.1,0.0,1.0,0.0001,0.0,0.0,8.0,10.666666666666666,1.0,0.0001,0.4,50.0,0.2065478871469416,43.24020128196783,0.32806640411342713,0.41182551249816973,0.4441626659978546,0.44649490368870787,0.461836826966166,0.02267144275315523,0.06035940246707324,-0.0024503240924860937,-0.00554859509875167,-0.03470920169398851
905,0.8,0.0,0.1,0.0,1.0,0.0001,0.0,0.0,8.0,10.666666666666666,1.0,0.0001,0.4,194.0,0.04189808387197291,8.736461590650148,0.38205491703515426,0.7885369384762005,0.28770273115023776,0.4240338085541942,0.6524408743122863,-0.15400211759064344,0.09093839793088702,0.03811336676138007,-0.020064606337166037,-0.19920328732923287
906,0.9,0.0,0.1,0.0,1.0,0.0001,0.0,0.0,8.0,10.666666666666666,1.0,0.0001,0.4,14.0,0.025238766222112075,9.658180119240805,0.46573021286735294,0.6725737142157782,0.3919642671701517,0.632824500483884,0.47339686547469373,0.5571248599855354,-0.09650866469504844,-0.13470432356404333,0.034248600280117183,0.17565779465715772
907,1.0,0.0,0.1,0.0,1.0,0.0001,0.0,0.0,8.0,10.666666666666666,1.0,0.0001,0.4,0.0,1.5292310306946888e-8,NaN,NaN,NaN,NaN,NaN,NaN,NaN,NaN,NaN,NaN,NaN
908,1.1,0.0,0.1,0.0,1.0,0.0001,0.0,0.0,8.0,10.666666666666666,1.0,0.0001,0.4,0.0,7.011946578927564e-12,NaN,NaN,NaN,NaN,NaN,NaN,NaN,NaN,NaN,NaN,NaN
909,1.2,0.0,0.1,0.0,1.0,0.0001,0.0,0.0,8.0,10.666666666666666,1.0,0.0001,0.4,0.0,4.805385993567057e-7,NaN,NaN,NaN,NaN,NaN,NaN,NaN,NaN,NaN,NaN,NaN
910,1.3,0.0,0.1,0.0,1.0,0.0001,0.0,0.0,8.0,10.666666666666666,1.0,0.0001,0.4,0.0,3.694822225952521e-13,NaN,NaN,NaN,NaN,NaN,NaN,NaN,NaN,NaN,NaN,NaN
911,1.4,0.0,0.1,0.0,1.0,0.0001,0.0,0.0,8.0,10.666666666666666,1.0,0.0001,0.4,0.0,3.064215547965432e-14,NaN,NaN,NaN,NaN,NaN,NaN,NaN,NaN,NaN,NaN,NaN
912,1.5,0.0,0.1,0.0,1.0,0.0001,0.0,0.0,8.0,10.666666666666666,1.0,0.0001,0.4,0.0,4.440892098500626e-16,NaN,NaN,NaN,NaN,NaN,NaN,NaN,NaN,NaN,NaN,NaN
913,0.4,0.0,0.1,0.0,1.0,0.0001,0.0,0.0,10.0,13.333333333333332,1.0,0.0001,0.4,26.0,0.06862749637371562,104.79070995914596,0.3461465949804795,0.4064415126345717,0.4846472814138999,0.40093389143466235,0.4849106479749296,-0.31172912023228216,0.12587159740048154,-0.06691085425657942,-0.03692287636308512,0.004218173098999986
914,0.5,0.0,0.1,0.0,1.0,0.0001,0.0,0.0,10.0,13.333333333333332,1.0,0.0001,0.4,0.0,0.1153390817171201,NaN,NaN,NaN,NaN,NaN,NaN,NaN,NaN,NaN,NaN,NaN
915,0.6,0.0,0.1,0.0,1.0,0.0001,0.0,0.0,10.0,13.333333333333332,1.0,0.0001,0.4,0.0,0.1344477902061273,NaN,NaN,NaN,NaN,NaN,NaN,NaN,NaN,NaN,NaN,NaN
916,0.7,0.0,0.1,0.0,1.0,0.0001,0.0,0.0,10.0,13.333333333333332,1.0,0.0001,0.4,0.0,0.19148636972516508,NaN,NaN,NaN,NaN,NaN,NaN,NaN,NaN,NaN,NaN,NaN
917,0.8,0.0,0.1,0.0,1.0,0.0001,0.0,0.0,10.0,13.333333333333332,1.0,0.0001,0.4,164.0,0.03874405052394014,8.641355164156343,0.41065483736307123,0.6557341500802332,0.3955135244692929,0.4210039377927337,0.5734643967403018,0.043738648132065475,0.15609238361105662,0.13499819834067756,0.004392146548674254,-0.0017672742627562587
918,0.9,0.0,0.1,0.0,1.0,0.0001,0.0,0.0,10.0,13.333333333333332,1.0,0.0001,0.4,6.0,0.021365371022297186,NaN,NaN,NaN,NaN,NaN,NaN,NaN,NaN,NaN,NaN,NaN
919,1.0,0.0,0.1,0.0,1.0,0.0001,0.0,0.0,10.0,13.333333333333332,1.0,0.0001,0.4,4.0,0.01461187131428221,NaN,NaN,NaN,NaN,NaN,NaN,NaN,NaN,NaN,NaN,NaN
920,1.1,0.0,0.1,0.0,1.0,0.0001,0.0,0.0,10.0,13.333333333333332,1.0,0.0001,0.4,0.0,8.48860670643603e-9,NaN,NaN,NaN,NaN,NaN,NaN,NaN,NaN,NaN,NaN,NaN
921,1.2,0.0,0.1,0.0,1.0,0.0001,0.0,0.0,10.0,13.333333333333332,1.0,0.0001,0.4,0.0,7.390532630324742e-12,NaN,NaN,NaN,NaN,NaN,NaN,NaN,NaN,NaN,NaN,NaN
922,1.3,0.0,0.1,0.0,1.0,0.0001,0.0,0.0,10.0,13.333333333333332,1.0,0.0001,0.4,4.0,0.007294970797785849,NaN,NaN,NaN,NaN,NaN,NaN,NaN,NaN,NaN,NaN,NaN
923,1.4,0.0,0.1,0.0,1.0,0.0001,0.0,0.0,10.0,13.333333333333332,1.0,0.0001,0.4,0.0,5.129230373768223e-14,NaN,NaN,NaN,NaN,NaN,NaN,NaN,NaN,NaN,NaN,NaN
924,1.5,0.0,0.1,0.0,1.0,0.0001,0.0,0.0,10.0,13.333333333333332,1.0,0.0001,0.4,0.0,6.661338147750939e-16,NaN,NaN,NaN,NaN,NaN,NaN,NaN,NaN,NaN,NaN,NaN
925,0.4,0.0,0.1,0.0,1.0,0.0001,0.0,0.0,12.0,16.0,1.0,0.0001,0.4,0.0,0.06398589355302114,NaN,NaN,NaN,NaN,NaN,NaN,NaN,NaN,NaN,NaN,NaN
926,0.5,0.0,0.1,0.0,1.0,0.0001,0.0,0.0,12.0,16.0,1.0,0.0001,0.4,0.0,0.12186020703789435,NaN,NaN,NaN,NaN,NaN,NaN,NaN,NaN,NaN,NaN,NaN
927,0.6,0.0,0.1,0.0,1.0,0.0001,0.0,0.0,12.0,16.0,1.0,0.0001,0.4,0.0,0.141569248365913,NaN,NaN,NaN,NaN,NaN,NaN,NaN,NaN,NaN,NaN,NaN
928,0.7,0.0,0.1,0.0,1.0,0.0001,0.0,0.0,12.0,16.0,1.0,0.0001,0.4,0.0,0.19561800394688644,NaN,NaN,NaN,NaN,NaN,NaN,NaN,NaN,NaN,NaN,NaN
929,0.8,0.0,0.1,0.0,1.0,0.0001,0.0,0.0,12.0,16.0,1.0,0.0001,0.4,140.0,0.035933158664600895,8.608769872561597,0.420473111717503,0.6650996543892611,0.3896784351192542,0.4530126286940336,0.5585496658333593,-0.028067360157162265,-0.031682236656091066,-0.011529429488973265,-0.005436758415775977,0.024501271579930175
930,0.9,0.0,0.1,0.0,1.0,0.0001,0.0,0.0,12.0,16.0,1.0,0.0001,0.4,8.0,0.018530552504532394,NaN,NaN,NaN,NaN,NaN,NaN,NaN,NaN,NaN,NaN,NaN
931,1.0,0.0,0.1,0.0,1.0,0.0001,0.0,0.0,12.0,16.0,1.0,0.0001,0.4,2.0,0.012409247353897257,NaN,NaN,NaN,NaN,NaN,NaN,NaN,NaN,NaN,NaN,NaN
932,1.1,0.0,0.1,0.0,1.0,0.0001,0.0,0.0,12.0,16.0,1.0,0.0001,0.4,0.0,1.6738207213595757e-5,NaN,NaN,NaN,NaN,NaN,NaN,NaN,NaN,NaN,NaN,NaN
933,1.2,0.0,0.1,0.0,1.0,0.0001,0.0,0.0,12.0,16.0,1.0,0.0001,0.4,2.0,0.007420228115046168,NaN,NaN,NaN,NaN,NaN,NaN,NaN,NaN,NaN,NaN,NaN
934,1.3,0.0,0.1,0.0,1.0,0.0001,0.0,0.0,12.0,16.0,1.0,0.0001,0.4,0.0,7.793765632868599e-14,NaN,NaN,NaN,NaN,NaN,NaN,NaN,NaN,NaN,NaN,NaN
935,1.4,0.0,0.1,0.0,1.0,0.0001,0.0,0.0,12.0,16.0,1.0,0.0001,0.4,0.0,1.894040480010517e-13,NaN,NaN,NaN,NaN,NaN,NaN,NaN,NaN,NaN,NaN,NaN
936,1.5,0.0,0.1,0.0,1.0,0.0001,0.0,0.0,12.0,16.0,1.0,0.0001,0.4,0.0,2.220446049250313e-16,NaN,NaN,NaN,NaN,NaN,NaN,NaN,NaN,NaN,NaN,NaN
937,0.4,0.0,0.1,0.0,1.0,0.0001,0.0,0.0,14.0,18.666666666666664,1.0,0.0001,0.4,0.0,0.09081375963630561,NaN,NaN,NaN,NaN,NaN,NaN,NaN,NaN,NaN,NaN,NaN
938,0.5,0.0,0.1,0.0,1.0,0.0001,0.0,0.0,14.0,18.666666666666664,1.0,0.0001,0.4,0.0,0.11769642461903657,NaN,NaN,NaN,NaN,NaN,NaN,NaN,NaN,NaN,NaN,NaN
939,0.6,0.0,0.1,0.0,1.0,0.0001,0.0,0.0,14.0,18.666666666666664,1.0,0.0001,0.4,0.0,0.13471956514689182,NaN,NaN,NaN,NaN,NaN,NaN,NaN,NaN,NaN,NaN,NaN
940,0.7,0.0,0.1,0.0,1.0,0.0001,0.0,0.0,14.0,18.666666666666664,1.0,0.0001,0.4,0.0,0.18591140933885297,NaN,NaN,NaN,NaN,NaN,NaN,NaN,NaN,NaN,NaN,NaN
941,0.8,0.0,0.1,0.0,1.0,0.0001,0.0,0.0,14.0,18.666666666666664,1.0,0.0001,0.4,114.0,0.0335240782436147,8.582318853496265,0.46969954999176633,0.6800485049062233,0.345473374688756,0.48488137452867414,0.5536547787902405,-0.4225508664853583,-0.005201512935932854,-0.12133628090991067,0.0327276347140948,-0.031733378903843396
942,0.9,0.0,0.1,0.0,1.0,0.0001,0.0,0.0,14.0,18.666666666666664,1.0,0.0001,0.4,4.0,0.016317797020649283,NaN,NaN,NaN,NaN,NaN,NaN,NaN,NaN,NaN,NaN,NaN
943,1.0,0.0,0.1,0.0,1.0,0.0001,0.0,0.0,14.0,18.666666666666664,1.0,0.0001,0.4,0.0,1.8636646670344703e-9,NaN,NaN,NaN,NaN,NaN,NaN,NaN,NaN,NaN,NaN,NaN
944,1.1,0.0,0.1,0.0,1.0,0.0001,0.0,0.0,14.0,18.666666666666664,1.0,0.0001,0.4,4.0,0.008053946246636023,NaN,NaN,NaN,NaN,NaN,NaN,NaN,NaN,NaN,NaN,NaN
945,1.2,0.0,0.1,0.0,1.0,0.0001,0.0,0.0,14.0,18.666666666666664,1.0,0.0001,0.4,0.0,2.949418487219191e-12,NaN,NaN,NaN,NaN,NaN,NaN,NaN,NaN,NaN,NaN,NaN
946,1.3,0.0,0.1,0.0,1.0,0.0001,0.0,0.0,14.0,18.666666666666664,1.0,0.0001,0.4,0.0,1.4777357115747236e-10,NaN,NaN,NaN,NaN,NaN,NaN,NaN,NaN,NaN,NaN,NaN
947,1.4,0.0,0.1,0.0,1.0,0.0001,0.0,0.0,14.0,18.666666666666664,1.0,0.0001,0.4,0.0,3.375077994860476e-14,NaN,NaN,NaN,NaN,NaN,NaN,NaN,NaN,NaN,NaN,NaN
948,1.5,0.0,0.1,0.0,1.0,0.0001,0.0,0.0,14.0,18.666666666666664,1.0,0.0001,0.4,NaN,NaN,NaN,NaN,NaN,NaN,NaN,NaN,NaN,NaN,NaN,NaN,NaN
949,0.4,0.0,0.1,0.0,1.0,0.0001,0.0,0.0,16.0,21.333333333333332,1.0,0.0001,0.4,0.0,0.1064060549597704,NaN,NaN,NaN,NaN,NaN,NaN,NaN,NaN,NaN,NaN,NaN
950,0.5,0.0,0.1,0.0,1.0,0.0001,0.0,0.0,16.0,21.333333333333332,1.0,0.0001,0.4,0.0,0.11661532437090066,NaN,NaN,NaN,NaN,NaN,NaN,NaN,NaN,NaN,NaN,NaN
951,0.6,0.0,0.1,0.0,1.0,0.0001,0.0,0.0,16.0,21.333333333333332,1.0,0.0001,0.4,0.0,0.13187683432449443,NaN,NaN,NaN,NaN,NaN,NaN,NaN,NaN,NaN,NaN,NaN
952,0.7,0.0,0.1,0.0,1.0,0.0001,0.0,0.0,16.0,21.333333333333332,1.0,0.0001,0.4,0.0,0.19614407902683362,NaN,NaN,NaN,NaN,NaN,NaN,NaN,NaN,NaN,NaN,NaN
953,0.8,0.0,0.1,0.0,1.0,0.0001,0.0,0.0,16.0,21.333333333333332,1.0,0.0001,0.4,86.0,0.03138099522029458,8.62324359039013,0.4821622971004499,0.5568913056173893,0.3450008569704795,0.4161626862017914,0.5469035695203184,0.39706287630264464,-0.03205425845405951,-0.09743645853937868,-0.001775112946090168,-0.0215199306873743
954,0.9,0.0,0.1,0.0,1.0,0.0001,0.0,0.0,16.0,21.333333333333332,1.0,0.0001,0.4,8.0,0.014572822926540052,NaN,NaN,NaN,NaN,NaN,NaN,NaN,NaN,NaN,NaN,NaN
955,1.0,0.0,0.1,0.0,1.0,0.0001,0.0,0.0,16.0,21.333333333333332,1.0,0.0001,0.4,4.0,0.009520002836054808,NaN,NaN,NaN,NaN,NaN,NaN,NaN,NaN,NaN,NaN,NaN
956,1.1,0.0,0.1,0.0,1.0,0.0001,0.0,0.0,16.0,21.333333333333332,1.0,0.0001,0.4,0.0,1.0750089707300958e-10,NaN,NaN,NaN,NaN,NaN,NaN,NaN,NaN,NaN,NaN,NaN
957,1.2,0.0,0.1,0.0,1.0,0.0001,0.0,0.0,16.0,21.333333333333332,1.0,0.0001,0.4,0.0,1.9427792707915614e-11,NaN,NaN,NaN,NaN,NaN,NaN,NaN,NaN,NaN,NaN,NaN
958,1.3,0.0,0.1,0.0,1.0,0.0001,0.0,0.0,16.0,21.333333333333332,1.0,0.0001,0.4,0.0,1.4569295103683544e-8,NaN,NaN,NaN,NaN,NaN,NaN,NaN,NaN,NaN,NaN,NaN
959,1.4,0.0,0.1,0.0,1.0,0.0001,0.0,0.0,16.0,21.333333333333332,1.0,0.0001,0.4,0.0,2.8617730407631825e-10,NaN,NaN,NaN,NaN,NaN,NaN,NaN,NaN,NaN,NaN,NaN
960,1.5,0.0,0.1,0.0,1.0,0.0001,0.0,0.0,16.0,21.333333333333332,1.0,0.0001,0.4,NaN,NaN,NaN,NaN,NaN,NaN,NaN,NaN,NaN,NaN,NaN,NaN,NaN
961,0.4,0.0,0.1,0.0,1.0,0.0001,0.0,0.0,18.0,24.0,1.0,0.0001,0.4,0.0,0.11558218035245182,NaN,NaN,NaN,NaN,NaN,NaN,NaN,NaN,NaN,NaN,NaN
962,0.5,0.0,0.1,0.0,1.0,0.0001,0.0,0.0,18.0,24.0,1.0,0.0001,0.4,0.0,0.11084982090195167,NaN,NaN,NaN,NaN,NaN,NaN,NaN,NaN,NaN,NaN,NaN
963,0.6,0.0,0.1,0.0,1.0,0.0001,0.0,0.0,18.0,24.0,1.0,0.0001,0.4,0.0,0.14983229780926705,NaN,NaN,NaN,NaN,NaN,NaN,NaN,NaN,NaN,NaN,NaN
964,0.7,0.0,0.1,0.0,1.0,0.0001,0.0,0.0,18.0,24.0,1.0,0.0001,0.4,0.0,0.1989580113101479,NaN,NaN,NaN,NaN,NaN,NaN,NaN,NaN,NaN,NaN,NaN
965,0.8,0.0,0.1,0.0,1.0,0.0001,0.0,0.0,18.0,24.0,1.0,0.0001,0.4,72.0,0.02940846345267356,8.685271483032125,0.4588722577443432,0.6374396801050908,0.33534550287412934,0.5042997158193203,0.5427061044146216,-0.07536396656027305,0.06048554112330914,-0.080504842304275,0.025312486638385586,0.011805958017788411
966,0.9,0.0,0.1,0.0,1.0,0.0001,0.0,0.0,18.0,24.0,1.0,0.0001,0.4,4.0,0.013172454175490733,NaN,NaN,NaN,NaN,NaN,NaN,NaN,NaN,NaN,NaN,NaN
967,1.0,0.0,0.1,0.0,1.0,0.0001,0.0,0.0,18.0,24.0,1.0,0.0001,0.4,0.0,1.593284393308636e-10,NaN,NaN,NaN,NaN,NaN,NaN,NaN,NaN,NaN,NaN,NaN
968,1.1,0.0,0.1,0.0,1.0,0.0001,0.0,0.0,18.0,24.0,1.0,0.0001,0.4,0.0,5.084166421198688e-10,NaN,NaN,NaN,NaN,NaN,NaN,NaN,NaN,NaN,NaN,NaN
969,1.2,0.0,0.1,0.0,1.0,0.0001,0.0,0.0,18.0,24.0,1.0,0.0001,0.4,0.0,6.372680161348399e-14,NaN,NaN,NaN,NaN,NaN,NaN,NaN,NaN,NaN,NaN,NaN
970,1.3,0.0,0.1,0.0,1.0,0.0001,0.0,0.0,18.0,24.0,1.0,0.0001,0.4,0.0,1.715960706860642e-12,NaN,NaN,NaN,NaN,NaN,NaN,NaN,NaN,NaN,NaN,NaN
971,1.4,0.0,0.1,0.0,1.0,0.0001,0.0,0.0,18.0,24.0,1.0,0.0001,0.4,0.0,3.552713678800501e-15,NaN,NaN,NaN,NaN,NaN,NaN,NaN,NaN,NaN,NaN,NaN
972,1.5,0.0,0.1,0.0,1.0,0.0001,0.0,0.0,18.0,24.0,1.0,0.0001,0.4,NaN,NaN,NaN,NaN,NaN,NaN,NaN,NaN,NaN,NaN,NaN,NaN,NaN
973,0.4,0.0,0.1,0.0,1.0,0.0001,0.0,0.0,20.0,26.666666666666664,1.0,0.0001,0.4,0.0,0.11584707332903177,NaN,NaN,NaN,NaN,NaN,NaN,NaN,NaN,NaN,NaN,NaN
974,0.5,0.0,0.1,0.0,1.0,0.0001,0.0,0.0,20.0,26.666666666666664,1.0,0.0001,0.4,NaN,NaN,NaN,NaN,NaN,NaN,NaN,NaN,NaN,NaN,NaN,NaN,NaN
975,0.6,0.0,0.1,0.0,1.0,0.0001,0.0,0.0,20.0,26.666666666666664,1.0,0.0001,0.4,0.0,0.1410666456119522,NaN,NaN,NaN,NaN,NaN,NaN,NaN,NaN,NaN,NaN,NaN
976,0.7,0.0,0.1,0.0,1.0,0.0001,0.0,0.0,20.0,26.666666666666664,1.0,0.0001,0.4,0.0,0.21001968588675274,NaN,NaN,NaN,NaN,NaN,NaN,NaN,NaN,NaN,NaN,NaN
977,0.8,0.0,0.1,0.0,1.0,0.0001,0.0,0.0,20.0,26.666666666666664,1.0,0.0001,0.4,54.0,0.02770058800317554,8.798747637630663,0.4052854196787052,0.6233041701452336,0.3756176383947246,0.415027383131845,0.5361935377695873,0.357968297929868,0.05639502619445356,0.01901983505631855,0.012170284995131621,-0.0449004205133444
978,0.9,0.0,0.1,0.0,1.0,0.0001,0.0,0.0,20.0,26.666666666666664,1.0,0.0001,0.4,2.0,0.01202951473457603,NaN,NaN,NaN,NaN,NaN,NaN,NaN,NaN,NaN,NaN,NaN
979,1.0,0.0,0.1,0.0,1.0,0.0001,0.0,0.0,20.0,26.666666666666664,1.0,0.0001,0.4,0.0,1.0744297229692279e-8,NaN,NaN,NaN,NaN,NaN,NaN,NaN,NaN,NaN,NaN,NaN
980,1.1,0.0,0.1,0.0,1.0,0.0001,0.0,0.0,20.0,26.666666666666664,1.0,0.0001,0.4,0.0,1.2126699644454675e-10,NaN,NaN,NaN,NaN,NaN,NaN,NaN,NaN,NaN,NaN,NaN
981,1.2,0.0,0.1,0.0,1.0,0.0001,0.0,0.0,20.0,26.666666666666664,1.0,0.0001,0.4,0.0,1.6799894808627869e-12,NaN,NaN,NaN,NaN,NaN,NaN,NaN,NaN,NaN,NaN,NaN
982,1.3,0.0,0.1,0.0,1.0,0.0001,0.0,0.0,20.0,26.666666666666664,1.0,0.0001,0.4,0.0,5.280220705117245e-13,NaN,NaN,NaN,NaN,NaN,NaN,NaN,NaN,NaN,NaN,NaN
983,1.4,0.0,0.1,0.0,1.0,0.0001,0.0,0.0,20.0,26.666666666666664,1.0,0.0001,0.4,0.0,1.8118839761882555e-13,NaN,NaN,NaN,NaN,NaN,NaN,NaN,NaN,NaN,NaN,NaN
984,1.5,0.0,0.1,0.0,1.0,0.0001,0.0,0.0,20.0,26.666666666666664,1.0,0.0001,0.4,NaN,NaN,NaN,NaN,NaN,NaN,NaN,NaN,NaN,NaN,NaN,NaN,NaN
985,0.4,0.0,0.1,0.0,1.0,0.0001,0.0,0.0,22.0,29.333333333333332,1.0,0.0001,0.4,NaN,NaN,NaN,NaN,NaN,NaN,NaN,NaN,NaN,NaN,NaN,NaN,NaN
986,0.5,0.0,0.1,0.0,1.0,0.0001,0.0,0.0,22.0,29.333333333333332,1.0,0.0001,0.4,NaN,NaN,NaN,NaN,NaN,NaN,NaN,NaN,NaN,NaN,NaN,NaN,NaN
987,0.6,0.0,0.1,0.0,1.0,0.0001,0.0,0.0,22.0,29.333333333333332,1.0,0.0001,0.4,0.0,0.13605762502367197,NaN,NaN,NaN,NaN,NaN,NaN,NaN,NaN,NaN,NaN,NaN
988,0.7,0.0,0.1,0.0,1.0,0.0001,0.0,0.0,22.0,29.333333333333332,1.0,0.0001,0.4,0.0,0.18108540130562312,NaN,NaN,NaN,NaN,NaN,NaN,NaN,NaN,NaN,NaN,NaN
989,0.8,0.0,0.1,0.0,1.0,0.0001,0.0,0.0,22.0,29.333333333333332,1.0,0.0001,0.4,54.0,0.02604731047276032,8.807304171694154,0.4252271371215667,0.5189572279459087,0.4384592925711875,0.42924489061576565,0.57050336979328,-0.07257473719349256,-0.08165557773502195,0.04339494048877915,0.04040802759806684,-0.016550745934406363
990,0.9,0.0,0.1,0.0,1.0,0.0001,0.0,0.0,22.0,29.333333333333332,1.0,0.0001,0.4,6.0,0.011110945306804676,NaN,NaN,NaN,NaN,NaN,NaN,NaN,NaN,NaN,NaN,NaN
991,1.0,0.0,0.1,0.0,1.0,0.0001,0.0,0.0,22.0,29.333333333333332,1.0,0.0001,0.4,2.0,0.007102352094212283,NaN,NaN,NaN,NaN,NaN,NaN,NaN,NaN,NaN,NaN,NaN
992,1.1,0.0,0.1,0.0,1.0,0.0001,0.0,0.0,22.0,29.333333333333332,1.0,0.0001,0.4,2.0,0.0052195842235145395,NaN,NaN,NaN,NaN,NaN,NaN,NaN,NaN,NaN,NaN,NaN
993,1.2,0.0,0.1,0.0,1.0,0.0001,0.0,0.0,22.0,29.333333333333332,1.0,0.0001,0.4,0.0,9.107159471000159e-11,NaN,NaN,NaN,NaN,NaN,NaN,NaN,NaN,NaN,NaN,NaN
994,1.3,0.0,0.1,0.0,1.0,0.0001,0.0,0.0,22.0,29.333333333333332,1.0,0.0001,0.4,0.0,2.1760371282653068e-14,NaN,NaN,NaN,NaN,NaN,NaN,NaN,NaN,NaN,NaN,NaN
995,1.4,0.0,0.1,0.0,1.0,0.0001,0.0,0.0,22.0,29.333333333333332,1.0,0.0001,0.4,0.0,3.1086244689504383e-15,NaN,NaN,NaN,NaN,NaN,NaN,NaN,NaN,NaN,NaN,NaN
996,1.5,0.0,0.1,0.0,1.0,0.0001,0.0,0.0,22.0,29.333333333333332,1.0,0.0001,0.4,NaN,NaN,NaN,NaN,NaN,NaN,NaN,NaN,NaN,NaN,NaN,NaN,NaN
997,0.4,0.0,0.1,0.0,1.0,0.0001,0.0,0.0,24.0,32.0,1.0,0.0001,0.4,NaN,NaN,NaN,NaN,NaN,NaN,NaN,NaN,NaN,NaN,NaN,NaN,NaN
998,0.5,0.0,0.1,0.0,1.0,0.0001,0.0,0.0,24.0,32.0,1.0,0.0001,0.4,NaN,NaN,NaN,NaN,NaN,NaN,NaN,NaN,NaN,NaN,NaN,NaN,NaN
999,0.6,0.0,0.1,0.0,1.0,0.0001,0.0,0.0,24.0,32.0,1.0,0.0001,0.4,2.0,0.13663131655182126,NaN,NaN,NaN,NaN,NaN,NaN,NaN,NaN,NaN,NaN,NaN
1000,0.7,0.0,0.1,0.0,1.0,0.0001,0.0,0.0,24.0,32.0,1.0,0.0001,0.4,0.0,0.205493649383722,NaN,NaN,NaN,NaN,NaN,NaN,NaN,NaN,NaN,NaN,NaN
1001,0.8,0.0,0.1,0.0,1.0,0.0001,0.0,0.0,24.0,32.0,1.0,0.0001,0.4,38.0,0.024662414406511624,8.891974887232301,0.5075612401556624,0.55127533180497,0.3970739229945113,0.517988689780766,0.54745691876247,0.06885694203935401,-0.02792759510196407,0.0796386060508185,-0.042109644117068676,0.0024281890600032423
1002,0.9,0.0,0.1,0.0,1.0,0.0001,0.0,0.0,24.0,32.0,1.0,0.0001,0.4,2.0,0.010293820408646459,NaN,NaN,NaN,NaN,NaN,NaN,NaN,NaN,NaN,NaN,NaN
1003,1.0,0.0,0.1,0.0,1.0,0.0001,0.0,0.0,24.0,32.0,1.0,0.0001,0.4,2.0,0.006532030026521252,NaN,NaN,NaN,NaN,NaN,NaN,NaN,NaN,NaN,NaN,NaN
1004,1.1,0.0,0.1,0.0,1.0,0.0001,0.0,0.0,24.0,32.0,1.0,0.0001,0.4,0.0,6.524668139107348e-8,NaN,NaN,NaN,NaN,NaN,NaN,NaN,NaN,NaN,NaN,NaN
1005,1.2,0.0,0.1,0.0,1.0,0.0001,0.0,0.0,24.0,32.0,1.0,0.0001,0.4,0.0,2.900775841752079e-9,NaN,NaN,NaN,NaN,NaN,NaN,NaN,NaN,NaN,NaN,NaN
1006,1.3,0.0,0.1,0.0,1.0,0.0001,0.0,0.0,24.0,32.0,1.0,0.0001,0.4,0.0,1.7476242675229514e-11,NaN,NaN,NaN,NaN,NaN,NaN,NaN,NaN,NaN,NaN,NaN
1007,1.4,0.0,0.1,0.0,1.0,0.0001,0.0,0.0,24.0,32.0,1.0,0.0001,0.4,NaN,NaN,NaN,NaN,NaN,NaN,NaN,NaN,NaN,NaN,NaN,NaN,NaN
1008,1.5,0.0,0.1,0.0,1.0,0.0001,0.0,0.0,24.0,32.0,1.0,0.0001,0.4,NaN,NaN,NaN,NaN,NaN,NaN,NaN,NaN,NaN,NaN,NaN,NaN,NaN
1009,0.4,0.0,0.1,0.0,1.0,0.0001,0.0,0.0,0.0,1.3333333333333333,1.0,0.0001,0.2,252.0,0.03163709976821205,6.233420164146761,0.3444027628651785,0.5734584119323487,0.47670422916394173,0.33143245405150623,0.5130940124308327,-0.07035437224439837,-0.02814284345910344,-0.04866281151644841,-0.016721693304766156,0.004253367482331122
1010,0.5,0.0,0.1,0.0,1.0,0.0001,0.0,0.0,0.0,1.3333333333333333,1.0,0.0001,0.2,216.0,0.03850619369195385,6.995355082429696,0.37000307327417803,0.5775309162674858,0.44259493337812555,0.36222475109226315,0.505544884080688,0.12103042610583786,0.016989896212174855,-0.011540319118539364,-0.026128758987137825,-0.01974636692688527
1011,0.6,0.0,0.1,0.0,1.0,0.0001,0.0,0.0,0.0,1.3333333333333333,1.0,0.0001,0.2,150.0,0.04276245420619329,7.530816082137574,0.385590446051126,0.6366763207096955,0.3974699958329343,0.41143911200330374,0.5752313246461755,-0.008124895701755864,0.12407728374047183,-0.09153961857204274,-0.005458994015526805,-0.06713663019419111
1012,0.7,0.0,0.1,0.0,1.0,0.0001,0.0,0.0,0.0,1.3333333333333333,1.0,0.0001,0.2,62.0,0.04432343305849873,8.153373640984034,0.4296300279363478,0.6039593835675635,0.4071419096039919,0.45752210430421003,0.5044691207804546,-0.00010840835045205875,0.03866503700124241,-0.14244479700090842,0.02408051968948282,-0.01994217706727842
1013,0.8,0.0,0.1,0.0,1.0,0.0001,0.0,0.0,0.0,1.3333333333333333,1.0,0.0001,0.2,16.0,0.043575868842300136,8.975903713737209,0.49625062749361376,0.4795909886557519,0.42894947867525973,0.41639517653118535,0.5524478882136239,0.430877749240449,-0.07502577354033807,0.20320286404950758,0.1515354488973615,0.2186560792529342
1014,0.9,0.0,0.1,0.0,1.0,0.0001,0.0,0.0,0.0,1.3333333333333333,1.0,0.0001,0.2,6.0,0.04144954758823394,NaN,NaN,NaN,NaN,NaN,NaN,NaN,NaN,NaN,NaN,NaN
1015,1.0,0.0,0.1,0.0,1.0,0.0001,0.0,0.0,0.0,1.3333333333333333,1.0,0.0001,0.2,0.0,4.825098320893062e-9,NaN,NaN,NaN,NaN,NaN,NaN,NaN,NaN,NaN,NaN,NaN
1016,1.1,0.0,0.1,0.0,1.0,0.0001,0.0,0.0,0.0,1.3333333333333333,1.0,0.0001,0.2,2.0,0.03597632563965525,NaN,NaN,NaN,NaN,NaN,NaN,NaN,NaN,NaN,NaN,NaN
1017,1.2,0.0,0.1,0.0,1.0,0.0001,0.0,0.0,0.0,1.3333333333333333,1.0,0.0001,0.2,0.0,3.9050693789732804e-9,NaN,NaN,NaN,NaN,NaN,NaN,NaN,NaN,NaN,NaN,NaN
1018,1.3,0.0,0.1,0.0,1.0,0.0001,0.0,0.0,0.0,1.3333333333333333,1.0,0.0001,0.2,4.0,0.031528081530919794,NaN,NaN,NaN,NaN,NaN,NaN,NaN,NaN,NaN,NaN,NaN
1019,1.4,0.0,0.1,0.0,1.0,0.0001,0.0,0.0,0.0,1.3333333333333333,1.0,0.0001,0.2,2.0,0.029431088985044873,NaN,NaN,NaN,NaN,NaN,NaN,NaN,NaN,NaN,NaN,NaN
1020,1.5,0.0,0.1,0.0,1.0,0.0001,0.0,0.0,0.0,1.3333333333333333,1.0,0.0001,0.2,0.0,1.667554982986985e-13,NaN,NaN,NaN,NaN,NaN,NaN,NaN,NaN,NaN,NaN,NaN
1021,0.4,0.0,0.1,0.0,1.0,0.0001,0.0,0.0,1.0,1.3333333333333333,1.0,0.0001,0.2,292.0,0.035636473113643874,7.637482298844426,0.2708931727649059,0.3724785632166554,0.6516219799290635,0.256051896713822,0.3917731692553374,0.14536212567409687,0.05211197839948746,-0.06299688059423443,-0.005154813272628897,-0.04324420701733015
1022,0.5,0.0,0.1,0.0,1.0,0.0001,0.0,0.0,1.0,1.3333333333333333,1.0,0.0001,0.2,282.0,0.05310108254777496,9.807653459840083,0.2377879304949881,0.32085135704171497,0.6736434804822086,0.267067129705957,0.33651766780044695,-0.06804295391935701,-0.043869842766571764,0.1354762892707373,0.004091695158691458,0.011470522992195274
1023,0.6,0.0,0.1,0.0,1.0,0.0001,0.0,0.0,1.0,1.3333333333333333,1.0,0.0001,0.2,290.0,0.0750118757764161,11.447533606746326,0.23467794822359866,0.2789510468383055,0.7360599116665206,0.26853305745861356,0.32635820322296905,-0.11134374480102917,-0.03391137755230846,0.10508495125977001,-0.004659672397981977,0.04557988075670126
1024,0.7,0.0,0.1,0.0,1.0,0.0001,0.0,0.0,1.0,1.3333333333333333,1.0,0.0001,0.2,287.0,0.0954873094664892,11.716318402832117,0.24064964293547525,0.2534116454038262,0.7897770889943739,0.21299192083086999,0.34148746650066414,0.13435891098403047,-0.0226744319289308,0.1684676419023158,0.012197675322914416,-0.011604447286680943
1025,0.8,0.0,0.1,0.0,1.0,0.0001,0.0,0.0,1.0,1.3333333333333333,1.0,0.0001,0.2,240.0,0.10565018368918255,10.96470215686419,0.2888535785270686,0.37626189574086294,0.664400337798854,0.24209097895183734,0.4300692921474972,0.09034021879988306,0.033638818653859356,-0.10668163580659405,0.008687541871213362,0.04664123680485719
1026,0.9,0.0,0.1,0.0,1.0,0.0001,0.0,0.0,1.0,1.3333333333333333,1.0,0.0001,0.2,210.0,0.10205368383929203,9.833803348617645,0.36597391915246874,0.6903230438578863,0.3824428821016603,0.3718495628085152,0.600499599645484,-0.03277971161995429,0.10562398704313393,0.02598607211421074,-0.007600501699868452,0.008486694922268962
1027,1.0,0.0,0.1,0.0,1.0,0.0001,0.0,0.0,1.0,1.3333333333333333,1.0,0.0001,0.2,74.0,0.09366325468632475,9.83056787360687,0.4299197367494707,0.6662509381479786,0.3383367630476449,0.45493162780109186,0.6077599332298597,-0.0881613054821147,-0.026538926116151898,0.04920822427170645,-0.019413759789918637,0.10026046361376013
1028,1.1,0.0,0.1,0.0,1.0,0.0001,0.0,0.0,1.0,1.3333333333333333,1.0,0.0001,0.2,14.0,0.08279253298485068,10.395889457533496,0.4194946515756767,0.4709814968358847,0.46386264368745006,0.5340614011803819,0.5160518669710414,0.4627087876444222,0.014243274358832944,0.09503009208470987,0.1397937387796459,0.1479612038341263
1029,1.2,0.0,0.1,0.0,1.0,0.0001,0.0,0.0,1.0,1.3333333333333333,1.0,0.0001,0.2,4.0,0.07210768656460576,NaN,NaN,NaN,NaN,NaN,NaN,NaN,NaN,NaN,NaN,NaN
1030,1.3,0.0,0.1,0.0,1.0,0.0001,0.0,0.0,1.0,1.3333333333333333,1.0,0.0001,0.2,0.0,6.441291944270233e-12,NaN,NaN,NaN,NaN,NaN,NaN,NaN,NaN,NaN,NaN,NaN
1031,1.4,0.0,0.1,0.0,1.0,0.0001,0.0,0.0,1.0,1.3333333333333333,1.0,0.0001,0.2,0.0,2.8529623108397573e-11,NaN,NaN,NaN,NaN,NaN,NaN,NaN,NaN,NaN,NaN,NaN
1032,1.5,0.0,0.1,0.0,1.0,0.0001,0.0,0.0,1.0,1.3333333333333333,1.0,0.0001,0.2,0.0,2.8119728767705965e-12,NaN,NaN,NaN,NaN,NaN,NaN,NaN,NaN,NaN,NaN,NaN
1033,0.4,0.0,0.1,0.0,1.0,0.0001,0.0,0.0,2.0,2.6666666666666665,1.0,0.0001,0.2,326.0,0.03130597703797172,9.752371971313359,0.24535296090845016,0.26063586625053936,0.7453008852412576,0.2324520157647387,0.30779081561459154,-0.29314530612786766,-0.0360708077407776,0.16527086892590526,0.013267177422940828,0.03197565772729161
1034,0.5,0.0,0.1,0.0,1.0,0.0001,0.0,0.0,2.0,2.6666666666666665,1.0,0.0001,0.2,290.0,0.056291873558210914,14.972728326285843,0.1935710779789605,0.3270413432544034,0.5101860801622937,0.414392851753822,0.34889725986457715,0.06071000727158545,-0.02903867142736532,0.10485230876871471,0.0034471096612984464,-0.0007624974971714395
1035,0.6,0.0,0.1,0.0,1.0,0.0001,0.0,0.0,2.0,2.6666666666666665,1.0,0.0001,0.2,338.0,0.08868190970096368,18.347782299852838,0.18064999977833943,0.29532418805850885,0.44253178555177,0.44362455274453844,0.3539863798758958,-0.0046218095494671265,0.012224443838887947,-0.04979757984220929,-0.00460283869013942,0.00802986622864553
1036,0.7,0.0,0.1,0.0,1.0,0.0001,0.0,0.0,2.0,2.6666666666666665,1.0,0.0001,0.2,270.0,0.1090044835658609,14.016258066638786,0.20107224337124863,0.2874428977015127,0.6469766411349406,0.3355890989361595,0.296928402034311,-0.0015327627453701447,-0.03443599808299185,0.08280594697298393,-0.0024292276584887093,0.03425679278350552
1037,0.8,0.0,0.1,0.0,1.0,0.0001,0.0,0.0,2.0,2.6666666666666665,1.0,0.0001,0.2,256.0,0.09275338115800336,10.288844202214182,0.30311701720411854,0.3583017392490782,0.7037550494766758,0.20520541991488422,0.45277383559053214,-0.05388569083824269,-0.041253292066393,-0.01350392281669501,-0.0011573576887610386,0.01658498706500531
1038,0.9,0.0,0.1,0.0,1.0,0.0001,0.0,0.0,2.0,2.6666666666666665,1.0,0.0001,0.2,98.0,0.07396519846224192,9.670961005005136,0.4414191264536586,0.6569133652272613,0.3444765038986267,0.46130433549768957,0.5533650708423447,-0.08710789667902379,-0.011180757821051426,-0.010842820878726664,0.0197175698136109,0.05694390798849224
1039,1.0,0.0,0.1,0.0,1.0,0.0001,0.0,0.0,2.0,2.6666666666666665,1.0,0.0001,0.2,8.0,0.05914859263001215,NaN,NaN,NaN,NaN,NaN,NaN,NaN,NaN,NaN,NaN,NaN
1040,1.1,0.0,0.1,0.0,1.0,0.0001,0.0,0.0,2.0,2.6666666666666665,1.0,0.0001,0.2,0.0,1.8596462458830842e-7,NaN,NaN,NaN,NaN,NaN,NaN,NaN,NaN,NaN,NaN,NaN
1041,1.2,0.0,0.1,0.0,1.0,0.0001,0.0,0.0,2.0,2.6666666666666665,1.0,0.0001,0.2,0.0,6.365978855171761e-10,NaN,NaN,NaN,NaN,NaN,NaN,NaN,NaN,NaN,NaN,NaN
1042,1.3,0.0,0.1,0.0,1.0,0.0001,0.0,0.0,2.0,2.6666666666666665,1.0,0.0001,0.2,0.0,4.074762749439742e-11,NaN,NaN,NaN,NaN,NaN,NaN,NaN,NaN,NaN,NaN,NaN
1043,1.4,0.0,0.1,0.0,1.0,0.0001,0.0,0.0,2.0,2.6666666666666665,1.0,0.0001,0.2,4.0,0.029722029692031082,NaN,NaN,NaN,NaN,NaN,NaN,NaN,NaN,NaN,NaN,NaN
1044,1.5,0.0,0.1,0.0,1.0,0.0001,0.0,0.0,2.0,2.6666666666666665,1.0,0.0001,0.2,0.0,0.0,NaN,NaN,NaN,NaN,NaN,NaN,NaN,NaN,NaN,NaN,NaN
1045,0.4,0.0,0.1,0.0,1.0,0.0001,0.0,0.0,4.0,5.333333333333333,1.0,0.0001,0.2,214.0,0.04572712831576359,37.28543938604133,0.310989424007972,0.375613352557979,0.43581400157665107,0.42660644532529235,0.43540252651175293,-0.04955831227412189,-0.01004134378991321,-0.018460683262808447,0.022933159286879383,-0.021808779748999155
1046,0.5,0.0,0.1,0.0,1.0,0.0001,0.0,0.0,4.0,5.333333333333333,1.0,0.0001,0.2,12.0,0.09327692162254503,148.74574305804552,0.4406435399798369,0.43282496030507933,0.5326953379834662,0.49113566084915666,0.47294621926920366,-0.4453008480802751,-0.40121914443214995,-0.0446489284214049,-0.08590605236317864,0.03355688806580394
1047,0.6,0.0,0.1,0.0,1.0,0.0001,0.0,0.0,4.0,5.333333333333333,1.0,0.0001,0.2,0.0,0.15631502151599486,NaN,NaN,NaN,NaN,NaN,NaN,NaN,NaN,NaN,NaN,NaN
1048,0.7,0.0,0.1,0.0,1.0,0.0001,0.0,0.0,4.0,5.333333333333333,1.0,0.0001,0.2,20.0,0.15695790779586594,81.29268433546748,0.2782974527057545,0.41867727371096275,0.442290644224385,0.44878636768510255,0.41625395246179175,0.4191956338464567,0.06620884184998614,-0.054108515070557334,0.06765990000255963,0.04111377624443777
1049,0.8,0.0,0.1,0.0,1.0,0.0001,0.0,0.0,4.0,5.333333333333333,1.0,0.0001,0.2,244.0,0.07969072287976064,9.371957479366065,0.3878249994880916,0.6805924914466059,0.3854994832307823,0.3830488165084619,0.5455682667345059,-0.279122396669054,-0.14495359737901378,0.23924155972509564,-0.02139623666598465,0.07070604558309031
1050,0.9,0.0,0.1,0.0,1.0,0.0001,0.0,0.0,4.0,5.333333333333333,1.0,0.0001,0.2,18.0,0.048251186868409235,10.069250218675982,0.4490317196559755,0.5469730662715506,0.33047359679278565,0.447230335963434,0.5262785175419209,-0.35349255397826757,0.11909906852610283,-0.16038820240826654,0.03794309413089701,0.03392408537033366
1051,1.0,0.0,0.1,0.0,1.0,0.0001,0.0,0.0,4.0,5.333333333333333,1.0,0.0001,0.2,6.0,0.03415819246360008,NaN,NaN,NaN,NaN,NaN,NaN,NaN,NaN,NaN,NaN,NaN
1052,1.1,0.0,0.1,0.0,1.0,0.0001,0.0,0.0,4.0,5.333333333333333,1.0,0.0001,0.2,2.0,0.026197767634930536,NaN,NaN,NaN,NaN,NaN,NaN,NaN,NaN,NaN,NaN,NaN
1053,1.2,0.0,0.1,0.0,1.0,0.0001,0.0,0.0,4.0,5.333333333333333,1.0,0.0001,0.2,0.0,1.3206991056335937e-11,NaN,NaN,NaN,NaN,NaN,NaN,NaN,NaN,NaN,NaN,NaN
1054,1.3,0.0,0.1,0.0,1.0,0.0001,0.0,0.0,4.0,5.333333333333333,1.0,0.0001,0.2,4.0,0.0179104627935347,NaN,NaN,NaN,NaN,NaN,NaN,NaN,NaN,NaN,NaN,NaN
1055,1.4,0.0,0.1,0.0,1.0,0.0001,0.0,0.0,4.0,5.333333333333333,1.0,0.0001,0.2,0.0,2.013944566670034e-13,NaN,NaN,NaN,NaN,NaN,NaN,NaN,NaN,NaN,NaN,NaN
1056,1.5,0.0,0.1,0.0,1.0,0.0001,0.0,0.0,4.0,5.333333333333333,1.0,0.0001,0.2,0.0,1.3322676295501878e-15,NaN,NaN,NaN,NaN,NaN,NaN,NaN,NaN,NaN,NaN,NaN
1057,0.4,0.0,0.1,0.0,1.0,0.0001,0.0,0.0,6.0,8.0,1.0,0.0001,0.2,12.0,0.09452758143698897,NaN,NaN,NaN,NaN,NaN,NaN,NaN,NaN,NaN,NaN,NaN
1058,0.5,0.0,0.1,0.0,1.0,0.0001,0.0,0.0,6.0,8.0,1.0,0.0001,0.2,0.0,0.15755978179276503,NaN,NaN,NaN,NaN,NaN,NaN,NaN,NaN,NaN,NaN,NaN
1059,0.6,0.0,0.1,0.0,1.0,0.0001,0.0,0.0,6.0,8.0,1.0,0.0001,0.2,0.0,0.20365533518176326,NaN,NaN,NaN,NaN,NaN,NaN,NaN,NaN,NaN,NaN,NaN
1060,0.7,0.0,0.1,0.0,1.0,0.0001,0.0,0.0,6.0,8.0,1.0,0.0001,0.2,0.0,0.27086398723573013,NaN,NaN,NaN,NaN,NaN,NaN,NaN,NaN,NaN,NaN,NaN
1061,0.8,0.0,0.1,0.0,1.0,0.0001,0.0,0.0,6.0,8.0,1.0,0.0001,0.2,184.0,0.07081300531039325,9.031285768872138,0.4534190541759788,0.659932268312141,0.3402784903119689,0.4510853099444686,0.5463091490753073,-0.13636082200384111,-0.003321146517905118,0.008594973419027475,0.025536019771526485,0.03236473924348892
1062,0.9,0.0,0.1,0.0,1.0,0.0001,0.0,0.0,6.0,8.0,1.0,0.0001,0.2,8.0,0.03560216589909815,NaN,NaN,NaN,NaN,NaN,NaN,NaN,NaN,NaN,NaN,NaN
1063,1.0,0.0,0.1,0.0,1.0,0.0001,0.0,0.0,6.0,8.0,1.0,0.0001,0.2,2.0,0.02410805199348587,NaN,NaN,NaN,NaN,NaN,NaN,NaN,NaN,NaN,NaN,NaN
1064,1.1,0.0,0.1,0.0,1.0,0.0001,0.0,0.0,6.0,8.0,1.0,0.0001,0.2,0.0,2.329823001190334e-10,NaN,NaN,NaN,NaN,NaN,NaN,NaN,NaN,NaN,NaN,NaN
1065,1.2,0.0,0.1,0.0,1.0,0.0001,0.0,0.0,6.0,8.0,1.0,0.0001,0.2,0.0,1.429589779888829e-11,NaN,NaN,NaN,NaN,NaN,NaN,NaN,NaN,NaN,NaN,NaN
1066,1.3,0.0,0.1,0.0,1.0,0.0001,0.0,0.0,6.0,8.0,1.0,0.0001,0.2,0.0,9.607448170356747e-11,NaN,NaN,NaN,NaN,NaN,NaN,NaN,NaN,NaN,NaN,NaN
1067,1.4,0.0,0.1,0.0,1.0,0.0001,0.0,0.0,6.0,8.0,1.0,0.0001,0.2,0.0,8.637535131583718e-14,NaN,NaN,NaN,NaN,NaN,NaN,NaN,NaN,NaN,NaN,NaN
1068,1.5,0.0,0.1,0.0,1.0,0.0001,0.0,0.0,6.0,8.0,1.0,0.0001,0.2,0.0,3.3306690738754696e-15,NaN,NaN,NaN,NaN,NaN,NaN,NaN,NaN,NaN,NaN,NaN
1069,0.4,0.0,0.1,0.0,1.0,0.0001,0.0,0.0,8.0,10.666666666666666,1.0,0.0001,0.2,0.0,0.10325510870516041,NaN,NaN,NaN,NaN,NaN,NaN,NaN,NaN,NaN,NaN,NaN
1070,0.5,0.0,0.1,0.0,1.0,0.0001,0.0,0.0,8.0,10.666666666666666,1.0,0.0001,0.2,0.0,0.1704844318469998,NaN,NaN,NaN,NaN,NaN,NaN,NaN,NaN,NaN,NaN,NaN
1071,0.6,0.0,0.1,0.0,1.0,0.0001,0.0,0.0,8.0,10.666666666666666,1.0,0.0001,0.2,0.0,0.23472041429561857,NaN,NaN,NaN,NaN,NaN,NaN,NaN,NaN,NaN,NaN,NaN
1072,0.7,0.0,0.1,0.0,1.0,0.0001,0.0,0.0,8.0,10.666666666666666,1.0,0.0001,0.2,0.0,0.31931506078981986,NaN,NaN,NaN,NaN,NaN,NaN,NaN,NaN,NaN,NaN,NaN
1073,0.8,0.0,0.1,0.0,1.0,0.0001,0.0,0.0,8.0,10.666666666666666,1.0,0.0001,0.2,128.0,0.06320003356077253,8.94056628790588,0.4364434162016947,0.631911907866464,0.3863366532782575,0.47037861082318616,0.5359735146373517,-0.01905008232629936,0.002208490200101075,0.010827880096159904,-0.01254069901375038,0.010070990936654738
1074,0.9,0.0,0.1,0.0,1.0,0.0001,0.0,0.0,8.0,10.666666666666666,1.0,0.0001,0.2,2.0,0.02800883805986809,NaN,NaN,NaN,NaN,NaN,NaN,NaN,NaN,NaN,NaN,NaN
1075,1.0,0.0,0.1,0.0,1.0,0.0001,0.0,0.0,8.0,10.666666666666666,1.0,0.0001,0.2,4.0,0.01868605409027435,NaN,NaN,NaN,NaN,NaN,NaN,NaN,NaN,NaN,NaN,NaN
1076,1.1,0.0,0.1,0.0,1.0,0.0001,0.0,0.0,8.0,10.666666666666666,1.0,0.0001,0.2,0.0,1.2400140914081703e-9,NaN,NaN,NaN,NaN,NaN,NaN,NaN,NaN,NaN,NaN,NaN
1077,1.2,0.0,0.1,0.0,1.0,0.0001,0.0,0.0,8.0,10.666666666666666,1.0,0.0001,0.2,0.0,5.390576873764985e-12,NaN,NaN,NaN,NaN,NaN,NaN,NaN,NaN,NaN,NaN,NaN
1078,1.3,0.0,0.1,0.0,1.0,0.0001,0.0,0.0,8.0,10.666666666666666,1.0,0.0001,0.2,0.0,2.2872748139945998e-10,NaN,NaN,NaN,NaN,NaN,NaN,NaN,NaN,NaN,NaN,NaN
1079,1.4,0.0,0.1,0.0,1.0,0.0001,0.0,0.0,8.0,10.666666666666666,1.0,0.0001,0.2,0.0,1.5543122344752192e-15,NaN,NaN,NaN,NaN,NaN,NaN,NaN,NaN,NaN,NaN,NaN
1080,1.5,0.0,0.1,0.0,1.0,0.0001,0.0,0.0,8.0,10.666666666666666,1.0,0.0001,0.2,0.0,0.0,NaN,NaN,NaN,NaN,NaN,NaN,NaN,NaN,NaN,NaN,NaN
1081,0.4,0.0,0.1,0.0,1.0,0.0001,0.0,0.0,10.0,13.333333333333332,1.0,0.0001,0.2,0.0,0.13080545401092153,NaN,NaN,NaN,NaN,NaN,NaN,NaN,NaN,NaN,NaN,NaN
1082,0.5,0.0,0.1,0.0,1.0,0.0001,0.0,0.0,10.0,13.333333333333332,1.0,0.0001,0.2,NaN,NaN,NaN,NaN,NaN,NaN,NaN,NaN,NaN,NaN,NaN,NaN,NaN
1083,0.6,0.0,0.1,0.0,1.0,0.0001,0.0,0.0,10.0,13.333333333333332,1.0,0.0001,0.2,0.0,0.2231954615864724,NaN,NaN,NaN,NaN,NaN,NaN,NaN,NaN,NaN,NaN,NaN
1084,0.7,0.0,0.1,0.0,1.0,0.0001,0.0,0.0,10.0,13.333333333333332,1.0,0.0001,0.2,0.0,0.29940495751846086,NaN,NaN,NaN,NaN,NaN,NaN,NaN,NaN,NaN,NaN,NaN
1085,0.8,0.0,0.1,0.0,1.0,0.0001,0.0,0.0,10.0,13.333333333333332,1.0,0.0001,0.2,84.0,0.05669170428860537,9.001783293744891,0.43305611448307113,0.6444580574538914,0.3916389604220595,0.4772515166050275,0.5633689677530243,-0.13860229064424476,-0.0723109774456988,-0.0278598173844813,0.034667946699793555,0.05611538336297087
1086,0.9,0.0,0.1,0.0,1.0,0.0001,0.0,0.0,10.0,13.333333333333332,1.0,0.0001,0.2,4.0,0.023489870396143586,NaN,NaN,NaN,NaN,NaN,NaN,NaN,NaN,NaN,NaN,NaN
1087,1.0,0.0,0.1,0.0,1.0,0.0001,0.0,0.0,10.0,13.333333333333332,1.0,0.0001,0.2,0.0,2.993177543597625e-7,NaN,NaN,NaN,NaN,NaN,NaN,NaN,NaN,NaN,NaN,NaN
1088,1.1,0.0,0.1,0.0,1.0,0.0001,0.0,0.0,10.0,13.333333333333332,1.0,0.0001,0.2,0.0,3.020161898348306e-11,NaN,NaN,NaN,NaN,NaN,NaN,NaN,NaN,NaN,NaN,NaN
1089,1.2,0.0,0.1,0.0,1.0,0.0001,0.0,0.0,10.0,13.333333333333332,1.0,0.0001,0.2,0.0,4.193556613074634e-11,NaN,NaN,NaN,NaN,NaN,NaN,NaN,NaN,NaN,NaN,NaN
1090,1.3,0.0,0.1,0.0,1.0,0.0001,0.0,0.0,10.0,13.333333333333332,1.0,0.0001,0.2,0.0,2.351074890327709e-11,NaN,NaN,NaN,NaN,NaN,NaN,NaN,NaN,NaN,NaN,NaN
1091,1.4,0.0,0.1,0.0,1.0,0.0001,0.0,0.0,10.0,13.333333333333332,1.0,0.0001,0.2,0.0,3.9968028886505635e-15,NaN,NaN,NaN,NaN,NaN,NaN,NaN,NaN,NaN,NaN,NaN
1092,1.5,0.0,0.1,0.0,1.0,0.0001,0.0,0.0,10.0,13.333333333333332,1.0,0.0001,0.2,0.0,2.4424906541753444e-15,NaN,NaN,NaN,NaN,NaN,NaN,NaN,NaN,NaN,NaN,NaN
1093,0.4,0.0,0.1,0.0,1.0,0.0001,0.0,0.0,12.0,16.0,1.0,0.0001,0.2,NaN,NaN,NaN,NaN,NaN,NaN,NaN,NaN,NaN,NaN,NaN,NaN,NaN
1094,0.5,0.0,0.1,0.0,1.0,0.0001,0.0,0.0,12.0,16.0,1.0,0.0001,0.2,NaN,NaN,NaN,NaN,NaN,NaN,NaN,NaN,NaN,NaN,NaN,NaN,NaN
1095,0.6,0.0,0.1,0.0,1.0,0.0001,0.0,0.0,12.0,16.0,1.0,0.0001,0.2,0.0,0.22503415518746167,NaN,NaN,NaN,NaN,NaN,NaN,NaN,NaN,NaN,NaN,NaN
1096,0.7,0.0,0.1,0.0,1.0,0.0001,0.0,0.0,12.0,16.0,1.0,0.0001,0.2,0.0,0.30761792659420245,NaN,NaN,NaN,NaN,NaN,NaN,NaN,NaN,NaN,NaN,NaN
1097,0.8,0.0,0.1,0.0,1.0,0.0001,0.0,0.0,12.0,16.0,1.0,0.0001,0.2,54.0,0.050956831684867754,8.975062660509751,0.4865075303018035,0.6291058607475141,0.3762483742232732,0.4977407043568437,0.5715516622645889,-0.4302226574533859,0.021053549093955133,0.04005383521554313,0.008588656122405273,0.00024093591072315405
1098,0.9,0.0,0.1,0.0,1.0,0.0001,0.0,0.0,12.0,16.0,1.0,0.0001,0.2,0.0,3.517965571075976e-7,NaN,NaN,NaN,NaN,NaN,NaN,NaN,NaN,NaN,NaN,NaN
1099,1.0,0.0,0.1,0.0,1.0,0.0001,0.0,0.0,12.0,16.0,1.0,0.0001,0.2,4.0,0.012890218899935912,NaN,NaN,NaN,NaN,NaN,NaN,NaN,NaN,NaN,NaN,NaN
1100,1.1,0.0,0.1,0.0,1.0,0.0001,0.0,0.0,12.0,16.0,1.0,0.0001,0.2,0.0,4.9226501632748665e-6,NaN,NaN,NaN,NaN,NaN,NaN,NaN,NaN,NaN,NaN,NaN
1101,1.2,0.0,0.1,0.0,1.0,0.0001,0.0,0.0,12.0,16.0,1.0,0.0001,0.2,0.0,1.5369927552910667e-12,NaN,NaN,NaN,NaN,NaN,NaN,NaN,NaN,NaN,NaN,NaN
1102,1.3,0.0,0.1,0.0,1.0,0.0001,0.0,0.0,12.0,16.0,1.0,0.0001,0.2,0.0,4.660094532482617e-11,NaN,NaN,NaN,NaN,NaN,NaN,NaN,NaN,NaN,NaN,NaN
1103,1.4,0.0,0.1,0.0,1.0,0.0001,0.0,0.0,12.0,16.0,1.0,0.0001,0.2,0.0,1.534824449755945e-7,NaN,NaN,NaN,NaN,NaN,NaN,NaN,NaN,NaN,NaN,NaN
1104,1.5,0.0,0.1,0.0,1.0,0.0001,0.0,0.0,12.0,16.0,1.0,0.0001,0.2,0.0,2.156852474399784e-11,NaN,NaN,NaN,NaN,NaN,NaN,NaN,NaN,NaN,NaN,NaN
1105,0.4,0.0,0.1,0.0,1.0,0.0001,0.0,0.0,14.0,18.666666666666664,1.0,0.0001,0.2,NaN,NaN,NaN,NaN,NaN,NaN,NaN,NaN,NaN,NaN,NaN,NaN,NaN
1106,0.5,0.0,0.1,0.0,1.0,0.0001,0.0,0.0,14.0,18.666666666666664,1.0,0.0001,0.2,NaN,NaN,NaN,NaN,NaN,NaN,NaN,NaN,NaN,NaN,NaN,NaN,NaN
1107,0.6,0.0,0.1,0.0,1.0,0.0001,0.0,0.0,14.0,18.666666666666664,1.0,0.0001,0.2,NaN,NaN,NaN,NaN,NaN,NaN,NaN,NaN,NaN,NaN,NaN,NaN,NaN
1108,0.7,0.0,0.1,0.0,1.0,0.0001,0.0,0.0,14.0,18.666666666666664,1.0,0.0001,0.2,0.0,0.3213424436315318,NaN,NaN,NaN,NaN,NaN,NaN,NaN,NaN,NaN,NaN,NaN
1109,0.8,0.0,0.1,0.0,1.0,0.0001,0.0,0.0,14.0,18.666666666666664,1.0,0.0001,0.2,36.0,0.04593144864730303,9.377500006958998,0.4373981862627025,0.6795212244621347,0.35475370334114364,0.5318552944905207,0.5684537041099299,-0.14431323128063098,0.006693104884252508,0.01035869457046009,0.015027983692308771,-0.025921509871361367
1110,0.9,0.0,0.1,0.0,1.0,0.0001,0.0,0.0,14.0,18.666666666666664,1.0,0.0001,0.2,4.0,0.017442204936934713,NaN,NaN,NaN,NaN,NaN,NaN,NaN,NaN,NaN,NaN,NaN
1111,1.0,0.0,0.1,0.0,1.0,0.0001,0.0,0.0,14.0,18.666666666666664,1.0,0.0001,0.2,4.0,0.01114799696322566,NaN,NaN,NaN,NaN,NaN,NaN,NaN,NaN,NaN,NaN,NaN
1112,1.1,0.0,0.1,0.0,1.0,0.0001,0.0,0.0,14.0,18.666666666666664,1.0,0.0001,0.2,2.0,0.008175098467007702,NaN,NaN,NaN,NaN,NaN,NaN,NaN,NaN,NaN,NaN,NaN
1113,1.2,0.0,0.1,0.0,1.0,0.0001,0.0,0.0,14.0,18.666666666666664,1.0,0.0001,0.2,0.0,1.4751733168338887e-10,NaN,NaN,NaN,NaN,NaN,NaN,NaN,NaN,NaN,NaN,NaN
1114,1.3,0.0,0.1,0.0,1.0,0.0001,0.0,0.0,14.0,18.666666666666664,1.0,0.0001,0.2,0.0,2.0894397323445446e-13,NaN,NaN,NaN,NaN,NaN,NaN,NaN,NaN,NaN,NaN,NaN
1115,1.4,0.0,0.1,0.0,1.0,0.0001,0.0,0.0,14.0,18.666666666666664,1.0,0.0001,0.2,0.0,1.8851586958135158e-13,NaN,NaN,NaN,NaN,NaN,NaN,NaN,NaN,NaN,NaN,NaN
1116,1.5,0.0,0.1,0.0,1.0,0.0001,0.0,0.0,14.0,18.666666666666664,1.0,0.0001,0.2,NaN,NaN,NaN,NaN,NaN,NaN,NaN,NaN,NaN,NaN,NaN,NaN,NaN
1117,0.4,0.0,0.1,0.0,1.0,0.0001,0.0,0.0,16.0,21.333333333333332,1.0,0.0001,0.2,NaN,NaN,NaN,NaN,NaN,NaN,NaN,NaN,NaN,NaN,NaN,NaN,NaN
1118,0.5,0.0,0.1,0.0,1.0,0.0001,0.0,0.0,16.0,21.333333333333332,1.0,0.0001,0.2,NaN,NaN,NaN,NaN,NaN,NaN,NaN,NaN,NaN,NaN,NaN,NaN,NaN
1119,0.6,0.0,0.1,0.0,1.0,0.0001,0.0,0.0,16.0,21.333333333333332,1.0,0.0001,0.2,NaN,NaN,NaN,NaN,NaN,NaN,NaN,NaN,NaN,NaN,NaN,NaN,NaN
1120,0.7,0.0,0.1,0.0,1.0,0.0001,0.0,0.0,16.0,21.333333333333332,1.0,0.0001,0.2,0.0,0.30382745311477916,NaN,NaN,NaN,NaN,NaN,NaN,NaN,NaN,NaN,NaN,NaN
1121,0.8,0.0,0.1,0.0,1.0,0.0001,0.0,0.0,16.0,21.333333333333332,1.0,0.0001,0.2,22.0,0.04172150875072955,9.318343900218645,0.46061673580179857,0.5356752439604782,0.45487563704810924,0.49093943216972796,0.5575553899218498,-0.17180046445211086,-0.05098478225315273,0.13160764006805936,0.006066445446111358,-0.01969813031243263
1122,0.9,0.0,0.1,0.0,1.0,0.0001,0.0,0.0,16.0,21.333333333333332,1.0,0.0001,0.2,2.0,0.01556095704264493,NaN,NaN,NaN,NaN,NaN,NaN,NaN,NaN,NaN,NaN,NaN
1123,1.0,0.0,0.1,0.0,1.0,0.0001,0.0,0.0,16.0,21.333333333333332,1.0,0.0001,0.2,0.0,2.0010114394342082e-6,NaN,NaN,NaN,NaN,NaN,NaN,NaN,NaN,NaN,NaN,NaN
1124,1.1,0.0,0.1,0.0,1.0,0.0001,0.0,0.0,16.0,21.333333333333332,1.0,0.0001,0.2,0.0,2.479638716579302e-11,NaN,NaN,NaN,NaN,NaN,NaN,NaN,NaN,NaN,NaN,NaN
1125,1.2,0.0,0.1,0.0,1.0,0.0001,0.0,0.0,16.0,21.333333333333332,1.0,0.0001,0.2,0.0,2.4498181261378704e-10,NaN,NaN,NaN,NaN,NaN,NaN,NaN,NaN,NaN,NaN,NaN
1126,1.3,0.0,0.1,0.0,1.0,0.0001,0.0,0.0,16.0,21.333333333333332,1.0,0.0001,0.2,0.0,5.876455710929207e-7,NaN,NaN,NaN,NaN,NaN,NaN,NaN,NaN,NaN,NaN,NaN
1127,1.4,0.0,0.1,0.0,1.0,0.0001,0.0,0.0,16.0,21.333333333333332,1.0,0.0001,0.2,0.0,5.551115123125783e-15,NaN,NaN,NaN,NaN,NaN,NaN,NaN,NaN,NaN,NaN,NaN
1128,1.5,0.0,0.1,0.0,1.0,0.0001,0.0,0.0,16.0,21.333333333333332,1.0,0.0001,0.2,NaN,NaN,NaN,NaN,NaN,NaN,NaN,NaN,NaN,NaN,NaN,NaN,NaN
1129,0.4,0.0,0.1,0.0,1.0,0.0001,0.0,0.0,18.0,24.0,1.0,0.0001,0.2,NaN,NaN,NaN,NaN,NaN,NaN,NaN,NaN,NaN,NaN,NaN,NaN,NaN
1130,0.5,0.0,0.1,0.0,1.0,0.0001,0.0,0.0,18.0,24.0,1.0,0.0001,0.2,NaN,NaN,NaN,NaN,NaN,NaN,NaN,NaN,NaN,NaN,NaN,NaN,NaN
1131,0.6,0.0,0.1,0.0,1.0,0.0001,0.0,0.0,18.0,24.0,1.0,0.0001,0.2,NaN,NaN,NaN,NaN,NaN,NaN,NaN,NaN,NaN,NaN,NaN,NaN,NaN
1132,0.7,0.0,0.1,0.0,1.0,0.0001,0.0,0.0,18.0,24.0,1.0,0.0001,0.2,0.0,0.3105866298360008,NaN,NaN,NaN,NaN,NaN,NaN,NaN,NaN,NaN,NaN,NaN
1133,0.8,0.0,0.1,0.0,1.0,0.0001,0.0,0.0,18.0,24.0,1.0,0.0001,0.2,16.0,0.03814684815269542,9.824551710879854,0.41991896867937384,0.5996341484114176,0.49041158431081633,0.529880941075,0.586058411170444,0.3117291886742118,-0.030099544352159155,-0.14264357119276358,0.14449220661534495,-0.09703743567998037
1134,0.9,0.0,0.1,0.0,1.0,0.0001,0.0,0.0,18.0,24.0,1.0,0.0001,0.2,0.0,2.6410383879849064e-9,NaN,NaN,NaN,NaN,NaN,NaN,NaN,NaN,NaN,NaN,NaN
1135,1.0,0.0,0.1,0.0,1.0,0.0001,0.0,0.0,18.0,24.0,1.0,0.0001,0.2,0.0,7.073026053738829e-9,NaN,NaN,NaN,NaN,NaN,NaN,NaN,NaN,NaN,NaN,NaN
1136,1.1,0.0,0.1,0.0,1.0,0.0001,0.0,0.0,18.0,24.0,1.0,0.0001,0.2,0.0,1.3783693741942216e-8,NaN,NaN,NaN,NaN,NaN,NaN,NaN,NaN,NaN,NaN,NaN
1137,1.2,0.0,0.1,0.0,1.0,0.0001,0.0,0.0,18.0,24.0,1.0,0.0001,0.2,0.0,5.013189863234402e-10,NaN,NaN,NaN,NaN,NaN,NaN,NaN,NaN,NaN,NaN,NaN
1138,1.3,0.0,0.1,0.0,1.0,0.0001,0.0,0.0,18.0,24.0,1.0,0.0001,0.2,0.0,2.708944180085382e-14,NaN,NaN,NaN,NaN,NaN,NaN,NaN,NaN,NaN,NaN,NaN
1139,1.4,0.0,0.1,0.0,1.0,0.0001,0.0,0.0,18.0,24.0,1.0,0.0001,0.2,0.0,9.992007221626409e-15,NaN,NaN,NaN,NaN,NaN,NaN,NaN,NaN,NaN,NaN,NaN
1140,1.5,0.0,0.1,0.0,1.0,0.0001,0.0,0.0,18.0,24.0,1.0,0.0001,0.2,NaN,NaN,NaN,NaN,NaN,NaN,NaN,NaN,NaN,NaN,NaN,NaN,NaN
1141,0.4,0.0,0.1,0.0,1.0,0.0001,0.0,0.0,20.0,26.666666666666664,1.0,0.0001,0.2,NaN,NaN,NaN,NaN,NaN,NaN,NaN,NaN,NaN,NaN,NaN,NaN,NaN
1142,0.5,0.0,0.1,0.0,1.0,0.0001,0.0,0.0,20.0,26.666666666666664,1.0,0.0001,0.2,NaN,NaN,NaN,NaN,NaN,NaN,NaN,NaN,NaN,NaN,NaN,NaN,NaN
1143,0.6,0.0,0.1,0.0,1.0,0.0001,0.0,0.0,20.0,26.666666666666664,1.0,0.0001,0.2,NaN,NaN,NaN,NaN,NaN,NaN,NaN,NaN,NaN,NaN,NaN,NaN,NaN
1144,0.7,0.0,0.1,0.0,1.0,0.0001,0.0,0.0,20.0,26.666666666666664,1.0,0.0001,0.2,0.0,0.3032068039818512,NaN,NaN,NaN,NaN,NaN,NaN,NaN,NaN,NaN,NaN,NaN
1145,0.8,0.0,0.1,0.0,1.0,0.0001,0.0,0.0,20.0,26.666666666666664,1.0,0.0001,0.2,14.0,0.034979175574371246,NaN,NaN,NaN,NaN,NaN,NaN,NaN,NaN,NaN,NaN,NaN
1146,0.9,0.0,0.1,0.0,1.0,0.0001,0.0,0.0,20.0,26.666666666666664,1.0,0.0001,0.2,0.0,2.2901778251593896e-9,NaN,NaN,NaN,NaN,NaN,NaN,NaN,NaN,NaN,NaN,NaN
1147,1.0,0.0,0.1,0.0,1.0,0.0001,0.0,0.0,20.0,26.666666666666664,1.0,0.0001,0.2,2.0,0.007899427020840233,NaN,NaN,NaN,NaN,NaN,NaN,NaN,NaN,NaN,NaN,NaN
1148,1.1,0.0,0.1,0.0,1.0,0.0001,0.0,0.0,20.0,26.666666666666664,1.0,0.0001,0.2,2.0,0.005803821349788851,NaN,NaN,NaN,NaN,NaN,NaN,NaN,NaN,NaN,NaN,NaN
1149,1.2,0.0,0.1,0.0,1.0,0.0001,0.0,0.0,20.0,26.666666666666664,1.0,0.0001,0.2,0.0,3.5906833062426813e-12,NaN,NaN,NaN,NaN,NaN,NaN,NaN,NaN,NaN,NaN,NaN
1150,1.3,0.0,0.1,0.0,1.0,0.0001,0.0,0.0,20.0,26.666666666666664,1.0,0.0001,0.2,0.0,7.993605777301127e-15,NaN,NaN,NaN,NaN,NaN,NaN,NaN,NaN,NaN,NaN,NaN
1151,1.4,0.0,0.1,0.0,1.0,0.0001,0.0,0.0,20.0,26.666666666666664,1.0,0.0001,0.2,0.0,1.9761969838327786e-14,NaN,NaN,NaN,NaN,NaN,NaN,NaN,NaN,NaN,NaN,NaN
1152,1.5,0.0,0.1,0.0,1.0,0.0001,0.0,0.0,20.0,26.666666666666664,1.0,0.0001,0.2,NaN,NaN,NaN,NaN,NaN,NaN,NaN,NaN,NaN,NaN,NaN,NaN,NaN
1153,0.4,0.0,0.1,0.0,1.0,0.0001,0.0,0.0,22.0,29.333333333333332,1.0,0.0001,0.2,NaN,NaN,NaN,NaN,NaN,NaN,NaN,NaN,NaN,NaN,NaN,NaN,NaN
1154,0.5,0.0,0.1,0.0,1.0,0.0001,0.0,0.0,22.0,29.333333333333332,1.0,0.0001,0.2,NaN,NaN,NaN,NaN,NaN,NaN,NaN,NaN,NaN,NaN,NaN,NaN,NaN
1155,0.6,0.0,0.1,0.0,1.0,0.0001,0.0,0.0,22.0,29.333333333333332,1.0,0.0001,0.2,NaN,NaN,NaN,NaN,NaN,NaN,NaN,NaN,NaN,NaN,NaN,NaN,NaN
1156,0.7,0.0,0.1,0.0,1.0,0.0001,0.0,0.0,22.0,29.333333333333332,1.0,0.0001,0.2,NaN,NaN,NaN,NaN,NaN,NaN,NaN,NaN,NaN,NaN,NaN,NaN,NaN
1157,0.8,0.0,0.1,0.0,1.0,0.0001,0.0,0.0,22.0,29.333333333333332,1.0,0.0001,0.2,8.0,0.03241662064319806,NaN,NaN,NaN,NaN,NaN,NaN,NaN,NaN,NaN,NaN,NaN
1158,0.9,0.0,0.1,0.0,1.0,0.0001,0.0,0.0,22.0,29.333333333333332,1.0,0.0001,0.2,0.0,1.3356399541919473e-8,NaN,NaN,NaN,NaN,NaN,NaN,NaN,NaN,NaN,NaN,NaN
1159,1.0,0.0,0.1,0.0,1.0,0.0001,0.0,0.0,22.0,29.333333333333332,1.0,0.0001,0.2,0.0,5.401364893131699e-7,NaN,NaN,NaN,NaN,NaN,NaN,NaN,NaN,NaN,NaN,NaN
1160,1.1,0.0,0.1,0.0,1.0,0.0001,0.0,0.0,22.0,29.333333333333332,1.0,0.0001,0.2,2.0,0.005252275897805081,NaN,NaN,NaN,NaN,NaN,NaN,NaN,NaN,NaN,NaN,NaN
1161,1.2,0.0,0.1,0.0,1.0,0.0001,0.0,0.0,22.0,29.333333333333332,1.0,0.0001,0.2,0.0,9.79682113211311e-9,NaN,NaN,NaN,NaN,NaN,NaN,NaN,NaN,NaN,NaN,NaN
1162,1.3,0.0,0.1,0.0,1.0,0.0001,0.0,0.0,22.0,29.333333333333332,1.0,0.0001,0.2,0.0,2.042810365310288e-14,NaN,NaN,NaN,NaN,NaN,NaN,NaN,NaN,NaN,NaN,NaN
1163,1.4,0.0,0.1,0.0,1.0,0.0001,0.0,0.0,22.0,29.333333333333332,1.0,0.0001,0.2,0.0,3.9608316626527085e-11,NaN,NaN,NaN,NaN,NaN,NaN,NaN,NaN,NaN,NaN,NaN
1164,1.5,0.0,0.1,0.0,1.0,0.0001,0.0,0.0,22.0,29.333333333333332,1.0,0.0001,0.2,NaN,NaN,NaN,NaN,NaN,NaN,NaN,NaN,NaN,NaN,NaN,NaN,NaN
1165,0.4,0.0,0.1,0.0,1.0,0.0001,0.0,0.0,24.0,32.0,1.0,0.0001,0.2,NaN,NaN,NaN,NaN,NaN,NaN,NaN,NaN,NaN,NaN,NaN,NaN,NaN
1166,0.5,0.0,0.1,0.0,1.0,0.0001,0.0,0.0,24.0,32.0,1.0,0.0001,0.2,NaN,NaN,NaN,NaN,NaN,NaN,NaN,NaN,NaN,NaN,NaN,NaN,NaN
1167,0.6,0.0,0.1,0.0,1.0,0.0001,0.0,0.0,24.0,32.0,1.0,0.0001,0.2,NaN,NaN,NaN,NaN,NaN,NaN,NaN,NaN,NaN,NaN,NaN,NaN,NaN
1168,0.7,0.0,0.1,0.0,1.0,0.0001,0.0,0.0,24.0,32.0,1.0,0.0001,0.2,NaN,NaN,NaN,NaN,NaN,NaN,NaN,NaN,NaN,NaN,NaN,NaN,NaN
1169,0.8,0.0,0.1,0.0,1.0,0.0001,0.0,0.0,24.0,32.0,1.0,0.0001,0.2,10.0,0.03010349074576224,NaN,NaN,NaN,NaN,NaN,NaN,NaN,NaN,NaN,NaN,NaN
1170,0.9,0.0,0.1,0.0,1.0,0.0001,0.0,0.0,24.0,32.0,1.0,0.0001,0.2,2.0,0.01074313247222225,NaN,NaN,NaN,NaN,NaN,NaN,NaN,NaN,NaN,NaN,NaN
1171,1.0,0.0,0.1,0.0,1.0,0.0001,0.0,0.0,24.0,32.0,1.0,0.0001,0.2,0.0,1.2846593422377595e-7,NaN,NaN,NaN,NaN,NaN,NaN,NaN,NaN,NaN,NaN,NaN
1172,1.1,0.0,0.1,0.0,1.0,0.0001,0.0,0.0,24.0,32.0,1.0,0.0001,0.2,4.0,0.0048629544718377105,NaN,NaN,NaN,NaN,NaN,NaN,NaN,NaN,NaN,NaN,NaN
1173,1.2,0.0,0.1,0.0,1.0,0.0001,0.0,0.0,24.0,32.0,1.0,0.0001,0.2,0.0,1.5360928085073056e-9,NaN,NaN,NaN,NaN,NaN,NaN,NaN,NaN,NaN,NaN,NaN
1174,1.3,0.0,0.1,0.0,1.0,0.0001,0.0,0.0,24.0,32.0,1.0,0.0001,0.2,0.0,9.912071163853398e-12,NaN,NaN,NaN,NaN,NaN,NaN,NaN,NaN,NaN,NaN,NaN
1175,1.4,0.0,0.1,0.0,1.0,0.0001,0.0,0.0,24.0,32.0,1.0,0.0001,0.2,NaN,NaN,NaN,NaN,NaN,NaN,NaN,NaN,NaN,NaN,NaN,NaN,NaN
1176,1.5,0.0,0.1,0.0,1.0,0.0001,0.0,0.0,24.0,32.0,1.0,0.0001,0.2,NaN,NaN,NaN,NaN,NaN,NaN,NaN,NaN,NaN,NaN,NaN,NaN,NaN
1177,0.4,0.0,0.1,0.0,1.0,0.0001,0.0,0.0,0.0,1.3333333333333333,1.0,0.0001,0.1,254.0,0.04760158533553993,6.652877749962271,0.3600226455922197,0.6149548671849907,0.4307491742449506,0.3525773213510359,0.5054797267842704,0.0907701756018781,0.05532281524178371,-0.02128423908235966,0.006494449141830465,-0.01640380196262216
1178,0.5,0.0,0.1,0.0,1.0,0.0001,0.0,0.0,0.0,1.3333333333333333,1.0,0.0001,0.1,146.0,0.05314735373208429,7.4998091085922045,0.41240297376925017,0.6136784267548739,0.41907643940357053,0.4010544482728912,0.539736603185374,0.20061910366448363,0.03155422244256525,0.05083765532925592,0.02926308784631788,0.015168890484160693
1179,0.6,0.0,0.1,0.0,1.0,0.0001,0.0,0.0,0.0,1.3333333333333333,1.0,0.0001,0.1,54.0,0.05434887324102444,8.28718936948509,0.4986653810427049,0.5932920828601127,0.39514320940507325,0.49665982373346074,0.5753824255801215,0.16593612292498125,-0.012972181668279367,-0.05524174520970179,-0.047278814704398466,-0.08225804537895341
1180,0.7,0.0,0.1,0.0,1.0,0.0001,0.0,0.0,0.0,1.3333333333333333,1.0,0.0001,0.1,16.0,0.05211598729374278,9.291224421027117,0.5179731133220474,0.5155895364779292,0.38861763451965853,0.5104980749504628,0.532171807667586,0.41250954775054605,0.18141841363002761,0.15060869647212607,0.042786458392430095,-0.05193364606966402
1181,0.8,0.0,0.1,0.0,1.0,0.0001,0.0,0.0,0.0,1.3333333333333333,1.0,0.0001,0.1,10.0,0.04850041939362515,NaN,NaN,NaN,NaN,NaN,NaN,NaN,NaN,NaN,NaN,NaN
1182,0.9,0.0,0.1,0.0,1.0,0.0001,0.0,0.0,0.0,1.3333333333333333,1.0,0.0001,0.1,6.0,0.044581222837622,NaN,NaN,NaN,NaN,NaN,NaN,NaN,NaN,NaN,NaN,NaN
1183,1.0,0.0,0.1,0.0,1.0,0.0001,0.0,0.0,0.0,1.3333333333333333,1.0,0.0001,0.1,0.0,4.395385166944266e-9,NaN,NaN,NaN,NaN,NaN,NaN,NaN,NaN,NaN,NaN,NaN
1184,1.1,0.0,0.1,0.0,1.0,0.0001,0.0,0.0,0.0,1.3333333333333333,1.0,0.0001,0.1,0.0,1.5692713795090185e-10,NaN,NaN,NaN,NaN,NaN,NaN,NaN,NaN,NaN,NaN,NaN
1185,1.2,0.0,0.1,0.0,1.0,0.0001,0.0,0.0,0.0,1.3333333333333333,1.0,0.0001,0.1,0.0,3.7007863440408073e-10,NaN,NaN,NaN,NaN,NaN,NaN,NaN,NaN,NaN,NaN,NaN
1186,1.3,0.0,0.1,0.0,1.0,0.0001,0.0,0.0,0.0,1.3333333333333333,1.0,0.0001,0.1,0.0,1.5154544286133387e-12,NaN,NaN,NaN,NaN,NaN,NaN,NaN,NaN,NaN,NaN,NaN
1187,1.4,0.0,0.1,0.0,1.0,0.0001,0.0,0.0,0.0,1.3333333333333333,1.0,0.0001,0.1,0.0,3.3726355042063005e-12,NaN,NaN,NaN,NaN,NaN,NaN,NaN,NaN,NaN,NaN,NaN
1188,1.5,0.0,0.1,0.0,1.0,0.0001,0.0,0.0,0.0,1.3333333333333333,1.0,0.0001,0.1,0.0,1.3100631690576847e-14,NaN,NaN,NaN,NaN,NaN,NaN,NaN,NaN,NaN,NaN,NaN
1189,0.4,0.0,0.1,0.0,1.0,0.0001,0.0,0.0,1.0,1.3333333333333333,1.0,0.0001,0.1,300.0,0.05876735317016041,11.662503838336388,0.20083614351358414,0.3124828970323424,0.6511715257316417,0.3345547119175919,0.2993991393149412,0.0325417029027768,0.020729278255745387,0.15649853472773534,-0.004050188707655321,0.03956243062591569
1190,0.5,0.0,0.1,0.0,1.0,0.0001,0.0,0.0,1.0,1.3333333333333333,1.0,0.0001,0.1,288.0,0.09296036613529896,30.645952239731326,0.26991828989593997,0.3484528171846909,0.40280472694345676,0.4666156906822204,0.4357162884705724,0.04638815179778993,-0.054498673930645176,-0.0244774291664998,0.019271223603024364,0.0018977590595438366
1191,0.6,0.0,0.1,0.0,1.0,0.0001,0.0,0.0,1.0,1.3333333333333333,1.0,0.0001,0.1,298.0,0.1380501910873153,27.730844059239057,0.27975427222148014,0.3492062956264222,0.42287952783651717,0.46640062417540007,0.3858071429606326,-0.09502960604716669,0.033607541704850474,-0.028763323178585758,-0.008883822950914907,-0.044706056409544115
1192,0.7,0.0,0.1,0.0,1.0,0.0001,0.0,0.0,1.0,1.3333333333333333,1.0,0.0001,0.1,334.0,0.17778009234121694,20.063919285408424,0.1715198187892936,0.2692121119437054,0.44079107155334724,0.44209886367730117,0.3738745079305575,0.1473524753795434,0.016688970284510322,0.12492562236584376,0.01968345042113747,0.015128413746702084
1193,0.8,0.0,0.1,0.0,1.0,0.0001,0.0,0.0,1.0,1.3333333333333333,1.0,0.0001,0.1,270.0,0.17427541977109817,13.15270478000461,0.26302236689105124,0.2317501766729111,0.7903055661964399,0.1787031380014707,0.3748982634936761,0.3173086391174649,-0.04557314212981901,-0.016383616462197763,0.0270471399284674,0.03099593216271223
1194,0.9,0.0,0.1,0.0,1.0,0.0001,0.0,0.0,1.0,1.3333333333333333,1.0,0.0001,0.1,158.0,0.13804382625376754,10.672406010185243,0.419700123134055,0.6948052496686035,0.3418937404564763,0.45664647058928326,0.5763808465023548,-0.2624361173232853,0.1134115523054813,-0.0063890298391030935,0.022730404331417715,-0.05227915211275736
1195,1.0,0.0,0.1,0.0,1.0,0.0001,0.0,0.0,1.0,1.3333333333333333,1.0,0.0001,0.1,24.0,0.11204818956884566,10.83350473854976,0.40771055781115656,0.60423461317604,0.4989323490101687,0.4660267645159312,0.5486593593314408,-0.0037235279170210835,-0.08195760878742055,-0.15555370003558455,-0.051799446973404745,-0.10635459286076976
1196,1.1,0.0,0.1,0.0,1.0,0.0001,0.0,0.0,1.0,1.3333333333333333,1.0,0.0001,0.1,2.0,0.0914602056585343,NaN,NaN,NaN,NaN,NaN,NaN,NaN,NaN,NaN,NaN,NaN
1197,1.2,0.0,0.1,0.0,1.0,0.0001,0.0,0.0,1.0,1.3333333333333333,1.0,0.0001,0.1,0.0,1.4190372765732207e-6,NaN,NaN,NaN,NaN,NaN,NaN,NaN,NaN,NaN,NaN,NaN
1198,1.3,0.0,0.1,0.0,1.0,0.0001,0.0,0.0,1.0,1.3333333333333333,1.0,0.0001,0.1,0.0,2.0867751970854442e-12,NaN,NaN,NaN,NaN,NaN,NaN,NaN,NaN,NaN,NaN,NaN
1199,1.4,0.0,0.1,0.0,1.0,0.0001,0.0,0.0,1.0,1.3333333333333333,1.0,0.0001,0.1,0.0,1.2188472453544819e-11,NaN,NaN,NaN,NaN,NaN,NaN,NaN,NaN,NaN,NaN,NaN
1200,1.5,0.0,0.1,0.0,1.0,0.0001,0.0,0.0,1.0,1.3333333333333333,1.0,0.0001,0.1,0.0,2.1400659022674517e-12,NaN,NaN,NaN,NaN,NaN,NaN,NaN,NaN,NaN,NaN,NaN
1201,0.4,0.0,0.1,0.0,1.0,0.0001,0.0,0.0,2.0,2.6666666666666665,1.0,0.0001,0.1,26.0,0.0768712776141105,106.42205553130445,0.46194050586399515,0.48540343843724065,0.39725332724436124,0.47890969945345363,0.4680092296931235,0.04453578507471085,0.16068100736983304,0.10827748466227986,0.10168256259113852,-0.030691890363255023
1202,0.5,0.0,0.1,0.0,1.0,0.0001,0.0,0.0,2.0,2.6666666666666665,1.0,0.0001,0.1,18.0,0.11581931263165957,121.8440745824667,0.45581189980313425,0.5406794964322085,0.4166530142309527,0.5263529849330417,0.5374618290585136,0.26274982206729397,0.21982814016128213,0.06104819492369162,0.07623317924086505,-0.16624451253993572
1203,0.6,0.0,0.1,0.0,1.0,0.0001,0.0,0.0,2.0,2.6666666666666665,1.0,0.0001,0.1,32.0,0.1438590858296619,84.78100058048048,0.3257737180663711,0.3961541493335905,0.5369069243756154,0.34060482967476674,0.4806329827492413,0.05775619606140556,-0.046086903760641035,-0.01964767837070431,-0.021442445197133685,0.06483387910728658
1204,0.7,0.0,0.1,0.0,1.0,0.0001,0.0,0.0,2.0,2.6666666666666665,1.0,0.0001,0.1,30.0,0.19095946466055924,72.91437782711219,0.327798413772172,0.38345935883925586,0.4155020418816916,0.41454806051454784,0.41772640871941674,0.17221700550604127,0.05587922372011687,-0.23596023080777337,-0.08436300515213904,-0.028833030429718593
1205,0.8,0.0,0.1,0.0,1.0,0.0001,0.0,0.0,2.0,2.6666666666666665,1.0,0.0001,0.1,272.0,0.1643930959378439,11.03446311948225,0.2964249822055,0.3672941474550891,0.7125302632615631,0.234062789003774,0.48020525537130954,0.04423327771020562,0.013103092487368458,0.05194103519127809,-0.03280900258430539,0.0038867179900634753
1206,0.9,0.0,0.1,0.0,1.0,0.0001,0.0,0.0,2.0,2.6666666666666665,1.0,0.0001,0.1,26.0,0.09208786514441003,10.852277146820166,0.4708073406433565,0.5494426270731417,0.450525382028282,0.5339872137599764,0.45586704788451127,0.1962029147998387,0.17503619232367623,-0.09971760713733245,0.099904384476133,-0.01392819262509606
1207,1.0,0.0,0.1,0.0,1.0,0.0001,0.0,0.0,2.0,2.6666666666666665,1.0,0.0001,0.1,2.0,0.06470826912114469,NaN,NaN,NaN,NaN,NaN,NaN,NaN,NaN,NaN,NaN,NaN
1208,1.1,0.0,0.1,0.0,1.0,0.0001,0.0,0.0,2.0,2.6666666666666665,1.0,0.0001,0.1,4.0,0.050662362989499554,NaN,NaN,NaN,NaN,NaN,NaN,NaN,NaN,NaN,NaN,NaN
1209,1.2,0.0,0.1,0.0,1.0,0.0001,0.0,0.0,2.0,2.6666666666666665,1.0,0.0001,0.1,0.0,4.00990352034114e-12,NaN,NaN,NaN,NaN,NaN,NaN,NaN,NaN,NaN,NaN,NaN
1210,1.3,0.0,0.1,0.0,1.0,0.0001,0.0,0.0,2.0,2.6666666666666665,1.0,0.0001,0.1,0.0,2.174449473812956e-7,NaN,NaN,NaN,NaN,NaN,NaN,NaN,NaN,NaN,NaN,NaN
1211,1.4,0.0,0.1,0.0,1.0,0.0001,0.0,0.0,2.0,2.6666666666666665,1.0,0.0001,0.1,0.0,1.779465463869201e-12,NaN,NaN,NaN,NaN,NaN,NaN,NaN,NaN,NaN,NaN,NaN
1212,1.5,0.0,0.1,0.0,1.0,0.0001,0.0,0.0,2.0,2.6666666666666665,1.0,0.0001,0.1,0.0,7.183142969324763e-13,NaN,NaN,NaN,NaN,NaN,NaN,NaN,NaN,NaN,NaN,NaN
1213,0.4,0.0,0.1,0.0,1.0,0.0001,0.0,0.0,4.0,5.333333333333333,1.0,0.0001,0.1,0.0,0.10742131254894166,NaN,NaN,NaN,NaN,NaN,NaN,NaN,NaN,NaN,NaN,NaN
1214,0.5,0.0,0.1,0.0,1.0,0.0001,0.0,0.0,4.0,5.333333333333333,1.0,0.0001,0.1,0.0,0.18239460544706926,NaN,NaN,NaN,NaN,NaN,NaN,NaN,NaN,NaN,NaN,NaN
1215,0.6,0.0,0.1,0.0,1.0,0.0001,0.0,0.0,4.0,5.333333333333333,1.0,0.0001,0.1,0.0,0.24759028550609508,NaN,NaN,NaN,NaN,NaN,NaN,NaN,NaN,NaN,NaN,NaN
1216,0.7,0.0,0.1,0.0,1.0,0.0001,0.0,0.0,4.0,5.333333333333333,1.0,0.0001,0.1,0.0,0.3287978116124898,NaN,NaN,NaN,NaN,NaN,NaN,NaN,NaN,NaN,NaN,NaN
1217,0.8,0.0,0.1,0.0,1.0,0.0001,0.0,0.0,4.0,5.333333333333333,1.0,0.0001,0.1,0.0,0.4153400703408109,NaN,NaN,NaN,NaN,NaN,NaN,NaN,NaN,NaN,NaN,NaN
1218,0.9,0.0,0.1,0.0,1.0,0.0001,0.0,0.0,4.0,5.333333333333333,1.0,0.0001,0.1,12.0,0.05414589863840602,NaN,NaN,NaN,NaN,NaN,NaN,NaN,NaN,NaN,NaN,NaN
1219,1.0,0.0,0.1,0.0,1.0,0.0001,0.0,0.0,4.0,5.333333333333333,1.0,0.0001,0.1,0.0,1.1566111818295255e-6,NaN,NaN,NaN,NaN,NaN,NaN,NaN,NaN,NaN,NaN,NaN
1220,1.1,0.0,0.1,0.0,1.0,0.0001,0.0,0.0,4.0,5.333333333333333,1.0,0.0001,0.1,0.0,4.7214312237642275e-8,NaN,NaN,NaN,NaN,NaN,NaN,NaN,NaN,NaN,NaN,NaN
1221,1.2,0.0,0.1,0.0,1.0,0.0001,0.0,0.0,4.0,5.333333333333333,1.0,0.0001,0.1,0.0,1.0444312081858698e-11,NaN,NaN,NaN,NaN,NaN,NaN,NaN,NaN,NaN,NaN,NaN
1222,1.3,0.0,0.1,0.0,1.0,0.0001,0.0,0.0,4.0,5.333333333333333,1.0,0.0001,0.1,0.0,3.5452751845355124e-11,NaN,NaN,NaN,NaN,NaN,NaN,NaN,NaN,NaN,NaN,NaN
1223,1.4,0.0,0.1,0.0,1.0,0.0001,0.0,0.0,4.0,5.333333333333333,1.0,0.0001,0.1,0.0,2.3936408410918375e-13,NaN,NaN,NaN,NaN,NaN,NaN,NaN,NaN,NaN,NaN,NaN
1224,1.5,0.0,0.1,0.0,1.0,0.0001,0.0,0.0,4.0,5.333333333333333,1.0,0.0001,0.1,0.0,-6.661338147750939e-16,NaN,NaN,NaN,NaN,NaN,NaN,NaN,NaN,NaN,NaN,NaN
1225,0.4,0.0,0.1,0.0,1.0,0.0001,0.0,0.0,6.0,8.0,1.0,0.0001,0.1,0.0,0.1412906629143798,NaN,NaN,NaN,NaN,NaN,NaN,NaN,NaN,NaN,NaN,NaN
1226,0.5,0.0,0.1,0.0,1.0,0.0001,0.0,0.0,6.0,8.0,1.0,0.0001,0.1,0.0,0.21261175121319043,NaN,NaN,NaN,NaN,NaN,NaN,NaN,NaN,NaN,NaN,NaN
1227,0.6,0.0,0.1,0.0,1.0,0.0001,0.0,0.0,6.0,8.0,1.0,0.0001,0.1,0.0,0.28846527251810933,NaN,NaN,NaN,NaN,NaN,NaN,NaN,NaN,NaN,NaN,NaN
1228,0.7,0.0,0.1,0.0,1.0,0.0001,0.0,0.0,6.0,8.0,1.0,0.0001,0.1,0.0,0.3737211648183351,NaN,NaN,NaN,NaN,NaN,NaN,NaN,NaN,NaN,NaN,NaN
1229,0.8,0.0,0.1,0.0,1.0,0.0001,0.0,0.0,6.0,8.0,1.0,0.0001,0.1,0.0,0.4379809128900674,NaN,NaN,NaN,NaN,NaN,NaN,NaN,NaN,NaN,NaN,NaN
1230,0.9,0.0,0.1,0.0,1.0,0.0001,0.0,0.0,6.0,8.0,1.0,0.0001,0.1,4.0,0.03869361268374705,NaN,NaN,NaN,NaN,NaN,NaN,NaN,NaN,NaN,NaN,NaN
1231,1.0,0.0,0.1,0.0,1.0,0.0001,0.0,0.0,6.0,8.0,1.0,0.0001,0.1,2.0,0.025000959735242412,NaN,NaN,NaN,NaN,NaN,NaN,NaN,NaN,NaN,NaN,NaN
1232,1.1,0.0,0.1,0.0,1.0,0.0001,0.0,0.0,6.0,8.0,1.0,0.0001,0.1,0.0,2.014270084060854e-9,NaN,NaN,NaN,NaN,NaN,NaN,NaN,NaN,NaN,NaN,NaN
1233,1.2,0.0,0.1,0.0,1.0,0.0001,0.0,0.0,6.0,8.0,1.0,0.0001,0.1,2.0,0.014747014265932279,NaN,NaN,NaN,NaN,NaN,NaN,NaN,NaN,NaN,NaN,NaN
1234,1.3,0.0,0.1,0.0,1.0,0.0001,0.0,0.0,6.0,8.0,1.0,0.0001,0.1,0.0,7.62381269225898e-11,NaN,NaN,NaN,NaN,NaN,NaN,NaN,NaN,NaN,NaN,NaN
1235,1.4,0.0,0.1,0.0,1.0,0.0001,0.0,0.0,6.0,8.0,1.0,0.0001,0.1,0.0,1.7917394234956419e-9,NaN,NaN,NaN,NaN,NaN,NaN,NaN,NaN,NaN,NaN,NaN
1236,1.5,0.0,0.1,0.0,1.0,0.0001,0.0,0.0,6.0,8.0,1.0,0.0001,0.1,0.0,2.9428813386189745e-7,NaN,NaN,NaN,NaN,NaN,NaN,NaN,NaN,NaN,NaN,NaN
1237,0.4,0.0,0.1,0.0,1.0,0.0001,0.0,0.0,8.0,10.666666666666666,1.0,0.0001,0.1,0.0,0.17467060122794753,NaN,NaN,NaN,NaN,NaN,NaN,NaN,NaN,NaN,NaN,NaN
1238,0.5,0.0,0.1,0.0,1.0,0.0001,0.0,0.0,8.0,10.666666666666666,1.0,0.0001,0.1,0.0,0.2572681616191049,NaN,NaN,NaN,NaN,NaN,NaN,NaN,NaN,NaN,NaN,NaN
1239,0.6,0.0,0.1,0.0,1.0,0.0001,0.0,0.0,8.0,10.666666666666666,1.0,0.0001,0.1,0.0,0.3179017640415897,NaN,NaN,NaN,NaN,NaN,NaN,NaN,NaN,NaN,NaN,NaN
1240,0.7,0.0,0.1,0.0,1.0,0.0001,0.0,0.0,8.0,10.666666666666666,1.0,0.0001,0.1,0.0,0.4028816443298337,NaN,NaN,NaN,NaN,NaN,NaN,NaN,NaN,NaN,NaN,NaN
1241,0.8,0.0,0.1,0.0,1.0,0.0001,0.0,0.0,8.0,10.666666666666666,1.0,0.0001,0.1,96.0,0.11215998452548914,8.548651494255457,0.488798785326434,0.5886246793217937,0.3968415595585688,0.5051253348817581,0.5055305022271287,-0.009045821294169669,0.023201988254931603,0.0050120605757714804,0.05329427564958849,0.046927350034115266
1242,0.9,0.0,0.1,0.0,1.0,0.0001,0.0,0.0,8.0,10.666666666666666,1.0,0.0001,0.1,6.0,0.030124465966367864,NaN,NaN,NaN,NaN,NaN,NaN,NaN,NaN,NaN,NaN,NaN
1243,1.0,0.0,0.1,0.0,1.0,0.0001,0.0,0.0,8.0,10.666666666666666,1.0,0.0001,0.1,4.0,0.019143090799651596,NaN,NaN,NaN,NaN,NaN,NaN,NaN,NaN,NaN,NaN,NaN
1244,1.1,0.0,0.1,0.0,1.0,0.0001,0.0,0.0,8.0,10.666666666666666,1.0,0.0001,0.1,0.0,2.551678224271825e-8,NaN,NaN,NaN,NaN,NaN,NaN,NaN,NaN,NaN,NaN,NaN
1245,1.2,0.0,0.1,0.0,1.0,0.0001,0.0,0.0,8.0,10.666666666666666,1.0,0.0001,0.1,0.0,1.232047797117275e-10,NaN,NaN,NaN,NaN,NaN,NaN,NaN,NaN,NaN,NaN,NaN
1246,1.3,0.0,0.1,0.0,1.0,0.0001,0.0,0.0,8.0,10.666666666666666,1.0,0.0001,0.1,0.0,1.588915887751341e-9,NaN,NaN,NaN,NaN,NaN,NaN,NaN,NaN,NaN,NaN,NaN
1247,1.4,0.0,0.1,0.0,1.0,0.0001,0.0,0.0,8.0,10.666666666666666,1.0,0.0001,0.1,0.0,6.140488117978293e-10,NaN,NaN,NaN,NaN,NaN,NaN,NaN,NaN,NaN,NaN,NaN
1248,1.5,0.0,0.1,0.0,1.0,0.0001,0.0,0.0,8.0,10.666666666666666,1.0,0.0001,0.1,0.0,5.6694346994845546e-9,NaN,NaN,NaN,NaN,NaN,NaN,NaN,NaN,NaN,NaN,NaN
1249,0.4,0.0,0.1,0.0,1.0,0.0001,0.0,0.0,10.0,13.333333333333332,1.0,0.0001,0.1,0.0,0.21273966874386563,NaN,NaN,NaN,NaN,NaN,NaN,NaN,NaN,NaN,NaN,NaN
1250,0.5,0.0,0.1,0.0,1.0,0.0001,0.0,0.0,10.0,13.333333333333332,1.0,0.0001,0.1,NaN,NaN,NaN,NaN,NaN,NaN,NaN,NaN,NaN,NaN,NaN,NaN,NaN
1251,0.6,0.0,0.1,0.0,1.0,0.0001,0.0,0.0,10.0,13.333333333333332,1.0,0.0001,0.1,NaN,NaN,NaN,NaN,NaN,NaN,NaN,NaN,NaN,NaN,NaN,NaN,NaN
1252,0.7,0.0,0.1,0.0,1.0,0.0001,0.0,0.0,10.0,13.333333333333332,1.0,0.0001,0.1,0.0,0.4243057255464241,NaN,NaN,NaN,NaN,NaN,NaN,NaN,NaN,NaN,NaN,NaN
1253,0.8,0.0,0.1,0.0,1.0,0.0001,0.0,0.0,10.0,13.333333333333332,1.0,0.0001,0.1,30.0,0.087266482192485,8.873873040585782,0.46155933160539087,0.5107497199040612,0.4108948447959947,0.39844154329028614,0.4581587538979443,0.2348150986245846,-0.06500808370774509,-0.2058927570227483,-0.02248440792083683,-0.05333471783853931
1254,0.9,0.0,0.1,0.0,1.0,0.0001,0.0,0.0,10.0,13.333333333333332,1.0,0.0001,0.1,2.0,0.024490061872206814,NaN,NaN,NaN,NaN,NaN,NaN,NaN,NaN,NaN,NaN,NaN
1255,1.0,0.0,0.1,0.0,1.0,0.0001,0.0,0.0,10.0,13.333333333333332,1.0,0.0001,0.1,0.0,2.428387713138136e-8,NaN,NaN,NaN,NaN,NaN,NaN,NaN,NaN,NaN,NaN,NaN
1256,1.1,0.0,0.1,0.0,1.0,0.0001,0.0,0.0,10.0,13.333333333333332,1.0,0.0001,0.1,0.0,7.751921327070477e-10,NaN,NaN,NaN,NaN,NaN,NaN,NaN,NaN,NaN,NaN,NaN
1257,1.2,0.0,0.1,0.0,1.0,0.0001,0.0,0.0,10.0,13.333333333333332,1.0,0.0001,0.1,0.0,1.4530925351863289e-9,NaN,NaN,NaN,NaN,NaN,NaN,NaN,NaN,NaN,NaN,NaN
1258,1.3,0.0,0.1,0.0,1.0,0.0001,0.0,0.0,10.0,13.333333333333332,1.0,0.0001,0.1,0.0,7.993605777301127e-15,NaN,NaN,NaN,NaN,NaN,NaN,NaN,NaN,NaN,NaN,NaN
1259,1.4,0.0,0.1,0.0,1.0,0.0001,0.0,0.0,10.0,13.333333333333332,1.0,0.0001,0.1,0.0,1.4104339918219466e-10,NaN,NaN,NaN,NaN,NaN,NaN,NaN,NaN,NaN,NaN,NaN
1260,1.5,0.0,0.1,0.0,1.0,0.0001,0.0,0.0,10.0,13.333333333333332,1.0,0.0001,0.1,0.0,4.218847493575595e-15,NaN,NaN,NaN,NaN,NaN,NaN,NaN,NaN,NaN,NaN,NaN
1261,0.4,0.0,0.1,0.0,1.0,0.0001,0.0,0.0,12.0,16.0,1.0,0.0001,0.1,NaN,NaN,NaN,NaN,NaN,NaN,NaN,NaN,NaN,NaN,NaN,NaN,NaN
1262,0.5,0.0,0.1,0.0,1.0,0.0001,0.0,0.0,12.0,16.0,1.0,0.0001,0.1,NaN,NaN,NaN,NaN,NaN,NaN,NaN,NaN,NaN,NaN,NaN,NaN,NaN
1263,0.6,0.0,0.1,0.0,1.0,0.0001,0.0,0.0,12.0,16.0,1.0,0.0001,0.1,NaN,NaN,NaN,NaN,NaN,NaN,NaN,NaN,NaN,NaN,NaN,NaN,NaN
1264,0.7,0.0,0.1,0.0,1.0,0.0001,0.0,0.0,12.0,16.0,1.0,0.0001,0.1,0.0,0.45897650596149187,NaN,NaN,NaN,NaN,NaN,NaN,NaN,NaN,NaN,NaN,NaN
1265,0.8,0.0,0.1,0.0,1.0,0.0001,0.0,0.0,12.0,16.0,1.0,0.0001,0.1,12.0,0.07052317825358345,9.108168199659033,0.4833304299561341,0.5471026346699556,0.4506720642210312,0.535529358608113,0.5040067949438481,0.20880700931881363,-0.005600998681487841,0.07271298630828958,0.043142697950954115,0.0015399572005428458
1266,0.9,0.0,0.1,0.0,1.0,0.0001,0.0,0.0,12.0,16.0,1.0,0.0001,0.1,0.0,1.097638085978403e-7,NaN,NaN,NaN,NaN,NaN,NaN,NaN,NaN,NaN,NaN,NaN
1267,1.0,0.0,0.1,0.0,1.0,0.0001,0.0,0.0,12.0,16.0,1.0,0.0001,0.1,0.0,1.4681327042964654e-8,NaN,NaN,NaN,NaN,NaN,NaN,NaN,NaN,NaN,NaN,NaN
1268,1.1,0.0,0.1,0.0,1.0,0.0001,0.0,0.0,12.0,16.0,1.0,0.0001,0.1,2.0,0.009515565630306755,NaN,NaN,NaN,NaN,NaN,NaN,NaN,NaN,NaN,NaN,NaN
1269,1.2,0.0,0.1,0.0,1.0,0.0001,0.0,0.0,12.0,16.0,1.0,0.0001,0.1,0.0,9.08162434143378e-14,NaN,NaN,NaN,NaN,NaN,NaN,NaN,NaN,NaN,NaN,NaN
1270,1.3,0.0,0.1,0.0,1.0,0.0001,0.0,0.0,12.0,16.0,1.0,0.0001,0.1,0.0,1.2878587085651816e-14,NaN,NaN,NaN,NaN,NaN,NaN,NaN,NaN,NaN,NaN,NaN
1271,1.4,0.0,0.1,0.0,1.0,0.0001,0.0,0.0,12.0,16.0,1.0,0.0001,0.1,0.0,8.906231308003498e-11,NaN,NaN,NaN,NaN,NaN,NaN,NaN,NaN,NaN,NaN,NaN
1272,1.5,0.0,0.1,0.0,1.0,0.0001,0.0,0.0,12.0,16.0,1.0,0.0001,0.1,0.0,4.65718219544442e-9,NaN,NaN,NaN,NaN,NaN,NaN,NaN,NaN,NaN,NaN,NaN
1273,0.4,0.0,0.1,0.0,1.0,0.0001,0.0,0.0,14.0,18.666666666666664,1.0,0.0001,0.1,NaN,NaN,NaN,NaN,NaN,NaN,NaN,NaN,NaN,NaN,NaN,NaN,NaN
1274,0.5,0.0,0.1,0.0,1.0,0.0001,0.0,0.0,14.0,18.666666666666664,1.0,0.0001,0.1,NaN,NaN,NaN,NaN,NaN,NaN,NaN,NaN,NaN,NaN,NaN,NaN,NaN
1275,0.6,0.0,0.1,0.0,1.0,0.0001,0.0,0.0,14.0,18.666666666666664,1.0,0.0001,0.1,NaN,NaN,NaN,NaN,NaN,NaN,NaN,NaN,NaN,NaN,NaN,NaN,NaN
1276,0.7,0.0,0.1,0.0,1.0,0.0001,0.0,0.0,14.0,18.666666666666664,1.0,0.0001,0.1,NaN,NaN,NaN,NaN,NaN,NaN,NaN,NaN,NaN,NaN,NaN,NaN,NaN
1277,0.8,0.0,0.1,0.0,1.0,0.0001,0.0,0.0,14.0,18.666666666666664,1.0,0.0001,0.1,8.0,0.05955707775040031,NaN,NaN,NaN,NaN,NaN,NaN,NaN,NaN,NaN,NaN,NaN
1278,0.9,0.0,0.1,0.0,1.0,0.0001,0.0,0.0,14.0,18.666666666666664,1.0,0.0001,0.1,0.0,9.131680256402319e-8,NaN,NaN,NaN,NaN,NaN,NaN,NaN,NaN,NaN,NaN,NaN
1279,1.0,0.0,0.1,0.0,1.0,0.0001,0.0,0.0,14.0,18.666666666666664,1.0,0.0001,0.1,4.0,0.011328652507816228,NaN,NaN,NaN,NaN,NaN,NaN,NaN,NaN,NaN,NaN,NaN
1280,1.1,0.0,0.1,0.0,1.0,0.0001,0.0,0.0,14.0,18.666666666666664,1.0,0.0001,0.1,0.0,2.94364532749114e-12,NaN,NaN,NaN,NaN,NaN,NaN,NaN,NaN,NaN,NaN,NaN
1281,1.2,0.0,0.1,0.0,1.0,0.0001,0.0,0.0,14.0,18.666666666666664,1.0,0.0001,0.1,0.0,2.431699286375988e-11,NaN,NaN,NaN,NaN,NaN,NaN,NaN,NaN,NaN,NaN,NaN
1282,1.3,0.0,0.1,0.0,1.0,0.0001,0.0,0.0,14.0,18.666666666666664,1.0,0.0001,0.1,0.0,7.747136265834342e-13,NaN,NaN,NaN,NaN,NaN,NaN,NaN,NaN,NaN,NaN,NaN
1283,1.4,0.0,0.1,0.0,1.0,0.0001,0.0,0.0,14.0,18.666666666666664,1.0,0.0001,0.1,0.0,9.137579581874888e-12,NaN,NaN,NaN,NaN,NaN,NaN,NaN,NaN,NaN,NaN,NaN
1284,1.5,0.0,0.1,0.0,1.0,0.0001,0.0,0.0,14.0,18.666666666666664,1.0,0.0001,0.1,NaN,NaN,NaN,NaN,NaN,NaN,NaN,NaN,NaN,NaN,NaN,NaN,NaN
1285,0.4,0.0,0.1,0.0,1.0,0.0001,0.0,0.0,16.0,21.333333333333332,1.0,0.0001,0.1,NaN,NaN,NaN,NaN,NaN,NaN,NaN,NaN,NaN,NaN,NaN,NaN,NaN
1286,0.5,0.0,0.1,0.0,1.0,0.0001,0.0,0.0,16.0,21.333333333333332,1.0,0.0001,0.1,NaN,NaN,NaN,NaN,NaN,NaN,NaN,NaN,NaN,NaN,NaN,NaN,NaN
1287,0.6,0.0,0.1,0.0,1.0,0.0001,0.0,0.0,16.0,21.333333333333332,1.0,0.0001,0.1,NaN,NaN,NaN,NaN,NaN,NaN,NaN,NaN,NaN,NaN,NaN,NaN,NaN
1288,0.7,0.0,0.1,0.0,1.0,0.0001,0.0,0.0,16.0,21.333333333333332,1.0,0.0001,0.1,NaN,NaN,NaN,NaN,NaN,NaN,NaN,NaN,NaN,NaN,NaN,NaN,NaN
1289,0.8,0.0,0.1,0.0,1.0,0.0001,0.0,0.0,16.0,21.333333333333332,1.0,0.0001,0.1,6.0,0.051647240948494155,NaN,NaN,NaN,NaN,NaN,NaN,NaN,NaN,NaN,NaN,NaN
1290,0.9,0.0,0.1,0.0,1.0,0.0001,0.0,0.0,16.0,21.333333333333332,1.0,0.0001,0.1,4.0,0.01606210089830895,NaN,NaN,NaN,NaN,NaN,NaN,NaN,NaN,NaN,NaN,NaN
1291,1.0,0.0,0.1,0.0,1.0,0.0001,0.0,0.0,16.0,21.333333333333332,1.0,0.0001,0.1,4.0,0.0099778851515967,NaN,NaN,NaN,NaN,NaN,NaN,NaN,NaN,NaN,NaN,NaN
1292,1.1,0.0,0.1,0.0,1.0,0.0001,0.0,0.0,16.0,21.333333333333332,1.0,0.0001,0.1,0.0,9.472636008922564e-10,NaN,NaN,NaN,NaN,NaN,NaN,NaN,NaN,NaN,NaN,NaN
1293,1.2,0.0,0.1,0.0,1.0,0.0001,0.0,0.0,16.0,21.333333333333332,1.0,0.0001,0.1,0.0,4.887734661451759e-11,NaN,NaN,NaN,NaN,NaN,NaN,NaN,NaN,NaN,NaN,NaN
1294,1.3,0.0,0.1,0.0,1.0,0.0001,0.0,0.0,16.0,21.333333333333332,1.0,0.0001,0.1,0.0,1.0658141036401503e-14,NaN,NaN,NaN,NaN,NaN,NaN,NaN,NaN,NaN,NaN,NaN
1295,1.4,0.0,0.1,0.0,1.0,0.0001,0.0,0.0,16.0,21.333333333333332,1.0,0.0001,0.1,0.0,2.5979218776228663e-14,NaN,NaN,NaN,NaN,NaN,NaN,NaN,NaN,NaN,NaN,NaN
1296,1.5,0.0,0.1,0.0,1.0,0.0001,0.0,0.0,16.0,21.333333333333332,1.0,0.0001,0.1,NaN,NaN,NaN,NaN,NaN,NaN,NaN,NaN,NaN,NaN,NaN,NaN,NaN
1297,0.4,0.0,0.1,0.0,1.0,0.0001,0.0,0.0,18.0,24.0,1.0,0.0001,0.1,NaN,NaN,NaN,NaN,NaN,NaN,NaN,NaN,NaN,NaN,NaN,NaN,NaN
1298,0.5,0.0,0.1,0.0,1.0,0.0001,0.0,0.0,18.0,24.0,1.0,0.0001,0.1,NaN,NaN,NaN,NaN,NaN,NaN,NaN,NaN,NaN,NaN,NaN,NaN,NaN
1299,0.6,0.0,0.1,0.0,1.0,0.0001,0.0,0.0,18.0,24.0,1.0,0.0001,0.1,NaN,NaN,NaN,NaN,NaN,NaN,NaN,NaN,NaN,NaN,NaN,NaN,NaN
1300,0.7,0.0,0.1,0.0,1.0,0.0001,0.0,0.0,18.0,24.0,1.0,0.0001,0.1,NaN,NaN,NaN,NaN,NaN,NaN,NaN,NaN,NaN,NaN,NaN,NaN,NaN
1301,0.8,0.0,0.1,0.0,1.0,0.0001,0.0,0.0,18.0,24.0,1.0,0.0001,0.1,4.0,0.04562800299052139,NaN,NaN,NaN,NaN,NaN,NaN,NaN,NaN,NaN,NaN,NaN
1302,0.9,0.0,0.1,0.0,1.0,0.0001,0.0,0.0,18.0,24.0,1.0,0.0001,0.1,0.0,2.0065417290271448e-5,NaN,NaN,NaN,NaN,NaN,NaN,NaN,NaN,NaN,NaN,NaN
1303,1.0,0.0,0.1,0.0,1.0,0.0001,0.0,0.0,18.0,24.0,1.0,0.0001,0.1,0.0,1.2569760787783935e-9,NaN,NaN,NaN,NaN,NaN,NaN,NaN,NaN,NaN,NaN,NaN
1304,1.1,0.0,0.1,0.0,1.0,0.0001,0.0,0.0,18.0,24.0,1.0,0.0001,0.1,0.0,2.794564579744474e-11,NaN,NaN,NaN,NaN,NaN,NaN,NaN,NaN,NaN,NaN,NaN
1305,1.2,0.0,0.1,0.0,1.0,0.0001,0.0,0.0,18.0,24.0,1.0,0.0001,0.1,4.0,0.0050813875507900175,NaN,NaN,NaN,NaN,NaN,NaN,NaN,NaN,NaN,NaN,NaN
1306,1.3,0.0,0.1,0.0,1.0,0.0001,0.0,0.0,18.0,24.0,1.0,0.0001,0.1,4.0,0.0041741671578312545,NaN,NaN,NaN,NaN,NaN,NaN,NaN,NaN,NaN,NaN,NaN
1307,1.4,0.0,0.1,0.0,1.0,0.0001,0.0,0.0,18.0,24.0,1.0,0.0001,0.1,0.0,3.019806626980426e-14,NaN,NaN,NaN,NaN,NaN,NaN,NaN,NaN,NaN,NaN,NaN
1308,1.5,0.0,0.1,0.0,1.0,0.0001,0.0,0.0,18.0,24.0,1.0,0.0001,0.1,NaN,NaN,NaN,NaN,NaN,NaN,NaN,NaN,NaN,NaN,NaN,NaN,NaN
1309,0.4,0.0,0.1,0.0,1.0,0.0001,0.0,0.0,20.0,26.666666666666664,1.0,0.0001,0.1,NaN,NaN,NaN,NaN,NaN,NaN,NaN,NaN,NaN,NaN,NaN,NaN,NaN
1310,0.5,0.0,0.1,0.0,1.0,0.0001,0.0,0.0,20.0,26.666666666666664,1.0,0.0001,0.1,NaN,NaN,NaN,NaN,NaN,NaN,NaN,NaN,NaN,NaN,NaN,NaN,NaN
1311,0.6,0.0,0.1,0.0,1.0,0.0001,0.0,0.0,20.0,26.666666666666664,1.0,0.0001,0.1,NaN,NaN,NaN,NaN,NaN,NaN,NaN,NaN,NaN,NaN,NaN,NaN,NaN
1312,0.7,0.0,0.1,0.0,1.0,0.0001,0.0,0.0,20.0,26.666666666666664,1.0,0.0001,0.1,NaN,NaN,NaN,NaN,NaN,NaN,NaN,NaN,NaN,NaN,NaN,NaN,NaN
1313,0.8,0.0,0.1,0.0,1.0,0.0001,0.0,0.0,20.0,26.666666666666664,1.0,0.0001,0.1,4.0,0.04076784857165716,NaN,NaN,NaN,NaN,NaN,NaN,NaN,NaN,NaN,NaN,NaN
1314,0.9,0.0,0.1,0.0,1.0,0.0001,0.0,0.0,20.0,26.666666666666664,1.0,0.0001,0.1,0.0,1.6468351127230108e-9,NaN,NaN,NaN,NaN,NaN,NaN,NaN,NaN,NaN,NaN,NaN
1315,1.0,0.0,0.1,0.0,1.0,0.0001,0.0,0.0,20.0,26.666666666666664,1.0,0.0001,0.1,0.0,8.85161643982002e-9,NaN,NaN,NaN,NaN,NaN,NaN,NaN,NaN,NaN,NaN,NaN
1316,1.1,0.0,0.1,0.0,1.0,0.0001,0.0,0.0,20.0,26.666666666666664,1.0,0.0001,0.1,0.0,9.280030721647847e-8,NaN,NaN,NaN,NaN,NaN,NaN,NaN,NaN,NaN,NaN,NaN
1317,1.2,0.0,0.1,0.0,1.0,0.0001,0.0,0.0,20.0,26.666666666666664,1.0,0.0001,0.1,0.0,4.4351633476935604e-11,NaN,NaN,NaN,NaN,NaN,NaN,NaN,NaN,NaN,NaN,NaN
1318,1.3,0.0,0.1,0.0,1.0,0.0001,0.0,0.0,20.0,26.666666666666664,1.0,0.0001,0.1,0.0,5.88418203051333e-14,NaN,NaN,NaN,NaN,NaN,NaN,NaN,NaN,NaN,NaN,NaN
1319,1.4,0.0,0.1,0.0,1.0,0.0001,0.0,0.0,20.0,26.666666666666664,1.0,0.0001,0.1,0.0,2.6645352591003757e-15,NaN,NaN,NaN,NaN,NaN,NaN,NaN,NaN,NaN,NaN,NaN
1320,1.5,0.0,0.1,0.0,1.0,0.0001,0.0,0.0,20.0,26.666666666666664,1.0,0.0001,0.1,NaN,NaN,NaN,NaN,NaN,NaN,NaN,NaN,NaN,NaN,NaN,NaN,NaN
1321,0.4,0.0,0.1,0.0,1.0,0.0001,0.0,0.0,22.0,29.333333333333332,1.0,0.0001,0.1,NaN,NaN,NaN,NaN,NaN,NaN,NaN,NaN,NaN,NaN,NaN,NaN,NaN
1322,0.5,0.0,0.1,0.0,1.0,0.0001,0.0,0.0,22.0,29.333333333333332,1.0,0.0001,0.1,NaN,NaN,NaN,NaN,NaN,NaN,NaN,NaN,NaN,NaN,NaN,NaN,NaN
1323,0.6,0.0,0.1,0.0,1.0,0.0001,0.0,0.0,22.0,29.333333333333332,1.0,0.0001,0.1,NaN,NaN,NaN,NaN,NaN,NaN,NaN,NaN,NaN,NaN,NaN,NaN,NaN
1324,0.7,0.0,0.1,0.0,1.0,0.0001,0.0,0.0,22.0,29.333333333333332,1.0,0.0001,0.1,NaN,NaN,NaN,NaN,NaN,NaN,NaN,NaN,NaN,NaN,NaN,NaN,NaN
1325,0.8,0.0,0.1,0.0,1.0,0.0001,0.0,0.0,22.0,29.333333333333332,1.0,0.0001,0.1,2.0,0.037217312481335196,NaN,NaN,NaN,NaN,NaN,NaN,NaN,NaN,NaN,NaN,NaN
1326,0.9,0.0,0.1,0.0,1.0,0.0001,0.0,0.0,22.0,29.333333333333332,1.0,0.0001,0.1,2.0,0.01189676023335351,NaN,NaN,NaN,NaN,NaN,NaN,NaN,NaN,NaN,NaN,NaN
1327,1.0,0.0,0.1,0.0,1.0,0.0001,0.0,0.0,22.0,29.333333333333332,1.0,0.0001,0.1,0.0,2.248540031946078e-8,NaN,NaN,NaN,NaN,NaN,NaN,NaN,NaN,NaN,NaN,NaN
1328,1.1,0.0,0.1,0.0,1.0,0.0001,0.0,0.0,22.0,29.333333333333332,1.0,0.0001,0.1,2.0,0.005290334780476691,NaN,NaN,NaN,NaN,NaN,NaN,NaN,NaN,NaN,NaN,NaN
1329,1.2,0.0,0.1,0.0,1.0,0.0001,0.0,0.0,22.0,29.333333333333332,1.0,0.0001,0.1,0.0,1.5364292282882275e-8,NaN,NaN,NaN,NaN,NaN,NaN,NaN,NaN,NaN,NaN,NaN
1330,1.3,0.0,0.1,0.0,1.0,0.0001,0.0,0.0,22.0,29.333333333333332,1.0,0.0001,0.1,0.0,1.1324274851176597e-14,NaN,NaN,NaN,NaN,NaN,NaN,NaN,NaN,NaN,NaN,NaN
1331,1.4,0.0,0.1,0.0,1.0,0.0001,0.0,0.0,22.0,29.333333333333332,1.0,0.0001,0.1,0.0,3.3306690738754696e-15,NaN,NaN,NaN,NaN,NaN,NaN,NaN,NaN,NaN,NaN,NaN
1332,1.5,0.0,0.1,0.0,1.0,0.0001,0.0,0.0,22.0,29.333333333333332,1.0,0.0001,0.1,NaN,NaN,NaN,NaN,NaN,NaN,NaN,NaN,NaN,NaN,NaN,NaN,NaN
1333,0.4,0.0,0.1,0.0,1.0,0.0001,0.0,0.0,24.0,32.0,1.0,0.0001,0.1,NaN,NaN,NaN,NaN,NaN,NaN,NaN,NaN,NaN,NaN,NaN,NaN,NaN
1334,0.5,0.0,0.1,0.0,1.0,0.0001,0.0,0.0,24.0,32.0,1.0,0.0001,0.1,NaN,NaN,NaN,NaN,NaN,NaN,NaN,NaN,NaN,NaN,NaN,NaN,NaN
1335,0.6,0.0,0.1,0.0,1.0,0.0001,0.0,0.0,24.0,32.0,1.0,0.0001,0.1,NaN,NaN,NaN,NaN,NaN,NaN,NaN,NaN,NaN,NaN,NaN,NaN,NaN
1336,0.7,0.0,0.1,0.0,1.0,0.0001,0.0,0.0,24.0,32.0,1.0,0.0001,0.1,NaN,NaN,NaN,NaN,NaN,NaN,NaN,NaN,NaN,NaN,NaN,NaN,NaN
1337,0.8,0.0,0.1,0.0,1.0,0.0001,0.0,0.0,24.0,32.0,1.0,0.0001,0.1,6.0,0.03406009571126767,NaN,NaN,NaN,NaN,NaN,NaN,NaN,NaN,NaN,NaN,NaN
1338,0.9,0.0,0.1,0.0,1.0,0.0001,0.0,0.0,24.0,32.0,1.0,0.0001,0.1,2.0,0.010972413098644607,NaN,NaN,NaN,NaN,NaN,NaN,NaN,NaN,NaN,NaN,NaN
1339,1.0,0.0,0.1,0.0,1.0,0.0001,0.0,0.0,24.0,32.0,1.0,0.0001,0.1,4.0,0.00675976680151813,NaN,NaN,NaN,NaN,NaN,NaN,NaN,NaN,NaN,NaN,NaN
1340,1.1,0.0,0.1,0.0,1.0,0.0001,0.0,0.0,24.0,32.0,1.0,0.0001,0.1,0.0,6.627508986056796e-9,NaN,NaN,NaN,NaN,NaN,NaN,NaN,NaN,NaN,NaN,NaN
1341,1.2,0.0,0.1,0.0,1.0,0.0001,0.0,0.0,24.0,32.0,1.0,0.0001,0.1,0.0,3.7349767723071636e-10,NaN,NaN,NaN,NaN,NaN,NaN,NaN,NaN,NaN,NaN,NaN
1342,1.3,0.0,0.1,0.0,1.0,0.0001,0.0,0.0,24.0,32.0,1.0,0.0001,0.1,0.0,2.119987074777896e-9,NaN,NaN,NaN,NaN,NaN,NaN,NaN,NaN,NaN,NaN,NaN
1343,1.4,0.0,0.1,0.0,1.0,0.0001,0.0,0.0,24.0,32.0,1.0,0.0001,0.1,NaN,NaN,NaN,NaN,NaN,NaN,NaN,NaN,NaN,NaN,NaN,NaN,NaN
1344,1.5,0.0,0.1,0.0,1.0,0.0001,0.0,0.0,24.0,32.0,1.0,0.0001,0.1,NaN,NaN,NaN,NaN,NaN,NaN,NaN,NaN,NaN,NaN,NaN,NaN,NaN
1345,0.4,0.0,0.1,0.0,1.0,0.0001,0.0,0.0,0.0,1.3333333333333333,1.0,0.0001,0.01,32.0,0.10563143494874616,9.908258656325783,0.4237979941124024,0.5681107679138699,0.3876004718639503,0.5581045045431539,0.43313596752795586,0.1194082718142721,0.07720586585195463,-0.11483936257370322,-0.08665278276080106,-0.09207776308155058
1346,0.5,0.0,0.1,0.0,1.0,0.0001,0.0,0.0,0.0,1.3333333333333333,1.0,0.0001,0.01,4.0,0.08741382622297517,NaN,NaN,NaN,NaN,NaN,NaN,NaN,NaN,NaN,NaN,NaN
1347,0.6,0.0,0.1,0.0,1.0,0.0001,0.0,0.0,0.0,1.3333333333333333,1.0,0.0001,0.01,2.0,0.07248270613475571,NaN,NaN,NaN,NaN,NaN,NaN,NaN,NaN,NaN,NaN,NaN
1348,0.7,0.0,0.1,0.0,1.0,0.0001,0.0,0.0,0.0,1.3333333333333333,1.0,0.0001,0.01,2.0,0.06214572650776362,NaN,NaN,NaN,NaN,NaN,NaN,NaN,NaN,NaN,NaN,NaN
1349,0.8,0.0,0.1,0.0,1.0,0.0001,0.0,0.0,0.0,1.3333333333333333,1.0,0.0001,0.01,2.0,0.05401282581445943,NaN,NaN,NaN,NaN,NaN,NaN,NaN,NaN,NaN,NaN,NaN
1350,0.9,0.0,0.1,0.0,1.0,0.0001,0.0,0.0,0.0,1.3333333333333333,1.0,0.0001,0.01,0.0,2.5385955559897866e-9,NaN,NaN,NaN,NaN,NaN,NaN,NaN,NaN,NaN,NaN,NaN
1351,1.0,0.0,0.1,0.0,1.0,0.0001,0.0,0.0,0.0,1.3333333333333333,1.0,0.0001,0.01,0.0,7.775795451969714e-9,NaN,NaN,NaN,NaN,NaN,NaN,NaN,NaN,NaN,NaN,NaN
1352,1.1,0.0,0.1,0.0,1.0,0.0001,0.0,0.0,0.0,1.3333333333333333,1.0,0.0001,0.01,0.0,1.0045830833860236e-10,NaN,NaN,NaN,NaN,NaN,NaN,NaN,NaN,NaN,NaN,NaN
1353,1.2,0.0,0.1,0.0,1.0,0.0001,0.0,0.0,0.0,1.3333333333333333,1.0,0.0001,0.01,0.0,3.3215210581971633e-9,NaN,NaN,NaN,NaN,NaN,NaN,NaN,NaN,NaN,NaN,NaN
1354,1.3,0.0,0.1,0.0,1.0,0.0001,0.0,0.0,0.0,1.3333333333333333,1.0,0.0001,0.01,0.0,6.88338275267597e-14,NaN,NaN,NaN,NaN,NaN,NaN,NaN,NaN,NaN,NaN,NaN
1355,1.4,0.0,0.1,0.0,1.0,0.0001,0.0,0.0,0.0,1.3333333333333333,1.0,0.0001,0.01,0.0,3.1885605267234496e-13,NaN,NaN,NaN,NaN,NaN,NaN,NaN,NaN,NaN,NaN,NaN
1356,1.5,0.0,0.1,0.0,1.0,0.0001,0.0,0.0,0.0,1.3333333333333333,1.0,0.0001,0.01,0.0,2.6867397195928788e-14,NaN,NaN,NaN,NaN,NaN,NaN,NaN,NaN,NaN,NaN,NaN
1357,0.4,0.0,0.1,0.0,1.0,0.0001,0.0,0.0,1.0,1.3333333333333333,1.0,0.0001,0.01,0.0,0.24926549831336806,NaN,NaN,NaN,NaN,NaN,NaN,NaN,NaN,NaN,NaN,NaN
1358,0.5,0.0,0.1,0.0,1.0,0.0001,0.0,0.0,1.0,1.3333333333333333,1.0,0.0001,0.01,0.0,0.28653146637237814,NaN,NaN,NaN,NaN,NaN,NaN,NaN,NaN,NaN,NaN,NaN
1359,0.6,0.0,0.1,0.0,1.0,0.0001,0.0,0.0,1.0,1.3333333333333333,1.0,0.0001,0.01,0.0,0.36031798463252335,NaN,NaN,NaN,NaN,NaN,NaN,NaN,NaN,NaN,NaN,NaN
1360,0.7,0.0,0.1,0.0,1.0,0.0001,0.0,0.0,1.0,1.3333333333333333,1.0,0.0001,0.01,0.0,0.4601818791268947,NaN,NaN,NaN,NaN,NaN,NaN,NaN,NaN,NaN,NaN,NaN
1361,0.8,0.0,0.1,0.0,1.0,0.0001,0.0,0.0,1.0,1.3333333333333333,1.0,0.0001,0.01,0.0,0.5394952919610873,NaN,NaN,NaN,NaN,NaN,NaN,NaN,NaN,NaN,NaN,NaN
1362,0.9,0.0,0.1,0.0,1.0,0.0001,0.0,0.0,1.0,1.3333333333333333,1.0,0.0001,0.01,0.0,0.615177539122935,NaN,NaN,NaN,NaN,NaN,NaN,NaN,NaN,NaN,NaN,NaN
1363,1.0,0.0,0.1,0.0,1.0,0.0001,0.0,0.0,1.0,1.3333333333333333,1.0,0.0001,0.01,0.0,4.5096917355991195e-7,NaN,NaN,NaN,NaN,NaN,NaN,NaN,NaN,NaN,NaN,NaN
1364,1.1,0.0,0.1,0.0,1.0,0.0001,0.0,0.0,1.0,1.3333333333333333,1.0,0.0001,0.01,0.0,1.5742389392059408e-8,NaN,NaN,NaN,NaN,NaN,NaN,NaN,NaN,NaN,NaN,NaN
1365,1.2,0.0,0.1,0.0,1.0,0.0001,0.0,0.0,1.0,1.3333333333333333,1.0,0.0001,0.01,0.0,1.2641221402986957e-11,NaN,NaN,NaN,NaN,NaN,NaN,NaN,NaN,NaN,NaN,NaN
1366,1.3,0.0,0.1,0.0,1.0,0.0001,0.0,0.0,1.0,1.3333333333333333,1.0,0.0001,0.01,4.0,0.06856268157748868,NaN,NaN,NaN,NaN,NaN,NaN,NaN,NaN,NaN,NaN,NaN
1367,1.4,0.0,0.1,0.0,1.0,0.0001,0.0,0.0,1.0,1.3333333333333333,1.0,0.0001,0.01,0.0,3.913838142466375e-10,NaN,NaN,NaN,NaN,NaN,NaN,NaN,NaN,NaN,NaN,NaN
1368,1.5,0.0,0.1,0.0,1.0,0.0001,0.0,0.0,1.0,1.3333333333333333,1.0,0.0001,0.01,0.0,1.6431300764452317e-13,NaN,NaN,NaN,NaN,NaN,NaN,NaN,NaN,NaN,NaN,NaN
1369,0.4,0.0,0.1,0.0,1.0,0.0001,0.0,0.0,2.0,2.6666666666666665,1.0,0.0001,0.01,0.0,0.26310477931247533,NaN,NaN,NaN,NaN,NaN,NaN,NaN,NaN,NaN,NaN,NaN
1370,0.5,0.0,0.1,0.0,1.0,0.0001,0.0,0.0,2.0,2.6666666666666665,1.0,0.0001,0.01,0.0,0.3304061250399693,NaN,NaN,NaN,NaN,NaN,NaN,NaN,NaN,NaN,NaN,NaN
1371,0.6,0.0,0.1,0.0,1.0,0.0001,0.0,0.0,2.0,2.6666666666666665,1.0,0.0001,0.01,0.0,0.4156543900566949,NaN,NaN,NaN,NaN,NaN,NaN,NaN,NaN,NaN,NaN,NaN
1372,0.7,0.0,0.1,0.0,1.0,0.0001,0.0,0.0,2.0,2.6666666666666665,1.0,0.0001,0.01,0.0,0.5069058814968854,NaN,NaN,NaN,NaN,NaN,NaN,NaN,NaN,NaN,NaN,NaN
1373,0.8,0.0,0.1,0.0,1.0,0.0001,0.0,0.0,2.0,2.6666666666666665,1.0,0.0001,0.01,0.0,0.5756573462687857,NaN,NaN,NaN,NaN,NaN,NaN,NaN,NaN,NaN,NaN,NaN
1374,0.9,0.0,0.1,0.0,1.0,0.0001,0.0,0.0,2.0,2.6666666666666665,1.0,0.0001,0.01,0.0,9.226359820591057e-8,NaN,NaN,NaN,NaN,NaN,NaN,NaN,NaN,NaN,NaN,NaN
1375,1.0,0.0,0.1,0.0,1.0,0.0001,0.0,0.0,2.0,2.6666666666666665,1.0,0.0001,0.01,0.0,8.33059127236524e-8,NaN,NaN,NaN,NaN,NaN,NaN,NaN,NaN,NaN,NaN,NaN
1376,1.1,0.0,0.1,0.0,1.0,0.0001,0.0,0.0,2.0,2.6666666666666665,1.0,0.0001,0.01,0.0,3.912918115744901e-6,NaN,NaN,NaN,NaN,NaN,NaN,NaN,NaN,NaN,NaN,NaN
1377,1.2,0.0,0.1,0.0,1.0,0.0001,0.0,0.0,2.0,2.6666666666666665,1.0,0.0001,0.01,0.0,7.061901434735063e-7,NaN,NaN,NaN,NaN,NaN,NaN,NaN,NaN,NaN,NaN,NaN
1378,1.3,0.0,0.1,0.0,1.0,0.0001,0.0,0.0,2.0,2.6666666666666665,1.0,0.0001,0.01,0.0,5.0346615765306524e-11,NaN,NaN,NaN,NaN,NaN,NaN,NaN,NaN,NaN,NaN,NaN
1379,1.4,0.0,0.1,0.0,1.0,0.0001,0.0,0.0,2.0,2.6666666666666665,1.0,0.0001,0.01,0.0,9.658940314238862e-13,NaN,NaN,NaN,NaN,NaN,NaN,NaN,NaN,NaN,NaN,NaN
1380,1.5,0.0,0.1,0.0,1.0,0.0001,0.0,0.0,2.0,2.6666666666666665,1.0,0.0001,0.01,0.0,3.6637359812630166e-14,NaN,NaN,NaN,NaN,NaN,NaN,NaN,NaN,NaN,NaN,NaN
1381,0.4,0.0,0.1,0.0,1.0,0.0001,0.0,0.0,4.0,5.333333333333333,1.0,0.0001,0.01,0.0,0.32311988023277827,NaN,NaN,NaN,NaN,NaN,NaN,NaN,NaN,NaN,NaN,NaN
1382,0.5,0.0,0.1,0.0,1.0,0.0001,0.0,0.0,4.0,5.333333333333333,1.0,0.0001,0.01,0.0,0.4177689665653986,NaN,NaN,NaN,NaN,NaN,NaN,NaN,NaN,NaN,NaN,NaN
1383,0.6,0.0,0.1,0.0,1.0,0.0001,0.0,0.0,4.0,5.333333333333333,1.0,0.0001,0.01,0.0,0.46461469989811055,NaN,NaN,NaN,NaN,NaN,NaN,NaN,NaN,NaN,NaN,NaN
1384,0.7,0.0,0.1,0.0,1.0,0.0001,0.0,0.0,4.0,5.333333333333333,1.0,0.0001,0.01,0.0,0.5690871080504164,NaN,NaN,NaN,NaN,NaN,NaN,NaN,NaN,NaN,NaN,NaN
1385,0.8,0.0,0.1,0.0,1.0,0.0001,0.0,0.0,4.0,5.333333333333333,1.0,0.0001,0.01,0.0,0.6385928379496721,NaN,NaN,NaN,NaN,NaN,NaN,NaN,NaN,NaN,NaN,NaN
1386,0.9,0.0,0.1,0.0,1.0,0.0001,0.0,0.0,4.0,5.333333333333333,1.0,0.0001,0.01,0.0,2.2551110779867045e-6,NaN,NaN,NaN,NaN,NaN,NaN,NaN,NaN,NaN,NaN,NaN
1387,1.0,0.0,0.1,0.0,1.0,0.0001,0.0,0.0,4.0,5.333333333333333,1.0,0.0001,0.01,0.0,8.471744528115721e-9,NaN,NaN,NaN,NaN,NaN,NaN,NaN,NaN,NaN,NaN,NaN
1388,1.1,0.0,0.1,0.0,1.0,0.0001,0.0,0.0,4.0,5.333333333333333,1.0,0.0001,0.01,0.0,1.1478196171310628e-9,NaN,NaN,NaN,NaN,NaN,NaN,NaN,NaN,NaN,NaN,NaN
1389,1.2,0.0,0.1,0.0,1.0,0.0001,0.0,0.0,4.0,5.333333333333333,1.0,0.0001,0.01,0.0,1.8389068046076318e-11,NaN,NaN,NaN,NaN,NaN,NaN,NaN,NaN,NaN,NaN,NaN
1390,1.3,0.0,0.1,0.0,1.0,0.0001,0.0,0.0,4.0,5.333333333333333,1.0,0.0001,0.01,0.0,6.999090196302404e-11,NaN,NaN,NaN,NaN,NaN,NaN,NaN,NaN,NaN,NaN,NaN
1391,1.4,0.0,0.1,0.0,1.0,0.0001,0.0,0.0,4.0,5.333333333333333,1.0,0.0001,0.01,0.0,1.4210854715202004e-14,NaN,NaN,NaN,NaN,NaN,NaN,NaN,NaN,NaN,NaN,NaN
1392,1.5,0.0,0.1,0.0,1.0,0.0001,0.0,0.0,4.0,5.333333333333333,1.0,0.0001,0.01,0.0,1.2656542480726785e-14,NaN,NaN,NaN,NaN,NaN,NaN,NaN,NaN,NaN,NaN,NaN
1393,0.4,0.0,0.1,0.0,1.0,0.0001,0.0,0.0,6.0,8.0,1.0,0.0001,0.01,0.0,0.4016280646558055,NaN,NaN,NaN,NaN,NaN,NaN,NaN,NaN,NaN,NaN,NaN
1394,0.5,0.0,0.1,0.0,1.0,0.0001,0.0,0.0,6.0,8.0,1.0,0.0001,0.01,0.0,0.49678213814262445,NaN,NaN,NaN,NaN,NaN,NaN,NaN,NaN,NaN,NaN,NaN
1395,0.6,0.0,0.1,0.0,1.0,0.0001,0.0,0.0,6.0,8.0,1.0,0.0001,0.01,0.0,0.5595042705054646,NaN,NaN,NaN,NaN,NaN,NaN,NaN,NaN,NaN,NaN,NaN
1396,0.7,0.0,0.1,0.0,1.0,0.0001,0.0,0.0,6.0,8.0,1.0,0.0001,0.01,0.0,0.6568875465416414,NaN,NaN,NaN,NaN,NaN,NaN,NaN,NaN,NaN,NaN,NaN
1397,0.8,0.0,0.1,0.0,1.0,0.0001,0.0,0.0,6.0,8.0,1.0,0.0001,0.01,NaN,NaN,NaN,NaN,NaN,NaN,NaN,NaN,NaN,NaN,NaN,NaN,NaN
1398,0.9,0.0,0.1,0.0,1.0,0.0001,0.0,0.0,6.0,8.0,1.0,0.0001,0.01,2.0,0.04196482472180063,NaN,NaN,NaN,NaN,NaN,NaN,NaN,NaN,NaN,NaN,NaN
1399,1.0,0.0,0.1,0.0,1.0,0.0001,0.0,0.0,6.0,8.0,1.0,0.0001,0.01,2.0,0.025734930656108324,NaN,NaN,NaN,NaN,NaN,NaN,NaN,NaN,NaN,NaN,NaN
1400,1.1,0.0,0.1,0.0,1.0,0.0001,0.0,0.0,6.0,8.0,1.0,0.0001,0.01,0.0,4.029374993663737e-7,NaN,NaN,NaN,NaN,NaN,NaN,NaN,NaN,NaN,NaN,NaN
1401,1.2,0.0,0.1,0.0,1.0,0.0001,0.0,0.0,6.0,8.0,1.0,0.0001,0.01,0.0,1.6559259319315345e-7,NaN,NaN,NaN,NaN,NaN,NaN,NaN,NaN,NaN,NaN,NaN
1402,1.3,0.0,0.1,0.0,1.0,0.0001,0.0,0.0,6.0,8.0,1.0,0.0001,0.01,0.0,1.5110801498963156e-11,NaN,NaN,NaN,NaN,NaN,NaN,NaN,NaN,NaN,NaN,NaN
1403,1.4,0.0,0.1,0.0,1.0,0.0001,0.0,0.0,6.0,8.0,1.0,0.0001,0.01,0.0,2.6645352591003757e-15,NaN,NaN,NaN,NaN,NaN,NaN,NaN,NaN,NaN,NaN,NaN
1404,1.5,0.0,0.1,0.0,1.0,0.0001,0.0,0.0,6.0,8.0,1.0,0.0001,0.01,0.0,4.181902379940539e-9,NaN,NaN,NaN,NaN,NaN,NaN,NaN,NaN,NaN,NaN,NaN
1405,0.4,0.0,0.1,0.0,1.0,0.0001,0.0,0.0,8.0,10.666666666666666,1.0,0.0001,0.01,0.0,0.547197265120346,NaN,NaN,NaN,NaN,NaN,NaN,NaN,NaN,NaN,NaN,NaN
1406,0.5,0.0,0.1,0.0,1.0,0.0001,0.0,0.0,8.0,10.666666666666666,1.0,0.0001,0.01,0.0,0.5926413686093726,NaN,NaN,NaN,NaN,NaN,NaN,NaN,NaN,NaN,NaN,NaN
1407,0.6,0.0,0.1,0.0,1.0,0.0001,0.0,0.0,8.0,10.666666666666666,1.0,0.0001,0.01,0.0,0.6946299344008071,NaN,NaN,NaN,NaN,NaN,NaN,NaN,NaN,NaN,NaN,NaN
1408,0.7,0.0,0.1,0.0,1.0,0.0001,0.0,0.0,8.0,10.666666666666666,1.0,0.0001,0.01,0.0,0.6682169681226133,NaN,NaN,NaN,NaN,NaN,NaN,NaN,NaN,NaN,NaN,NaN
1409,0.8,0.0,0.1,0.0,1.0,0.0001,0.0,0.0,8.0,10.666666666666666,1.0,0.0001,0.01,NaN,NaN,NaN,NaN,NaN,NaN,NaN,NaN,NaN,NaN,NaN,NaN,NaN
1410,0.9,0.0,0.1,0.0,1.0,0.0001,0.0,0.0,8.0,10.666666666666666,1.0,0.0001,0.01,0.0,2.6190797308700553e-9,NaN,NaN,NaN,NaN,NaN,NaN,NaN,NaN,NaN,NaN,NaN
1411,1.0,0.0,0.1,0.0,1.0,0.0001,0.0,0.0,8.0,10.666666666666666,1.0,0.0001,0.01,0.0,1.5862877678074483e-10,NaN,NaN,NaN,NaN,NaN,NaN,NaN,NaN,NaN,NaN,NaN
1412,1.1,0.0,0.1,0.0,1.0,0.0001,0.0,0.0,8.0,10.666666666666666,1.0,0.0001,0.01,0.0,6.182252487718642e-10,NaN,NaN,NaN,NaN,NaN,NaN,NaN,NaN,NaN,NaN,NaN
1413,1.2,0.0,0.1,0.0,1.0,0.0001,0.0,0.0,8.0,10.666666666666666,1.0,0.0001,0.01,0.0,4.0611602969420346e-10,NaN,NaN,NaN,NaN,NaN,NaN,NaN,NaN,NaN,NaN,NaN
1414,1.3,0.0,0.1,0.0,1.0,0.0001,0.0,0.0,8.0,10.666666666666666,1.0,0.0001,0.01,0.0,7.930469170247534e-9,NaN,NaN,NaN,NaN,NaN,NaN,NaN,NaN,NaN,NaN,NaN
1415,1.4,0.0,0.1,0.0,1.0,0.0001,0.0,0.0,8.0,10.666666666666666,1.0,0.0001,0.01,0.0,6.04367667023098e-11,NaN,NaN,NaN,NaN,NaN,NaN,NaN,NaN,NaN,NaN,NaN
1416,1.5,0.0,0.1,0.0,1.0,0.0001,0.0,0.0,8.0,10.666666666666666,1.0,0.0001,0.01,0.0,2.6645352591003757e-14,NaN,NaN,NaN,NaN,NaN,NaN,NaN,NaN,NaN,NaN,NaN
1417,0.4,0.0,0.1,0.0,1.0,0.0001,0.0,0.0,10.0,13.333333333333332,1.0,0.0001,0.01,NaN,NaN,NaN,NaN,NaN,NaN,NaN,NaN,NaN,NaN,NaN,NaN,NaN
1418,0.5,0.0,0.1,0.0,1.0,0.0001,0.0,0.0,10.0,13.333333333333332,1.0,0.0001,0.01,26.0,0.6697236007147096,73.91388129729401,0.5712770038875912,0.4591867110069375,0.4793859192872992,0.5787721096091367,0.5762756513968806,0.09201315561488095,-0.11162643095132078,-0.09829449472072925,0.02004517799242956,-0.005741869227337773
1419,0.6,0.0,0.1,0.0,1.0,0.0001,0.0,0.0,10.0,13.333333333333332,1.0,0.0001,0.01,0.0,0.6825346939795888,NaN,NaN,NaN,NaN,NaN,NaN,NaN,NaN,NaN,NaN,NaN
1420,0.7,0.0,0.1,0.0,1.0,0.0001,0.0,0.0,10.0,13.333333333333332,1.0,0.0001,0.01,0.0,0.7651246881499548,NaN,NaN,NaN,NaN,NaN,NaN,NaN,NaN,NaN,NaN,NaN
1421,0.8,0.0,0.1,0.0,1.0,0.0001,0.0,0.0,10.0,13.333333333333332,1.0,0.0001,0.01,NaN,NaN,NaN,NaN,NaN,NaN,NaN,NaN,NaN,NaN,NaN,NaN,NaN
1422,0.9,0.0,0.1,0.0,1.0,0.0001,0.0,0.0,10.0,13.333333333333332,1.0,0.0001,0.01,2.0,0.025927710947141858,NaN,NaN,NaN,NaN,NaN,NaN,NaN,NaN,NaN,NaN,NaN
1423,1.0,0.0,0.1,0.0,1.0,0.0001,0.0,0.0,10.0,13.333333333333332,1.0,0.0001,0.01,0.0,5.622108101288603e-8,NaN,NaN,NaN,NaN,NaN,NaN,NaN,NaN,NaN,NaN,NaN
1424,1.1,0.0,0.1,0.0,1.0,0.0001,0.0,0.0,10.0,13.333333333333332,1.0,0.0001,0.01,4.0,0.011570724736805982,NaN,NaN,NaN,NaN,NaN,NaN,NaN,NaN,NaN,NaN,NaN
1425,1.2,0.0,0.1,0.0,1.0,0.0001,0.0,0.0,10.0,13.333333333333332,1.0,0.0001,0.01,0.0,7.313349925652801e-11,NaN,NaN,NaN,NaN,NaN,NaN,NaN,NaN,NaN,NaN,NaN
1426,1.3,0.0,0.1,0.0,1.0,0.0001,0.0,0.0,10.0,13.333333333333332,1.0,0.0001,0.01,0.0,4.3364867252648764e-11,NaN,NaN,NaN,NaN,NaN,NaN,NaN,NaN,NaN,NaN,NaN
1427,1.4,0.0,0.1,0.0,1.0,0.0001,0.0,0.0,10.0,13.333333333333332,1.0,0.0001,0.01,0.0,8.126044281908662e-10,NaN,NaN,NaN,NaN,NaN,NaN,NaN,NaN,NaN,NaN,NaN
1428,1.5,0.0,0.1,0.0,1.0,0.0001,0.0,0.0,10.0,13.333333333333332,1.0,0.0001,0.01,0.0,6.661338147750939e-16,NaN,NaN,NaN,NaN,NaN,NaN,NaN,NaN,NaN,NaN,NaN
1429,0.4,0.0,0.1,0.0,1.0,0.0001,0.0,0.0,12.0,16.0,1.0,0.0001,0.01,NaN,NaN,NaN,NaN,NaN,NaN,NaN,NaN,NaN,NaN,NaN,NaN,NaN
1430,0.5,0.0,0.1,0.0,1.0,0.0001,0.0,0.0,12.0,16.0,1.0,0.0001,0.01,NaN,NaN,NaN,NaN,NaN,NaN,NaN,NaN,NaN,NaN,NaN,NaN,NaN
1431,0.6,0.0,0.1,0.0,1.0,0.0001,0.0,0.0,12.0,16.0,1.0,0.0001,0.01,NaN,NaN,NaN,NaN,NaN,NaN,NaN,NaN,NaN,NaN,NaN,NaN,NaN
1432,0.7,0.0,0.1,0.0,1.0,0.0001,0.0,0.0,12.0,16.0,1.0,0.0001,0.01,NaN,NaN,NaN,NaN,NaN,NaN,NaN,NaN,NaN,NaN,NaN,NaN,NaN
1433,0.8,0.0,0.1,0.0,1.0,0.0001,0.0,0.0,12.0,16.0,1.0,0.0001,0.01,NaN,NaN,NaN,NaN,NaN,NaN,NaN,NaN,NaN,NaN,NaN,NaN,NaN
1434,0.9,0.0,0.1,0.0,1.0,0.0001,0.0,0.0,12.0,16.0,1.0,0.0001,0.01,0.0,2.2727452808624093e-8,NaN,NaN,NaN,NaN,NaN,NaN,NaN,NaN,NaN,NaN,NaN
1435,1.0,0.0,0.1,0.0,1.0,0.0001,0.0,0.0,12.0,16.0,1.0,0.0001,0.01,2.0,0.013332773375823281,NaN,NaN,NaN,NaN,NaN,NaN,NaN,NaN,NaN,NaN,NaN
1436,1.1,0.0,0.1,0.0,1.0,0.0001,0.0,0.0,12.0,16.0,1.0,0.0001,0.01,0.0,3.8860736628620884e-8,NaN,NaN,NaN,NaN,NaN,NaN,NaN,NaN,NaN,NaN,NaN
1437,1.2,0.0,0.1,0.0,1.0,0.0001,0.0,0.0,12.0,16.0,1.0,0.0001,0.01,0.0,1.5982770662503754e-12,NaN,NaN,NaN,NaN,NaN,NaN,NaN,NaN,NaN,NaN,NaN
1438,1.3,0.0,0.1,0.0,1.0,0.0001,0.0,0.0,12.0,16.0,1.0,0.0001,0.01,0.0,3.538369597322344e-11,NaN,NaN,NaN,NaN,NaN,NaN,NaN,NaN,NaN,NaN,NaN
1439,1.4,0.0,0.1,0.0,1.0,0.0001,0.0,0.0,12.0,16.0,1.0,0.0001,0.01,0.0,1.5765166949677223e-13,NaN,NaN,NaN,NaN,NaN,NaN,NaN,NaN,NaN,NaN,NaN
1440,1.5,0.0,0.1,0.0,1.0,0.0001,0.0,0.0,12.0,16.0,1.0,0.0001,0.01,0.0,2.3070434451710753e-13,NaN,NaN,NaN,NaN,NaN,NaN,NaN,NaN,NaN,NaN,NaN
1441,0.4,0.0,0.1,0.0,1.0,0.0001,0.0,0.0,14.0,18.666666666666664,1.0,0.0001,0.01,NaN,NaN,NaN,NaN,NaN,NaN,NaN,NaN,NaN,NaN,NaN,NaN,NaN
1442,0.5,0.0,0.1,0.0,1.0,0.0001,0.0,0.0,14.0,18.666666666666664,1.0,0.0001,0.01,NaN,NaN,NaN,NaN,NaN,NaN,NaN,NaN,NaN,NaN,NaN,NaN,NaN
1443,0.6,0.0,0.1,0.0,1.0,0.0001,0.0,0.0,14.0,18.666666666666664,1.0,0.0001,0.01,NaN,NaN,NaN,NaN,NaN,NaN,NaN,NaN,NaN,NaN,NaN,NaN,NaN
1444,0.7,0.0,0.1,0.0,1.0,0.0001,0.0,0.0,14.0,18.666666666666664,1.0,0.0001,0.01,NaN,NaN,NaN,NaN,NaN,NaN,NaN,NaN,NaN,NaN,NaN,NaN,NaN
1445,0.8,0.0,0.1,0.0,1.0,0.0001,0.0,0.0,14.0,18.666666666666664,1.0,0.0001,0.01,NaN,NaN,NaN,NaN,NaN,NaN,NaN,NaN,NaN,NaN,NaN,NaN,NaN
1446,0.9,0.0,0.1,0.0,1.0,0.0001,0.0,0.0,14.0,18.666666666666664,1.0,0.0001,0.01,0.0,1.2182837960672543e-8,NaN,NaN,NaN,NaN,NaN,NaN,NaN,NaN,NaN,NaN,NaN
1447,1.0,0.0,0.1,0.0,1.0,0.0001,0.0,0.0,14.0,18.666666666666664,1.0,0.0001,0.01,0.0,6.488161119477809e-10,NaN,NaN,NaN,NaN,NaN,NaN,NaN,NaN,NaN,NaN,NaN
1448,1.1,0.0,0.1,0.0,1.0,0.0001,0.0,0.0,14.0,18.666666666666664,1.0,0.0001,0.01,2.0,0.008246117102050698,NaN,NaN,NaN,NaN,NaN,NaN,NaN,NaN,NaN,NaN,NaN
1449,1.2,0.0,0.1,0.0,1.0,0.0001,0.0,0.0,14.0,18.666666666666664,1.0,0.0001,0.01,4.0,0.006497347576091661,NaN,NaN,NaN,NaN,NaN,NaN,NaN,NaN,NaN,NaN,NaN
1450,1.3,0.0,0.1,0.0,1.0,0.0001,0.0,0.0,14.0,18.666666666666664,1.0,0.0001,0.01,0.0,2.566835632933362e-13,NaN,NaN,NaN,NaN,NaN,NaN,NaN,NaN,NaN,NaN,NaN
1451,1.4,0.0,0.1,0.0,1.0,0.0001,0.0,0.0,14.0,18.666666666666664,1.0,0.0001,0.01,0.0,5.129230373768223e-13,NaN,NaN,NaN,NaN,NaN,NaN,NaN,NaN,NaN,NaN,NaN
1452,1.5,0.0,0.1,0.0,1.0,0.0001,0.0,0.0,14.0,18.666666666666664,1.0,0.0001,0.01,NaN,NaN,NaN,NaN,NaN,NaN,NaN,NaN,NaN,NaN,NaN,NaN,NaN
1453,0.4,0.0,0.1,0.0,1.0,0.0001,0.0,0.0,16.0,21.333333333333332,1.0,0.0001,0.01,NaN,NaN,NaN,NaN,NaN,NaN,NaN,NaN,NaN,NaN,NaN,NaN,NaN
1454,0.5,0.0,0.1,0.0,1.0,0.0001,0.0,0.0,16.0,21.333333333333332,1.0,0.0001,0.01,NaN,NaN,NaN,NaN,NaN,NaN,NaN,NaN,NaN,NaN,NaN,NaN,NaN
1455,0.6,0.0,0.1,0.0,1.0,0.0001,0.0,0.0,16.0,21.333333333333332,1.0,0.0001,0.01,NaN,NaN,NaN,NaN,NaN,NaN,NaN,NaN,NaN,NaN,NaN,NaN,NaN
1456,0.7,0.0,0.1,0.0,1.0,0.0001,0.0,0.0,16.0,21.333333333333332,1.0,0.0001,0.01,NaN,NaN,NaN,NaN,NaN,NaN,NaN,NaN,NaN,NaN,NaN,NaN,NaN
1457,0.8,0.0,0.1,0.0,1.0,0.0001,0.0,0.0,16.0,21.333333333333332,1.0,0.0001,0.01,0.0,2.0927091672895415e-6,NaN,NaN,NaN,NaN,NaN,NaN,NaN,NaN,NaN,NaN,NaN
1458,0.9,0.0,0.1,0.0,1.0,0.0001,0.0,0.0,16.0,21.333333333333332,1.0,0.0001,0.01,0.0,5.627098498717231e-6,NaN,NaN,NaN,NaN,NaN,NaN,NaN,NaN,NaN,NaN,NaN
1459,1.0,0.0,0.1,0.0,1.0,0.0001,0.0,0.0,16.0,21.333333333333332,1.0,0.0001,0.01,4.0,0.010106140380019113,NaN,NaN,NaN,NaN,NaN,NaN,NaN,NaN,NaN,NaN,NaN
1460,1.1,0.0,0.1,0.0,1.0,0.0001,0.0,0.0,16.0,21.333333333333332,1.0,0.0001,0.01,0.0,7.232758836295261e-10,NaN,NaN,NaN,NaN,NaN,NaN,NaN,NaN,NaN,NaN,NaN
1461,1.2,0.0,0.1,0.0,1.0,0.0001,0.0,0.0,16.0,21.333333333333332,1.0,0.0001,0.01,0.0,1.1149081657890747e-11,NaN,NaN,NaN,NaN,NaN,NaN,NaN,NaN,NaN,NaN,NaN
1462,1.3,0.0,0.1,0.0,1.0,0.0001,0.0,0.0,16.0,21.333333333333332,1.0,0.0001,0.01,0.0,4.707345624410664e-14,NaN,NaN,NaN,NaN,NaN,NaN,NaN,NaN,NaN,NaN,NaN
1463,1.4,0.0,0.1,0.0,1.0,0.0001,0.0,0.0,16.0,21.333333333333332,1.0,0.0001,0.01,0.0,4.218847493575595e-15,NaN,NaN,NaN,NaN,NaN,NaN,NaN,NaN,NaN,NaN,NaN
1464,1.5,0.0,0.1,0.0,1.0,0.0001,0.0,0.0,16.0,21.333333333333332,1.0,0.0001,0.01,NaN,NaN,NaN,NaN,NaN,NaN,NaN,NaN,NaN,NaN,NaN,NaN,NaN
1465,0.4,0.0,0.1,0.0,1.0,0.0001,0.0,0.0,18.0,24.0,1.0,0.0001,0.01,NaN,NaN,NaN,NaN,NaN,NaN,NaN,NaN,NaN,NaN,NaN,NaN,NaN
1466,0.5,0.0,0.1,0.0,1.0,0.0001,0.0,0.0,18.0,24.0,1.0,0.0001,0.01,NaN,NaN,NaN,NaN,NaN,NaN,NaN,NaN,NaN,NaN,NaN,NaN,NaN
1467,0.6,0.0,0.1,0.0,1.0,0.0001,0.0,0.0,18.0,24.0,1.0,0.0001,0.01,NaN,NaN,NaN,NaN,NaN,NaN,NaN,NaN,NaN,NaN,NaN,NaN,NaN
1468,0.7,0.0,0.1,0.0,1.0,0.0001,0.0,0.0,18.0,24.0,1.0,0.0001,0.01,NaN,NaN,NaN,NaN,NaN,NaN,NaN,NaN,NaN,NaN,NaN,NaN,NaN
1469,0.8,0.0,0.1,0.0,1.0,0.0001,0.0,0.0,18.0,24.0,1.0,0.0001,0.01,0.0,1.1497146251704393e-6,NaN,NaN,NaN,NaN,NaN,NaN,NaN,NaN,NaN,NaN,NaN
1470,0.9,0.0,0.1,0.0,1.0,0.0001,0.0,0.0,18.0,24.0,1.0,0.0001,0.01,0.0,1.1574636569200436e-6,NaN,NaN,NaN,NaN,NaN,NaN,NaN,NaN,NaN,NaN,NaN
1471,1.0,0.0,0.1,0.0,1.0,0.0001,0.0,0.0,18.0,24.0,1.0,0.0001,0.01,0.0,3.922446811799318e-9,NaN,NaN,NaN,NaN,NaN,NaN,NaN,NaN,NaN,NaN,NaN
1472,1.1,0.0,0.1,0.0,1.0,0.0001,0.0,0.0,18.0,24.0,1.0,0.0001,0.01,0.0,2.4909896367830697e-9,NaN,NaN,NaN,NaN,NaN,NaN,NaN,NaN,NaN,NaN,NaN
1473,1.2,0.0,0.1,0.0,1.0,0.0001,0.0,0.0,18.0,24.0,1.0,0.0001,0.01,0.0,1.4713474882910305e-10,NaN,NaN,NaN,NaN,NaN,NaN,NaN,NaN,NaN,NaN,NaN
1474,1.3,0.0,0.1,0.0,1.0,0.0001,0.0,0.0,18.0,24.0,1.0,0.0001,0.01,0.0,6.510347816401918e-13,NaN,NaN,NaN,NaN,NaN,NaN,NaN,NaN,NaN,NaN,NaN
1475,1.4,0.0,0.1,0.0,1.0,0.0001,0.0,0.0,18.0,24.0,1.0,0.0001,0.01,0.0,6.148415110374117e-13,NaN,NaN,NaN,NaN,NaN,NaN,NaN,NaN,NaN,NaN,NaN
1476,1.5,0.0,0.1,0.0,1.0,0.0001,0.0,0.0,18.0,24.0,1.0,0.0001,0.01,NaN,NaN,NaN,NaN,NaN,NaN,NaN,NaN,NaN,NaN,NaN,NaN,NaN
1477,0.4,0.0,0.1,0.0,1.0,0.0001,0.0,0.0,20.0,26.666666666666664,1.0,0.0001,0.01,NaN,NaN,NaN,NaN,NaN,NaN,NaN,NaN,NaN,NaN,NaN,NaN,NaN
1478,0.5,0.0,0.1,0.0,1.0,0.0001,0.0,0.0,20.0,26.666666666666664,1.0,0.0001,0.01,NaN,NaN,NaN,NaN,NaN,NaN,NaN,NaN,NaN,NaN,NaN,NaN,NaN
1479,0.6,0.0,0.1,0.0,1.0,0.0001,0.0,0.0,20.0,26.666666666666664,1.0,0.0001,0.01,NaN,NaN,NaN,NaN,NaN,NaN,NaN,NaN,NaN,NaN,NaN,NaN,NaN
1480,0.7,0.0,0.1,0.0,1.0,0.0001,0.0,0.0,20.0,26.666666666666664,1.0,0.0001,0.01,NaN,NaN,NaN,NaN,NaN,NaN,NaN,NaN,NaN,NaN,NaN,NaN,NaN
1481,0.8,0.0,0.1,0.0,1.0,0.0001,0.0,0.0,20.0,26.666666666666664,1.0,0.0001,0.01,2.0,0.04966393853126849,NaN,NaN,NaN,NaN,NaN,NaN,NaN,NaN,NaN,NaN,NaN
1482,0.9,0.0,0.1,0.0,1.0,0.0001,0.0,0.0,20.0,26.666666666666664,1.0,0.0001,0.01,4.0,0.013363926523465408,NaN,NaN,NaN,NaN,NaN,NaN,NaN,NaN,NaN,NaN,NaN
1483,1.0,0.0,0.1,0.0,1.0,0.0001,0.0,0.0,20.0,26.666666666666664,1.0,0.0001,0.01,4.0,0.008121464843369175,NaN,NaN,NaN,NaN,NaN,NaN,NaN,NaN,NaN,NaN,NaN
1484,1.1,0.0,0.1,0.0,1.0,0.0001,0.0,0.0,20.0,26.666666666666664,1.0,0.0001,0.01,0.0,1.8278933922033502e-11,NaN,NaN,NaN,NaN,NaN,NaN,NaN,NaN,NaN,NaN,NaN
1485,1.2,0.0,0.1,0.0,1.0,0.0001,0.0,0.0,20.0,26.666666666666664,1.0,0.0001,0.01,2.0,0.004599216729455513,NaN,NaN,NaN,NaN,NaN,NaN,NaN,NaN,NaN,NaN,NaN
1486,1.3,0.0,0.1,0.0,1.0,0.0001,0.0,0.0,20.0,26.666666666666664,1.0,0.0001,0.01,0.0,7.505107646466058e-14,NaN,NaN,NaN,NaN,NaN,NaN,NaN,NaN,NaN,NaN,NaN
1487,1.4,0.0,0.1,0.0,1.0,0.0001,0.0,0.0,20.0,26.666666666666664,1.0,0.0001,0.01,0.0,5.712321726747405e-10,NaN,NaN,NaN,NaN,NaN,NaN,NaN,NaN,NaN,NaN,NaN
1488,1.5,0.0,0.1,0.0,1.0,0.0001,0.0,0.0,20.0,26.666666666666664,1.0,0.0001,0.01,NaN,NaN,NaN,NaN,NaN,NaN,NaN,NaN,NaN,NaN,NaN,NaN,NaN
1489,0.4,0.0,0.1,0.0,1.0,0.0001,0.0,0.0,22.0,29.333333333333332,1.0,0.0001,0.01,NaN,NaN,NaN,NaN,NaN,NaN,NaN,NaN,NaN,NaN,NaN,NaN,NaN
1490,0.5,0.0,0.1,0.0,1.0,0.0001,0.0,0.0,22.0,29.333333333333332,1.0,0.0001,0.01,NaN,NaN,NaN,NaN,NaN,NaN,NaN,NaN,NaN,NaN,NaN,NaN,NaN
1491,0.6,0.0,0.1,0.0,1.0,0.0001,0.0,0.0,22.0,29.333333333333332,1.0,0.0001,0.01,NaN,NaN,NaN,NaN,NaN,NaN,NaN,NaN,NaN,NaN,NaN,NaN,NaN
1492,0.7,0.0,0.1,0.0,1.0,0.0001,0.0,0.0,22.0,29.333333333333332,1.0,0.0001,0.01,NaN,NaN,NaN,NaN,NaN,NaN,NaN,NaN,NaN,NaN,NaN,NaN,NaN
1493,0.8,0.0,0.1,0.0,1.0,0.0001,0.0,0.0,22.0,29.333333333333332,1.0,0.0001,0.01,0.0,1.0557768064245465e-6,NaN,NaN,NaN,NaN,NaN,NaN,NaN,NaN,NaN,NaN,NaN
1494,0.9,0.0,0.1,0.0,1.0,0.0001,0.0,0.0,22.0,29.333333333333332,1.0,0.0001,0.01,2.0,0.012125290842479042,NaN,NaN,NaN,NaN,NaN,NaN,NaN,NaN,NaN,NaN,NaN
1495,1.0,0.0,0.1,0.0,1.0,0.0001,0.0,0.0,22.0,29.333333333333332,1.0,0.0001,0.01,2.0,0.007356184990420234,NaN,NaN,NaN,NaN,NaN,NaN,NaN,NaN,NaN,NaN,NaN
1496,1.1,0.0,0.1,0.0,1.0,0.0001,0.0,0.0,22.0,29.333333333333332,1.0,0.0001,0.01,0.0,3.574622819968454e-10,NaN,NaN,NaN,NaN,NaN,NaN,NaN,NaN,NaN,NaN,NaN
1497,1.2,0.0,0.1,0.0,1.0,0.0001,0.0,0.0,22.0,29.333333333333332,1.0,0.0001,0.01,0.0,7.041027760834595e-10,NaN,NaN,NaN,NaN,NaN,NaN,NaN,NaN,NaN,NaN,NaN
1498,1.3,0.0,0.1,0.0,1.0,0.0001,0.0,0.0,22.0,29.333333333333332,1.0,0.0001,0.01,0.0,3.191891195797325e-12,NaN,NaN,NaN,NaN,NaN,NaN,NaN,NaN,NaN,NaN,NaN
1499,1.4,0.0,0.1,0.0,1.0,0.0001,0.0,0.0,22.0,29.333333333333332,1.0,0.0001,0.01,0.0,1.209765621013048e-11,NaN,NaN,NaN,NaN,NaN,NaN,NaN,NaN,NaN,NaN,NaN
1500,1.5,0.0,0.1,0.0,1.0,0.0001,0.0,0.0,22.0,29.333333333333332,1.0,0.0001,0.01,NaN,NaN,NaN,NaN,NaN,NaN,NaN,NaN,NaN,NaN,NaN,NaN,NaN
1501,0.4,0.0,0.1,0.0,1.0,0.0001,0.0,0.0,24.0,32.0,1.0,0.0001,0.01,NaN,NaN,NaN,NaN,NaN,NaN,NaN,NaN,NaN,NaN,NaN,NaN,NaN
1502,0.5,0.0,0.1,0.0,1.0,0.0001,0.0,0.0,24.0,32.0,1.0,0.0001,0.01,NaN,NaN,NaN,NaN,NaN,NaN,NaN,NaN,NaN,NaN,NaN,NaN,NaN
1503,0.6,0.0,0.1,0.0,1.0,0.0001,0.0,0.0,24.0,32.0,1.0,0.0001,0.01,NaN,NaN,NaN,NaN,NaN,NaN,NaN,NaN,NaN,NaN,NaN,NaN,NaN
1504,0.7,0.0,0.1,0.0,1.0,0.0001,0.0,0.0,24.0,32.0,1.0,0.0001,0.01,NaN,NaN,NaN,NaN,NaN,NaN,NaN,NaN,NaN,NaN,NaN,NaN,NaN
1505,0.8,0.0,0.1,0.0,1.0,0.0001,0.0,0.0,24.0,32.0,1.0,0.0001,0.01,4.0,0.03910283968046069,NaN,NaN,NaN,NaN,NaN,NaN,NaN,NaN,NaN,NaN,NaN
1506,0.9,0.0,0.1,0.0,1.0,0.0001,0.0,0.0,24.0,32.0,1.0,0.0001,0.01,0.0,1.2827214623811756e-8,NaN,NaN,NaN,NaN,NaN,NaN,NaN,NaN,NaN,NaN,NaN
1507,1.0,0.0,0.1,0.0,1.0,0.0001,0.0,0.0,24.0,32.0,1.0,0.0001,0.01,0.0,4.2935918154185515e-9,NaN,NaN,NaN,NaN,NaN,NaN,NaN,NaN,NaN,NaN,NaN
1508,1.1,0.0,0.1,0.0,1.0,0.0001,0.0,0.0,24.0,32.0,1.0,0.0001,0.01,0.0,5.44224576515262e-9,NaN,NaN,NaN,NaN,NaN,NaN,NaN,NaN,NaN,NaN,NaN
1509,1.2,0.0,0.1,0.0,1.0,0.0001,0.0,0.0,24.0,32.0,1.0,0.0001,0.01,0.0,1.248778858098376e-12,NaN,NaN,NaN,NaN,NaN,NaN,NaN,NaN,NaN,NaN,NaN
1510,1.3,0.0,0.1,0.0,1.0,0.0001,0.0,0.0,24.0,32.0,1.0,0.0001,0.01,0.0,3.310685059432217e-12,NaN,NaN,NaN,NaN,NaN,NaN,NaN,NaN,NaN,NaN,NaN
1511,1.4,0.0,0.1,0.0,1.0,0.0001,0.0,0.0,24.0,32.0,1.0,0.0001,0.01,NaN,NaN,NaN,NaN,NaN,NaN,NaN,NaN,NaN,NaN,NaN,NaN,NaN
1512,1.5,0.0,0.1,0.0,1.0,0.0001,0.0,0.0,24.0,32.0,1.0,0.0001,0.01,NaN,NaN,NaN,NaN,NaN,NaN,NaN,NaN,NaN,NaN,NaN,NaN,NaN
1513,0.4,0.0,0.1,0.0,1.0,0.0001,0.0,0.0,0.0,1.3333333333333333,1.0,0.0001,5.0,270.0,0.0020679688487023062,5.311769881021893,0.3182744964853902,0.4363988842757534,0.5939416125293351,0.2711287182354026,0.46626344431583394,-0.03302506892524099,-0.004782655603395176,-0.0009896228478988628,0.0067081392257045324,0.014717409962949474
1514,0.5,0.0,0.1,0.0,1.0,0.0001,0.0,0.0,0.0,1.3333333333333333,1.0,0.0001,5.0,234.0,0.0031054380452546493,6.061012578450909,0.3054508907433196,0.4840432757769227,0.572763243438963,0.28875482828006005,0.43380628117126335,0.14496470580754914,0.08018755729858709,0.08518353896782657,0.019581242121100035,-0.08668612364867236
1515,0.6,0.0,0.1,0.0,1.0,0.0001,0.0,0.0,0.0,1.3333333333333333,1.0,0.0001,5.0,240.0,0.0044328449370895084,6.527043776321662,0.300777766318483,0.47006694898623486,0.612131457545092,0.2670747339722575,0.46127905949025033,-0.04914120368910561,0.030581768590884146,0.2130215119675908,0.0013633430058383083,0.005127758473078737
1516,0.7,0.0,0.1,0.0,1.0,0.0001,0.0,0.0,0.0,1.3333333333333333,1.0,0.0001,5.0,246.0,0.006035906017525794,6.848483594156123,0.3045527942374041,0.401132587613723,0.6715838908743436,0.23936761231478304,0.4730028712184707,0.1435952206067608,0.009930217683353863,0.1421838342704699,-0.02741287881733869,-0.0075384216248156055
1517,0.8,0.0,0.1,0.0,1.0,0.0001,0.0,0.0,0.0,1.3333333333333333,1.0,0.0001,5.0,246.0,0.007854391269744077,7.080524405721199,0.33784812581774865,0.536304891539554,0.5329797836918294,0.30707745127253055,0.5176778484411938,-0.07907101270471585,-0.06953670835845388,0.09514042552856222,0.0002505094162203577,-0.061358362933863334
1518,0.9,0.0,0.1,0.0,1.0,0.0001,0.0,0.0,0.0,1.3333333333333333,1.0,0.0001,5.0,242.0,0.009796423869183335,7.216279728062668,0.3254268632092964,0.5759035929211054,0.5179954644252481,0.29655405257025463,0.4771248528214603,0.04438011135467285,-0.05853173829717125,-0.07794322776783671,0.015883335183264624,0.005047749250114785
1519,1.0,0.0,0.1,0.0,1.0,0.0001,0.0,0.0,0.0,1.3333333333333333,1.0,0.0001,5.0,222.0,0.011740410718950156,7.447496457394369,0.36651690391976605,0.6477410039963672,0.41247885783482474,0.3697865052348451,0.5333525885146014,-0.30486979756728033,0.013251652569484287,0.05991274530016055,0.026383324871092018,0.05267119003233883
1520,1.1,0.0,0.1,0.0,1.0,0.0001,0.0,0.0,0.0,1.3333333333333333,1.0,0.0001,5.0,210.0,0.01353695163355284,7.450594611068665,0.38199098969685596,0.7460768071786089,0.3218925589578223,0.39850423726977474,0.602193983199062,-0.20099640735385182,-0.14902969861801513,-0.12035883402769135,-0.006958209232748017,0.020831446144045994
1521,1.2,0.0,0.1,0.0,1.0,0.0001,0.0,0.0,0.0,1.3333333333333333,1.0,0.0001,5.0,176.0,0.015126860599043335,7.546931253873367,0.41017276136402436,0.7502127425773267,0.28625888447589404,0.4333555550045395,0.5951206608186728,-0.29404730468109735,-0.07455452300227167,-0.06236235887426744,-0.06371243020442649,0.14590597116798737
1522,1.3,0.0,0.1,0.0,1.0,0.0001,0.0,0.0,0.0,1.3333333333333333,1.0,0.0001,5.0,140.0,0.01641322895332431,7.75670741363117,0.40692591840375425,0.7706035279557705,0.26667210833336435,0.43959860385486527,0.6148035185808799,0.47486143069358194,0.021354729755397147,0.047928316253538626,0.02966470021654001,0.0051494000132299945
1523,1.4,0.0,0.1,0.0,1.0,0.0001,0.0,0.0,0.0,1.3333333333333333,1.0,0.0001,5.0,108.0,0.01736924661873629,7.893727132787079,0.4628251040790382,0.6424365669380152,0.3662597111426824,0.47787392597629424,0.5385685530047382,-0.0007620346516544556,0.04473536471246225,0.0707951989029148,0.028973224016043755,-0.02630872809715019
1524,1.5,0.0,0.1,0.0,1.0,0.0001,0.0,0.0,0.0,1.3333333333333333,1.0,0.0001,5.0,64.0,0.018055642297939656,8.15772165622422,0.5193301492671052,0.633910834977968,0.3281260245786764,0.47367223567307754,0.5781280451193407,0.6456277374460894,-0.030225830235134307,-0.11382892278444759,0.024243122833078015,0.0879960178931671
1525,0.4,0.0,0.1,0.0,1.0,0.0001,0.0,0.0,1.0,1.3333333333333333,1.0,0.0001,5.0,270.0,0.0020789187257945207,5.359389120637829,0.3160651146595227,0.49079644768653685,0.5410108381261249,0.28576868513816595,0.44438397168006116,-0.1132070975678544,-0.0307443548689833,0.004236836377909115,0.012386149218234206,-0.05066506313512011
1526,0.5,0.0,0.1,0.0,1.0,0.0001,0.0,0.0,1.0,1.3333333333333333,1.0,0.0001,5.0,250.0,0.003157190644559549,6.050041911366765,0.2995560234760157,0.4420331904475696,0.6346337900810581,0.25547194277748875,0.44115182981697676,-0.004887555703768369,-0.0020957800348108614,0.09162916314859197,0.006612483649888121,-0.006219956068469482
1527,0.6,0.0,0.1,0.0,1.0,0.0001,0.0,0.0,1.0,1.3333333333333333,1.0,0.0001,5.0,230.0,0.004595289747132414,6.64514827438865,0.28308654384322535,0.38114644393629904,0.7040221006201693,0.22943996811336143,0.4215825377124864,-0.14995390692985514,-0.05321917703940469,-0.03014030912933125,0.035710257078308175,-0.006813636776989528
1528,0.7,0.0,0.1,0.0,1.0,0.0001,0.0,0.0,1.0,1.3333333333333333,1.0,0.0001,5.0,288.0,0.006399372092187883,6.855770673021248,0.29484981858407566,0.4882039491080277,0.6146283090276967,0.2478970722760655,0.43925895307443336,0.13765495665765087,-0.013456537439330648,-0.017109979213688113,-0.008422247988469796,0.008463188530484755
1529,0.8,0.0,0.1,0.0,1.0,0.0001,0.0,0.0,1.0,1.3333333333333333,1.0,0.0001,5.0,278.0,0.008607029437135316,7.19135550117783,0.3004053403954449,0.4442438087191507,0.6502357682336313,0.2292706783809486,0.48725470246257097,-0.08025886531397235,0.022552349028589175,-0.003936835767776962,0.028773800923959113,-0.09611794648039793
1530,0.9,0.0,0.1,0.0,1.0,0.0001,0.0,0.0,1.0,1.3333333333333333,1.0,0.0001,5.0,270.0,0.011148924666197213,7.405396550606856,0.3098869321923636,0.37411575223575455,0.6878880992356248,0.2328798796523852,0.47408356209186486,-0.10410685373299915,0.003987670649713801,-0.08036894439172737,-0.0019148716105323778,0.035617024532044836
1531,1.0,0.0,0.1,0.0,1.0,0.0001,0.0,0.0,1.0,1.3333333333333333,1.0,0.0001,5.0,272.0,0.013892723919188832,7.538334433301387,0.32155778758067594,0.4934640922521296,0.5828329303974964,0.2849965197995815,0.48070278808882766,-0.16553015728393897,0.021701678291073764,-0.0473408297400058,0.023693251918619748,-0.03669729491196237
1532,1.1,0.0,0.1,0.0,1.0,0.0001,0.0,0.0,1.0,1.3333333333333333,1.0,0.0001,5.0,282.0,0.016668827103144768,7.575432819798923,0.32327382089385537,0.5213996899903129,0.5580362639807133,0.2791520372837025,0.4826184691926366,-0.10782056424594096,-0.03533245140536129,-0.21713215772459282,-0.007528932548079927,0.014290588357783747
1533,1.2,0.0,0.1,0.0,1.0,0.0001,0.0,0.0,1.0,1.3333333333333333,1.0,0.0001,5.0,244.0,0.019372399916628202,7.758209361208891,0.34948461620677373,0.5741788349942576,0.502738632704971,0.3128582564281372,0.5096908342369668,0.289118607793971,0.04807159446216746,-0.12604966258318667,0.024269181548854993,0.03907841050745401
1534,1.3,0.0,0.1,0.0,1.0,0.0001,0.0,0.0,1.0,1.3333333333333333,1.0,0.0001,5.0,236.0,0.02167462711518553,7.784556388849237,0.3567961453821856,0.8379991263546392,0.2514598864480995,0.3865061073736086,0.7139964157646765,0.07036936074852496,0.029295514799371727,-0.05475976534772335,-0.024984705295828667,-0.18336315653209545
1535,1.4,0.0,0.1,0.0,1.0,0.0001,0.0,0.0,1.0,1.3333333333333333,1.0,0.0001,5.0,202.0,0.02357148088681904,7.862152961910722,0.37249835134429554,0.8062421773017012,0.27104410910324356,0.40848900321633763,0.6937039043325264,-0.23249815251453199,-0.014313559584440347,0.010010973341762597,0.06696042272004599,0.11568411899973585
1536,1.5,0.0,0.1,0.0,1.0,0.0001,0.0,0.0,1.0,1.3333333333333333,1.0,0.0001,5.0,174.0,0.02493216991901437,7.880909967121097,0.4175315914971325,0.7501851250890739,0.2726595295475443,0.4612855074537429,0.6328949965106737,-0.12989744441238196,0.030391245012960172,0.035190068187723245,-0.002125985683276966,-0.12715052323208723
1537,0.4,0.0,0.1,0.0,1.0,0.0001,0.0,0.0,2.0,2.6666666666666665,1.0,0.0001,5.0,270.0,0.001474606247102772,6.335931147300687,0.3034714012418251,0.46123070014298334,0.589606762170391,0.2809051606665314,0.44921738239184533,-0.1042946057419816,-0.031397731959434065,-0.06689189598929299,-0.04932282524628066,0.011677897588947108
1538,0.5,0.0,0.1,0.0,1.0,0.0001,0.0,0.0,2.0,2.6666666666666665,1.0,0.0001,5.0,264.0,0.0024274824481183566,6.895717228061794,0.30012358068966355,0.47204744111117974,0.5944502669479028,0.25843844735074445,0.44459813070176124,-0.22943204431684586,0.011077095539703848,-0.04653996326656842,0.014110532817919368,0.0029128329952441113
1539,0.6,0.0,0.1,0.0,1.0,0.0001,0.0,0.0,2.0,2.6666666666666665,1.0,0.0001,5.0,250.0,0.003749758021346028,7.302530050178843,0.3040258542814765,0.4927889098528156,0.5650385749403559,0.2617078626036144,0.4473300787162323,0.03086887540087524,0.05056388794907476,-0.060017857129746985,-0.024316080158492678,-0.04190418125851732
1540,0.7,0.0,0.1,0.0,1.0,0.0001,0.0,0.0,2.0,2.6666666666666665,1.0,0.0001,5.0,308.0,0.005421463806862925,7.409937102712282,0.2892746991608122,0.4148158119300293,0.674851351006395,0.2331978696260852,0.4537235428269745,-0.032081109664784245,0.07223613806125677,-0.015916718584189967,-0.028193533912144568,-0.024744201736383257
1541,0.8,0.0,0.1,0.0,1.0,0.0001,0.0,0.0,2.0,2.6666666666666665,1.0,0.0001,5.0,268.0,0.007466007095829674,7.653674048783515,0.30386249578930363,0.46762140545825304,0.6013511527468103,0.2503764882497055,0.44325006060387523,0.010026184728063702,-0.012917956017866949,-0.16408415498582574,0.003852828624522599,0.003317054986643955
1542,0.9,0.0,0.1,0.0,1.0,0.0001,0.0,0.0,2.0,2.6666666666666665,1.0,0.0001,5.0,280.0,0.009662590003758464,7.685400119933322,0.3335870820057696,0.46524596915075894,0.6162836493695292,0.25760220801270894,0.4783939973355399,-0.1430614044166278,0.09161237700599985,0.04517453726008808,0.017697228411518405,0.05363760183416286
1543,1.0,0.0,0.1,0.0,1.0,0.0001,0.0,0.0,2.0,2.6666666666666665,1.0,0.0001,5.0,228.0,0.011924003680461204,7.89342186294946,0.33100144301158685,0.5327602001804385,0.5433487299683243,0.2970534688953975,0.4976855700494978,-0.10197721653962785,-0.05038890689626773,-0.11503283716457548,-0.015613076399991061,0.016153353930433725
1544,1.1,0.0,0.1,0.0,1.0,0.0001,0.0,0.0,2.0,2.6666666666666665,1.0,0.0001,5.0,244.0,0.013834180866834078,7.822331154456712,0.37205973041931195,0.7307476711094241,0.32812863600981257,0.3707625168688387,0.614807596810129,0.4047527548445242,0.11872592916679606,-0.03786557436140408,0.001924500182031747,-0.18561374753085153
1545,1.2,0.0,0.1,0.0,1.0,0.0001,0.0,0.0,2.0,2.6666666666666665,1.0,0.0001,5.0,224.0,0.01535369244301732,7.841348991723483,0.39504890458411346,0.8105015652642673,0.24748856392686994,0.4358191273558403,0.6906661097367459,-0.11370283855654638,-0.14573101253470927,0.04210645936285806,-0.017991960568264707,0.2596027027344509
1546,1.3,0.0,0.1,0.0,1.0,0.0001,0.0,0.0,2.0,2.6666666666666665,1.0,0.0001,5.0,176.0,0.01640821616811894,7.917355712391875,0.37965282344130286,0.8148317796652477,0.2465708099051117,0.42851278132543863,0.6463054607751615,-0.4871982879938656,-0.08821715300181611,0.09369270913336719,0.006778026411560039,0.20614223149472705
1547,1.4,0.0,0.1,0.0,1.0,0.0001,0.0,0.0,2.0,2.6666666666666665,1.0,0.0001,5.0,116.0,0.01698133245926292,8.155715970179587,0.39772096526317535,0.7455021975523797,0.3269399171702539,0.4415104011669239,0.6042771133887086,0.058062787453471515,-0.12433340064426564,0.036982854862839136,-0.007088629411585643,0.06442788460342035
1548,1.5,0.0,0.1,0.0,1.0,0.0001,0.0,0.0,2.0,2.6666666666666665,1.0,0.0001,5.0,62.0,0.017133877479196702,8.362108326422536,0.40956794748828673,0.683008679071385,0.3689222793279439,0.47093216457105963,0.5828201672329436,-0.023266658975816316,-0.13607992149967263,-0.04656310753565331,-0.0091611109594913,0.07879693312892026
1549,0.4,0.0,0.1,0.0,1.0,0.0001,0.0,0.0,4.0,5.333333333333333,1.0,0.0001,5.0,282.0,0.0011810238880712864,7.058578843729154,0.3006068991288132,0.41444204369175,0.6241285065749835,0.267850862792628,0.4491760452072838,-0.03527865092925298,0.006758065763548407,-0.04774464570438879,0.019633123001147057,-0.026134283524063048
1550,0.5,0.0,0.1,0.0,1.0,0.0001,0.0,0.0,4.0,5.333333333333333,1.0,0.0001,5.0,256.0,0.0020917361520156885,7.487941242100761,0.30562988922866613,0.4084565953978356,0.654647997808948,0.2423262944514968,0.4488003774264249,-0.06775489188988802,0.015681192746468762,0.11894166248408727,0.011328398961286573,0.0027642823664955707
1551,0.6,0.0,0.1,0.0,1.0,0.0001,0.0,0.0,4.0,5.333333333333333,1.0,0.0001,5.0,304.0,0.0033573740304239097,7.611498917898824,0.2802577229120991,0.40780849619697274,0.6723200199832655,0.2352176160292164,0.4307304458251857,-0.12772116413409496,0.041421142962768165,0.05696666712882482,-0.027925859917254936,0.002087515826655385
1552,0.7,0.0,0.1,0.0,1.0,0.0001,0.0,0.0,4.0,5.333333333333333,1.0,0.0001,5.0,272.0,0.00499413678387628,7.805033981006461,0.2995053338020417,0.41307745577959576,0.651227091508688,0.2410951277519814,0.4438458410473775,-0.033294675508239405,-0.017667142506135013,0.08483279472975225,-0.018928775002665123,-0.0032012245319819714
1553,0.8,0.0,0.1,0.0,1.0,0.0001,0.0,0.0,4.0,5.333333333333333,1.0,0.0001,5.0,266.0,0.006831201260131148,7.918397453101634,0.3083532850053254,0.4559347552556964,0.633293325751774,0.25409783452993495,0.4858406294654004,-0.026328875092860776,-0.001982685594552144,0.16120302799593422,-0.010032515861105987,-0.06284734967462088
1554,0.9,0.0,0.1,0.0,1.0,0.0001,0.0,0.0,4.0,5.333333333333333,1.0,0.0001,5.0,238.0,0.008614391447528846,7.995995112741268,0.298996378147858,0.515821864057967,0.5728908583719242,0.27817023710413424,0.48206006096710596,-0.08768179564982993,-0.07740515968759179,0.05460423058608883,-0.004032265054475616,0.09516016705141518
1555,1.0,0.0,0.1,0.0,1.0,0.0001,0.0,0.0,4.0,5.333333333333333,1.0,0.0001,5.0,226.0,0.010048853970010874,7.916935852299001,0.34655183557458863,0.6893713459742441,0.38887598549507496,0.3576242239427069,0.5302200915054696,-0.24332783279989073,0.1397863281752562,-0.12783302810706235,-0.04571501265478063,0.004224046069315374
1556,1.1,0.0,0.1,0.0,1.0,0.0001,0.0,0.0,4.0,5.333333333333333,1.0,0.0001,5.0,188.0,0.010988188267021748,7.939476986309727,0.37613660107205643,0.8202164015794501,0.2534187706190274,0.4128480980639694,0.7156504111971437,0.012775970656424837,-0.1837632979673653,0.08408280996374697,0.0017419074035754172,0.22675233609838838
1557,1.2,0.0,0.1,0.0,1.0,0.0001,0.0,0.0,4.0,5.333333333333333,1.0,0.0001,5.0,132.0,0.011422742134518549,8.078432928490681,0.3927609276682067,0.7102154349456585,0.33949110763588586,0.4146611897754173,0.6140163072236136,0.19965598912234456,-0.09712254188263951,0.03137995451681907,0.0026301835399669725,0.030336681249408918
1558,1.3,0.0,0.1,0.0,1.0,0.0001,0.0,0.0,4.0,5.333333333333333,1.0,0.0001,5.0,68.0,0.011447429349923821,8.376003220721815,0.4054760878879968,0.6856670050712441,0.3627086075559168,0.4251372596710817,0.5788650706724549,-0.07115305487268224,-0.07272997414824775,-0.11379227770441361,-0.004340587231804638,0.009929752456048956
1559,1.4,0.0,0.1,0.0,1.0,0.0001,0.0,0.0,4.0,5.333333333333333,1.0,0.0001,5.0,30.0,0.011132421345966703,8.610697405215227,0.44483453241524834,0.6654565655836027,0.3611146001037272,0.5199988095286783,0.5685024016484178,-0.03848225241480379,0.12053745944114282,0.18872729473577868,-0.021422237348209805,-0.07893491975738672
1560,1.5,0.0,0.1,0.0,1.0,0.0001,0.0,0.0,4.0,5.333333333333333,1.0,0.0001,5.0,12.0,0.010634184267317659,NaN,NaN,NaN,NaN,NaN,NaN,NaN,NaN,NaN,NaN,NaN
1561,0.4,0.0,0.1,0.0,1.0,0.0001,0.0,0.0,6.0,8.0,1.0,0.0001,5.0,288.0,0.0010926572211165109,7.36570455497651,0.30268200952109553,0.44511423843362063,0.6052183425591092,0.28076964793264186,0.4555130355274311,-0.12992862607307107,0.04573548273986022,0.022809987189429684,0.02104364243854158,-0.009808579457854662
1562,0.5,0.0,0.1,0.0,1.0,0.0001,0.0,0.0,6.0,8.0,1.0,0.0001,5.0,288.0,0.001998282406914298,7.6910458254394065,0.30314531115346455,0.4640503052681525,0.5903096890828095,0.26560262671408397,0.45039071010153137,0.006013884787524951,0.02738626191725396,-0.029123439233817938,-0.008208792799949443,0.029203738538741888
1563,0.6,0.0,0.1,0.0,1.0,0.0001,0.0,0.0,6.0,8.0,1.0,0.0001,5.0,262.0,0.0032914422136667287,7.911381576740884,0.27991308959318484,0.3753908704572978,0.6869256847947564,0.23986255835871348,0.40959449765109673,-0.06444944850640652,-0.03157717075709293,0.12455691782986125,-0.0028523727102331576,-0.029962319711697875
1564,0.7,0.0,0.1,0.0,1.0,0.0001,0.0,0.0,6.0,8.0,1.0,0.0001,5.0,264.0,0.004887355229573731,8.02851926079584,0.29303971604813983,0.3460084885110954,0.6960576869198292,0.21501818216995475,0.41921543735675104,0.29338391012701825,0.011185876079602999,-0.0766042426816961,-0.005298013301600867,-0.0082855269791367
1565,0.8,0.0,0.1,0.0,1.0,0.0001,0.0,0.0,6.0,8.0,1.0,0.0001,5.0,262.0,0.006559037836344039,7.98928641865775,0.30429623416617274,0.4306716960089817,0.6538448857929625,0.24200287834465303,0.47246288277607434,-0.12500196742446582,-0.057115015890740674,-0.000590587938775863,0.02167469979129616,0.020760460506568698
1566,0.9,0.0,0.1,0.0,1.0,0.0001,0.0,0.0,6.0,8.0,1.0,0.0001,5.0,274.0,0.00793899364609596,7.877705195938503,0.3422102102557831,0.6399694608759279,0.4391113168179372,0.35227231668719444,0.5327219051124307,-0.08623104898598365,0.16562047576850875,0.022058866009854232,0.02296094258237184,-0.05758034623471869
1567,1.0,0.0,0.1,0.0,1.0,0.0001,0.0,0.0,6.0,8.0,1.0,0.0001,5.0,200.0,0.008881106629262447,8.001147811418557,0.3727952235892575,0.7054130479446412,0.37266482930110634,0.3947285980676082,0.5752341815450871,-0.3033874743355634,-0.13179832685839654,0.027509542146715204,-0.013860048786825103,0.07311506131695204
1568,1.1,0.0,0.1,0.0,1.0,0.0001,0.0,0.0,6.0,8.0,1.0,0.0001,5.0,150.0,0.009241270271017177,7.999797996410361,0.39639758169166545,0.7242692668179922,0.35969218254332985,0.4591953388634046,0.6337530286142418,0.06663083265633524,0.038377044154754916,-0.052159346500420804,0.014420237008065323,0.0002378760017200432
1569,1.2,0.0,0.1,0.0,1.0,0.0001,0.0,0.0,6.0,8.0,1.0,0.0001,5.0,72.0,0.009181889604157112,8.326019655061426,0.44829702276915856,0.6668029779139798,0.3835476537776592,0.4765192262017552,0.5787623702297902,0.09232555597320308,-0.0010681699299175916,0.02612304856422943,-0.0195227321806921,0.017749884125682423
1570,1.3,0.0,0.1,0.0,1.0,0.0001,0.0,0.0,6.0,8.0,1.0,0.0001,5.0,32.0,0.008811465279267683,8.752903613364902,0.4584587861812483,0.5922850818348835,0.4077771092805357,0.4775433072722809,0.5654148307047719,-0.17841948388130074,-0.08638271281612302,0.14950288277153564,-0.03392874297968217,0.04677626107102626
1571,1.4,0.0,0.1,0.0,1.0,0.0001,0.0,0.0,6.0,8.0,1.0,0.0001,5.0,12.0,0.008282237032270157,NaN,NaN,NaN,NaN,NaN,NaN,NaN,NaN,NaN,NaN,NaN
1572,1.5,0.0,0.1,0.0,1.0,0.0001,0.0,0.0,6.0,8.0,1.0,0.0001,5.0,8.0,0.007687429390008882,NaN,NaN,NaN,NaN,NaN,NaN,NaN,NaN,NaN,NaN,NaN
1573,0.4,0.0,0.1,0.0,1.0,0.0001,0.0,0.0,8.0,10.666666666666666,1.0,0.0001,5.0,266.0,0.0010571364765503688,7.604671409110938,0.31297746044999786,0.4349615180632493,0.5962435639030002,0.2838137574229825,0.446106315703684,-0.10944230998058482,-0.01564213397019401,-0.13972361261471825,0.006490311272838213,0.07609854011702838
1574,0.5,0.0,0.1,0.0,1.0,0.0001,0.0,0.0,8.0,10.666666666666666,1.0,0.0001,5.0,282.0,0.001976717641336334,7.820172955812116,0.2979771385808461,0.3778146393466238,0.6627746756073722,0.24017167288074148,0.42846890546438166,-0.11782105918867057,-0.01827078056398809,0.16164741216696812,0.0013123552795507886,0.06579064121300857
1575,0.6,0.0,0.1,0.0,1.0,0.0001,0.0,0.0,8.0,10.666666666666666,1.0,0.0001,5.0,272.0,0.0032822652123900564,7.985068624465397,0.28946234539378507,0.3781058706106163,0.7055642261709235,0.21805028168246954,0.4153051429230516,-0.11666793612651215,-0.011502899420846955,-0.18046945401075537,0.01064433701929097,-0.001897764076153788
1576,0.7,0.0,0.1,0.0,1.0,0.0001,0.0,0.0,8.0,10.666666666666666,1.0,0.0001,5.0,274.0,0.004854028150221401,8.040208058569213,0.2952834714051038,0.3907472067193534,0.6918239104497544,0.2274384389885325,0.44316697852377845,-0.03236162932999339,0.005914798137688805,0.31662642497080395,-0.00846637485365737,-0.018920774543996013
1577,0.8,0.0,0.1,0.0,1.0,0.0001,0.0,0.0,8.0,10.666666666666666,1.0,0.0001,5.0,278.0,0.0063601506069994596,7.957594364105366,0.3013673046447551,0.4376962453334121,0.6717914934887247,0.23506519007015048,0.47938836020171577,-0.2072260001914781,0.003755617490033792,-0.12162108280831738,0.019011214280874794,0.02413517960303966
1578,0.9,0.0,0.1,0.0,1.0,0.0001,0.0,0.0,8.0,10.666666666666666,1.0,0.0001,5.0,244.0,0.0074669108118577965,7.944235717944409,0.3642332924929307,0.6269867474825034,0.454189554520744,0.33838202440799287,0.5226403385739017,0.22525222490707708,-0.17959449259920046,0.11918957831926819,0.024473038933180032,0.059659166847933646
1579,1.0,0.0,0.1,0.0,1.0,0.0001,0.0,0.0,8.0,10.666666666666666,1.0,0.0001,5.0,182.0,0.007994466070474937,7.940387001220624,0.42078159246594476,0.6221752003496036,0.3788996903957163,0.39860740934650796,0.5973035228308784,0.07585650049233186,-0.1381560033293577,-0.10737518038885664,-0.021198305560650596,0.05581270515129599
1580,1.1,0.0,0.1,0.0,1.0,0.0001,0.0,0.0,8.0,10.666666666666666,1.0,0.0001,5.0,106.0,0.008012330167001869,8.01582936420877,0.47655137451743285,0.6910071842730998,0.29567674146685446,0.4996658018390386,0.581765288085825,0.07514938590327362,-0.01773338880002672,0.02298392244952859,0.019743590626919875,-0.007604470977226412
1581,1.2,0.0,0.1,0.0,1.0,0.0001,0.0,0.0,8.0,10.666666666666666,1.0,0.0001,5.0,40.0,0.007688420837655974,8.562631552789613,0.48655506794883024,0.6042459689778724,0.35993090680522016,0.48110718316529516,0.5534127709963665,0.11567027166822466,0.04709977315636326,-0.02796138249448803,-0.04449989380296253,0.0013495440844305952
1582,1.3,0.0,0.1,0.0,1.0,0.0001,0.0,0.0,8.0,10.666666666666666,1.0,0.0001,5.0,14.0,0.007158751010293063,8.979338787162181,0.49246452388692596,0.33151709785406047,0.4964925708429312,0.3386338956649164,0.3778099499459779,-0.4811150042297085,-0.02482911076872551,-0.10869274880059449,-0.0716156500195466,-0.08878266076917221
1583,1.4,0.0,0.1,0.0,1.0,0.0001,0.0,0.0,8.0,10.666666666666666,1.0,0.0001,5.0,4.0,0.006541558410463999,NaN,NaN,NaN,NaN,NaN,NaN,NaN,NaN,NaN,NaN,NaN
1584,1.5,0.0,0.1,0.0,1.0,0.0001,0.0,0.0,8.0,10.666666666666666,1.0,0.0001,5.0,4.0,0.006035673570010891,NaN,NaN,NaN,NaN,NaN,NaN,NaN,NaN,NaN,NaN,NaN
1585,0.4,0.0,0.1,0.0,1.0,0.0001,0.0,0.0,10.0,13.333333333333332,1.0,0.0001,5.0,254.0,0.001042672550576218,7.810237117251772,0.28410243005896935,0.3734644118704494,0.6759483593717095,0.24203512958275875,0.39738153983411223,0.05435154834888299,0.0027700039664758157,0.043343760216188416,0.019681063437710408,0.01865790817172865
1586,0.5,0.0,0.1,0.0,1.0,0.0001,0.0,0.0,10.0,13.333333333333332,1.0,0.0001,5.0,260.0,0.0019824497287081466,8.048898324882153,0.29417817450029704,0.424082165617649,0.6170855424896192,0.2597630399671511,0.4213642552580532,-0.05060483393732931,0.022353620068023126,0.10271872467613301,-0.009130649699574781,0.012753476452993436
1587,0.6,0.0,0.1,0.0,1.0,0.0001,0.0,0.0,10.0,13.333333333333332,1.0,0.0001,5.0,274.0,0.00331460091645841,8.110089595276426,0.28636715782089656,0.373480338507549,0.6578639381781543,0.2387797642563529,0.441891300305511,0.12146175524020487,-0.003442658398244038,0.09712375077110644,0.020500002468627244,0.0031398976582791686
1588,0.7,0.0,0.1,0.0,1.0,0.0001,0.0,0.0,10.0,13.333333333333332,1.0,0.0001,5.0,258.0,0.004868449093152316,8.136351279989189,0.2892708840745131,0.38273826500228336,0.6936221150835159,0.23155236583738734,0.4297243470343399,0.11561626152783722,-0.03281314190661614,-0.08727385987093393,0.013129212103538252,-9.707203552828544e-5
1589,0.8,0.0,0.1,0.0,1.0,0.0001,0.0,0.0,10.0,13.333333333333332,1.0,0.0001,5.0,262.0,0.006230841711861057,8.037442803985313,0.3014356416470075,0.5256838393874959,0.5714848294753868,0.2668665625915696,0.45919769173338876,0.17159411020836368,0.04060405467847843,-0.0663052610265092,0.019936768453534703,0.000299839451223761
1590,0.9,0.0,0.1,0.0,1.0,0.0001,0.0,0.0,10.0,13.333333333333332,1.0,0.0001,5.0,232.0,0.007059998454715943,7.942018326080674,0.35085458210782966,0.6564318434868102,0.41549967147035327,0.35035005033497757,0.54473826527818,0.1599031532187747,-0.015859977744803164,-0.1619698114498508,0.008954734192567586,-0.01971235633723684
1591,1.0,0.0,0.1,0.0,1.0,0.0001,0.0,0.0,10.0,13.333333333333332,1.0,0.0001,5.0,170.0,0.0072734128567505385,7.948889309010199,0.41504309509167164,0.7092037786092722,0.3411560482578124,0.4460520489921305,0.5769836104693326,0.2574803859556752,0.025579037637912923,0.02527939281754279,-0.022323999911571475,-0.02331791156653673
1592,1.1,0.0,0.1,0.0,1.0,0.0001,0.0,0.0,10.0,13.333333333333332,1.0,0.0001,5.0,76.0,0.007075060637705466,8.22526119232747,0.45993410158995623,0.6380546839677812,0.3846213479383737,0.4586472660839715,0.5603513553179139,-0.3727747004383141,0.002731687395075769,0.052023487475631944,-0.0037904104016703126,-0.007100270659997448
1593,1.2,0.0,0.1,0.0,1.0,0.0001,0.0,0.0,10.0,13.333333333333332,1.0,0.0001,5.0,26.0,0.006602261727024272,8.887452482348197,0.3955424665341575,0.5453971638176239,0.41371272222557826,0.4443325094424245,0.4525421977603677,0.3261322914181718,-0.013364732904053505,0.22518582089755923,0.022378989762461537,-0.029485889633084156
1594,1.3,0.0,0.1,0.0,1.0,0.0001,0.0,0.0,10.0,13.333333333333332,1.0,0.0001,5.0,10.0,0.006032229304338443,NaN,NaN,NaN,NaN,NaN,NaN,NaN,NaN,NaN,NaN,NaN
1595,1.4,0.0,0.1,0.0,1.0,0.0001,0.0,0.0,10.0,13.333333333333332,1.0,0.0001,5.0,0.0,2.3021584638627246e-12,NaN,NaN,NaN,NaN,NaN,NaN,NaN,NaN,NaN,NaN,NaN
1596,1.5,0.0,0.1,0.0,1.0,0.0001,0.0,0.0,10.0,13.333333333333332,1.0,0.0001,5.0,4.0,0.004963533205049497,NaN,NaN,NaN,NaN,NaN,NaN,NaN,NaN,NaN,NaN,NaN
1597,0.4,0.0,0.1,0.0,1.0,0.0001,0.0,0.0,12.0,16.0,1.0,0.0001,5.0,288.0,0.0010333070637841835,7.798886131061585,0.3103213749690834,0.4465858235091367,0.5871037210218428,0.26939064495439075,0.43148601043465956,-0.041575168422304104,-0.016746687362269218,0.05606589228848819,-0.008662530737151116,-0.03136536890718916
1598,0.5,0.0,0.1,0.0,1.0,0.0001,0.0,0.0,12.0,16.0,1.0,0.0001,5.0,288.0,0.0019951140984401095,8.004715036724994,0.26564135730055566,0.39402610139075256,0.687693161946173,0.2255347025262552,0.4040515790389607,-0.012018229491320646,0.009499093503489835,-0.06195451739539459,0.0019053706249319306,-0.03433103663662648
1599,0.6,0.0,0.1,0.0,1.0,0.0001,0.0,0.0,12.0,16.0,1.0,0.0001,5.0,258.0,0.0033640797254070876,8.191185872915732,0.2797315672672271,0.2761708907907709,0.799143116134151,0.17831089551859403,0.40420415287647987,0.1588461237066388,0.024284438042203663,0.21222618846396846,-0.03381917173091806,0.08757391446220382
1600,0.7,0.0,0.1,0.0,1.0,0.0001,0.0,0.0,12.0,16.0,1.0,0.0001,5.0,300.0,0.004864537497556887,8.100674140790703,0.27743611126032935,0.37885801415590376,0.6899655832696086,0.22871779434839837,0.4227091932473171,-0.04958534339365716,-0.01606677566878699,-0.19840040244276505,0.020982196834673318,0.006274444774921582
1601,0.8,0.0,0.1,0.0,1.0,0.0001,0.0,0.0,12.0,16.0,1.0,0.0001,5.0,290.0,0.006090527870012408,7.978020001602682,0.3249022043165018,0.5377910420748583,0.542551740050525,0.2932120927647975,0.4865905649233576,0.1095974227558538,0.02675302219621642,0.006472674055916198,0.013225734385382267,0.057907839057278025
1602,0.9,0.0,0.1,0.0,1.0,0.0001,0.0,0.0,12.0,16.0,1.0,0.0001,5.0,232.0,0.006696168425945337,7.921419226641879,0.3641189289256539,0.6352077785048129,0.44061482049414324,0.3506142300798369,0.5362700749531485,-0.019009266429149616,-0.03538373353198155,-0.12923079949938146,-0.019024736794012804,-0.00505838036914685
1603,1.0,0.0,0.1,0.0,1.0,0.0001,0.0,0.0,12.0,16.0,1.0,0.0001,5.0,138.0,0.0067044441413703915,8.047822431042686,0.3823503016976563,0.6774146825706857,0.38657091599909504,0.4398435494992652,0.5859396300337529,0.02769252439364226,0.022232209051923066,-0.011255291842955647,-0.0015616875021224037,0.031004830569671914
1604,1.1,0.0,0.1,0.0,1.0,0.0001,0.0,0.0,12.0,16.0,1.0,0.0001,5.0,50.0,0.0063408050918871695,8.545747476588849,0.3956822891093698,0.5738650021897709,0.42982390290183914,0.41668903994450773,0.510625134301513,-0.15323310501678872,0.06976839203527563,0.11173418613511048,-0.08708983677206093,-0.06573350954596123
1605,1.2,0.0,0.1,0.0,1.0,0.0001,0.0,0.0,12.0,16.0,1.0,0.0001,5.0,16.0,0.005788731719027274,8.959844832439499,0.36640575062451586,0.5010216693518486,0.6066239529233612,0.3720747672246285,0.5851993648892261,0.11910602424940432,-0.02457471324483497,0.16577453629586378,0.08477172590458758,0.06927961223868964
1606,1.3,0.0,0.1,0.0,1.0,0.0001,0.0,0.0,12.0,16.0,1.0,0.0001,5.0,6.0,0.005193799373892416,NaN,NaN,NaN,NaN,NaN,NaN,NaN,NaN,NaN,NaN,NaN
1607,1.4,0.0,0.1,0.0,1.0,0.0001,0.0,0.0,12.0,16.0,1.0,0.0001,5.0,0.0,2.1396884264390792e-11,NaN,NaN,NaN,NaN,NaN,NaN,NaN,NaN,NaN,NaN,NaN
1608,1.5,0.0,0.1,0.0,1.0,0.0001,0.0,0.0,12.0,16.0,1.0,0.0001,5.0,0.0,1.1102230246251565e-15,NaN,NaN,NaN,NaN,NaN,NaN,NaN,NaN,NaN,NaN,NaN
1609,0.4,0.0,0.1,0.0,1.0,0.0001,0.0,0.0,14.0,18.666666666666664,1.0,0.0001,5.0,274.0,0.0010357310044373236,7.831402647064054,0.31110469565815463,0.45638166256895046,0.5883209021512585,0.27387969529671335,0.44180748786490165,-0.0640920835489556,0.02035241303176722,0.1035377437694152,0.02023389774027228,0.013913020533038617
1610,0.5,0.0,0.1,0.0,1.0,0.0001,0.0,0.0,14.0,18.666666666666664,1.0,0.0001,5.0,262.0,0.002027865487881808,8.19971409157208,0.27332770501838605,0.3729346104990144,0.691170018994207,0.2525618537034072,0.40164875455297727,-0.048981485307411976,0.037701562066858124,0.08115078739815787,-0.023974727448717353,-0.007693474661017385
1611,0.6,0.0,0.1,0.0,1.0,0.0001,0.0,0.0,14.0,18.666666666666664,1.0,0.0001,5.0,268.0,0.00341668292701347,8.257567556143503,0.26557298258206863,0.3459964634814241,0.7191707679623,0.22058621286127794,0.4089591428887174,0.07560164636086825,-0.012277881785436236,0.20823099811441084,-0.005776819807536798,-0.027938293368283195
1612,0.7,0.0,0.1,0.0,1.0,0.0001,0.0,0.0,14.0,18.666666666666664,1.0,0.0001,5.0,306.0,0.004897327038191124,8.065119243056788,0.2881999821449874,0.3852500303703597,0.6991795133885997,0.23133958801092663,0.4304374583949953,-0.04586553911552653,0.01808264707577385,-0.14154180300040287,0.0033120326569090197,0.02149455540758108
1613,0.8,0.0,0.1,0.0,1.0,0.0001,0.0,0.0,14.0,18.666666666666664,1.0,0.0001,5.0,272.0,0.005996229201560288,7.9696976695630175,0.326330179075164,0.49131979596732644,0.58895925571555,0.2682717412737377,0.49376389325601777,0.008158931130803895,-0.004216650660984637,0.23319923523746067,-0.016941957279116664,0.07742837829142098
1614,0.9,0.0,0.1,0.0,1.0,0.0001,0.0,0.0,14.0,18.666666666666664,1.0,0.0001,5.0,216.0,0.006384954709230617,7.950170808537187,0.3652192117269626,0.7488895262448435,0.3411495683351828,0.3854304563916511,0.6285929611343909,-0.060778260332413375,-0.11195607575599018,0.003216050259464222,-0.01060361537110379,0.13527032131507807
1615,1.0,0.0,0.1,0.0,1.0,0.0001,0.0,0.0,14.0,18.666666666666664,1.0,0.0001,5.0,120.0,0.00621152867568231,8.062698333146177,0.4136068206977438,0.6606080759424194,0.39267090811393285,0.4450245801228298,0.5516386210054589,-0.044026583042482845,0.02321497602454616,0.1417449555967037,-0.013909486699919696,-0.08137673599059582
1616,1.1,0.0,0.1,0.0,1.0,0.0001,0.0,0.0,14.0,18.666666666666664,1.0,0.0001,5.0,36.0,0.0057383192700217744,8.55796261805826,0.47906151395367663,0.5803724068992013,0.3645558545921554,0.4548577440761226,0.5326825014537871,0.2961619862603162,-0.03925482198329332,0.0007747558392942643,-0.012835257310584809,-0.08983528855378513
1617,1.2,0.0,0.1,0.0,1.0,0.0001,0.0,0.0,14.0,18.666666666666664,1.0,0.0001,5.0,8.0,0.005129096189952609,NaN,NaN,NaN,NaN,NaN,NaN,NaN,NaN,NaN,NaN,NaN
1618,1.3,0.0,0.1,0.0,1.0,0.0001,0.0,0.0,14.0,18.666666666666664,1.0,0.0001,5.0,2.0,0.004550573564090721,NaN,NaN,NaN,NaN,NaN,NaN,NaN,NaN,NaN,NaN,NaN
1619,1.4,0.0,0.1,0.0,1.0,0.0001,0.0,0.0,14.0,18.666666666666664,1.0,0.0001,5.0,0.0,8.193445921733655e-14,NaN,NaN,NaN,NaN,NaN,NaN,NaN,NaN,NaN,NaN,NaN
1620,1.5,0.0,0.1,0.0,1.0,0.0001,0.0,0.0,14.0,18.666666666666664,1.0,0.0001,5.0,NaN,NaN,NaN,NaN,NaN,NaN,NaN,NaN,NaN,NaN,NaN,NaN,NaN
1621,0.4,0.0,0.1,0.0,1.0,0.0001,0.0,0.0,16.0,21.333333333333332,1.0,0.0001,5.0,274.0,0.0010390794562137873,7.987314556814933,0.2864201989805911,0.44139451666355917,0.6091511267640346,0.28234711039047833,0.41772798289259366,-0.05119104026426889,0.0032215690189525076,-0.15217963289355907,-0.028719423474634857,-0.06469160479639835
1622,0.5,0.0,0.1,0.0,1.0,0.0001,0.0,0.0,16.0,21.333333333333332,1.0,0.0001,5.0,254.0,0.0020605427860571623,8.229058814867374,0.26587240696180703,0.3486256604971744,0.6960138147255025,0.22653967957473328,0.38212372535493255,0.02824265437077615,-0.03711875766050915,0.19437483189163263,0.005189634639591744,-0.022058759575803537
1623,0.6,0.0,0.1,0.0,1.0,0.0001,0.0,0.0,16.0,21.333333333333332,1.0,0.0001,5.0,260.0,0.0034916398540413285,8.333131983268979,0.267130397538407,0.3598197826862984,0.6873535332343222,0.22985264712110945,0.3887467341419421,0.15536580041986492,-0.00010146771359228504,-0.122639602419564,0.007723625425853646,-0.0363527122683781
1624,0.7,0.0,0.1,0.0,1.0,0.0001,0.0,0.0,16.0,21.333333333333332,1.0,0.0001,5.0,268.0,0.004961568963865459,8.21650998047466,0.28645115502080837,0.307838966929199,0.7642886523159588,0.19733926630977267,0.4453044084417462,-0.12101425709677845,0.04262257085627531,0.2396574590047193,-0.004201860256314345,0.008635802547159226
1625,0.8,0.0,0.1,0.0,1.0,0.0001,0.0,0.0,16.0,21.333333333333332,1.0,0.0001,5.0,262.0,0.005907452400285895,8.019412949267771,0.3268125900303539,0.4881508878879807,0.5890997378588061,0.2637671910404643,0.4913459375788568,0.10860491686426484,0.029685255819603112,-0.29754421769591854,-0.018466739824235117,0.012930414139898724
1626,0.9,0.0,0.1,0.0,1.0,0.0001,0.0,0.0,16.0,21.333333333333332,1.0,0.0001,5.0,208.0,0.006095604450635839,8.010875383665699,0.37824472215908017,0.7168383033965829,0.33072087807707334,0.3938723883562355,0.5929134658813012,-0.23923330227814138,0.15707320100251632,0.030594078642837235,0.02562437582466168,-0.11315678525963743
1627,1.0,0.0,0.1,0.0,1.0,0.0001,0.0,0.0,16.0,21.333333333333332,1.0,0.0001,5.0,90.0,0.005798022664532332,8.175231947414504,0.4482780753675378,0.6589236872364765,0.3347260441669424,0.4761316329220134,0.5628353104690623,0.006883348780671318,-0.045278705313850955,-0.1346010830245077,0.014071379668044372,0.03860697898512745
1628,1.1,0.0,0.1,0.0,1.0,0.0001,0.0,0.0,16.0,21.333333333333332,1.0,0.0001,5.0,30.0,0.005238837225063797,8.653796669090902,0.43475891093214514,0.5157546326392392,0.463436041929373,0.3898058513873715,0.4818059530407214,-0.36621923493234604,0.011312340352396175,0.10520840494294094,0.008973258313919956,-0.03991230932939568
1629,1.2,0.0,0.1,0.0,1.0,0.0001,0.0,0.0,16.0,21.333333333333332,1.0,0.0001,5.0,6.0,0.004630475013699842,NaN,NaN,NaN,NaN,NaN,NaN,NaN,NaN,NaN,NaN,NaN
1630,1.3,0.0,0.1,0.0,1.0,0.0001,0.0,0.0,16.0,21.333333333333332,1.0,0.0001,5.0,4.0,0.004066466249752931,NaN,NaN,NaN,NaN,NaN,NaN,NaN,NaN,NaN,NaN,NaN
1631,1.4,0.0,0.1,0.0,1.0,0.0001,0.0,0.0,16.0,21.333333333333332,1.0,0.0001,5.0,0.0,3.2754021717096293e-11,NaN,NaN,NaN,NaN,NaN,NaN,NaN,NaN,NaN,NaN,NaN
1632,1.5,0.0,0.1,0.0,1.0,0.0001,0.0,0.0,16.0,21.333333333333332,1.0,0.0001,5.0,NaN,NaN,NaN,NaN,NaN,NaN,NaN,NaN,NaN,NaN,NaN,NaN,NaN
1633,0.4,0.0,0.1,0.0,1.0,0.0001,0.0,0.0,18.0,24.0,1.0,0.0001,5.0,300.0,0.0010440469710198408,7.927567561914853,0.27105014050176734,0.3386470159368462,0.7381937690609831,0.22643666710361401,0.4143051713126903,-0.01715347207243411,-0.04998944652819824,0.23160290737978886,-0.009379442508618387,-0.019767675287769917
1634,0.5,0.0,0.1,0.0,1.0,0.0001,0.0,0.0,18.0,24.0,1.0,0.0001,5.0,306.0,0.0020864414107336637,8.168481594923618,0.27521174702860673,0.33195939395470203,0.7510122151268722,0.1961669819761471,0.4114770622226262,0.05048219032248662,0.0018553349527144153,0.3256540717770224,-0.012995575366995315,-0.005442165701267727
1635,0.6,0.0,0.1,0.0,1.0,0.0001,0.0,0.0,18.0,24.0,1.0,0.0001,5.0,286.0,0.0035499814806497776,8.344887537821462,0.265789088864631,0.2873481689649927,0.7935071005757943,0.18812790903111912,0.3975492978252852,-0.24285126177062077,0.010424917096703316,0.10731516557965974,-0.012349881323636154,-0.009676332953814799
1636,0.7,0.0,0.1,0.0,1.0,0.0001,0.0,0.0,18.0,24.0,1.0,0.0001,5.0,266.0,0.005013132358169581,8.26085552110126,0.27170557541720974,0.34281603560692653,0.7376496273833288,0.2161159640144032,0.41051279153443165,-0.08144401244577285,0.0638007102476213,-0.28286533420450527,0.005836484614216621,-0.016533027833109344
1637,0.8,0.0,0.1,0.0,1.0,0.0001,0.0,0.0,18.0,24.0,1.0,0.0001,5.0,252.0,0.005821649373733195,8.02219027185418,0.3210445745296259,0.4903164622378051,0.5872756319645801,0.25982536475099555,0.4687355002896155,0.28144367671139964,-0.05744886482068828,-0.11747594217885146,-0.010338106743548,0.051468581372724316
1638,0.9,0.0,0.1,0.0,1.0,0.0001,0.0,0.0,18.0,24.0,1.0,0.0001,5.0,196.0,0.005839762225248402,7.924333228568455,0.40203547783704413,0.6827921898285665,0.3743324235498409,0.4196340212633817,0.5915431317143576,0.31091161361344205,0.08779163835797385,0.033023032054822585,0.023143781357585227,-0.06366807039661897
1639,1.0,0.0,0.1,0.0,1.0,0.0001,0.0,0.0,18.0,24.0,1.0,0.0001,5.0,78.0,0.00542717117318936,8.19579596442832,0.4912332794076523,0.5973554415644586,0.3567473896128443,0.4823221592560532,0.5497705008083789,-0.2590764880676517,-0.029193441566495625,0.013861227080224218,-0.03568794517587527,-0.01798953574038795
1640,1.1,0.0,0.1,0.0,1.0,0.0001,0.0,0.0,18.0,24.0,1.0,0.0001,5.0,20.0,0.004823996893385418,8.950470637762232,0.4069235295834486,0.4776420164256358,0.38753876177167224,0.47581197359853106,0.4696153785390531,-0.051435456633323544,0.14095385642492905,0.1248002944933998,-0.16283532388139008,-0.07267614439496342
1641,1.2,0.0,0.1,0.0,1.0,0.0001,0.0,0.0,18.0,24.0,1.0,0.0001,5.0,6.0,0.0041990345827633835,NaN,NaN,NaN,NaN,NaN,NaN,NaN,NaN,NaN,NaN,NaN
1642,1.3,0.0,0.1,0.0,1.0,0.0001,0.0,0.0,18.0,24.0,1.0,0.0001,5.0,0.0,3.2051623419793174e-6,NaN,NaN,NaN,NaN,NaN,NaN,NaN,NaN,NaN,NaN,NaN
1643,1.4,0.0,0.1,0.0,1.0,0.0001,0.0,0.0,18.0,24.0,1.0,0.0001,5.0,0.0,1.0547118733938987e-13,NaN,NaN,NaN,NaN,NaN,NaN,NaN,NaN,NaN,NaN,NaN
1644,1.5,0.0,0.1,0.0,1.0,0.0001,0.0,0.0,18.0,24.0,1.0,0.0001,5.0,NaN,NaN,NaN,NaN,NaN,NaN,NaN,NaN,NaN,NaN,NaN,NaN,NaN
1645,0.4,0.0,0.1,0.0,1.0,0.0001,0.0,0.0,20.0,26.666666666666664,1.0,0.0001,5.0,308.0,0.0010540699844938661,7.921279045790499,0.2868203590800481,0.39914854940894845,0.6671666454219556,0.24636786983189712,0.40862671834659314,-0.05459003375059037,0.013723198079265433,-0.014041573862611808,-0.016819470196847708,-0.01635873325091944
1646,0.5,0.0,0.1,0.0,1.0,0.0001,0.0,0.0,20.0,26.666666666666664,1.0,0.0001,5.0,284.0,0.002135173477468333,8.27119249641294,0.26899961212040846,0.30281469857116133,0.7495441913915624,0.20910576340615236,0.4007108320539646,0.027259843325993162,-0.0223737097944895,0.21098955391792049,0.005699279114692282,-0.0005577486549083722
1647,0.6,0.0,0.1,0.0,1.0,0.0001,0.0,0.0,20.0,26.666666666666664,1.0,0.0001,5.0,284.0,0.0036367655190898684,8.379135911010636,0.24847869916706133,0.2993801898685182,0.7889540982210418,0.18817661224164733,0.3682443732002075,0.10396141684310806,-0.024935525700671507,-0.3605656317358669,-0.005290629391336521,-0.016471545209480035
1648,0.7,0.0,0.1,0.0,1.0,0.0001,0.0,0.0,20.0,26.666666666666664,1.0,0.0001,5.0,264.0,0.005067667930822695,8.350095796810297,0.2879508942970694,0.32494265878242656,0.7371858805188599,0.20921175840961204,0.4344157171126643,0.15675378746252042,-0.03210828402957017,-0.22101779478255837,0.008845721078536865,0.0431129558392966
1649,0.8,0.0,0.1,0.0,1.0,0.0001,0.0,0.0,20.0,26.666666666666664,1.0,0.0001,5.0,232.0,0.005747589340902692,8.116229625774034,0.31345372446594405,0.38847661221446217,0.693414027076089,0.223229100682856,0.459498841034165,0.14872121024104537,0.03623410927480545,-0.36481339031756016,0.008880173903234676,0.034160902021549366
1650,0.9,0.0,0.1,0.0,1.0,0.0001,0.0,0.0,20.0,26.666666666666664,1.0,0.0001,5.0,160.0,0.0056253888375614736,8.033915443519714,0.3835041671365065,0.6745686550733216,0.36752955796356546,0.4254786068406255,0.5733456317612615,-0.13054971720846595,0.0015259488516167108,0.1160655843947052,-0.042546235303448324,-0.0032218026271838896
1651,1.0,0.0,0.1,0.0,1.0,0.0001,0.0,0.0,20.0,26.666666666666664,1.0,0.0001,5.0,62.0,0.005103887086870373,8.38668862128058,0.4516283502947235,0.6435264404781162,0.37142210521722563,0.4755759896497051,0.5490461209309064,-0.2458882331435785,0.10424516722162332,0.011511072683135901,0.04168414847411965,0.028652861907763727
1652,1.1,0.0,0.1,0.0,1.0,0.0001,0.0,0.0,20.0,26.666666666666664,1.0,0.0001,5.0,22.0,0.004459578900799288,8.841856358989165,0.3632017805078033,0.5728821988051593,0.46702473316439125,0.43547914719936676,0.5213775314567957,0.13243929478178937,-0.04533401663388961,0.1276518835109639,-0.05489772446956464,0.0424326826445089
1653,1.2,0.0,0.1,0.0,1.0,0.0001,0.0,0.0,20.0,26.666666666666664,1.0,0.0001,5.0,4.0,0.003861854487749339,NaN,NaN,NaN,NaN,NaN,NaN,NaN,NaN,NaN,NaN,NaN
1654,1.3,0.0,0.1,0.0,1.0,0.0001,0.0,0.0,20.0,26.666666666666664,1.0,0.0001,5.0,0.0,1.3931078512996464e-9,NaN,NaN,NaN,NaN,NaN,NaN,NaN,NaN,NaN,NaN,NaN
1655,1.4,0.0,0.1,0.0,1.0,0.0001,0.0,0.0,20.0,26.666666666666664,1.0,0.0001,5.0,0.0,4.063416270128073e-14,NaN,NaN,NaN,NaN,NaN,NaN,NaN,NaN,NaN,NaN,NaN
1656,1.5,0.0,0.1,0.0,1.0,0.0001,0.0,0.0,20.0,26.666666666666664,1.0,0.0001,5.0,NaN,NaN,NaN,NaN,NaN,NaN,NaN,NaN,NaN,NaN,NaN,NaN,NaN
1657,0.4,0.0,0.1,0.0,1.0,0.0001,0.0,0.0,22.0,29.333333333333332,1.0,0.0001,5.0,296.0,0.001066115556224434,8.114993658434251,0.29249876312671275,0.39572702951507166,0.6535991889884347,0.2548290296261637,0.43554225197219215,0.09833589747106597,0.014450743347540441,0.0006863552821080455,0.02064690649600509,0.004705592335799771
1658,0.5,0.0,0.1,0.0,1.0,0.0001,0.0,0.0,22.0,29.333333333333332,1.0,0.0001,5.0,268.0,0.0021861526168353573,8.38909869622493,0.27172909766854897,0.30996321458118903,0.6982087832654892,0.24790271911636244,0.38353363820282715,0.1911941778758096,0.021313510886328144,-0.2783028620279011,-0.00043292334804943036,-0.03328379355018382
1659,0.6,0.0,0.1,0.0,1.0,0.0001,0.0,0.0,22.0,29.333333333333332,1.0,0.0001,5.0,296.0,0.003716720624241554,8.42770955409083,0.26117647930748156,0.31121068185570006,0.7456222627936095,0.21357864952526504,0.3755372181950867,0.013023487943097527,0.004343404248978828,-0.11691899636515322,-0.004822386276975471,-0.00678158055491844
1660,0.7,0.0,0.1,0.0,1.0,0.0001,0.0,0.0,22.0,29.333333333333332,1.0,0.0001,5.0,276.0,0.005116411752803973,8.288478395868456,0.2636884453295768,0.27144733901767976,0.818451318533939,0.17576568519527155,0.4081587053772139,-0.188867800279848,0.036918158075776086,0.31785581677923636,0.0015715506685691257,-0.023808934130844648
1661,0.8,0.0,0.1,0.0,1.0,0.0001,0.0,0.0,22.0,29.333333333333332,1.0,0.0001,5.0,244.0,0.005656298471943377,8.042362460406133,0.32694593331285177,0.6081500377538298,0.49989236681728766,0.30537807145914175,0.494969888757527,-0.014127180491414475,0.13048750873076212,-0.16683214950718744,-0.013581924621769575,-0.02782489806208837
1662,0.9,0.0,0.1,0.0,1.0,0.0001,0.0,0.0,22.0,29.333333333333332,1.0,0.0001,5.0,170.0,0.005393769654294389,7.921487165227446,0.4026765480827633,0.7000337587428896,0.3551020073160117,0.4378330532772468,0.5555408469250737,-0.030392485322422596,0.01714995326560258,-0.005465733994995361,0.01750199635295862,0.04534217491105854
1663,1.0,0.0,0.1,0.0,1.0,0.0001,0.0,0.0,22.0,29.333333333333332,1.0,0.0001,5.0,56.0,0.004814782631623271,8.368149393961104,0.4755495910673162,0.6422075600400874,0.3874148957660028,0.46903853498723097,0.4956680836556981,0.6305854540951474,0.03842390082184536,-0.05717534191696,-0.02732342996122576,-0.050629977581914155
1664,1.1,0.0,0.1,0.0,1.0,0.0001,0.0,0.0,22.0,29.333333333333332,1.0,0.0001,5.0,12.0,0.0041532187749619975,NaN,NaN,NaN,NaN,NaN,NaN,NaN,NaN,NaN,NaN,NaN
1665,1.2,0.0,0.1,0.0,1.0,0.0001,0.0,0.0,22.0,29.333333333333332,1.0,0.0001,5.0,4.0,0.003552316091455454,NaN,NaN,NaN,NaN,NaN,NaN,NaN,NaN,NaN,NaN,NaN
1666,1.3,0.0,0.1,0.0,1.0,0.0001,0.0,0.0,22.0,29.333333333333332,1.0,0.0001,5.0,0.0,8.108758109415248e-11,NaN,NaN,NaN,NaN,NaN,NaN,NaN,NaN,NaN,NaN,NaN
1667,1.4,0.0,0.1,0.0,1.0,0.0001,0.0,0.0,22.0,29.333333333333332,1.0,0.0001,5.0,0.0,5.080380560684716e-13,NaN,NaN,NaN,NaN,NaN,NaN,NaN,NaN,NaN,NaN,NaN
1668,1.5,0.0,0.1,0.0,1.0,0.0001,0.0,0.0,22.0,29.333333333333332,1.0,0.0001,5.0,NaN,NaN,NaN,NaN,NaN,NaN,NaN,NaN,NaN,NaN,NaN,NaN,NaN
1669,0.4,0.0,0.1,0.0,1.0,0.0001,0.0,0.0,24.0,32.0,1.0,0.0001,5.0,308.0,0.0010776861561924145,8.023972619421592,0.2769659292071458,0.3664593573607898,0.7089408053649585,0.22273871080051386,0.4295071247345454,-0.07361609904166747,-0.03153520204514052,0.22543299344967824,-0.035147636064076934,0.02171288838919081
1670,0.5,0.0,0.1,0.0,1.0,0.0001,0.0,0.0,24.0,32.0,1.0,0.0001,5.0,292.0,0.0022313318025555806,8.432541697325009,0.2741557288956497,0.3095904694378746,0.732030496213808,0.23028947547353942,0.4162396927965778,-0.01770605064864776,0.03249117563426852,-0.02845711117946063,0.02349675955895526,-0.08682028594849577
1671,0.6,0.0,0.1,0.0,1.0,0.0001,0.0,0.0,24.0,32.0,1.0,0.0001,5.0,282.0,0.0038158954322429217,8.500529128454453,0.2659433567248267,0.309028653546863,0.7287928866960145,0.2227143030444458,0.40420359066591455,0.01904356294195316,-0.011963285574721995,-0.09481519016958885,0.01981744124247286,-0.0022809217846302275
1672,0.7,0.0,0.1,0.0,1.0,0.0001,0.0,0.0,24.0,32.0,1.0,0.0001,5.0,276.0,0.005176036407639084,8.424916023727958,0.26543231537424267,0.32457240372245094,0.7540865827810481,0.22447595078336036,0.4037668690619098,0.06023426925270388,0.029225210338170115,0.19421894672209308,0.023739082844264407,-0.04774641505806538
1673,0.8,0.0,0.1,0.0,1.0,0.0001,0.0,0.0,24.0,32.0,1.0,0.0001,5.0,216.0,0.005597467214004226,8.109329702260487,0.32529717001630276,0.5012906316012092,0.5721164837273804,0.2749388712816611,0.4843328701556864,-0.18373138267375513,0.046532767692306236,0.033887005987646227,-0.01747070512366552,-0.05769805493702536
1674,0.9,0.0,0.1,0.0,1.0,0.0001,0.0,0.0,24.0,32.0,1.0,0.0001,5.0,148.0,0.005205565413246904,8.003796789105737,0.40194488677505313,0.6815840061857606,0.4001576187723725,0.4612802701518509,0.555954924005728,-0.1402339634543469,0.031434786478298116,0.10089152259732745,0.007365209203925779,0.009351477022282121
1675,1.0,0.0,0.1,0.0,1.0,0.0001,0.0,0.0,24.0,32.0,1.0,0.0001,5.0,48.0,0.004552072030203691,8.450615358462073,0.45592280723049045,0.5806819869136671,0.4343473706619207,0.4935207131020605,0.5876265973353917,-0.22072082481509278,0.06999177182197155,-0.042147166916120575,0.053322687665858216,-0.07667676302881919
1676,1.1,0.0,0.1,0.0,1.0,0.0001,0.0,0.0,24.0,32.0,1.0,0.0001,5.0,12.0,0.0038866718751375817,NaN,NaN,NaN,NaN,NaN,NaN,NaN,NaN,NaN,NaN,NaN
1677,1.2,0.0,0.1,0.0,1.0,0.0001,0.0,0.0,24.0,32.0,1.0,0.0001,5.0,6.0,0.003311472890861644,NaN,NaN,NaN,NaN,NaN,NaN,NaN,NaN,NaN,NaN,NaN
1678,1.3,0.0,0.1,0.0,1.0,0.0001,0.0,0.0,24.0,32.0,1.0,0.0001,5.0,4.0,0.0028612546150628138,NaN,NaN,NaN,NaN,NaN,NaN,NaN,NaN,NaN,NaN,NaN
1679,1.4,0.0,0.1,0.0,1.0,0.0001,0.0,0.0,24.0,32.0,1.0,0.0001,5.0,NaN,NaN,NaN,NaN,NaN,NaN,NaN,NaN,NaN,NaN,NaN,NaN,NaN
1680,1.5,0.0,0.1,0.0,1.0,0.0001,0.0,0.0,24.0,32.0,1.0,0.0001,5.0,NaN,NaN,NaN,NaN,NaN,NaN,NaN,NaN,NaN,NaN,NaN,NaN,NaN
