fn,L,rho0,kd,rhocr,ap,nu1,gamma,kp,zetap,zetap2,zetarho,ar,xi,M,seed,dx,dz,dtmin,t_fin,t_prin,t_check
1,10.0,0.4,10.0,0.0,0.1,0.0,1.0,0.0001,0.0,0.0,0.0,1.3333333333333333,1.0,0.0001,1.0,0.01,0.01,0.01,200000,1000,1
2,10.0,0.5,10.0,0.0,0.1,0.0,1.0,0.0001,0.0,0.0,0.0,1.3333333333333333,1.0,0.0001,1.0,0.01,0.01,0.01,200000,1000,1
3,10.0,0.6,10.0,0.0,0.1,0.0,1.0,0.0001,0.0,0.0,0.0,1.3333333333333333,1.0,0.0001,1.0,0.01,0.01,0.01,200000,1000,1
4,10.0,0.7,10.0,0.0,0.1,0.0,1.0,0.0001,0.0,0.0,0.0,1.3333333333333333,1.0,0.0001,1.0,0.01,0.01,0.01,200000,1000,1
5,10.0,0.8,10.0,0.0,0.1,0.0,1.0,0.0001,0.0,0.0,0.0,1.3333333333333333,1.0,0.0001,1.0,0.01,0.01,0.01,200000,1000,1
6,10.0,0.9,10.0,0.0,0.1,0.0,1.0,0.0001,0.0,0.0,0.0,1.3333333333333333,1.0,0.0001,1.0,0.01,0.01,0.01,200000,1000,1
7,10.0,1.0,10.0,0.0,0.1,0.0,1.0,0.0001,0.0,0.0,0.0,1.3333333333333333,1.0,0.0001,1.0,0.01,0.01,0.01,200000,1000,1
8,10.0,1.1,10.0,0.0,0.1,0.0,1.0,0.0001,0.0,0.0,0.0,1.3333333333333333,1.0,0.0001,1.0,0.01,0.01,0.01,200000,1000,1
9,10.0,1.2,10.0,0.0,0.1,0.0,1.0,0.0001,0.0,0.0,0.0,1.3333333333333333,1.0,0.0001,1.0,0.01,0.01,0.01,200000,1000,1
10,10.0,1.3,10.0,0.0,0.1,0.0,1.0,0.0001,0.0,0.0,0.0,1.3333333333333333,1.0,0.0001,1.0,0.01,0.01,0.01,200000,1000,1
11,10.0,1.4,10.0,0.0,0.1,0.0,1.0,0.0001,0.0,0.0,0.0,1.3333333333333333,1.0,0.0001,1.0,0.01,0.01,0.01,200000,1000,1
12,10.0,1.5,10.0,0.0,0.1,0.0,1.0,0.0001,0.0,0.0,0.0,1.3333333333333333,1.0,0.0001,1.0,0.01,0.01,0.01,200000,1000,1
13,10.0,0.4,10.0,0.0,0.1,0.0,1.0,0.0001,0.0,0.0,1.0,1.3333333333333333,1.0,0.0001,1.0,0.01,0.01,0.01,200000,1000,1
14,10.0,0.5,10.0,0.0,0.1,0.0,1.0,0.0001,0.0,0.0,1.0,1.3333333333333333,1.0,0.0001,1.0,0.01,0.01,0.01,200000,1000,1
15,10.0,0.6,10.0,0.0,0.1,0.0,1.0,0.0001,0.0,0.0,1.0,1.3333333333333333,1.0,0.0001,1.0,0.01,0.01,0.01,200000,1000,1
16,10.0,0.7,10.0,0.0,0.1,0.0,1.0,0.0001,0.0,0.0,1.0,1.3333333333333333,1.0,0.0001,1.0,0.01,0.01,0.01,200000,1000,1
17,10.0,0.8,10.0,0.0,0.1,0.0,1.0,0.0001,0.0,0.0,1.0,1.3333333333333333,1.0,0.0001,1.0,0.01,0.01,0.01,200000,1000,1
18,10.0,0.9,10.0,0.0,0.1,0.0,1.0,0.0001,0.0,0.0,1.0,1.3333333333333333,1.0,0.0001,1.0,0.01,0.01,0.01,200000,1000,1
19,10.0,1.0,10.0,0.0,0.1,0.0,1.0,0.0001,0.0,0.0,1.0,1.3333333333333333,1.0,0.0001,1.0,0.01,0.01,0.01,200000,1000,1
20,10.0,1.1,10.0,0.0,0.1,0.0,1.0,0.0001,0.0,0.0,1.0,1.3333333333333333,1.0,0.0001,1.0,0.01,0.01,0.01,200000,1000,1
21,10.0,1.2,10.0,0.0,0.1,0.0,1.0,0.0001,0.0,0.0,1.0,1.3333333333333333,1.0,0.0001,1.0,0.01,0.01,0.01,200000,1000,1
22,10.0,1.3,10.0,0.0,0.1,0.0,1.0,0.0001,0.0,0.0,1.0,1.3333333333333333,1.0,0.0001,1.0,0.01,0.01,0.01,200000,1000,1
23,10.0,1.4,10.0,0.0,0.1,0.0,1.0,0.0001,0.0,0.0,1.0,1.3333333333333333,1.0,0.0001,1.0,0.01,0.01,0.01,200000,1000,1
24,10.0,1.5,10.0,0.0,0.1,0.0,1.0,0.0001,0.0,0.0,1.0,1.3333333333333333,1.0,0.0001,1.0,0.01,0.01,0.01,200000,1000,1
25,10.0,0.4,10.0,0.0,0.1,0.0,1.0,0.0001,0.0,0.0,2.0,2.6666666666666665,1.0,0.0001,1.0,0.01,0.01,0.01,200000,1000,1
26,10.0,0.5,10.0,0.0,0.1,0.0,1.0,0.0001,0.0,0.0,2.0,2.6666666666666665,1.0,0.0001,1.0,0.01,0.01,0.01,200000,1000,1
27,10.0,0.6,10.0,0.0,0.1,0.0,1.0,0.0001,0.0,0.0,2.0,2.6666666666666665,1.0,0.0001,1.0,0.01,0.01,0.01,200000,1000,1
28,10.0,0.7,10.0,0.0,0.1,0.0,1.0,0.0001,0.0,0.0,2.0,2.6666666666666665,1.0,0.0001,1.0,0.01,0.01,0.01,200000,1000,1
29,10.0,0.8,10.0,0.0,0.1,0.0,1.0,0.0001,0.0,0.0,2.0,2.6666666666666665,1.0,0.0001,1.0,0.01,0.01,0.01,200000,1000,1
30,10.0,0.9,10.0,0.0,0.1,0.0,1.0,0.0001,0.0,0.0,2.0,2.6666666666666665,1.0,0.0001,1.0,0.01,0.01,0.01,200000,1000,1
31,10.0,1.0,10.0,0.0,0.1,0.0,1.0,0.0001,0.0,0.0,2.0,2.6666666666666665,1.0,0.0001,1.0,0.01,0.01,0.01,200000,1000,1
32,10.0,1.1,10.0,0.0,0.1,0.0,1.0,0.0001,0.0,0.0,2.0,2.6666666666666665,1.0,0.0001,1.0,0.01,0.01,0.01,200000,1000,1
33,10.0,1.2,10.0,0.0,0.1,0.0,1.0,0.0001,0.0,0.0,2.0,2.6666666666666665,1.0,0.0001,1.0,0.01,0.01,0.01,200000,1000,1
34,10.0,1.3,10.0,0.0,0.1,0.0,1.0,0.0001,0.0,0.0,2.0,2.6666666666666665,1.0,0.0001,1.0,0.01,0.01,0.01,200000,1000,1
35,10.0,1.4,10.0,0.0,0.1,0.0,1.0,0.0001,0.0,0.0,2.0,2.6666666666666665,1.0,0.0001,1.0,0.01,0.01,0.01,200000,1000,1
36,10.0,1.5,10.0,0.0,0.1,0.0,1.0,0.0001,0.0,0.0,2.0,2.6666666666666665,1.0,0.0001,1.0,0.01,0.01,0.01,200000,1000,1
37,10.0,0.4,10.0,0.0,0.1,0.0,1.0,0.0001,0.0,0.0,4.0,5.333333333333333,1.0,0.0001,1.0,0.01,0.01,0.01,200000,1000,1
38,10.0,0.5,10.0,0.0,0.1,0.0,1.0,0.0001,0.0,0.0,4.0,5.333333333333333,1.0,0.0001,1.0,0.01,0.01,0.01,200000,1000,1
39,10.0,0.6,10.0,0.0,0.1,0.0,1.0,0.0001,0.0,0.0,4.0,5.333333333333333,1.0,0.0001,1.0,0.01,0.01,0.01,200000,1000,1
40,10.0,0.7,10.0,0.0,0.1,0.0,1.0,0.0001,0.0,0.0,4.0,5.333333333333333,1.0,0.0001,1.0,0.01,0.01,0.01,200000,1000,1
41,10.0,0.8,10.0,0.0,0.1,0.0,1.0,0.0001,0.0,0.0,4.0,5.333333333333333,1.0,0.0001,1.0,0.01,0.01,0.01,200000,1000,1
42,10.0,0.9,10.0,0.0,0.1,0.0,1.0,0.0001,0.0,0.0,4.0,5.333333333333333,1.0,0.0001,1.0,0.01,0.01,0.01,200000,1000,1
43,10.0,1.0,10.0,0.0,0.1,0.0,1.0,0.0001,0.0,0.0,4.0,5.333333333333333,1.0,0.0001,1.0,0.01,0.01,0.01,200000,1000,1
44,10.0,1.1,10.0,0.0,0.1,0.0,1.0,0.0001,0.0,0.0,4.0,5.333333333333333,1.0,0.0001,1.0,0.01,0.01,0.01,200000,1000,1
45,10.0,1.2,10.0,0.0,0.1,0.0,1.0,0.0001,0.0,0.0,4.0,5.333333333333333,1.0,0.0001,1.0,0.01,0.01,0.01,200000,1000,1
46,10.0,1.3,10.0,0.0,0.1,0.0,1.0,0.0001,0.0,0.0,4.0,5.333333333333333,1.0,0.0001,1.0,0.01,0.01,0.01,200000,1000,1
47,10.0,1.4,10.0,0.0,0.1,0.0,1.0,0.0001,0.0,0.0,4.0,5.333333333333333,1.0,0.0001,1.0,0.01,0.01,0.01,200000,1000,1
48,10.0,1.5,10.0,0.0,0.1,0.0,1.0,0.0001,0.0,0.0,4.0,5.333333333333333,1.0,0.0001,1.0,0.01,0.01,0.01,200000,1000,1
49,10.0,0.4,10.0,0.0,0.1,0.0,1.0,0.0001,0.0,0.0,6.0,8.0,1.0,0.0001,1.0,0.01,0.01,0.01,200000,1000,1
50,10.0,0.5,10.0,0.0,0.1,0.0,1.0,0.0001,0.0,0.0,6.0,8.0,1.0,0.0001,1.0,0.01,0.01,0.01,200000,1000,1
51,10.0,0.6,10.0,0.0,0.1,0.0,1.0,0.0001,0.0,0.0,6.0,8.0,1.0,0.0001,1.0,0.01,0.01,0.01,200000,1000,1
52,10.0,0.7,10.0,0.0,0.1,0.0,1.0,0.0001,0.0,0.0,6.0,8.0,1.0,0.0001,1.0,0.01,0.01,0.01,200000,1000,1
53,10.0,0.8,10.0,0.0,0.1,0.0,1.0,0.0001,0.0,0.0,6.0,8.0,1.0,0.0001,1.0,0.01,0.01,0.01,200000,1000,1
54,10.0,0.9,10.0,0.0,0.1,0.0,1.0,0.0001,0.0,0.0,6.0,8.0,1.0,0.0001,1.0,0.01,0.01,0.01,200000,1000,1
55,10.0,1.0,10.0,0.0,0.1,0.0,1.0,0.0001,0.0,0.0,6.0,8.0,1.0,0.0001,1.0,0.01,0.01,0.01,200000,1000,1
56,10.0,1.1,10.0,0.0,0.1,0.0,1.0,0.0001,0.0,0.0,6.0,8.0,1.0,0.0001,1.0,0.01,0.01,0.01,200000,1000,1
57,10.0,1.2,10.0,0.0,0.1,0.0,1.0,0.0001,0.0,0.0,6.0,8.0,1.0,0.0001,1.0,0.01,0.01,0.01,200000,1000,1
58,10.0,1.3,10.0,0.0,0.1,0.0,1.0,0.0001,0.0,0.0,6.0,8.0,1.0,0.0001,1.0,0.01,0.01,0.01,200000,1000,1
59,10.0,1.4,10.0,0.0,0.1,0.0,1.0,0.0001,0.0,0.0,6.0,8.0,1.0,0.0001,1.0,0.01,0.01,0.01,200000,1000,1
60,10.0,1.5,10.0,0.0,0.1,0.0,1.0,0.0001,0.0,0.0,6.0,8.0,1.0,0.0001,1.0,0.01,0.01,0.01,200000,1000,1
61,10.0,0.4,10.0,0.0,0.1,0.0,1.0,0.0001,0.0,0.0,8.0,10.666666666666666,1.0,0.0001,1.0,0.01,0.01,0.01,200000,1000,1
62,10.0,0.5,10.0,0.0,0.1,0.0,1.0,0.0001,0.0,0.0,8.0,10.666666666666666,1.0,0.0001,1.0,0.01,0.01,0.01,200000,1000,1
63,10.0,0.6,10.0,0.0,0.1,0.0,1.0,0.0001,0.0,0.0,8.0,10.666666666666666,1.0,0.0001,1.0,0.01,0.01,0.01,200000,1000,1
64,10.0,0.7,10.0,0.0,0.1,0.0,1.0,0.0001,0.0,0.0,8.0,10.666666666666666,1.0,0.0001,1.0,0.01,0.01,0.01,200000,1000,1
65,10.0,0.8,10.0,0.0,0.1,0.0,1.0,0.0001,0.0,0.0,8.0,10.666666666666666,1.0,0.0001,1.0,0.01,0.01,0.01,200000,1000,1
66,10.0,0.9,10.0,0.0,0.1,0.0,1.0,0.0001,0.0,0.0,8.0,10.666666666666666,1.0,0.0001,1.0,0.01,0.01,0.01,200000,1000,1
67,10.0,1.0,10.0,0.0,0.1,0.0,1.0,0.0001,0.0,0.0,8.0,10.666666666666666,1.0,0.0001,1.0,0.01,0.01,0.01,200000,1000,1
68,10.0,1.1,10.0,0.0,0.1,0.0,1.0,0.0001,0.0,0.0,8.0,10.666666666666666,1.0,0.0001,1.0,0.01,0.01,0.01,200000,1000,1
69,10.0,1.2,10.0,0.0,0.1,0.0,1.0,0.0001,0.0,0.0,8.0,10.666666666666666,1.0,0.0001,1.0,0.01,0.01,0.01,200000,1000,1
70,10.0,1.3,10.0,0.0,0.1,0.0,1.0,0.0001,0.0,0.0,8.0,10.666666666666666,1.0,0.0001,1.0,0.01,0.01,0.01,200000,1000,1
71,10.0,1.4,10.0,0.0,0.1,0.0,1.0,0.0001,0.0,0.0,8.0,10.666666666666666,1.0,0.0001,1.0,0.01,0.01,0.01,200000,1000,1
72,10.0,1.5,10.0,0.0,0.1,0.0,1.0,0.0001,0.0,0.0,8.0,10.666666666666666,1.0,0.0001,1.0,0.01,0.01,0.01,200000,1000,1
73,10.0,0.4,10.0,0.0,0.1,0.0,1.0,0.0001,0.0,0.0,10.0,13.333333333333334,1.0,0.0001,1.0,0.01,0.01,0.01,200000,1000,1
74,10.0,0.5,10.0,0.0,0.1,0.0,1.0,0.0001,0.0,0.0,10.0,13.333333333333334,1.0,0.0001,1.0,0.01,0.01,0.01,200000,1000,1
75,10.0,0.6,10.0,0.0,0.1,0.0,1.0,0.0001,0.0,0.0,10.0,13.333333333333334,1.0,0.0001,1.0,0.01,0.01,0.01,200000,1000,1
76,10.0,0.7,10.0,0.0,0.1,0.0,1.0,0.0001,0.0,0.0,10.0,13.333333333333334,1.0,0.0001,1.0,0.01,0.01,0.01,200000,1000,1
77,10.0,0.8,10.0,0.0,0.1,0.0,1.0,0.0001,0.0,0.0,10.0,13.333333333333334,1.0,0.0001,1.0,0.01,0.01,0.01,200000,1000,1
78,10.0,0.9,10.0,0.0,0.1,0.0,1.0,0.0001,0.0,0.0,10.0,13.333333333333334,1.0,0.0001,1.0,0.01,0.01,0.01,200000,1000,1
79,10.0,1.0,10.0,0.0,0.1,0.0,1.0,0.0001,0.0,0.0,10.0,13.333333333333334,1.0,0.0001,1.0,0.01,0.01,0.01,200000,1000,1
80,10.0,1.1,10.0,0.0,0.1,0.0,1.0,0.0001,0.0,0.0,10.0,13.333333333333334,1.0,0.0001,1.0,0.01,0.01,0.01,200000,1000,1
81,10.0,1.2,10.0,0.0,0.1,0.0,1.0,0.0001,0.0,0.0,10.0,13.333333333333334,1.0,0.0001,1.0,0.01,0.01,0.01,200000,1000,1
82,10.0,1.3,10.0,0.0,0.1,0.0,1.0,0.0001,0.0,0.0,10.0,13.333333333333334,1.0,0.0001,1.0,0.01,0.01,0.01,200000,1000,1
83,10.0,1.4,10.0,0.0,0.1,0.0,1.0,0.0001,0.0,0.0,10.0,13.333333333333334,1.0,0.0001,1.0,0.01,0.01,0.01,200000,1000,1
84,10.0,1.5,10.0,0.0,0.1,0.0,1.0,0.0001,0.0,0.0,10.0,13.333333333333334,1.0,0.0001,1.0,0.01,0.01,0.01,200000,1000,1
85,10.0,0.4,10.0,0.0,0.1,0.0,1.0,0.0001,0.0,0.0,12.0,16.0,1.0,0.0001,1.0,0.01,0.01,0.01,200000,1000,1
86,10.0,0.5,10.0,0.0,0.1,0.0,1.0,0.0001,0.0,0.0,12.0,16.0,1.0,0.0001,1.0,0.01,0.01,0.01,200000,1000,1
87,10.0,0.6,10.0,0.0,0.1,0.0,1.0,0.0001,0.0,0.0,12.0,16.0,1.0,0.0001,1.0,0.01,0.01,0.01,200000,1000,1
88,10.0,0.7,10.0,0.0,0.1,0.0,1.0,0.0001,0.0,0.0,12.0,16.0,1.0,0.0001,1.0,0.01,0.01,0.01,200000,1000,1
89,10.0,0.8,10.0,0.0,0.1,0.0,1.0,0.0001,0.0,0.0,12.0,16.0,1.0,0.0001,1.0,0.01,0.01,0.01,200000,1000,1
90,10.0,0.9,10.0,0.0,0.1,0.0,1.0,0.0001,0.0,0.0,12.0,16.0,1.0,0.0001,1.0,0.01,0.01,0.01,200000,1000,1
91,10.0,1.0,10.0,0.0,0.1,0.0,1.0,0.0001,0.0,0.0,12.0,16.0,1.0,0.0001,1.0,0.01,0.01,0.01,200000,1000,1
92,10.0,1.1,10.0,0.0,0.1,0.0,1.0,0.0001,0.0,0.0,12.0,16.0,1.0,0.0001,1.0,0.01,0.01,0.01,200000,1000,1
93,10.0,1.2,10.0,0.0,0.1,0.0,1.0,0.0001,0.0,0.0,12.0,16.0,1.0,0.0001,1.0,0.01,0.01,0.01,200000,1000,1
94,10.0,1.3,10.0,0.0,0.1,0.0,1.0,0.0001,0.0,0.0,12.0,16.0,1.0,0.0001,1.0,0.01,0.01,0.01,200000,1000,1
95,10.0,1.4,10.0,0.0,0.1,0.0,1.0,0.0001,0.0,0.0,12.0,16.0,1.0,0.0001,1.0,0.01,0.01,0.01,200000,1000,1
96,10.0,1.5,10.0,0.0,0.1,0.0,1.0,0.0001,0.0,0.0,12.0,16.0,1.0,0.0001,1.0,0.01,0.01,0.01,200000,1000,1
97,10.0,0.4,10.0,0.0,0.1,0.0,1.0,0.0001,0.0,0.0,14.0,18.666666666666668,1.0,0.0001,1.0,0.01,0.01,0.01,200000,1000,1
98,10.0,0.5,10.0,0.0,0.1,0.0,1.0,0.0001,0.0,0.0,14.0,18.666666666666668,1.0,0.0001,1.0,0.01,0.01,0.01,200000,1000,1
99,10.0,0.6,10.0,0.0,0.1,0.0,1.0,0.0001,0.0,0.0,14.0,18.666666666666668,1.0,0.0001,1.0,0.01,0.01,0.01,200000,1000,1
100,10.0,0.7,10.0,0.0,0.1,0.0,1.0,0.0001,0.0,0.0,14.0,18.666666666666668,1.0,0.0001,1.0,0.01,0.01,0.01,200000,1000,1
101,10.0,0.8,10.0,0.0,0.1,0.0,1.0,0.0001,0.0,0.0,14.0,18.666666666666668,1.0,0.0001,1.0,0.01,0.01,0.01,200000,1000,1
102,10.0,0.9,10.0,0.0,0.1,0.0,1.0,0.0001,0.0,0.0,14.0,18.666666666666668,1.0,0.0001,1.0,0.01,0.01,0.01,200000,1000,1
103,10.0,1.0,10.0,0.0,0.1,0.0,1.0,0.0001,0.0,0.0,14.0,18.666666666666668,1.0,0.0001,1.0,0.01,0.01,0.01,200000,1000,1
104,10.0,1.1,10.0,0.0,0.1,0.0,1.0,0.0001,0.0,0.0,14.0,18.666666666666668,1.0,0.0001,1.0,0.01,0.01,0.01,200000,1000,1
105,10.0,1.2,10.0,0.0,0.1,0.0,1.0,0.0001,0.0,0.0,14.0,18.666666666666668,1.0,0.0001,1.0,0.01,0.01,0.01,200000,1000,1
106,10.0,1.3,10.0,0.0,0.1,0.0,1.0,0.0001,0.0,0.0,14.0,18.666666666666668,1.0,0.0001,1.0,0.01,0.01,0.01,200000,1000,1
107,10.0,1.4,10.0,0.0,0.1,0.0,1.0,0.0001,0.0,0.0,14.0,18.666666666666668,1.0,0.0001,1.0,0.01,0.01,0.01,200000,1000,1
108,10.0,1.5,10.0,0.0,0.1,0.0,1.0,0.0001,0.0,0.0,14.0,18.666666666666668,1.0,0.0001,1.0,0.01,0.01,0.01,200000,1000,1
109,10.0,0.4,10.0,0.0,0.1,0.0,1.0,0.0001,0.0,0.0,16.0,21.333333333333332,1.0,0.0001,1.0,0.01,0.01,0.01,200000,1000,1
110,10.0,0.5,10.0,0.0,0.1,0.0,1.0,0.0001,0.0,0.0,16.0,21.333333333333332,1.0,0.0001,1.0,0.01,0.01,0.01,200000,1000,1
111,10.0,0.6,10.0,0.0,0.1,0.0,1.0,0.0001,0.0,0.0,16.0,21.333333333333332,1.0,0.0001,1.0,0.01,0.01,0.01,200000,1000,1
112,10.0,0.7,10.0,0.0,0.1,0.0,1.0,0.0001,0.0,0.0,16.0,21.333333333333332,1.0,0.0001,1.0,0.01,0.01,0.01,200000,1000,1
113,10.0,0.8,10.0,0.0,0.1,0.0,1.0,0.0001,0.0,0.0,16.0,21.333333333333332,1.0,0.0001,1.0,0.01,0.01,0.01,200000,1000,1
114,10.0,0.9,10.0,0.0,0.1,0.0,1.0,0.0001,0.0,0.0,16.0,21.333333333333332,1.0,0.0001,1.0,0.01,0.01,0.01,200000,1000,1
115,10.0,1.0,10.0,0.0,0.1,0.0,1.0,0.0001,0.0,0.0,16.0,21.333333333333332,1.0,0.0001,1.0,0.01,0.01,0.01,200000,1000,1
116,10.0,1.1,10.0,0.0,0.1,0.0,1.0,0.0001,0.0,0.0,16.0,21.333333333333332,1.0,0.0001,1.0,0.01,0.01,0.01,200000,1000,1
117,10.0,1.2,10.0,0.0,0.1,0.0,1.0,0.0001,0.0,0.0,16.0,21.333333333333332,1.0,0.0001,1.0,0.01,0.01,0.01,200000,1000,1
118,10.0,1.3,10.0,0.0,0.1,0.0,1.0,0.0001,0.0,0.0,16.0,21.333333333333332,1.0,0.0001,1.0,0.01,0.01,0.01,200000,1000,1
119,10.0,1.4,10.0,0.0,0.1,0.0,1.0,0.0001,0.0,0.0,16.0,21.333333333333332,1.0,0.0001,1.0,0.01,0.01,0.01,200000,1000,1
120,10.0,1.5,10.0,0.0,0.1,0.0,1.0,0.0001,0.0,0.0,16.0,21.333333333333332,1.0,0.0001,1.0,0.01,0.01,0.01,200000,1000,1
121,10.0,0.4,10.0,0.0,0.1,0.0,1.0,0.0001,0.0,0.0,18.0,24.0,1.0,0.0001,1.0,0.01,0.01,0.01,200000,1000,1
122,10.0,0.5,10.0,0.0,0.1,0.0,1.0,0.0001,0.0,0.0,18.0,24.0,1.0,0.0001,1.0,0.01,0.01,0.01,200000,1000,1
123,10.0,0.6,10.0,0.0,0.1,0.0,1.0,0.0001,0.0,0.0,18.0,24.0,1.0,0.0001,1.0,0.01,0.01,0.01,200000,1000,1
124,10.0,0.7,10.0,0.0,0.1,0.0,1.0,0.0001,0.0,0.0,18.0,24.0,1.0,0.0001,1.0,0.01,0.01,0.01,200000,1000,1
125,10.0,0.8,10.0,0.0,0.1,0.0,1.0,0.0001,0.0,0.0,18.0,24.0,1.0,0.0001,1.0,0.01,0.01,0.01,200000,1000,1
126,10.0,0.9,10.0,0.0,0.1,0.0,1.0,0.0001,0.0,0.0,18.0,24.0,1.0,0.0001,1.0,0.01,0.01,0.01,200000,1000,1
127,10.0,1.0,10.0,0.0,0.1,0.0,1.0,0.0001,0.0,0.0,18.0,24.0,1.0,0.0001,1.0,0.01,0.01,0.01,200000,1000,1
128,10.0,1.1,10.0,0.0,0.1,0.0,1.0,0.0001,0.0,0.0,18.0,24.0,1.0,0.0001,1.0,0.01,0.01,0.01,200000,1000,1
129,10.0,1.2,10.0,0.0,0.1,0.0,1.0,0.0001,0.0,0.0,18.0,24.0,1.0,0.0001,1.0,0.01,0.01,0.01,200000,1000,1
130,10.0,1.3,10.0,0.0,0.1,0.0,1.0,0.0001,0.0,0.0,18.0,24.0,1.0,0.0001,1.0,0.01,0.01,0.01,200000,1000,1
131,10.0,1.4,10.0,0.0,0.1,0.0,1.0,0.0001,0.0,0.0,18.0,24.0,1.0,0.0001,1.0,0.01,0.01,0.01,200000,1000,1
132,10.0,1.5,10.0,0.0,0.1,0.0,1.0,0.0001,0.0,0.0,18.0,24.0,1.0,0.0001,1.0,0.01,0.01,0.01,200000,1000,1
133,10.0,0.4,10.0,0.0,0.1,0.0,1.0,0.0001,0.0,0.0,20.0,26.666666666666668,1.0,0.0001,1.0,0.01,0.01,0.01,200000,1000,1
134,10.0,0.5,10.0,0.0,0.1,0.0,1.0,0.0001,0.0,0.0,20.0,26.666666666666668,1.0,0.0001,1.0,0.01,0.01,0.01,200000,1000,1
135,10.0,0.6,10.0,0.0,0.1,0.0,1.0,0.0001,0.0,0.0,20.0,26.666666666666668,1.0,0.0001,1.0,0.01,0.01,0.01,200000,1000,1
136,10.0,0.7,10.0,0.0,0.1,0.0,1.0,0.0001,0.0,0.0,20.0,26.666666666666668,1.0,0.0001,1.0,0.01,0.01,0.01,200000,1000,1
137,10.0,0.8,10.0,0.0,0.1,0.0,1.0,0.0001,0.0,0.0,20.0,26.666666666666668,1.0,0.0001,1.0,0.01,0.01,0.01,200000,1000,1
138,10.0,0.9,10.0,0.0,0.1,0.0,1.0,0.0001,0.0,0.0,20.0,26.666666666666668,1.0,0.0001,1.0,0.01,0.01,0.01,200000,1000,1
139,10.0,1.0,10.0,0.0,0.1,0.0,1.0,0.0001,0.0,0.0,20.0,26.666666666666668,1.0,0.0001,1.0,0.01,0.01,0.01,200000,1000,1
140,10.0,1.1,10.0,0.0,0.1,0.0,1.0,0.0001,0.0,0.0,20.0,26.666666666666668,1.0,0.0001,1.0,0.01,0.01,0.01,200000,1000,1
141,10.0,1.2,10.0,0.0,0.1,0.0,1.0,0.0001,0.0,0.0,20.0,26.666666666666668,1.0,0.0001,1.0,0.01,0.01,0.01,200000,1000,1
142,10.0,1.3,10.0,0.0,0.1,0.0,1.0,0.0001,0.0,0.0,20.0,26.666666666666668,1.0,0.0001,1.0,0.01,0.01,0.01,200000,1000,1
143,10.0,1.4,10.0,0.0,0.1,0.0,1.0,0.0001,0.0,0.0,20.0,26.666666666666668,1.0,0.0001,1.0,0.01,0.01,0.01,200000,1000,1
144,10.0,1.5,10.0,0.0,0.1,0.0,1.0,0.0001,0.0,0.0,20.0,26.666666666666668,1.0,0.0001,1.0,0.01,0.01,0.01,200000,1000,1
145,10.0,0.4,10.0,0.0,0.1,0.0,1.0,0.0001,0.0,0.0,22.0,29.333333333333332,1.0,0.0001,1.0,0.01,0.01,0.01,200000,1000,1
146,10.0,0.5,10.0,0.0,0.1,0.0,1.0,0.0001,0.0,0.0,22.0,29.333333333333332,1.0,0.0001,1.0,0.01,0.01,0.01,200000,1000,1
147,10.0,0.6,10.0,0.0,0.1,0.0,1.0,0.0001,0.0,0.0,22.0,29.333333333333332,1.0,0.0001,1.0,0.01,0.01,0.01,200000,1000,1
148,10.0,0.7,10.0,0.0,0.1,0.0,1.0,0.0001,0.0,0.0,22.0,29.333333333333332,1.0,0.0001,1.0,0.01,0.01,0.01,200000,1000,1
149,10.0,0.8,10.0,0.0,0.1,0.0,1.0,0.0001,0.0,0.0,22.0,29.333333333333332,1.0,0.0001,1.0,0.01,0.01,0.01,200000,1000,1
150,10.0,0.9,10.0,0.0,0.1,0.0,1.0,0.0001,0.0,0.0,22.0,29.333333333333332,1.0,0.0001,1.0,0.01,0.01,0.01,200000,1000,1
151,10.0,1.0,10.0,0.0,0.1,0.0,1.0,0.0001,0.0,0.0,22.0,29.333333333333332,1.0,0.0001,1.0,0.01,0.01,0.01,200000,1000,1
152,10.0,1.1,10.0,0.0,0.1,0.0,1.0,0.0001,0.0,0.0,22.0,29.333333333333332,1.0,0.0001,1.0,0.01,0.01,0.01,200000,1000,1
153,10.0,1.2,10.0,0.0,0.1,0.0,1.0,0.0001,0.0,0.0,22.0,29.333333333333332,1.0,0.0001,1.0,0.01,0.01,0.01,200000,1000,1
154,10.0,1.3,10.0,0.0,0.1,0.0,1.0,0.0001,0.0,0.0,22.0,29.333333333333332,1.0,0.0001,1.0,0.01,0.01,0.01,200000,1000,1
155,10.0,1.4,10.0,0.0,0.1,0.0,1.0,0.0001,0.0,0.0,22.0,29.333333333333332,1.0,0.0001,1.0,0.01,0.01,0.01,200000,1000,1
156,10.0,1.5,10.0,0.0,0.1,0.0,1.0,0.0001,0.0,0.0,22.0,29.333333333333332,1.0,0.0001,1.0,0.01,0.01,0.01,200000,1000,1
157,10.0,0.4,10.0,0.0,0.1,0.0,1.0,0.0001,0.0,0.0,24.0,32.0,1.0,0.0001,1.0,0.01,0.01,0.01,200000,1000,1
158,10.0,0.5,10.0,0.0,0.1,0.0,1.0,0.0001,0.0,0.0,24.0,32.0,1.0,0.0001,1.0,0.01,0.01,0.01,200000,1000,1
159,10.0,0.6,10.0,0.0,0.1,0.0,1.0,0.0001,0.0,0.0,24.0,32.0,1.0,0.0001,1.0,0.01,0.01,0.01,200000,1000,1
160,10.0,0.7,10.0,0.0,0.1,0.0,1.0,0.0001,0.0,0.0,24.0,32.0,1.0,0.0001,1.0,0.01,0.01,0.01,200000,1000,1
161,10.0,0.8,10.0,0.0,0.1,0.0,1.0,0.0001,0.0,0.0,24.0,32.0,1.0,0.0001,1.0,0.01,0.01,0.01,200000,1000,1
162,10.0,0.9,10.0,0.0,0.1,0.0,1.0,0.0001,0.0,0.0,24.0,32.0,1.0,0.0001,1.0,0.01,0.01,0.01,200000,1000,1
163,10.0,1.0,10.0,0.0,0.1,0.0,1.0,0.0001,0.0,0.0,24.0,32.0,1.0,0.0001,1.0,0.01,0.01,0.01,200000,1000,1
164,10.0,1.1,10.0,0.0,0.1,0.0,1.0,0.0001,0.0,0.0,24.0,32.0,1.0,0.0001,1.0,0.01,0.01,0.01,200000,1000,1
165,10.0,1.2,10.0,0.0,0.1,0.0,1.0,0.0001,0.0,0.0,24.0,32.0,1.0,0.0001,1.0,0.01,0.01,0.01,200000,1000,1
166,10.0,1.3,10.0,0.0,0.1,0.0,1.0,0.0001,0.0,0.0,24.0,32.0,1.0,0.0001,1.0,0.01,0.01,0.01,200000,1000,1
167,10.0,1.4,10.0,0.0,0.1,0.0,1.0,0.0001,0.0,0.0,24.0,32.0,1.0,0.0001,1.0,0.01,0.01,0.01,200000,1000,1
168,10.0,1.5,10.0,0.0,0.1,0.0,1.0,0.0001,0.0,0.0,24.0,32.0,1.0,0.0001,1.0,0.01,0.01,0.01,200000,1000,1
169,10.0,0.4,5.0,0.0,0.1,0.0,1.0,0.0001,0.0,0.0,0.0,1.3333333333333333,1.0,0.0001,1.0,0.01,0.01,0.01,200000,1000,1
170,10.0,0.5,5.0,0.0,0.1,0.0,1.0,0.0001,0.0,0.0,0.0,1.3333333333333333,1.0,0.0001,1.0,0.01,0.01,0.01,200000,1000,1
171,10.0,0.6,5.0,0.0,0.1,0.0,1.0,0.0001,0.0,0.0,0.0,1.3333333333333333,1.0,0.0001,1.0,0.01,0.01,0.01,200000,1000,1
172,10.0,0.7,5.0,0.0,0.1,0.0,1.0,0.0001,0.0,0.0,0.0,1.3333333333333333,1.0,0.0001,1.0,0.01,0.01,0.01,200000,1000,1
173,10.0,0.8,5.0,0.0,0.1,0.0,1.0,0.0001,0.0,0.0,0.0,1.3333333333333333,1.0,0.0001,1.0,0.01,0.01,0.01,200000,1000,1
174,10.0,0.9,5.0,0.0,0.1,0.0,1.0,0.0001,0.0,0.0,0.0,1.3333333333333333,1.0,0.0001,1.0,0.01,0.01,0.01,200000,1000,1
175,10.0,1.0,5.0,0.0,0.1,0.0,1.0,0.0001,0.0,0.0,0.0,1.3333333333333333,1.0,0.0001,1.0,0.01,0.01,0.01,200000,1000,1
176,10.0,1.1,5.0,0.0,0.1,0.0,1.0,0.0001,0.0,0.0,0.0,1.3333333333333333,1.0,0.0001,1.0,0.01,0.01,0.01,200000,1000,1
177,10.0,1.2,5.0,0.0,0.1,0.0,1.0,0.0001,0.0,0.0,0.0,1.3333333333333333,1.0,0.0001,1.0,0.01,0.01,0.01,200000,1000,1
178,10.0,1.3,5.0,0.0,0.1,0.0,1.0,0.0001,0.0,0.0,0.0,1.3333333333333333,1.0,0.0001,1.0,0.01,0.01,0.01,200000,1000,1
179,10.0,1.4,5.0,0.0,0.1,0.0,1.0,0.0001,0.0,0.0,0.0,1.3333333333333333,1.0,0.0001,1.0,0.01,0.01,0.01,200000,1000,1
180,10.0,1.5,5.0,0.0,0.1,0.0,1.0,0.0001,0.0,0.0,0.0,1.3333333333333333,1.0,0.0001,1.0,0.01,0.01,0.01,200000,1000,1
181,10.0,0.4,5.0,0.0,0.1,0.0,1.0,0.0001,0.0,0.0,1.0,1.3333333333333333,1.0,0.0001,1.0,0.01,0.01,0.01,200000,1000,1
182,10.0,0.5,5.0,0.0,0.1,0.0,1.0,0.0001,0.0,0.0,1.0,1.3333333333333333,1.0,0.0001,1.0,0.01,0.01,0.01,200000,1000,1
183,10.0,0.6,5.0,0.0,0.1,0.0,1.0,0.0001,0.0,0.0,1.0,1.3333333333333333,1.0,0.0001,1.0,0.01,0.01,0.01,200000,1000,1
184,10.0,0.7,5.0,0.0,0.1,0.0,1.0,0.0001,0.0,0.0,1.0,1.3333333333333333,1.0,0.0001,1.0,0.01,0.01,0.01,200000,1000,1
185,10.0,0.8,5.0,0.0,0.1,0.0,1.0,0.0001,0.0,0.0,1.0,1.3333333333333333,1.0,0.0001,1.0,0.01,0.01,0.01,200000,1000,1
186,10.0,0.9,5.0,0.0,0.1,0.0,1.0,0.0001,0.0,0.0,1.0,1.3333333333333333,1.0,0.0001,1.0,0.01,0.01,0.01,200000,1000,1
187,10.0,1.0,5.0,0.0,0.1,0.0,1.0,0.0001,0.0,0.0,1.0,1.3333333333333333,1.0,0.0001,1.0,0.01,0.01,0.01,200000,1000,1
188,10.0,1.1,5.0,0.0,0.1,0.0,1.0,0.0001,0.0,0.0,1.0,1.3333333333333333,1.0,0.0001,1.0,0.01,0.01,0.01,200000,1000,1
189,10.0,1.2,5.0,0.0,0.1,0.0,1.0,0.0001,0.0,0.0,1.0,1.3333333333333333,1.0,0.0001,1.0,0.01,0.01,0.01,200000,1000,1
190,10.0,1.3,5.0,0.0,0.1,0.0,1.0,0.0001,0.0,0.0,1.0,1.3333333333333333,1.0,0.0001,1.0,0.01,0.01,0.01,200000,1000,1
191,10.0,1.4,5.0,0.0,0.1,0.0,1.0,0.0001,0.0,0.0,1.0,1.3333333333333333,1.0,0.0001,1.0,0.01,0.01,0.01,200000,1000,1
192,10.0,1.5,5.0,0.0,0.1,0.0,1.0,0.0001,0.0,0.0,1.0,1.3333333333333333,1.0,0.0001,1.0,0.01,0.01,0.01,200000,1000,1
193,10.0,0.4,5.0,0.0,0.1,0.0,1.0,0.0001,0.0,0.0,2.0,2.6666666666666665,1.0,0.0001,1.0,0.01,0.01,0.01,200000,1000,1
194,10.0,0.5,5.0,0.0,0.1,0.0,1.0,0.0001,0.0,0.0,2.0,2.6666666666666665,1.0,0.0001,1.0,0.01,0.01,0.01,200000,1000,1
195,10.0,0.6,5.0,0.0,0.1,0.0,1.0,0.0001,0.0,0.0,2.0,2.6666666666666665,1.0,0.0001,1.0,0.01,0.01,0.01,200000,1000,1
196,10.0,0.7,5.0,0.0,0.1,0.0,1.0,0.0001,0.0,0.0,2.0,2.6666666666666665,1.0,0.0001,1.0,0.01,0.01,0.01,200000,1000,1
197,10.0,0.8,5.0,0.0,0.1,0.0,1.0,0.0001,0.0,0.0,2.0,2.6666666666666665,1.0,0.0001,1.0,0.01,0.01,0.01,200000,1000,1
198,10.0,0.9,5.0,0.0,0.1,0.0,1.0,0.0001,0.0,0.0,2.0,2.6666666666666665,1.0,0.0001,1.0,0.01,0.01,0.01,200000,1000,1
199,10.0,1.0,5.0,0.0,0.1,0.0,1.0,0.0001,0.0,0.0,2.0,2.6666666666666665,1.0,0.0001,1.0,0.01,0.01,0.01,200000,1000,1
200,10.0,1.1,5.0,0.0,0.1,0.0,1.0,0.0001,0.0,0.0,2.0,2.6666666666666665,1.0,0.0001,1.0,0.01,0.01,0.01,200000,1000,1
201,10.0,1.2,5.0,0.0,0.1,0.0,1.0,0.0001,0.0,0.0,2.0,2.6666666666666665,1.0,0.0001,1.0,0.01,0.01,0.01,200000,1000,1
202,10.0,1.3,5.0,0.0,0.1,0.0,1.0,0.0001,0.0,0.0,2.0,2.6666666666666665,1.0,0.0001,1.0,0.01,0.01,0.01,200000,1000,1
203,10.0,1.4,5.0,0.0,0.1,0.0,1.0,0.0001,0.0,0.0,2.0,2.6666666666666665,1.0,0.0001,1.0,0.01,0.01,0.01,200000,1000,1
204,10.0,1.5,5.0,0.0,0.1,0.0,1.0,0.0001,0.0,0.0,2.0,2.6666666666666665,1.0,0.0001,1.0,0.01,0.01,0.01,200000,1000,1
205,10.0,0.4,5.0,0.0,0.1,0.0,1.0,0.0001,0.0,0.0,4.0,5.333333333333333,1.0,0.0001,1.0,0.01,0.01,0.01,200000,1000,1
206,10.0,0.5,5.0,0.0,0.1,0.0,1.0,0.0001,0.0,0.0,4.0,5.333333333333333,1.0,0.0001,1.0,0.01,0.01,0.01,200000,1000,1
207,10.0,0.6,5.0,0.0,0.1,0.0,1.0,0.0001,0.0,0.0,4.0,5.333333333333333,1.0,0.0001,1.0,0.01,0.01,0.01,200000,1000,1
208,10.0,0.7,5.0,0.0,0.1,0.0,1.0,0.0001,0.0,0.0,4.0,5.333333333333333,1.0,0.0001,1.0,0.01,0.01,0.01,200000,1000,1
209,10.0,0.8,5.0,0.0,0.1,0.0,1.0,0.0001,0.0,0.0,4.0,5.333333333333333,1.0,0.0001,1.0,0.01,0.01,0.01,200000,1000,1
210,10.0,0.9,5.0,0.0,0.1,0.0,1.0,0.0001,0.0,0.0,4.0,5.333333333333333,1.0,0.0001,1.0,0.01,0.01,0.01,200000,1000,1
211,10.0,1.0,5.0,0.0,0.1,0.0,1.0,0.0001,0.0,0.0,4.0,5.333333333333333,1.0,0.0001,1.0,0.01,0.01,0.01,200000,1000,1
212,10.0,1.1,5.0,0.0,0.1,0.0,1.0,0.0001,0.0,0.0,4.0,5.333333333333333,1.0,0.0001,1.0,0.01,0.01,0.01,200000,1000,1
213,10.0,1.2,5.0,0.0,0.1,0.0,1.0,0.0001,0.0,0.0,4.0,5.333333333333333,1.0,0.0001,1.0,0.01,0.01,0.01,200000,1000,1
214,10.0,1.3,5.0,0.0,0.1,0.0,1.0,0.0001,0.0,0.0,4.0,5.333333333333333,1.0,0.0001,1.0,0.01,0.01,0.01,200000,1000,1
215,10.0,1.4,5.0,0.0,0.1,0.0,1.0,0.0001,0.0,0.0,4.0,5.333333333333333,1.0,0.0001,1.0,0.01,0.01,0.01,200000,1000,1
216,10.0,1.5,5.0,0.0,0.1,0.0,1.0,0.0001,0.0,0.0,4.0,5.333333333333333,1.0,0.0001,1.0,0.01,0.01,0.01,200000,1000,1
217,10.0,0.4,5.0,0.0,0.1,0.0,1.0,0.0001,0.0,0.0,6.0,8.0,1.0,0.0001,1.0,0.01,0.01,0.01,200000,1000,1
218,10.0,0.5,5.0,0.0,0.1,0.0,1.0,0.0001,0.0,0.0,6.0,8.0,1.0,0.0001,1.0,0.01,0.01,0.01,200000,1000,1
219,10.0,0.6,5.0,0.0,0.1,0.0,1.0,0.0001,0.0,0.0,6.0,8.0,1.0,0.0001,1.0,0.01,0.01,0.01,200000,1000,1
220,10.0,0.7,5.0,0.0,0.1,0.0,1.0,0.0001,0.0,0.0,6.0,8.0,1.0,0.0001,1.0,0.01,0.01,0.01,200000,1000,1
221,10.0,0.8,5.0,0.0,0.1,0.0,1.0,0.0001,0.0,0.0,6.0,8.0,1.0,0.0001,1.0,0.01,0.01,0.01,200000,1000,1
222,10.0,0.9,5.0,0.0,0.1,0.0,1.0,0.0001,0.0,0.0,6.0,8.0,1.0,0.0001,1.0,0.01,0.01,0.01,200000,1000,1
223,10.0,1.0,5.0,0.0,0.1,0.0,1.0,0.0001,0.0,0.0,6.0,8.0,1.0,0.0001,1.0,0.01,0.01,0.01,200000,1000,1
224,10.0,1.1,5.0,0.0,0.1,0.0,1.0,0.0001,0.0,0.0,6.0,8.0,1.0,0.0001,1.0,0.01,0.01,0.01,200000,1000,1
225,10.0,1.2,5.0,0.0,0.1,0.0,1.0,0.0001,0.0,0.0,6.0,8.0,1.0,0.0001,1.0,0.01,0.01,0.01,200000,1000,1
226,10.0,1.3,5.0,0.0,0.1,0.0,1.0,0.0001,0.0,0.0,6.0,8.0,1.0,0.0001,1.0,0.01,0.01,0.01,200000,1000,1
227,10.0,1.4,5.0,0.0,0.1,0.0,1.0,0.0001,0.0,0.0,6.0,8.0,1.0,0.0001,1.0,0.01,0.01,0.01,200000,1000,1
228,10.0,1.5,5.0,0.0,0.1,0.0,1.0,0.0001,0.0,0.0,6.0,8.0,1.0,0.0001,1.0,0.01,0.01,0.01,200000,1000,1
229,10.0,0.4,5.0,0.0,0.1,0.0,1.0,0.0001,0.0,0.0,8.0,10.666666666666666,1.0,0.0001,1.0,0.01,0.01,0.01,200000,1000,1
230,10.0,0.5,5.0,0.0,0.1,0.0,1.0,0.0001,0.0,0.0,8.0,10.666666666666666,1.0,0.0001,1.0,0.01,0.01,0.01,200000,1000,1
231,10.0,0.6,5.0,0.0,0.1,0.0,1.0,0.0001,0.0,0.0,8.0,10.666666666666666,1.0,0.0001,1.0,0.01,0.01,0.01,200000,1000,1
232,10.0,0.7,5.0,0.0,0.1,0.0,1.0,0.0001,0.0,0.0,8.0,10.666666666666666,1.0,0.0001,1.0,0.01,0.01,0.01,200000,1000,1
233,10.0,0.8,5.0,0.0,0.1,0.0,1.0,0.0001,0.0,0.0,8.0,10.666666666666666,1.0,0.0001,1.0,0.01,0.01,0.01,200000,1000,1
234,10.0,0.9,5.0,0.0,0.1,0.0,1.0,0.0001,0.0,0.0,8.0,10.666666666666666,1.0,0.0001,1.0,0.01,0.01,0.01,200000,1000,1
235,10.0,1.0,5.0,0.0,0.1,0.0,1.0,0.0001,0.0,0.0,8.0,10.666666666666666,1.0,0.0001,1.0,0.01,0.01,0.01,200000,1000,1
236,10.0,1.1,5.0,0.0,0.1,0.0,1.0,0.0001,0.0,0.0,8.0,10.666666666666666,1.0,0.0001,1.0,0.01,0.01,0.01,200000,1000,1
237,10.0,1.2,5.0,0.0,0.1,0.0,1.0,0.0001,0.0,0.0,8.0,10.666666666666666,1.0,0.0001,1.0,0.01,0.01,0.01,200000,1000,1
238,10.0,1.3,5.0,0.0,0.1,0.0,1.0,0.0001,0.0,0.0,8.0,10.666666666666666,1.0,0.0001,1.0,0.01,0.01,0.01,200000,1000,1
239,10.0,1.4,5.0,0.0,0.1,0.0,1.0,0.0001,0.0,0.0,8.0,10.666666666666666,1.0,0.0001,1.0,0.01,0.01,0.01,200000,1000,1
240,10.0,1.5,5.0,0.0,0.1,0.0,1.0,0.0001,0.0,0.0,8.0,10.666666666666666,1.0,0.0001,1.0,0.01,0.01,0.01,200000,1000,1
241,10.0,0.4,5.0,0.0,0.1,0.0,1.0,0.0001,0.0,0.0,10.0,13.333333333333334,1.0,0.0001,1.0,0.01,0.01,0.01,200000,1000,1
242,10.0,0.5,5.0,0.0,0.1,0.0,1.0,0.0001,0.0,0.0,10.0,13.333333333333334,1.0,0.0001,1.0,0.01,0.01,0.01,200000,1000,1
243,10.0,0.6,5.0,0.0,0.1,0.0,1.0,0.0001,0.0,0.0,10.0,13.333333333333334,1.0,0.0001,1.0,0.01,0.01,0.01,200000,1000,1
244,10.0,0.7,5.0,0.0,0.1,0.0,1.0,0.0001,0.0,0.0,10.0,13.333333333333334,1.0,0.0001,1.0,0.01,0.01,0.01,200000,1000,1
245,10.0,0.8,5.0,0.0,0.1,0.0,1.0,0.0001,0.0,0.0,10.0,13.333333333333334,1.0,0.0001,1.0,0.01,0.01,0.01,200000,1000,1
246,10.0,0.9,5.0,0.0,0.1,0.0,1.0,0.0001,0.0,0.0,10.0,13.333333333333334,1.0,0.0001,1.0,0.01,0.01,0.01,200000,1000,1
247,10.0,1.0,5.0,0.0,0.1,0.0,1.0,0.0001,0.0,0.0,10.0,13.333333333333334,1.0,0.0001,1.0,0.01,0.01,0.01,200000,1000,1
248,10.0,1.1,5.0,0.0,0.1,0.0,1.0,0.0001,0.0,0.0,10.0,13.333333333333334,1.0,0.0001,1.0,0.01,0.01,0.01,200000,1000,1
249,10.0,1.2,5.0,0.0,0.1,0.0,1.0,0.0001,0.0,0.0,10.0,13.333333333333334,1.0,0.0001,1.0,0.01,0.01,0.01,200000,1000,1
250,10.0,1.3,5.0,0.0,0.1,0.0,1.0,0.0001,0.0,0.0,10.0,13.333333333333334,1.0,0.0001,1.0,0.01,0.01,0.01,200000,1000,1
251,10.0,1.4,5.0,0.0,0.1,0.0,1.0,0.0001,0.0,0.0,10.0,13.333333333333334,1.0,0.0001,1.0,0.01,0.01,0.01,200000,1000,1
252,10.0,1.5,5.0,0.0,0.1,0.0,1.0,0.0001,0.0,0.0,10.0,13.333333333333334,1.0,0.0001,1.0,0.01,0.01,0.01,200000,1000,1
253,10.0,0.4,5.0,0.0,0.1,0.0,1.0,0.0001,0.0,0.0,12.0,16.0,1.0,0.0001,1.0,0.01,0.01,0.01,200000,1000,1
254,10.0,0.5,5.0,0.0,0.1,0.0,1.0,0.0001,0.0,0.0,12.0,16.0,1.0,0.0001,1.0,0.01,0.01,0.01,200000,1000,1
255,10.0,0.6,5.0,0.0,0.1,0.0,1.0,0.0001,0.0,0.0,12.0,16.0,1.0,0.0001,1.0,0.01,0.01,0.01,200000,1000,1
256,10.0,0.7,5.0,0.0,0.1,0.0,1.0,0.0001,0.0,0.0,12.0,16.0,1.0,0.0001,1.0,0.01,0.01,0.01,200000,1000,1
257,10.0,0.8,5.0,0.0,0.1,0.0,1.0,0.0001,0.0,0.0,12.0,16.0,1.0,0.0001,1.0,0.01,0.01,0.01,200000,1000,1
258,10.0,0.9,5.0,0.0,0.1,0.0,1.0,0.0001,0.0,0.0,12.0,16.0,1.0,0.0001,1.0,0.01,0.01,0.01,200000,1000,1
259,10.0,1.0,5.0,0.0,0.1,0.0,1.0,0.0001,0.0,0.0,12.0,16.0,1.0,0.0001,1.0,0.01,0.01,0.01,200000,1000,1
260,10.0,1.1,5.0,0.0,0.1,0.0,1.0,0.0001,0.0,0.0,12.0,16.0,1.0,0.0001,1.0,0.01,0.01,0.01,200000,1000,1
261,10.0,1.2,5.0,0.0,0.1,0.0,1.0,0.0001,0.0,0.0,12.0,16.0,1.0,0.0001,1.0,0.01,0.01,0.01,200000,1000,1
262,10.0,1.3,5.0,0.0,0.1,0.0,1.0,0.0001,0.0,0.0,12.0,16.0,1.0,0.0001,1.0,0.01,0.01,0.01,200000,1000,1
263,10.0,1.4,5.0,0.0,0.1,0.0,1.0,0.0001,0.0,0.0,12.0,16.0,1.0,0.0001,1.0,0.01,0.01,0.01,200000,1000,1
264,10.0,1.5,5.0,0.0,0.1,0.0,1.0,0.0001,0.0,0.0,12.0,16.0,1.0,0.0001,1.0,0.01,0.01,0.01,200000,1000,1
265,10.0,0.4,5.0,0.0,0.1,0.0,1.0,0.0001,0.0,0.0,14.0,18.666666666666668,1.0,0.0001,1.0,0.01,0.01,0.01,200000,1000,1
266,10.0,0.5,5.0,0.0,0.1,0.0,1.0,0.0001,0.0,0.0,14.0,18.666666666666668,1.0,0.0001,1.0,0.01,0.01,0.01,200000,1000,1
267,10.0,0.6,5.0,0.0,0.1,0.0,1.0,0.0001,0.0,0.0,14.0,18.666666666666668,1.0,0.0001,1.0,0.01,0.01,0.01,200000,1000,1
268,10.0,0.7,5.0,0.0,0.1,0.0,1.0,0.0001,0.0,0.0,14.0,18.666666666666668,1.0,0.0001,1.0,0.01,0.01,0.01,200000,1000,1
269,10.0,0.8,5.0,0.0,0.1,0.0,1.0,0.0001,0.0,0.0,14.0,18.666666666666668,1.0,0.0001,1.0,0.01,0.01,0.01,200000,1000,1
270,10.0,0.9,5.0,0.0,0.1,0.0,1.0,0.0001,0.0,0.0,14.0,18.666666666666668,1.0,0.0001,1.0,0.01,0.01,0.01,200000,1000,1
271,10.0,1.0,5.0,0.0,0.1,0.0,1.0,0.0001,0.0,0.0,14.0,18.666666666666668,1.0,0.0001,1.0,0.01,0.01,0.01,200000,1000,1
272,10.0,1.1,5.0,0.0,0.1,0.0,1.0,0.0001,0.0,0.0,14.0,18.666666666666668,1.0,0.0001,1.0,0.01,0.01,0.01,200000,1000,1
273,10.0,1.2,5.0,0.0,0.1,0.0,1.0,0.0001,0.0,0.0,14.0,18.666666666666668,1.0,0.0001,1.0,0.01,0.01,0.01,200000,1000,1
274,10.0,1.3,5.0,0.0,0.1,0.0,1.0,0.0001,0.0,0.0,14.0,18.666666666666668,1.0,0.0001,1.0,0.01,0.01,0.01,200000,1000,1
275,10.0,1.4,5.0,0.0,0.1,0.0,1.0,0.0001,0.0,0.0,14.0,18.666666666666668,1.0,0.0001,1.0,0.01,0.01,0.01,200000,1000,1
276,10.0,1.5,5.0,0.0,0.1,0.0,1.0,0.0001,0.0,0.0,14.0,18.666666666666668,1.0,0.0001,1.0,0.01,0.01,0.01,200000,1000,1
277,10.0,0.4,5.0,0.0,0.1,0.0,1.0,0.0001,0.0,0.0,16.0,21.333333333333332,1.0,0.0001,1.0,0.01,0.01,0.01,200000,1000,1
278,10.0,0.5,5.0,0.0,0.1,0.0,1.0,0.0001,0.0,0.0,16.0,21.333333333333332,1.0,0.0001,1.0,0.01,0.01,0.01,200000,1000,1
279,10.0,0.6,5.0,0.0,0.1,0.0,1.0,0.0001,0.0,0.0,16.0,21.333333333333332,1.0,0.0001,1.0,0.01,0.01,0.01,200000,1000,1
280,10.0,0.7,5.0,0.0,0.1,0.0,1.0,0.0001,0.0,0.0,16.0,21.333333333333332,1.0,0.0001,1.0,0.01,0.01,0.01,200000,1000,1
281,10.0,0.8,5.0,0.0,0.1,0.0,1.0,0.0001,0.0,0.0,16.0,21.333333333333332,1.0,0.0001,1.0,0.01,0.01,0.01,200000,1000,1
282,10.0,0.9,5.0,0.0,0.1,0.0,1.0,0.0001,0.0,0.0,16.0,21.333333333333332,1.0,0.0001,1.0,0.01,0.01,0.01,200000,1000,1
283,10.0,1.0,5.0,0.0,0.1,0.0,1.0,0.0001,0.0,0.0,16.0,21.333333333333332,1.0,0.0001,1.0,0.01,0.01,0.01,200000,1000,1
284,10.0,1.1,5.0,0.0,0.1,0.0,1.0,0.0001,0.0,0.0,16.0,21.333333333333332,1.0,0.0001,1.0,0.01,0.01,0.01,200000,1000,1
285,10.0,1.2,5.0,0.0,0.1,0.0,1.0,0.0001,0.0,0.0,16.0,21.333333333333332,1.0,0.0001,1.0,0.01,0.01,0.01,200000,1000,1
286,10.0,1.3,5.0,0.0,0.1,0.0,1.0,0.0001,0.0,0.0,16.0,21.333333333333332,1.0,0.0001,1.0,0.01,0.01,0.01,200000,1000,1
287,10.0,1.4,5.0,0.0,0.1,0.0,1.0,0.0001,0.0,0.0,16.0,21.333333333333332,1.0,0.0001,1.0,0.01,0.01,0.01,200000,1000,1
288,10.0,1.5,5.0,0.0,0.1,0.0,1.0,0.0001,0.0,0.0,16.0,21.333333333333332,1.0,0.0001,1.0,0.01,0.01,0.01,200000,1000,1
289,10.0,0.4,5.0,0.0,0.1,0.0,1.0,0.0001,0.0,0.0,18.0,24.0,1.0,0.0001,1.0,0.01,0.01,0.01,200000,1000,1
290,10.0,0.5,5.0,0.0,0.1,0.0,1.0,0.0001,0.0,0.0,18.0,24.0,1.0,0.0001,1.0,0.01,0.01,0.01,200000,1000,1
291,10.0,0.6,5.0,0.0,0.1,0.0,1.0,0.0001,0.0,0.0,18.0,24.0,1.0,0.0001,1.0,0.01,0.01,0.01,200000,1000,1
292,10.0,0.7,5.0,0.0,0.1,0.0,1.0,0.0001,0.0,0.0,18.0,24.0,1.0,0.0001,1.0,0.01,0.01,0.01,200000,1000,1
293,10.0,0.8,5.0,0.0,0.1,0.0,1.0,0.0001,0.0,0.0,18.0,24.0,1.0,0.0001,1.0,0.01,0.01,0.01,200000,1000,1
294,10.0,0.9,5.0,0.0,0.1,0.0,1.0,0.0001,0.0,0.0,18.0,24.0,1.0,0.0001,1.0,0.01,0.01,0.01,200000,1000,1
295,10.0,1.0,5.0,0.0,0.1,0.0,1.0,0.0001,0.0,0.0,18.0,24.0,1.0,0.0001,1.0,0.01,0.01,0.01,200000,1000,1
296,10.0,1.1,5.0,0.0,0.1,0.0,1.0,0.0001,0.0,0.0,18.0,24.0,1.0,0.0001,1.0,0.01,0.01,0.01,200000,1000,1
297,10.0,1.2,5.0,0.0,0.1,0.0,1.0,0.0001,0.0,0.0,18.0,24.0,1.0,0.0001,1.0,0.01,0.01,0.01,200000,1000,1
298,10.0,1.3,5.0,0.0,0.1,0.0,1.0,0.0001,0.0,0.0,18.0,24.0,1.0,0.0001,1.0,0.01,0.01,0.01,200000,1000,1
299,10.0,1.4,5.0,0.0,0.1,0.0,1.0,0.0001,0.0,0.0,18.0,24.0,1.0,0.0001,1.0,0.01,0.01,0.01,200000,1000,1
300,10.0,1.5,5.0,0.0,0.1,0.0,1.0,0.0001,0.0,0.0,18.0,24.0,1.0,0.0001,1.0,0.01,0.01,0.01,200000,1000,1
301,10.0,0.4,5.0,0.0,0.1,0.0,1.0,0.0001,0.0,0.0,20.0,26.666666666666668,1.0,0.0001,1.0,0.01,0.01,0.01,200000,1000,1
302,10.0,0.5,5.0,0.0,0.1,0.0,1.0,0.0001,0.0,0.0,20.0,26.666666666666668,1.0,0.0001,1.0,0.01,0.01,0.01,200000,1000,1
303,10.0,0.6,5.0,0.0,0.1,0.0,1.0,0.0001,0.0,0.0,20.0,26.666666666666668,1.0,0.0001,1.0,0.01,0.01,0.01,200000,1000,1
304,10.0,0.7,5.0,0.0,0.1,0.0,1.0,0.0001,0.0,0.0,20.0,26.666666666666668,1.0,0.0001,1.0,0.01,0.01,0.01,200000,1000,1
305,10.0,0.8,5.0,0.0,0.1,0.0,1.0,0.0001,0.0,0.0,20.0,26.666666666666668,1.0,0.0001,1.0,0.01,0.01,0.01,200000,1000,1
306,10.0,0.9,5.0,0.0,0.1,0.0,1.0,0.0001,0.0,0.0,20.0,26.666666666666668,1.0,0.0001,1.0,0.01,0.01,0.01,200000,1000,1
307,10.0,1.0,5.0,0.0,0.1,0.0,1.0,0.0001,0.0,0.0,20.0,26.666666666666668,1.0,0.0001,1.0,0.01,0.01,0.01,200000,1000,1
308,10.0,1.1,5.0,0.0,0.1,0.0,1.0,0.0001,0.0,0.0,20.0,26.666666666666668,1.0,0.0001,1.0,0.01,0.01,0.01,200000,1000,1
309,10.0,1.2,5.0,0.0,0.1,0.0,1.0,0.0001,0.0,0.0,20.0,26.666666666666668,1.0,0.0001,1.0,0.01,0.01,0.01,200000,1000,1
310,10.0,1.3,5.0,0.0,0.1,0.0,1.0,0.0001,0.0,0.0,20.0,26.666666666666668,1.0,0.0001,1.0,0.01,0.01,0.01,200000,1000,1
311,10.0,1.4,5.0,0.0,0.1,0.0,1.0,0.0001,0.0,0.0,20.0,26.666666666666668,1.0,0.0001,1.0,0.01,0.01,0.01,200000,1000,1
312,10.0,1.5,5.0,0.0,0.1,0.0,1.0,0.0001,0.0,0.0,20.0,26.666666666666668,1.0,0.0001,1.0,0.01,0.01,0.01,200000,1000,1
313,10.0,0.4,5.0,0.0,0.1,0.0,1.0,0.0001,0.0,0.0,22.0,29.333333333333332,1.0,0.0001,1.0,0.01,0.01,0.01,200000,1000,1
314,10.0,0.5,5.0,0.0,0.1,0.0,1.0,0.0001,0.0,0.0,22.0,29.333333333333332,1.0,0.0001,1.0,0.01,0.01,0.01,200000,1000,1
315,10.0,0.6,5.0,0.0,0.1,0.0,1.0,0.0001,0.0,0.0,22.0,29.333333333333332,1.0,0.0001,1.0,0.01,0.01,0.01,200000,1000,1
316,10.0,0.7,5.0,0.0,0.1,0.0,1.0,0.0001,0.0,0.0,22.0,29.333333333333332,1.0,0.0001,1.0,0.01,0.01,0.01,200000,1000,1
317,10.0,0.8,5.0,0.0,0.1,0.0,1.0,0.0001,0.0,0.0,22.0,29.333333333333332,1.0,0.0001,1.0,0.01,0.01,0.01,200000,1000,1
318,10.0,0.9,5.0,0.0,0.1,0.0,1.0,0.0001,0.0,0.0,22.0,29.333333333333332,1.0,0.0001,1.0,0.01,0.01,0.01,200000,1000,1
319,10.0,1.0,5.0,0.0,0.1,0.0,1.0,0.0001,0.0,0.0,22.0,29.333333333333332,1.0,0.0001,1.0,0.01,0.01,0.01,200000,1000,1
320,10.0,1.1,5.0,0.0,0.1,0.0,1.0,0.0001,0.0,0.0,22.0,29.333333333333332,1.0,0.0001,1.0,0.01,0.01,0.01,200000,1000,1
321,10.0,1.2,5.0,0.0,0.1,0.0,1.0,0.0001,0.0,0.0,22.0,29.333333333333332,1.0,0.0001,1.0,0.01,0.01,0.01,200000,1000,1
322,10.0,1.3,5.0,0.0,0.1,0.0,1.0,0.0001,0.0,0.0,22.0,29.333333333333332,1.0,0.0001,1.0,0.01,0.01,0.01,200000,1000,1
323,10.0,1.4,5.0,0.0,0.1,0.0,1.0,0.0001,0.0,0.0,22.0,29.333333333333332,1.0,0.0001,1.0,0.01,0.01,0.01,200000,1000,1
324,10.0,1.5,5.0,0.0,0.1,0.0,1.0,0.0001,0.0,0.0,22.0,29.333333333333332,1.0,0.0001,1.0,0.01,0.01,0.01,200000,1000,1
325,10.0,0.4,5.0,0.0,0.1,0.0,1.0,0.0001,0.0,0.0,24.0,32.0,1.0,0.0001,1.0,0.01,0.01,0.01,200000,1000,1
326,10.0,0.5,5.0,0.0,0.1,0.0,1.0,0.0001,0.0,0.0,24.0,32.0,1.0,0.0001,1.0,0.01,0.01,0.01,200000,1000,1
327,10.0,0.6,5.0,0.0,0.1,0.0,1.0,0.0001,0.0,0.0,24.0,32.0,1.0,0.0001,1.0,0.01,0.01,0.01,200000,1000,1
328,10.0,0.7,5.0,0.0,0.1,0.0,1.0,0.0001,0.0,0.0,24.0,32.0,1.0,0.0001,1.0,0.01,0.01,0.01,200000,1000,1
329,10.0,0.8,5.0,0.0,0.1,0.0,1.0,0.0001,0.0,0.0,24.0,32.0,1.0,0.0001,1.0,0.01,0.01,0.01,200000,1000,1
330,10.0,0.9,5.0,0.0,0.1,0.0,1.0,0.0001,0.0,0.0,24.0,32.0,1.0,0.0001,1.0,0.01,0.01,0.01,200000,1000,1
331,10.0,1.0,5.0,0.0,0.1,0.0,1.0,0.0001,0.0,0.0,24.0,32.0,1.0,0.0001,1.0,0.01,0.01,0.01,200000,1000,1
332,10.0,1.1,5.0,0.0,0.1,0.0,1.0,0.0001,0.0,0.0,24.0,32.0,1.0,0.0001,1.0,0.01,0.01,0.01,200000,1000,1
333,10.0,1.2,5.0,0.0,0.1,0.0,1.0,0.0001,0.0,0.0,24.0,32.0,1.0,0.0001,1.0,0.01,0.01,0.01,200000,1000,1
334,10.0,1.3,5.0,0.0,0.1,0.0,1.0,0.0001,0.0,0.0,24.0,32.0,1.0,0.0001,1.0,0.01,0.01,0.01,200000,1000,1
335,10.0,1.4,5.0,0.0,0.1,0.0,1.0,0.0001,0.0,0.0,24.0,32.0,1.0,0.0001,1.0,0.01,0.01,0.01,200000,1000,1
336,10.0,1.5,5.0,0.0,0.1,0.0,1.0,0.0001,0.0,0.0,24.0,32.0,1.0,0.0001,1.0,0.01,0.01,0.01,200000,1000,1
337,10.0,0.4,1.0,0.0,0.1,0.0,1.0,0.0001,0.0,0.0,0.0,1.3333333333333333,1.0,0.0001,1.0,0.01,0.01,0.01,200000,1000,1
338,10.0,0.5,1.0,0.0,0.1,0.0,1.0,0.0001,0.0,0.0,0.0,1.3333333333333333,1.0,0.0001,1.0,0.01,0.01,0.01,200000,1000,1
339,10.0,0.6,1.0,0.0,0.1,0.0,1.0,0.0001,0.0,0.0,0.0,1.3333333333333333,1.0,0.0001,1.0,0.01,0.01,0.01,200000,1000,1
340,10.0,0.7,1.0,0.0,0.1,0.0,1.0,0.0001,0.0,0.0,0.0,1.3333333333333333,1.0,0.0001,1.0,0.01,0.01,0.01,200000,1000,1
341,10.0,0.8,1.0,0.0,0.1,0.0,1.0,0.0001,0.0,0.0,0.0,1.3333333333333333,1.0,0.0001,1.0,0.01,0.01,0.01,200000,1000,1
342,10.0,0.9,1.0,0.0,0.1,0.0,1.0,0.0001,0.0,0.0,0.0,1.3333333333333333,1.0,0.0001,1.0,0.01,0.01,0.01,200000,1000,1
343,10.0,1.0,1.0,0.0,0.1,0.0,1.0,0.0001,0.0,0.0,0.0,1.3333333333333333,1.0,0.0001,1.0,0.01,0.01,0.01,200000,1000,1
344,10.0,1.1,1.0,0.0,0.1,0.0,1.0,0.0001,0.0,0.0,0.0,1.3333333333333333,1.0,0.0001,1.0,0.01,0.01,0.01,200000,1000,1
345,10.0,1.2,1.0,0.0,0.1,0.0,1.0,0.0001,0.0,0.0,0.0,1.3333333333333333,1.0,0.0001,1.0,0.01,0.01,0.01,200000,1000,1
346,10.0,1.3,1.0,0.0,0.1,0.0,1.0,0.0001,0.0,0.0,0.0,1.3333333333333333,1.0,0.0001,1.0,0.01,0.01,0.01,200000,1000,1
347,10.0,1.4,1.0,0.0,0.1,0.0,1.0,0.0001,0.0,0.0,0.0,1.3333333333333333,1.0,0.0001,1.0,0.01,0.01,0.01,200000,1000,1
348,10.0,1.5,1.0,0.0,0.1,0.0,1.0,0.0001,0.0,0.0,0.0,1.3333333333333333,1.0,0.0001,1.0,0.01,0.01,0.01,200000,1000,1
349,10.0,0.4,1.0,0.0,0.1,0.0,1.0,0.0001,0.0,0.0,1.0,1.3333333333333333,1.0,0.0001,1.0,0.01,0.01,0.01,200000,1000,1
350,10.0,0.5,1.0,0.0,0.1,0.0,1.0,0.0001,0.0,0.0,1.0,1.3333333333333333,1.0,0.0001,1.0,0.01,0.01,0.01,200000,1000,1
351,10.0,0.6,1.0,0.0,0.1,0.0,1.0,0.0001,0.0,0.0,1.0,1.3333333333333333,1.0,0.0001,1.0,0.01,0.01,0.01,200000,1000,1
352,10.0,0.7,1.0,0.0,0.1,0.0,1.0,0.0001,0.0,0.0,1.0,1.3333333333333333,1.0,0.0001,1.0,0.01,0.01,0.01,200000,1000,1
353,10.0,0.8,1.0,0.0,0.1,0.0,1.0,0.0001,0.0,0.0,1.0,1.3333333333333333,1.0,0.0001,1.0,0.01,0.01,0.01,200000,1000,1
354,10.0,0.9,1.0,0.0,0.1,0.0,1.0,0.0001,0.0,0.0,1.0,1.3333333333333333,1.0,0.0001,1.0,0.01,0.01,0.01,200000,1000,1
355,10.0,1.0,1.0,0.0,0.1,0.0,1.0,0.0001,0.0,0.0,1.0,1.3333333333333333,1.0,0.0001,1.0,0.01,0.01,0.01,200000,1000,1
356,10.0,1.1,1.0,0.0,0.1,0.0,1.0,0.0001,0.0,0.0,1.0,1.3333333333333333,1.0,0.0001,1.0,0.01,0.01,0.01,200000,1000,1
357,10.0,1.2,1.0,0.0,0.1,0.0,1.0,0.0001,0.0,0.0,1.0,1.3333333333333333,1.0,0.0001,1.0,0.01,0.01,0.01,200000,1000,1
358,10.0,1.3,1.0,0.0,0.1,0.0,1.0,0.0001,0.0,0.0,1.0,1.3333333333333333,1.0,0.0001,1.0,0.01,0.01,0.01,200000,1000,1
359,10.0,1.4,1.0,0.0,0.1,0.0,1.0,0.0001,0.0,0.0,1.0,1.3333333333333333,1.0,0.0001,1.0,0.01,0.01,0.01,200000,1000,1
360,10.0,1.5,1.0,0.0,0.1,0.0,1.0,0.0001,0.0,0.0,1.0,1.3333333333333333,1.0,0.0001,1.0,0.01,0.01,0.01,200000,1000,1
361,10.0,0.4,1.0,0.0,0.1,0.0,1.0,0.0001,0.0,0.0,2.0,2.6666666666666665,1.0,0.0001,1.0,0.01,0.01,0.01,200000,1000,1
362,10.0,0.5,1.0,0.0,0.1,0.0,1.0,0.0001,0.0,0.0,2.0,2.6666666666666665,1.0,0.0001,1.0,0.01,0.01,0.01,200000,1000,1
363,10.0,0.6,1.0,0.0,0.1,0.0,1.0,0.0001,0.0,0.0,2.0,2.6666666666666665,1.0,0.0001,1.0,0.01,0.01,0.01,200000,1000,1
364,10.0,0.7,1.0,0.0,0.1,0.0,1.0,0.0001,0.0,0.0,2.0,2.6666666666666665,1.0,0.0001,1.0,0.01,0.01,0.01,200000,1000,1
365,10.0,0.8,1.0,0.0,0.1,0.0,1.0,0.0001,0.0,0.0,2.0,2.6666666666666665,1.0,0.0001,1.0,0.01,0.01,0.01,200000,1000,1
366,10.0,0.9,1.0,0.0,0.1,0.0,1.0,0.0001,0.0,0.0,2.0,2.6666666666666665,1.0,0.0001,1.0,0.01,0.01,0.01,200000,1000,1
367,10.0,1.0,1.0,0.0,0.1,0.0,1.0,0.0001,0.0,0.0,2.0,2.6666666666666665,1.0,0.0001,1.0,0.01,0.01,0.01,200000,1000,1
368,10.0,1.1,1.0,0.0,0.1,0.0,1.0,0.0001,0.0,0.0,2.0,2.6666666666666665,1.0,0.0001,1.0,0.01,0.01,0.01,200000,1000,1
369,10.0,1.2,1.0,0.0,0.1,0.0,1.0,0.0001,0.0,0.0,2.0,2.6666666666666665,1.0,0.0001,1.0,0.01,0.01,0.01,200000,1000,1
370,10.0,1.3,1.0,0.0,0.1,0.0,1.0,0.0001,0.0,0.0,2.0,2.6666666666666665,1.0,0.0001,1.0,0.01,0.01,0.01,200000,1000,1
371,10.0,1.4,1.0,0.0,0.1,0.0,1.0,0.0001,0.0,0.0,2.0,2.6666666666666665,1.0,0.0001,1.0,0.01,0.01,0.01,200000,1000,1
372,10.0,1.5,1.0,0.0,0.1,0.0,1.0,0.0001,0.0,0.0,2.0,2.6666666666666665,1.0,0.0001,1.0,0.01,0.01,0.01,200000,1000,1
373,10.0,0.4,1.0,0.0,0.1,0.0,1.0,0.0001,0.0,0.0,4.0,5.333333333333333,1.0,0.0001,1.0,0.01,0.01,0.01,200000,1000,1
374,10.0,0.5,1.0,0.0,0.1,0.0,1.0,0.0001,0.0,0.0,4.0,5.333333333333333,1.0,0.0001,1.0,0.01,0.01,0.01,200000,1000,1
375,10.0,0.6,1.0,0.0,0.1,0.0,1.0,0.0001,0.0,0.0,4.0,5.333333333333333,1.0,0.0001,1.0,0.01,0.01,0.01,200000,1000,1
376,10.0,0.7,1.0,0.0,0.1,0.0,1.0,0.0001,0.0,0.0,4.0,5.333333333333333,1.0,0.0001,1.0,0.01,0.01,0.01,200000,1000,1
377,10.0,0.8,1.0,0.0,0.1,0.0,1.0,0.0001,0.0,0.0,4.0,5.333333333333333,1.0,0.0001,1.0,0.01,0.01,0.01,200000,1000,1
378,10.0,0.9,1.0,0.0,0.1,0.0,1.0,0.0001,0.0,0.0,4.0,5.333333333333333,1.0,0.0001,1.0,0.01,0.01,0.01,200000,1000,1
379,10.0,1.0,1.0,0.0,0.1,0.0,1.0,0.0001,0.0,0.0,4.0,5.333333333333333,1.0,0.0001,1.0,0.01,0.01,0.01,200000,1000,1
380,10.0,1.1,1.0,0.0,0.1,0.0,1.0,0.0001,0.0,0.0,4.0,5.333333333333333,1.0,0.0001,1.0,0.01,0.01,0.01,200000,1000,1
381,10.0,1.2,1.0,0.0,0.1,0.0,1.0,0.0001,0.0,0.0,4.0,5.333333333333333,1.0,0.0001,1.0,0.01,0.01,0.01,200000,1000,1
382,10.0,1.3,1.0,0.0,0.1,0.0,1.0,0.0001,0.0,0.0,4.0,5.333333333333333,1.0,0.0001,1.0,0.01,0.01,0.01,200000,1000,1
383,10.0,1.4,1.0,0.0,0.1,0.0,1.0,0.0001,0.0,0.0,4.0,5.333333333333333,1.0,0.0001,1.0,0.01,0.01,0.01,200000,1000,1
384,10.0,1.5,1.0,0.0,0.1,0.0,1.0,0.0001,0.0,0.0,4.0,5.333333333333333,1.0,0.0001,1.0,0.01,0.01,0.01,200000,1000,1
385,10.0,0.4,1.0,0.0,0.1,0.0,1.0,0.0001,0.0,0.0,6.0,8.0,1.0,0.0001,1.0,0.01,0.01,0.01,200000,1000,1
386,10.0,0.5,1.0,0.0,0.1,0.0,1.0,0.0001,0.0,0.0,6.0,8.0,1.0,0.0001,1.0,0.01,0.01,0.01,200000,1000,1
387,10.0,0.6,1.0,0.0,0.1,0.0,1.0,0.0001,0.0,0.0,6.0,8.0,1.0,0.0001,1.0,0.01,0.01,0.01,200000,1000,1
388,10.0,0.7,1.0,0.0,0.1,0.0,1.0,0.0001,0.0,0.0,6.0,8.0,1.0,0.0001,1.0,0.01,0.01,0.01,200000,1000,1
389,10.0,0.8,1.0,0.0,0.1,0.0,1.0,0.0001,0.0,0.0,6.0,8.0,1.0,0.0001,1.0,0.01,0.01,0.01,200000,1000,1
390,10.0,0.9,1.0,0.0,0.1,0.0,1.0,0.0001,0.0,0.0,6.0,8.0,1.0,0.0001,1.0,0.01,0.01,0.01,200000,1000,1
391,10.0,1.0,1.0,0.0,0.1,0.0,1.0,0.0001,0.0,0.0,6.0,8.0,1.0,0.0001,1.0,0.01,0.01,0.01,200000,1000,1
392,10.0,1.1,1.0,0.0,0.1,0.0,1.0,0.0001,0.0,0.0,6.0,8.0,1.0,0.0001,1.0,0.01,0.01,0.01,200000,1000,1
393,10.0,1.2,1.0,0.0,0.1,0.0,1.0,0.0001,0.0,0.0,6.0,8.0,1.0,0.0001,1.0,0.01,0.01,0.01,200000,1000,1
394,10.0,1.3,1.0,0.0,0.1,0.0,1.0,0.0001,0.0,0.0,6.0,8.0,1.0,0.0001,1.0,0.01,0.01,0.01,200000,1000,1
395,10.0,1.4,1.0,0.0,0.1,0.0,1.0,0.0001,0.0,0.0,6.0,8.0,1.0,0.0001,1.0,0.01,0.01,0.01,200000,1000,1
396,10.0,1.5,1.0,0.0,0.1,0.0,1.0,0.0001,0.0,0.0,6.0,8.0,1.0,0.0001,1.0,0.01,0.01,0.01,200000,1000,1
397,10.0,0.4,1.0,0.0,0.1,0.0,1.0,0.0001,0.0,0.0,8.0,10.666666666666666,1.0,0.0001,1.0,0.01,0.01,0.01,200000,1000,1
398,10.0,0.5,1.0,0.0,0.1,0.0,1.0,0.0001,0.0,0.0,8.0,10.666666666666666,1.0,0.0001,1.0,0.01,0.01,0.01,200000,1000,1
399,10.0,0.6,1.0,0.0,0.1,0.0,1.0,0.0001,0.0,0.0,8.0,10.666666666666666,1.0,0.0001,1.0,0.01,0.01,0.01,200000,1000,1
400,10.0,0.7,1.0,0.0,0.1,0.0,1.0,0.0001,0.0,0.0,8.0,10.666666666666666,1.0,0.0001,1.0,0.01,0.01,0.01,200000,1000,1
401,10.0,0.8,1.0,0.0,0.1,0.0,1.0,0.0001,0.0,0.0,8.0,10.666666666666666,1.0,0.0001,1.0,0.01,0.01,0.01,200000,1000,1
402,10.0,0.9,1.0,0.0,0.1,0.0,1.0,0.0001,0.0,0.0,8.0,10.666666666666666,1.0,0.0001,1.0,0.01,0.01,0.01,200000,1000,1
403,10.0,1.0,1.0,0.0,0.1,0.0,1.0,0.0001,0.0,0.0,8.0,10.666666666666666,1.0,0.0001,1.0,0.01,0.01,0.01,200000,1000,1
404,10.0,1.1,1.0,0.0,0.1,0.0,1.0,0.0001,0.0,0.0,8.0,10.666666666666666,1.0,0.0001,1.0,0.01,0.01,0.01,200000,1000,1
405,10.0,1.2,1.0,0.0,0.1,0.0,1.0,0.0001,0.0,0.0,8.0,10.666666666666666,1.0,0.0001,1.0,0.01,0.01,0.01,200000,1000,1
406,10.0,1.3,1.0,0.0,0.1,0.0,1.0,0.0001,0.0,0.0,8.0,10.666666666666666,1.0,0.0001,1.0,0.01,0.01,0.01,200000,1000,1
407,10.0,1.4,1.0,0.0,0.1,0.0,1.0,0.0001,0.0,0.0,8.0,10.666666666666666,1.0,0.0001,1.0,0.01,0.01,0.01,200000,1000,1
408,10.0,1.5,1.0,0.0,0.1,0.0,1.0,0.0001,0.0,0.0,8.0,10.666666666666666,1.0,0.0001,1.0,0.01,0.01,0.01,200000,1000,1
409,10.0,0.4,1.0,0.0,0.1,0.0,1.0,0.0001,0.0,0.0,10.0,13.333333333333334,1.0,0.0001,1.0,0.01,0.01,0.01,200000,1000,1
410,10.0,0.5,1.0,0.0,0.1,0.0,1.0,0.0001,0.0,0.0,10.0,13.333333333333334,1.0,0.0001,1.0,0.01,0.01,0.01,200000,1000,1
411,10.0,0.6,1.0,0.0,0.1,0.0,1.0,0.0001,0.0,0.0,10.0,13.333333333333334,1.0,0.0001,1.0,0.01,0.01,0.01,200000,1000,1
412,10.0,0.7,1.0,0.0,0.1,0.0,1.0,0.0001,0.0,0.0,10.0,13.333333333333334,1.0,0.0001,1.0,0.01,0.01,0.01,200000,1000,1
413,10.0,0.8,1.0,0.0,0.1,0.0,1.0,0.0001,0.0,0.0,10.0,13.333333333333334,1.0,0.0001,1.0,0.01,0.01,0.01,200000,1000,1
414,10.0,0.9,1.0,0.0,0.1,0.0,1.0,0.0001,0.0,0.0,10.0,13.333333333333334,1.0,0.0001,1.0,0.01,0.01,0.01,200000,1000,1
415,10.0,1.0,1.0,0.0,0.1,0.0,1.0,0.0001,0.0,0.0,10.0,13.333333333333334,1.0,0.0001,1.0,0.01,0.01,0.01,200000,1000,1
416,10.0,1.1,1.0,0.0,0.1,0.0,1.0,0.0001,0.0,0.0,10.0,13.333333333333334,1.0,0.0001,1.0,0.01,0.01,0.01,200000,1000,1
417,10.0,1.2,1.0,0.0,0.1,0.0,1.0,0.0001,0.0,0.0,10.0,13.333333333333334,1.0,0.0001,1.0,0.01,0.01,0.01,200000,1000,1
418,10.0,1.3,1.0,0.0,0.1,0.0,1.0,0.0001,0.0,0.0,10.0,13.333333333333334,1.0,0.0001,1.0,0.01,0.01,0.01,200000,1000,1
419,10.0,1.4,1.0,0.0,0.1,0.0,1.0,0.0001,0.0,0.0,10.0,13.333333333333334,1.0,0.0001,1.0,0.01,0.01,0.01,200000,1000,1
420,10.0,1.5,1.0,0.0,0.1,0.0,1.0,0.0001,0.0,0.0,10.0,13.333333333333334,1.0,0.0001,1.0,0.01,0.01,0.01,200000,1000,1
421,10.0,0.4,1.0,0.0,0.1,0.0,1.0,0.0001,0.0,0.0,12.0,16.0,1.0,0.0001,1.0,0.01,0.01,0.01,200000,1000,1
422,10.0,0.5,1.0,0.0,0.1,0.0,1.0,0.0001,0.0,0.0,12.0,16.0,1.0,0.0001,1.0,0.01,0.01,0.01,200000,1000,1
423,10.0,0.6,1.0,0.0,0.1,0.0,1.0,0.0001,0.0,0.0,12.0,16.0,1.0,0.0001,1.0,0.01,0.01,0.01,200000,1000,1
424,10.0,0.7,1.0,0.0,0.1,0.0,1.0,0.0001,0.0,0.0,12.0,16.0,1.0,0.0001,1.0,0.01,0.01,0.01,200000,1000,1
425,10.0,0.8,1.0,0.0,0.1,0.0,1.0,0.0001,0.0,0.0,12.0,16.0,1.0,0.0001,1.0,0.01,0.01,0.01,200000,1000,1
426,10.0,0.9,1.0,0.0,0.1,0.0,1.0,0.0001,0.0,0.0,12.0,16.0,1.0,0.0001,1.0,0.01,0.01,0.01,200000,1000,1
427,10.0,1.0,1.0,0.0,0.1,0.0,1.0,0.0001,0.0,0.0,12.0,16.0,1.0,0.0001,1.0,0.01,0.01,0.01,200000,1000,1
428,10.0,1.1,1.0,0.0,0.1,0.0,1.0,0.0001,0.0,0.0,12.0,16.0,1.0,0.0001,1.0,0.01,0.01,0.01,200000,1000,1
429,10.0,1.2,1.0,0.0,0.1,0.0,1.0,0.0001,0.0,0.0,12.0,16.0,1.0,0.0001,1.0,0.01,0.01,0.01,200000,1000,1
430,10.0,1.3,1.0,0.0,0.1,0.0,1.0,0.0001,0.0,0.0,12.0,16.0,1.0,0.0001,1.0,0.01,0.01,0.01,200000,1000,1
431,10.0,1.4,1.0,0.0,0.1,0.0,1.0,0.0001,0.0,0.0,12.0,16.0,1.0,0.0001,1.0,0.01,0.01,0.01,200000,1000,1
432,10.0,1.5,1.0,0.0,0.1,0.0,1.0,0.0001,0.0,0.0,12.0,16.0,1.0,0.0001,1.0,0.01,0.01,0.01,200000,1000,1
433,10.0,0.4,1.0,0.0,0.1,0.0,1.0,0.0001,0.0,0.0,14.0,18.666666666666668,1.0,0.0001,1.0,0.01,0.01,0.01,200000,1000,1
434,10.0,0.5,1.0,0.0,0.1,0.0,1.0,0.0001,0.0,0.0,14.0,18.666666666666668,1.0,0.0001,1.0,0.01,0.01,0.01,200000,1000,1
435,10.0,0.6,1.0,0.0,0.1,0.0,1.0,0.0001,0.0,0.0,14.0,18.666666666666668,1.0,0.0001,1.0,0.01,0.01,0.01,200000,1000,1
436,10.0,0.7,1.0,0.0,0.1,0.0,1.0,0.0001,0.0,0.0,14.0,18.666666666666668,1.0,0.0001,1.0,0.01,0.01,0.01,200000,1000,1
437,10.0,0.8,1.0,0.0,0.1,0.0,1.0,0.0001,0.0,0.0,14.0,18.666666666666668,1.0,0.0001,1.0,0.01,0.01,0.01,200000,1000,1
438,10.0,0.9,1.0,0.0,0.1,0.0,1.0,0.0001,0.0,0.0,14.0,18.666666666666668,1.0,0.0001,1.0,0.01,0.01,0.01,200000,1000,1
439,10.0,1.0,1.0,0.0,0.1,0.0,1.0,0.0001,0.0,0.0,14.0,18.666666666666668,1.0,0.0001,1.0,0.01,0.01,0.01,200000,1000,1
440,10.0,1.1,1.0,0.0,0.1,0.0,1.0,0.0001,0.0,0.0,14.0,18.666666666666668,1.0,0.0001,1.0,0.01,0.01,0.01,200000,1000,1
441,10.0,1.2,1.0,0.0,0.1,0.0,1.0,0.0001,0.0,0.0,14.0,18.666666666666668,1.0,0.0001,1.0,0.01,0.01,0.01,200000,1000,1
442,10.0,1.3,1.0,0.0,0.1,0.0,1.0,0.0001,0.0,0.0,14.0,18.666666666666668,1.0,0.0001,1.0,0.01,0.01,0.01,200000,1000,1
443,10.0,1.4,1.0,0.0,0.1,0.0,1.0,0.0001,0.0,0.0,14.0,18.666666666666668,1.0,0.0001,1.0,0.01,0.01,0.01,200000,1000,1
444,10.0,1.5,1.0,0.0,0.1,0.0,1.0,0.0001,0.0,0.0,14.0,18.666666666666668,1.0,0.0001,1.0,0.01,0.01,0.01,200000,1000,1
445,10.0,0.4,1.0,0.0,0.1,0.0,1.0,0.0001,0.0,0.0,16.0,21.333333333333332,1.0,0.0001,1.0,0.01,0.01,0.01,200000,1000,1
446,10.0,0.5,1.0,0.0,0.1,0.0,1.0,0.0001,0.0,0.0,16.0,21.333333333333332,1.0,0.0001,1.0,0.01,0.01,0.01,200000,1000,1
447,10.0,0.6,1.0,0.0,0.1,0.0,1.0,0.0001,0.0,0.0,16.0,21.333333333333332,1.0,0.0001,1.0,0.01,0.01,0.01,200000,1000,1
448,10.0,0.7,1.0,0.0,0.1,0.0,1.0,0.0001,0.0,0.0,16.0,21.333333333333332,1.0,0.0001,1.0,0.01,0.01,0.01,200000,1000,1
449,10.0,0.8,1.0,0.0,0.1,0.0,1.0,0.0001,0.0,0.0,16.0,21.333333333333332,1.0,0.0001,1.0,0.01,0.01,0.01,200000,1000,1
450,10.0,0.9,1.0,0.0,0.1,0.0,1.0,0.0001,0.0,0.0,16.0,21.333333333333332,1.0,0.0001,1.0,0.01,0.01,0.01,200000,1000,1
451,10.0,1.0,1.0,0.0,0.1,0.0,1.0,0.0001,0.0,0.0,16.0,21.333333333333332,1.0,0.0001,1.0,0.01,0.01,0.01,200000,1000,1
452,10.0,1.1,1.0,0.0,0.1,0.0,1.0,0.0001,0.0,0.0,16.0,21.333333333333332,1.0,0.0001,1.0,0.01,0.01,0.01,200000,1000,1
453,10.0,1.2,1.0,0.0,0.1,0.0,1.0,0.0001,0.0,0.0,16.0,21.333333333333332,1.0,0.0001,1.0,0.01,0.01,0.01,200000,1000,1
454,10.0,1.3,1.0,0.0,0.1,0.0,1.0,0.0001,0.0,0.0,16.0,21.333333333333332,1.0,0.0001,1.0,0.01,0.01,0.01,200000,1000,1
455,10.0,1.4,1.0,0.0,0.1,0.0,1.0,0.0001,0.0,0.0,16.0,21.333333333333332,1.0,0.0001,1.0,0.01,0.01,0.01,200000,1000,1
456,10.0,1.5,1.0,0.0,0.1,0.0,1.0,0.0001,0.0,0.0,16.0,21.333333333333332,1.0,0.0001,1.0,0.01,0.01,0.01,200000,1000,1
457,10.0,0.4,1.0,0.0,0.1,0.0,1.0,0.0001,0.0,0.0,18.0,24.0,1.0,0.0001,1.0,0.01,0.01,0.01,200000,1000,1
458,10.0,0.5,1.0,0.0,0.1,0.0,1.0,0.0001,0.0,0.0,18.0,24.0,1.0,0.0001,1.0,0.01,0.01,0.01,200000,1000,1
459,10.0,0.6,1.0,0.0,0.1,0.0,1.0,0.0001,0.0,0.0,18.0,24.0,1.0,0.0001,1.0,0.01,0.01,0.01,200000,1000,1
460,10.0,0.7,1.0,0.0,0.1,0.0,1.0,0.0001,0.0,0.0,18.0,24.0,1.0,0.0001,1.0,0.01,0.01,0.01,200000,1000,1
461,10.0,0.8,1.0,0.0,0.1,0.0,1.0,0.0001,0.0,0.0,18.0,24.0,1.0,0.0001,1.0,0.01,0.01,0.01,200000,1000,1
462,10.0,0.9,1.0,0.0,0.1,0.0,1.0,0.0001,0.0,0.0,18.0,24.0,1.0,0.0001,1.0,0.01,0.01,0.01,200000,1000,1
463,10.0,1.0,1.0,0.0,0.1,0.0,1.0,0.0001,0.0,0.0,18.0,24.0,1.0,0.0001,1.0,0.01,0.01,0.01,200000,1000,1
464,10.0,1.1,1.0,0.0,0.1,0.0,1.0,0.0001,0.0,0.0,18.0,24.0,1.0,0.0001,1.0,0.01,0.01,0.01,200000,1000,1
465,10.0,1.2,1.0,0.0,0.1,0.0,1.0,0.0001,0.0,0.0,18.0,24.0,1.0,0.0001,1.0,0.01,0.01,0.01,200000,1000,1
466,10.0,1.3,1.0,0.0,0.1,0.0,1.0,0.0001,0.0,0.0,18.0,24.0,1.0,0.0001,1.0,0.01,0.01,0.01,200000,1000,1
467,10.0,1.4,1.0,0.0,0.1,0.0,1.0,0.0001,0.0,0.0,18.0,24.0,1.0,0.0001,1.0,0.01,0.01,0.01,200000,1000,1
468,10.0,1.5,1.0,0.0,0.1,0.0,1.0,0.0001,0.0,0.0,18.0,24.0,1.0,0.0001,1.0,0.01,0.01,0.01,200000,1000,1
469,10.0,0.4,1.0,0.0,0.1,0.0,1.0,0.0001,0.0,0.0,20.0,26.666666666666668,1.0,0.0001,1.0,0.01,0.01,0.01,200000,1000,1
470,10.0,0.5,1.0,0.0,0.1,0.0,1.0,0.0001,0.0,0.0,20.0,26.666666666666668,1.0,0.0001,1.0,0.01,0.01,0.01,200000,1000,1
471,10.0,0.6,1.0,0.0,0.1,0.0,1.0,0.0001,0.0,0.0,20.0,26.666666666666668,1.0,0.0001,1.0,0.01,0.01,0.01,200000,1000,1
472,10.0,0.7,1.0,0.0,0.1,0.0,1.0,0.0001,0.0,0.0,20.0,26.666666666666668,1.0,0.0001,1.0,0.01,0.01,0.01,200000,1000,1
473,10.0,0.8,1.0,0.0,0.1,0.0,1.0,0.0001,0.0,0.0,20.0,26.666666666666668,1.0,0.0001,1.0,0.01,0.01,0.01,200000,1000,1
474,10.0,0.9,1.0,0.0,0.1,0.0,1.0,0.0001,0.0,0.0,20.0,26.666666666666668,1.0,0.0001,1.0,0.01,0.01,0.01,200000,1000,1
475,10.0,1.0,1.0,0.0,0.1,0.0,1.0,0.0001,0.0,0.0,20.0,26.666666666666668,1.0,0.0001,1.0,0.01,0.01,0.01,200000,1000,1
476,10.0,1.1,1.0,0.0,0.1,0.0,1.0,0.0001,0.0,0.0,20.0,26.666666666666668,1.0,0.0001,1.0,0.01,0.01,0.01,200000,1000,1
477,10.0,1.2,1.0,0.0,0.1,0.0,1.0,0.0001,0.0,0.0,20.0,26.666666666666668,1.0,0.0001,1.0,0.01,0.01,0.01,200000,1000,1
478,10.0,1.3,1.0,0.0,0.1,0.0,1.0,0.0001,0.0,0.0,20.0,26.666666666666668,1.0,0.0001,1.0,0.01,0.01,0.01,200000,1000,1
479,10.0,1.4,1.0,0.0,0.1,0.0,1.0,0.0001,0.0,0.0,20.0,26.666666666666668,1.0,0.0001,1.0,0.01,0.01,0.01,200000,1000,1
480,10.0,1.5,1.0,0.0,0.1,0.0,1.0,0.0001,0.0,0.0,20.0,26.666666666666668,1.0,0.0001,1.0,0.01,0.01,0.01,200000,1000,1
481,10.0,0.4,1.0,0.0,0.1,0.0,1.0,0.0001,0.0,0.0,22.0,29.333333333333332,1.0,0.0001,1.0,0.01,0.01,0.01,200000,1000,1
482,10.0,0.5,1.0,0.0,0.1,0.0,1.0,0.0001,0.0,0.0,22.0,29.333333333333332,1.0,0.0001,1.0,0.01,0.01,0.01,200000,1000,1
483,10.0,0.6,1.0,0.0,0.1,0.0,1.0,0.0001,0.0,0.0,22.0,29.333333333333332,1.0,0.0001,1.0,0.01,0.01,0.01,200000,1000,1
484,10.0,0.7,1.0,0.0,0.1,0.0,1.0,0.0001,0.0,0.0,22.0,29.333333333333332,1.0,0.0001,1.0,0.01,0.01,0.01,200000,1000,1
485,10.0,0.8,1.0,0.0,0.1,0.0,1.0,0.0001,0.0,0.0,22.0,29.333333333333332,1.0,0.0001,1.0,0.01,0.01,0.01,200000,1000,1
486,10.0,0.9,1.0,0.0,0.1,0.0,1.0,0.0001,0.0,0.0,22.0,29.333333333333332,1.0,0.0001,1.0,0.01,0.01,0.01,200000,1000,1
487,10.0,1.0,1.0,0.0,0.1,0.0,1.0,0.0001,0.0,0.0,22.0,29.333333333333332,1.0,0.0001,1.0,0.01,0.01,0.01,200000,1000,1
488,10.0,1.1,1.0,0.0,0.1,0.0,1.0,0.0001,0.0,0.0,22.0,29.333333333333332,1.0,0.0001,1.0,0.01,0.01,0.01,200000,1000,1
489,10.0,1.2,1.0,0.0,0.1,0.0,1.0,0.0001,0.0,0.0,22.0,29.333333333333332,1.0,0.0001,1.0,0.01,0.01,0.01,200000,1000,1
490,10.0,1.3,1.0,0.0,0.1,0.0,1.0,0.0001,0.0,0.0,22.0,29.333333333333332,1.0,0.0001,1.0,0.01,0.01,0.01,200000,1000,1
491,10.0,1.4,1.0,0.0,0.1,0.0,1.0,0.0001,0.0,0.0,22.0,29.333333333333332,1.0,0.0001,1.0,0.01,0.01,0.01,200000,1000,1
492,10.0,1.5,1.0,0.0,0.1,0.0,1.0,0.0001,0.0,0.0,22.0,29.333333333333332,1.0,0.0001,1.0,0.01,0.01,0.01,200000,1000,1
493,10.0,0.4,1.0,0.0,0.1,0.0,1.0,0.0001,0.0,0.0,24.0,32.0,1.0,0.0001,1.0,0.01,0.01,0.01,200000,1000,1
494,10.0,0.5,1.0,0.0,0.1,0.0,1.0,0.0001,0.0,0.0,24.0,32.0,1.0,0.0001,1.0,0.01,0.01,0.01,200000,1000,1
495,10.0,0.6,1.0,0.0,0.1,0.0,1.0,0.0001,0.0,0.0,24.0,32.0,1.0,0.0001,1.0,0.01,0.01,0.01,200000,1000,1
496,10.0,0.7,1.0,0.0,0.1,0.0,1.0,0.0001,0.0,0.0,24.0,32.0,1.0,0.0001,1.0,0.01,0.01,0.01,200000,1000,1
497,10.0,0.8,1.0,0.0,0.1,0.0,1.0,0.0001,0.0,0.0,24.0,32.0,1.0,0.0001,1.0,0.01,0.01,0.01,200000,1000,1
498,10.0,0.9,1.0,0.0,0.1,0.0,1.0,0.0001,0.0,0.0,24.0,32.0,1.0,0.0001,1.0,0.01,0.01,0.01,200000,1000,1
499,10.0,1.0,1.0,0.0,0.1,0.0,1.0,0.0001,0.0,0.0,24.0,32.0,1.0,0.0001,1.0,0.01,0.01,0.01,200000,1000,1
500,10.0,1.1,1.0,0.0,0.1,0.0,1.0,0.0001,0.0,0.0,24.0,32.0,1.0,0.0001,1.0,0.01,0.01,0.01,200000,1000,1
501,10.0,1.2,1.0,0.0,0.1,0.0,1.0,0.0001,0.0,0.0,24.0,32.0,1.0,0.0001,1.0,0.01,0.01,0.01,200000,1000,1
502,10.0,1.3,1.0,0.0,0.1,0.0,1.0,0.0001,0.0,0.0,24.0,32.0,1.0,0.0001,1.0,0.01,0.01,0.01,200000,1000,1
503,10.0,1.4,1.0,0.0,0.1,0.0,1.0,0.0001,0.0,0.0,24.0,32.0,1.0,0.0001,1.0,0.01,0.01,0.01,200000,1000,1
504,10.0,1.5,1.0,0.0,0.1,0.0,1.0,0.0001,0.0,0.0,24.0,32.0,1.0,0.0001,1.0,0.01,0.01,0.01,200000,1000,1
505,10.0,0.4,0.2,0.0,0.1,0.0,1.0,0.0001,0.0,0.0,0.0,1.3333333333333333,1.0,0.0001,1.0,0.01,0.01,0.01,200000,1000,1
506,10.0,0.5,0.2,0.0,0.1,0.0,1.0,0.0001,0.0,0.0,0.0,1.3333333333333333,1.0,0.0001,1.0,0.01,0.01,0.01,200000,1000,1
507,10.0,0.6,0.2,0.0,0.1,0.0,1.0,0.0001,0.0,0.0,0.0,1.3333333333333333,1.0,0.0001,1.0,0.01,0.01,0.01,200000,1000,1
508,10.0,0.7,0.2,0.0,0.1,0.0,1.0,0.0001,0.0,0.0,0.0,1.3333333333333333,1.0,0.0001,1.0,0.01,0.01,0.01,200000,1000,1
509,10.0,0.8,0.2,0.0,0.1,0.0,1.0,0.0001,0.0,0.0,0.0,1.3333333333333333,1.0,0.0001,1.0,0.01,0.01,0.01,200000,1000,1
510,10.0,0.9,0.2,0.0,0.1,0.0,1.0,0.0001,0.0,0.0,0.0,1.3333333333333333,1.0,0.0001,1.0,0.01,0.01,0.01,200000,1000,1
511,10.0,1.0,0.2,0.0,0.1,0.0,1.0,0.0001,0.0,0.0,0.0,1.3333333333333333,1.0,0.0001,1.0,0.01,0.01,0.01,200000,1000,1
512,10.0,1.1,0.2,0.0,0.1,0.0,1.0,0.0001,0.0,0.0,0.0,1.3333333333333333,1.0,0.0001,1.0,0.01,0.01,0.01,200000,1000,1
513,10.0,1.2,0.2,0.0,0.1,0.0,1.0,0.0001,0.0,0.0,0.0,1.3333333333333333,1.0,0.0001,1.0,0.01,0.01,0.01,200000,1000,1
514,10.0,1.3,0.2,0.0,0.1,0.0,1.0,0.0001,0.0,0.0,0.0,1.3333333333333333,1.0,0.0001,1.0,0.01,0.01,0.01,200000,1000,1
515,10.0,1.4,0.2,0.0,0.1,0.0,1.0,0.0001,0.0,0.0,0.0,1.3333333333333333,1.0,0.0001,1.0,0.01,0.01,0.01,200000,1000,1
516,10.0,1.5,0.2,0.0,0.1,0.0,1.0,0.0001,0.0,0.0,0.0,1.3333333333333333,1.0,0.0001,1.0,0.01,0.01,0.01,200000,1000,1
517,10.0,0.4,0.2,0.0,0.1,0.0,1.0,0.0001,0.0,0.0,1.0,1.3333333333333333,1.0,0.0001,1.0,0.01,0.01,0.01,200000,1000,1
518,10.0,0.5,0.2,0.0,0.1,0.0,1.0,0.0001,0.0,0.0,1.0,1.3333333333333333,1.0,0.0001,1.0,0.01,0.01,0.01,200000,1000,1
519,10.0,0.6,0.2,0.0,0.1,0.0,1.0,0.0001,0.0,0.0,1.0,1.3333333333333333,1.0,0.0001,1.0,0.01,0.01,0.01,200000,1000,1
520,10.0,0.7,0.2,0.0,0.1,0.0,1.0,0.0001,0.0,0.0,1.0,1.3333333333333333,1.0,0.0001,1.0,0.01,0.01,0.01,200000,1000,1
521,10.0,0.8,0.2,0.0,0.1,0.0,1.0,0.0001,0.0,0.0,1.0,1.3333333333333333,1.0,0.0001,1.0,0.01,0.01,0.01,200000,1000,1
522,10.0,0.9,0.2,0.0,0.1,0.0,1.0,0.0001,0.0,0.0,1.0,1.3333333333333333,1.0,0.0001,1.0,0.01,0.01,0.01,200000,1000,1
523,10.0,1.0,0.2,0.0,0.1,0.0,1.0,0.0001,0.0,0.0,1.0,1.3333333333333333,1.0,0.0001,1.0,0.01,0.01,0.01,200000,1000,1
524,10.0,1.1,0.2,0.0,0.1,0.0,1.0,0.0001,0.0,0.0,1.0,1.3333333333333333,1.0,0.0001,1.0,0.01,0.01,0.01,200000,1000,1
525,10.0,1.2,0.2,0.0,0.1,0.0,1.0,0.0001,0.0,0.0,1.0,1.3333333333333333,1.0,0.0001,1.0,0.01,0.01,0.01,200000,1000,1
526,10.0,1.3,0.2,0.0,0.1,0.0,1.0,0.0001,0.0,0.0,1.0,1.3333333333333333,1.0,0.0001,1.0,0.01,0.01,0.01,200000,1000,1
527,10.0,1.4,0.2,0.0,0.1,0.0,1.0,0.0001,0.0,0.0,1.0,1.3333333333333333,1.0,0.0001,1.0,0.01,0.01,0.01,200000,1000,1
528,10.0,1.5,0.2,0.0,0.1,0.0,1.0,0.0001,0.0,0.0,1.0,1.3333333333333333,1.0,0.0001,1.0,0.01,0.01,0.01,200000,1000,1
529,10.0,0.4,0.2,0.0,0.1,0.0,1.0,0.0001,0.0,0.0,2.0,2.6666666666666665,1.0,0.0001,1.0,0.01,0.01,0.01,200000,1000,1
530,10.0,0.5,0.2,0.0,0.1,0.0,1.0,0.0001,0.0,0.0,2.0,2.6666666666666665,1.0,0.0001,1.0,0.01,0.01,0.01,200000,1000,1
531,10.0,0.6,0.2,0.0,0.1,0.0,1.0,0.0001,0.0,0.0,2.0,2.6666666666666665,1.0,0.0001,1.0,0.01,0.01,0.01,200000,1000,1
532,10.0,0.7,0.2,0.0,0.1,0.0,1.0,0.0001,0.0,0.0,2.0,2.6666666666666665,1.0,0.0001,1.0,0.01,0.01,0.01,200000,1000,1
533,10.0,0.8,0.2,0.0,0.1,0.0,1.0,0.0001,0.0,0.0,2.0,2.6666666666666665,1.0,0.0001,1.0,0.01,0.01,0.01,200000,1000,1
534,10.0,0.9,0.2,0.0,0.1,0.0,1.0,0.0001,0.0,0.0,2.0,2.6666666666666665,1.0,0.0001,1.0,0.01,0.01,0.01,200000,1000,1
535,10.0,1.0,0.2,0.0,0.1,0.0,1.0,0.0001,0.0,0.0,2.0,2.6666666666666665,1.0,0.0001,1.0,0.01,0.01,0.01,200000,1000,1
536,10.0,1.1,0.2,0.0,0.1,0.0,1.0,0.0001,0.0,0.0,2.0,2.6666666666666665,1.0,0.0001,1.0,0.01,0.01,0.01,200000,1000,1
537,10.0,1.2,0.2,0.0,0.1,0.0,1.0,0.0001,0.0,0.0,2.0,2.6666666666666665,1.0,0.0001,1.0,0.01,0.01,0.01,200000,1000,1
538,10.0,1.3,0.2,0.0,0.1,0.0,1.0,0.0001,0.0,0.0,2.0,2.6666666666666665,1.0,0.0001,1.0,0.01,0.01,0.01,200000,1000,1
539,10.0,1.4,0.2,0.0,0.1,0.0,1.0,0.0001,0.0,0.0,2.0,2.6666666666666665,1.0,0.0001,1.0,0.01,0.01,0.01,200000,1000,1
540,10.0,1.5,0.2,0.0,0.1,0.0,1.0,0.0001,0.0,0.0,2.0,2.6666666666666665,1.0,0.0001,1.0,0.01,0.01,0.01,200000,1000,1
541,10.0,0.4,0.2,0.0,0.1,0.0,1.0,0.0001,0.0,0.0,4.0,5.333333333333333,1.0,0.0001,1.0,0.01,0.01,0.01,200000,1000,1
542,10.0,0.5,0.2,0.0,0.1,0.0,1.0,0.0001,0.0,0.0,4.0,5.333333333333333,1.0,0.0001,1.0,0.01,0.01,0.01,200000,1000,1
543,10.0,0.6,0.2,0.0,0.1,0.0,1.0,0.0001,0.0,0.0,4.0,5.333333333333333,1.0,0.0001,1.0,0.01,0.01,0.01,200000,1000,1
544,10.0,0.7,0.2,0.0,0.1,0.0,1.0,0.0001,0.0,0.0,4.0,5.333333333333333,1.0,0.0001,1.0,0.01,0.01,0.01,200000,1000,1
545,10.0,0.8,0.2,0.0,0.1,0.0,1.0,0.0001,0.0,0.0,4.0,5.333333333333333,1.0,0.0001,1.0,0.01,0.01,0.01,200000,1000,1
546,10.0,0.9,0.2,0.0,0.1,0.0,1.0,0.0001,0.0,0.0,4.0,5.333333333333333,1.0,0.0001,1.0,0.01,0.01,0.01,200000,1000,1
547,10.0,1.0,0.2,0.0,0.1,0.0,1.0,0.0001,0.0,0.0,4.0,5.333333333333333,1.0,0.0001,1.0,0.01,0.01,0.01,200000,1000,1
548,10.0,1.1,0.2,0.0,0.1,0.0,1.0,0.0001,0.0,0.0,4.0,5.333333333333333,1.0,0.0001,1.0,0.01,0.01,0.01,200000,1000,1
549,10.0,1.2,0.2,0.0,0.1,0.0,1.0,0.0001,0.0,0.0,4.0,5.333333333333333,1.0,0.0001,1.0,0.01,0.01,0.01,200000,1000,1
550,10.0,1.3,0.2,0.0,0.1,0.0,1.0,0.0001,0.0,0.0,4.0,5.333333333333333,1.0,0.0001,1.0,0.01,0.01,0.01,200000,1000,1
551,10.0,1.4,0.2,0.0,0.1,0.0,1.0,0.0001,0.0,0.0,4.0,5.333333333333333,1.0,0.0001,1.0,0.01,0.01,0.01,200000,1000,1
552,10.0,1.5,0.2,0.0,0.1,0.0,1.0,0.0001,0.0,0.0,4.0,5.333333333333333,1.0,0.0001,1.0,0.01,0.01,0.01,200000,1000,1
553,10.0,0.4,0.2,0.0,0.1,0.0,1.0,0.0001,0.0,0.0,6.0,8.0,1.0,0.0001,1.0,0.01,0.01,0.01,200000,1000,1
554,10.0,0.5,0.2,0.0,0.1,0.0,1.0,0.0001,0.0,0.0,6.0,8.0,1.0,0.0001,1.0,0.01,0.01,0.01,200000,1000,1
555,10.0,0.6,0.2,0.0,0.1,0.0,1.0,0.0001,0.0,0.0,6.0,8.0,1.0,0.0001,1.0,0.01,0.01,0.01,200000,1000,1
556,10.0,0.7,0.2,0.0,0.1,0.0,1.0,0.0001,0.0,0.0,6.0,8.0,1.0,0.0001,1.0,0.01,0.01,0.01,200000,1000,1
557,10.0,0.8,0.2,0.0,0.1,0.0,1.0,0.0001,0.0,0.0,6.0,8.0,1.0,0.0001,1.0,0.01,0.01,0.01,200000,1000,1
558,10.0,0.9,0.2,0.0,0.1,0.0,1.0,0.0001,0.0,0.0,6.0,8.0,1.0,0.0001,1.0,0.01,0.01,0.01,200000,1000,1
559,10.0,1.0,0.2,0.0,0.1,0.0,1.0,0.0001,0.0,0.0,6.0,8.0,1.0,0.0001,1.0,0.01,0.01,0.01,200000,1000,1
560,10.0,1.1,0.2,0.0,0.1,0.0,1.0,0.0001,0.0,0.0,6.0,8.0,1.0,0.0001,1.0,0.01,0.01,0.01,200000,1000,1
561,10.0,1.2,0.2,0.0,0.1,0.0,1.0,0.0001,0.0,0.0,6.0,8.0,1.0,0.0001,1.0,0.01,0.01,0.01,200000,1000,1
562,10.0,1.3,0.2,0.0,0.1,0.0,1.0,0.0001,0.0,0.0,6.0,8.0,1.0,0.0001,1.0,0.01,0.01,0.01,200000,1000,1
563,10.0,1.4,0.2,0.0,0.1,0.0,1.0,0.0001,0.0,0.0,6.0,8.0,1.0,0.0001,1.0,0.01,0.01,0.01,200000,1000,1
564,10.0,1.5,0.2,0.0,0.1,0.0,1.0,0.0001,0.0,0.0,6.0,8.0,1.0,0.0001,1.0,0.01,0.01,0.01,200000,1000,1
565,10.0,0.4,0.2,0.0,0.1,0.0,1.0,0.0001,0.0,0.0,8.0,10.666666666666666,1.0,0.0001,1.0,0.01,0.01,0.01,200000,1000,1
566,10.0,0.5,0.2,0.0,0.1,0.0,1.0,0.0001,0.0,0.0,8.0,10.666666666666666,1.0,0.0001,1.0,0.01,0.01,0.01,200000,1000,1
567,10.0,0.6,0.2,0.0,0.1,0.0,1.0,0.0001,0.0,0.0,8.0,10.666666666666666,1.0,0.0001,1.0,0.01,0.01,0.01,200000,1000,1
568,10.0,0.7,0.2,0.0,0.1,0.0,1.0,0.0001,0.0,0.0,8.0,10.666666666666666,1.0,0.0001,1.0,0.01,0.01,0.01,200000,1000,1
569,10.0,0.8,0.2,0.0,0.1,0.0,1.0,0.0001,0.0,0.0,8.0,10.666666666666666,1.0,0.0001,1.0,0.01,0.01,0.01,200000,1000,1
570,10.0,0.9,0.2,0.0,0.1,0.0,1.0,0.0001,0.0,0.0,8.0,10.666666666666666,1.0,0.0001,1.0,0.01,0.01,0.01,200000,1000,1
571,10.0,1.0,0.2,0.0,0.1,0.0,1.0,0.0001,0.0,0.0,8.0,10.666666666666666,1.0,0.0001,1.0,0.01,0.01,0.01,200000,1000,1
572,10.0,1.1,0.2,0.0,0.1,0.0,1.0,0.0001,0.0,0.0,8.0,10.666666666666666,1.0,0.0001,1.0,0.01,0.01,0.01,200000,1000,1
573,10.0,1.2,0.2,0.0,0.1,0.0,1.0,0.0001,0.0,0.0,8.0,10.666666666666666,1.0,0.0001,1.0,0.01,0.01,0.01,200000,1000,1
574,10.0,1.3,0.2,0.0,0.1,0.0,1.0,0.0001,0.0,0.0,8.0,10.666666666666666,1.0,0.0001,1.0,0.01,0.01,0.01,200000,1000,1
575,10.0,1.4,0.2,0.0,0.1,0.0,1.0,0.0001,0.0,0.0,8.0,10.666666666666666,1.0,0.0001,1.0,0.01,0.01,0.01,200000,1000,1
576,10.0,1.5,0.2,0.0,0.1,0.0,1.0,0.0001,0.0,0.0,8.0,10.666666666666666,1.0,0.0001,1.0,0.01,0.01,0.01,200000,1000,1
577,10.0,0.4,0.2,0.0,0.1,0.0,1.0,0.0001,0.0,0.0,10.0,13.333333333333334,1.0,0.0001,1.0,0.01,0.01,0.01,200000,1000,1
578,10.0,0.5,0.2,0.0,0.1,0.0,1.0,0.0001,0.0,0.0,10.0,13.333333333333334,1.0,0.0001,1.0,0.01,0.01,0.01,200000,1000,1
579,10.0,0.6,0.2,0.0,0.1,0.0,1.0,0.0001,0.0,0.0,10.0,13.333333333333334,1.0,0.0001,1.0,0.01,0.01,0.01,200000,1000,1
580,10.0,0.7,0.2,0.0,0.1,0.0,1.0,0.0001,0.0,0.0,10.0,13.333333333333334,1.0,0.0001,1.0,0.01,0.01,0.01,200000,1000,1
581,10.0,0.8,0.2,0.0,0.1,0.0,1.0,0.0001,0.0,0.0,10.0,13.333333333333334,1.0,0.0001,1.0,0.01,0.01,0.01,200000,1000,1
582,10.0,0.9,0.2,0.0,0.1,0.0,1.0,0.0001,0.0,0.0,10.0,13.333333333333334,1.0,0.0001,1.0,0.01,0.01,0.01,200000,1000,1
583,10.0,1.0,0.2,0.0,0.1,0.0,1.0,0.0001,0.0,0.0,10.0,13.333333333333334,1.0,0.0001,1.0,0.01,0.01,0.01,200000,1000,1
584,10.0,1.1,0.2,0.0,0.1,0.0,1.0,0.0001,0.0,0.0,10.0,13.333333333333334,1.0,0.0001,1.0,0.01,0.01,0.01,200000,1000,1
585,10.0,1.2,0.2,0.0,0.1,0.0,1.0,0.0001,0.0,0.0,10.0,13.333333333333334,1.0,0.0001,1.0,0.01,0.01,0.01,200000,1000,1
586,10.0,1.3,0.2,0.0,0.1,0.0,1.0,0.0001,0.0,0.0,10.0,13.333333333333334,1.0,0.0001,1.0,0.01,0.01,0.01,200000,1000,1
587,10.0,1.4,0.2,0.0,0.1,0.0,1.0,0.0001,0.0,0.0,10.0,13.333333333333334,1.0,0.0001,1.0,0.01,0.01,0.01,200000,1000,1
588,10.0,1.5,0.2,0.0,0.1,0.0,1.0,0.0001,0.0,0.0,10.0,13.333333333333334,1.0,0.0001,1.0,0.01,0.01,0.01,200000,1000,1
589,10.0,0.4,0.2,0.0,0.1,0.0,1.0,0.0001,0.0,0.0,12.0,16.0,1.0,0.0001,1.0,0.01,0.01,0.01,200000,1000,1
590,10.0,0.5,0.2,0.0,0.1,0.0,1.0,0.0001,0.0,0.0,12.0,16.0,1.0,0.0001,1.0,0.01,0.01,0.01,200000,1000,1
591,10.0,0.6,0.2,0.0,0.1,0.0,1.0,0.0001,0.0,0.0,12.0,16.0,1.0,0.0001,1.0,0.01,0.01,0.01,200000,1000,1
592,10.0,0.7,0.2,0.0,0.1,0.0,1.0,0.0001,0.0,0.0,12.0,16.0,1.0,0.0001,1.0,0.01,0.01,0.01,200000,1000,1
593,10.0,0.8,0.2,0.0,0.1,0.0,1.0,0.0001,0.0,0.0,12.0,16.0,1.0,0.0001,1.0,0.01,0.01,0.01,200000,1000,1
594,10.0,0.9,0.2,0.0,0.1,0.0,1.0,0.0001,0.0,0.0,12.0,16.0,1.0,0.0001,1.0,0.01,0.01,0.01,200000,1000,1
595,10.0,1.0,0.2,0.0,0.1,0.0,1.0,0.0001,0.0,0.0,12.0,16.0,1.0,0.0001,1.0,0.01,0.01,0.01,200000,1000,1
596,10.0,1.1,0.2,0.0,0.1,0.0,1.0,0.0001,0.0,0.0,12.0,16.0,1.0,0.0001,1.0,0.01,0.01,0.01,200000,1000,1
597,10.0,1.2,0.2,0.0,0.1,0.0,1.0,0.0001,0.0,0.0,12.0,16.0,1.0,0.0001,1.0,0.01,0.01,0.01,200000,1000,1
598,10.0,1.3,0.2,0.0,0.1,0.0,1.0,0.0001,0.0,0.0,12.0,16.0,1.0,0.0001,1.0,0.01,0.01,0.01,200000,1000,1
599,10.0,1.4,0.2,0.0,0.1,0.0,1.0,0.0001,0.0,0.0,12.0,16.0,1.0,0.0001,1.0,0.01,0.01,0.01,200000,1000,1
600,10.0,1.5,0.2,0.0,0.1,0.0,1.0,0.0001,0.0,0.0,12.0,16.0,1.0,0.0001,1.0,0.01,0.01,0.01,200000,1000,1
601,10.0,0.4,0.2,0.0,0.1,0.0,1.0,0.0001,0.0,0.0,14.0,18.666666666666668,1.0,0.0001,1.0,0.01,0.01,0.01,200000,1000,1
602,10.0,0.5,0.2,0.0,0.1,0.0,1.0,0.0001,0.0,0.0,14.0,18.666666666666668,1.0,0.0001,1.0,0.01,0.01,0.01,200000,1000,1
603,10.0,0.6,0.2,0.0,0.1,0.0,1.0,0.0001,0.0,0.0,14.0,18.666666666666668,1.0,0.0001,1.0,0.01,0.01,0.01,200000,1000,1
604,10.0,0.7,0.2,0.0,0.1,0.0,1.0,0.0001,0.0,0.0,14.0,18.666666666666668,1.0,0.0001,1.0,0.01,0.01,0.01,200000,1000,1
605,10.0,0.8,0.2,0.0,0.1,0.0,1.0,0.0001,0.0,0.0,14.0,18.666666666666668,1.0,0.0001,1.0,0.01,0.01,0.01,200000,1000,1
606,10.0,0.9,0.2,0.0,0.1,0.0,1.0,0.0001,0.0,0.0,14.0,18.666666666666668,1.0,0.0001,1.0,0.01,0.01,0.01,200000,1000,1
607,10.0,1.0,0.2,0.0,0.1,0.0,1.0,0.0001,0.0,0.0,14.0,18.666666666666668,1.0,0.0001,1.0,0.01,0.01,0.01,200000,1000,1
608,10.0,1.1,0.2,0.0,0.1,0.0,1.0,0.0001,0.0,0.0,14.0,18.666666666666668,1.0,0.0001,1.0,0.01,0.01,0.01,200000,1000,1
609,10.0,1.2,0.2,0.0,0.1,0.0,1.0,0.0001,0.0,0.0,14.0,18.666666666666668,1.0,0.0001,1.0,0.01,0.01,0.01,200000,1000,1
610,10.0,1.3,0.2,0.0,0.1,0.0,1.0,0.0001,0.0,0.0,14.0,18.666666666666668,1.0,0.0001,1.0,0.01,0.01,0.01,200000,1000,1
611,10.0,1.4,0.2,0.0,0.1,0.0,1.0,0.0001,0.0,0.0,14.0,18.666666666666668,1.0,0.0001,1.0,0.01,0.01,0.01,200000,1000,1
612,10.0,1.5,0.2,0.0,0.1,0.0,1.0,0.0001,0.0,0.0,14.0,18.666666666666668,1.0,0.0001,1.0,0.01,0.01,0.01,200000,1000,1
613,10.0,0.4,0.2,0.0,0.1,0.0,1.0,0.0001,0.0,0.0,16.0,21.333333333333332,1.0,0.0001,1.0,0.01,0.01,0.01,200000,1000,1
614,10.0,0.5,0.2,0.0,0.1,0.0,1.0,0.0001,0.0,0.0,16.0,21.333333333333332,1.0,0.0001,1.0,0.01,0.01,0.01,200000,1000,1
615,10.0,0.6,0.2,0.0,0.1,0.0,1.0,0.0001,0.0,0.0,16.0,21.333333333333332,1.0,0.0001,1.0,0.01,0.01,0.01,200000,1000,1
616,10.0,0.7,0.2,0.0,0.1,0.0,1.0,0.0001,0.0,0.0,16.0,21.333333333333332,1.0,0.0001,1.0,0.01,0.01,0.01,200000,1000,1
617,10.0,0.8,0.2,0.0,0.1,0.0,1.0,0.0001,0.0,0.0,16.0,21.333333333333332,1.0,0.0001,1.0,0.01,0.01,0.01,200000,1000,1
618,10.0,0.9,0.2,0.0,0.1,0.0,1.0,0.0001,0.0,0.0,16.0,21.333333333333332,1.0,0.0001,1.0,0.01,0.01,0.01,200000,1000,1
619,10.0,1.0,0.2,0.0,0.1,0.0,1.0,0.0001,0.0,0.0,16.0,21.333333333333332,1.0,0.0001,1.0,0.01,0.01,0.01,200000,1000,1
620,10.0,1.1,0.2,0.0,0.1,0.0,1.0,0.0001,0.0,0.0,16.0,21.333333333333332,1.0,0.0001,1.0,0.01,0.01,0.01,200000,1000,1
621,10.0,1.2,0.2,0.0,0.1,0.0,1.0,0.0001,0.0,0.0,16.0,21.333333333333332,1.0,0.0001,1.0,0.01,0.01,0.01,200000,1000,1
622,10.0,1.3,0.2,0.0,0.1,0.0,1.0,0.0001,0.0,0.0,16.0,21.333333333333332,1.0,0.0001,1.0,0.01,0.01,0.01,200000,1000,1
623,10.0,1.4,0.2,0.0,0.1,0.0,1.0,0.0001,0.0,0.0,16.0,21.333333333333332,1.0,0.0001,1.0,0.01,0.01,0.01,200000,1000,1
624,10.0,1.5,0.2,0.0,0.1,0.0,1.0,0.0001,0.0,0.0,16.0,21.333333333333332,1.0,0.0001,1.0,0.01,0.01,0.01,200000,1000,1
625,10.0,0.4,0.2,0.0,0.1,0.0,1.0,0.0001,0.0,0.0,18.0,24.0,1.0,0.0001,1.0,0.01,0.01,0.01,200000,1000,1
626,10.0,0.5,0.2,0.0,0.1,0.0,1.0,0.0001,0.0,0.0,18.0,24.0,1.0,0.0001,1.0,0.01,0.01,0.01,200000,1000,1
627,10.0,0.6,0.2,0.0,0.1,0.0,1.0,0.0001,0.0,0.0,18.0,24.0,1.0,0.0001,1.0,0.01,0.01,0.01,200000,1000,1
628,10.0,0.7,0.2,0.0,0.1,0.0,1.0,0.0001,0.0,0.0,18.0,24.0,1.0,0.0001,1.0,0.01,0.01,0.01,200000,1000,1
629,10.0,0.8,0.2,0.0,0.1,0.0,1.0,0.0001,0.0,0.0,18.0,24.0,1.0,0.0001,1.0,0.01,0.01,0.01,200000,1000,1
630,10.0,0.9,0.2,0.0,0.1,0.0,1.0,0.0001,0.0,0.0,18.0,24.0,1.0,0.0001,1.0,0.01,0.01,0.01,200000,1000,1
631,10.0,1.0,0.2,0.0,0.1,0.0,1.0,0.0001,0.0,0.0,18.0,24.0,1.0,0.0001,1.0,0.01,0.01,0.01,200000,1000,1
632,10.0,1.1,0.2,0.0,0.1,0.0,1.0,0.0001,0.0,0.0,18.0,24.0,1.0,0.0001,1.0,0.01,0.01,0.01,200000,1000,1
633,10.0,1.2,0.2,0.0,0.1,0.0,1.0,0.0001,0.0,0.0,18.0,24.0,1.0,0.0001,1.0,0.01,0.01,0.01,200000,1000,1
634,10.0,1.3,0.2,0.0,0.1,0.0,1.0,0.0001,0.0,0.0,18.0,24.0,1.0,0.0001,1.0,0.01,0.01,0.01,200000,1000,1
635,10.0,1.4,0.2,0.0,0.1,0.0,1.0,0.0001,0.0,0.0,18.0,24.0,1.0,0.0001,1.0,0.01,0.01,0.01,200000,1000,1
636,10.0,1.5,0.2,0.0,0.1,0.0,1.0,0.0001,0.0,0.0,18.0,24.0,1.0,0.0001,1.0,0.01,0.01,0.01,200000,1000,1
637,10.0,0.4,0.2,0.0,0.1,0.0,1.0,0.0001,0.0,0.0,20.0,26.666666666666668,1.0,0.0001,1.0,0.01,0.01,0.01,200000,1000,1
638,10.0,0.5,0.2,0.0,0.1,0.0,1.0,0.0001,0.0,0.0,20.0,26.666666666666668,1.0,0.0001,1.0,0.01,0.01,0.01,200000,1000,1
639,10.0,0.6,0.2,0.0,0.1,0.0,1.0,0.0001,0.0,0.0,20.0,26.666666666666668,1.0,0.0001,1.0,0.01,0.01,0.01,200000,1000,1
640,10.0,0.7,0.2,0.0,0.1,0.0,1.0,0.0001,0.0,0.0,20.0,26.666666666666668,1.0,0.0001,1.0,0.01,0.01,0.01,200000,1000,1
641,10.0,0.8,0.2,0.0,0.1,0.0,1.0,0.0001,0.0,0.0,20.0,26.666666666666668,1.0,0.0001,1.0,0.01,0.01,0.01,200000,1000,1
642,10.0,0.9,0.2,0.0,0.1,0.0,1.0,0.0001,0.0,0.0,20.0,26.666666666666668,1.0,0.0001,1.0,0.01,0.01,0.01,200000,1000,1
643,10.0,1.0,0.2,0.0,0.1,0.0,1.0,0.0001,0.0,0.0,20.0,26.666666666666668,1.0,0.0001,1.0,0.01,0.01,0.01,200000,1000,1
644,10.0,1.1,0.2,0.0,0.1,0.0,1.0,0.0001,0.0,0.0,20.0,26.666666666666668,1.0,0.0001,1.0,0.01,0.01,0.01,200000,1000,1
645,10.0,1.2,0.2,0.0,0.1,0.0,1.0,0.0001,0.0,0.0,20.0,26.666666666666668,1.0,0.0001,1.0,0.01,0.01,0.01,200000,1000,1
646,10.0,1.3,0.2,0.0,0.1,0.0,1.0,0.0001,0.0,0.0,20.0,26.666666666666668,1.0,0.0001,1.0,0.01,0.01,0.01,200000,1000,1
647,10.0,1.4,0.2,0.0,0.1,0.0,1.0,0.0001,0.0,0.0,20.0,26.666666666666668,1.0,0.0001,1.0,0.01,0.01,0.01,200000,1000,1
648,10.0,1.5,0.2,0.0,0.1,0.0,1.0,0.0001,0.0,0.0,20.0,26.666666666666668,1.0,0.0001,1.0,0.01,0.01,0.01,200000,1000,1
649,10.0,0.4,0.2,0.0,0.1,0.0,1.0,0.0001,0.0,0.0,22.0,29.333333333333332,1.0,0.0001,1.0,0.01,0.01,0.01,200000,1000,1
650,10.0,0.5,0.2,0.0,0.1,0.0,1.0,0.0001,0.0,0.0,22.0,29.333333333333332,1.0,0.0001,1.0,0.01,0.01,0.01,200000,1000,1
651,10.0,0.6,0.2,0.0,0.1,0.0,1.0,0.0001,0.0,0.0,22.0,29.333333333333332,1.0,0.0001,1.0,0.01,0.01,0.01,200000,1000,1
652,10.0,0.7,0.2,0.0,0.1,0.0,1.0,0.0001,0.0,0.0,22.0,29.333333333333332,1.0,0.0001,1.0,0.01,0.01,0.01,200000,1000,1
653,10.0,0.8,0.2,0.0,0.1,0.0,1.0,0.0001,0.0,0.0,22.0,29.333333333333332,1.0,0.0001,1.0,0.01,0.01,0.01,200000,1000,1
654,10.0,0.9,0.2,0.0,0.1,0.0,1.0,0.0001,0.0,0.0,22.0,29.333333333333332,1.0,0.0001,1.0,0.01,0.01,0.01,200000,1000,1
655,10.0,1.0,0.2,0.0,0.1,0.0,1.0,0.0001,0.0,0.0,22.0,29.333333333333332,1.0,0.0001,1.0,0.01,0.01,0.01,200000,1000,1
656,10.0,1.1,0.2,0.0,0.1,0.0,1.0,0.0001,0.0,0.0,22.0,29.333333333333332,1.0,0.0001,1.0,0.01,0.01,0.01,200000,1000,1
657,10.0,1.2,0.2,0.0,0.1,0.0,1.0,0.0001,0.0,0.0,22.0,29.333333333333332,1.0,0.0001,1.0,0.01,0.01,0.01,200000,1000,1
658,10.0,1.3,0.2,0.0,0.1,0.0,1.0,0.0001,0.0,0.0,22.0,29.333333333333332,1.0,0.0001,1.0,0.01,0.01,0.01,200000,1000,1
659,10.0,1.4,0.2,0.0,0.1,0.0,1.0,0.0001,0.0,0.0,22.0,29.333333333333332,1.0,0.0001,1.0,0.01,0.01,0.01,200000,1000,1
660,10.0,1.5,0.2,0.0,0.1,0.0,1.0,0.0001,0.0,0.0,22.0,29.333333333333332,1.0,0.0001,1.0,0.01,0.01,0.01,200000,1000,1
661,10.0,0.4,0.2,0.0,0.1,0.0,1.0,0.0001,0.0,0.0,24.0,32.0,1.0,0.0001,1.0,0.01,0.01,0.01,200000,1000,1
662,10.0,0.5,0.2,0.0,0.1,0.0,1.0,0.0001,0.0,0.0,24.0,32.0,1.0,0.0001,1.0,0.01,0.01,0.01,200000,1000,1
663,10.0,0.6,0.2,0.0,0.1,0.0,1.0,0.0001,0.0,0.0,24.0,32.0,1.0,0.0001,1.0,0.01,0.01,0.01,200000,1000,1
664,10.0,0.7,0.2,0.0,0.1,0.0,1.0,0.0001,0.0,0.0,24.0,32.0,1.0,0.0001,1.0,0.01,0.01,0.01,200000,1000,1
665,10.0,0.8,0.2,0.0,0.1,0.0,1.0,0.0001,0.0,0.0,24.0,32.0,1.0,0.0001,1.0,0.01,0.01,0.01,200000,1000,1
666,10.0,0.9,0.2,0.0,0.1,0.0,1.0,0.0001,0.0,0.0,24.0,32.0,1.0,0.0001,1.0,0.01,0.01,0.01,200000,1000,1
667,10.0,1.0,0.2,0.0,0.1,0.0,1.0,0.0001,0.0,0.0,24.0,32.0,1.0,0.0001,1.0,0.01,0.01,0.01,200000,1000,1
668,10.0,1.1,0.2,0.0,0.1,0.0,1.0,0.0001,0.0,0.0,24.0,32.0,1.0,0.0001,1.0,0.01,0.01,0.01,200000,1000,1
669,10.0,1.2,0.2,0.0,0.1,0.0,1.0,0.0001,0.0,0.0,24.0,32.0,1.0,0.0001,1.0,0.01,0.01,0.01,200000,1000,1
670,10.0,1.3,0.2,0.0,0.1,0.0,1.0,0.0001,0.0,0.0,24.0,32.0,1.0,0.0001,1.0,0.01,0.01,0.01,200000,1000,1
671,10.0,1.4,0.2,0.0,0.1,0.0,1.0,0.0001,0.0,0.0,24.0,32.0,1.0,0.0001,1.0,0.01,0.01,0.01,200000,1000,1
672,10.0,1.5,0.2,0.0,0.1,0.0,1.0,0.0001,0.0,0.0,24.0,32.0,1.0,0.0001,1.0,0.01,0.01,0.01,200000,1000,1
673,10.0,0.4,0.1,0.0,0.1,0.0,1.0,0.0001,0.0,0.0,0.0,1.3333333333333333,1.0,0.0001,1.0,0.01,0.01,0.01,200000,1000,1
674,10.0,0.5,0.1,0.0,0.1,0.0,1.0,0.0001,0.0,0.0,0.0,1.3333333333333333,1.0,0.0001,1.0,0.01,0.01,0.01,200000,1000,1
675,10.0,0.6,0.1,0.0,0.1,0.0,1.0,0.0001,0.0,0.0,0.0,1.3333333333333333,1.0,0.0001,1.0,0.01,0.01,0.01,200000,1000,1
676,10.0,0.7,0.1,0.0,0.1,0.0,1.0,0.0001,0.0,0.0,0.0,1.3333333333333333,1.0,0.0001,1.0,0.01,0.01,0.01,200000,1000,1
677,10.0,0.8,0.1,0.0,0.1,0.0,1.0,0.0001,0.0,0.0,0.0,1.3333333333333333,1.0,0.0001,1.0,0.01,0.01,0.01,200000,1000,1
678,10.0,0.9,0.1,0.0,0.1,0.0,1.0,0.0001,0.0,0.0,0.0,1.3333333333333333,1.0,0.0001,1.0,0.01,0.01,0.01,200000,1000,1
679,10.0,1.0,0.1,0.0,0.1,0.0,1.0,0.0001,0.0,0.0,0.0,1.3333333333333333,1.0,0.0001,1.0,0.01,0.01,0.01,200000,1000,1
680,10.0,1.1,0.1,0.0,0.1,0.0,1.0,0.0001,0.0,0.0,0.0,1.3333333333333333,1.0,0.0001,1.0,0.01,0.01,0.01,200000,1000,1
681,10.0,1.2,0.1,0.0,0.1,0.0,1.0,0.0001,0.0,0.0,0.0,1.3333333333333333,1.0,0.0001,1.0,0.01,0.01,0.01,200000,1000,1
682,10.0,1.3,0.1,0.0,0.1,0.0,1.0,0.0001,0.0,0.0,0.0,1.3333333333333333,1.0,0.0001,1.0,0.01,0.01,0.01,200000,1000,1
683,10.0,1.4,0.1,0.0,0.1,0.0,1.0,0.0001,0.0,0.0,0.0,1.3333333333333333,1.0,0.0001,1.0,0.01,0.01,0.01,200000,1000,1
684,10.0,1.5,0.1,0.0,0.1,0.0,1.0,0.0001,0.0,0.0,0.0,1.3333333333333333,1.0,0.0001,1.0,0.01,0.01,0.01,200000,1000,1
685,10.0,0.4,0.1,0.0,0.1,0.0,1.0,0.0001,0.0,0.0,1.0,1.3333333333333333,1.0,0.0001,1.0,0.01,0.01,0.01,200000,1000,1
686,10.0,0.5,0.1,0.0,0.1,0.0,1.0,0.0001,0.0,0.0,1.0,1.3333333333333333,1.0,0.0001,1.0,0.01,0.01,0.01,200000,1000,1
687,10.0,0.6,0.1,0.0,0.1,0.0,1.0,0.0001,0.0,0.0,1.0,1.3333333333333333,1.0,0.0001,1.0,0.01,0.01,0.01,200000,1000,1
688,10.0,0.7,0.1,0.0,0.1,0.0,1.0,0.0001,0.0,0.0,1.0,1.3333333333333333,1.0,0.0001,1.0,0.01,0.01,0.01,200000,1000,1
689,10.0,0.8,0.1,0.0,0.1,0.0,1.0,0.0001,0.0,0.0,1.0,1.3333333333333333,1.0,0.0001,1.0,0.01,0.01,0.01,200000,1000,1
690,10.0,0.9,0.1,0.0,0.1,0.0,1.0,0.0001,0.0,0.0,1.0,1.3333333333333333,1.0,0.0001,1.0,0.01,0.01,0.01,200000,1000,1
691,10.0,1.0,0.1,0.0,0.1,0.0,1.0,0.0001,0.0,0.0,1.0,1.3333333333333333,1.0,0.0001,1.0,0.01,0.01,0.01,200000,1000,1
692,10.0,1.1,0.1,0.0,0.1,0.0,1.0,0.0001,0.0,0.0,1.0,1.3333333333333333,1.0,0.0001,1.0,0.01,0.01,0.01,200000,1000,1
693,10.0,1.2,0.1,0.0,0.1,0.0,1.0,0.0001,0.0,0.0,1.0,1.3333333333333333,1.0,0.0001,1.0,0.01,0.01,0.01,200000,1000,1
694,10.0,1.3,0.1,0.0,0.1,0.0,1.0,0.0001,0.0,0.0,1.0,1.3333333333333333,1.0,0.0001,1.0,0.01,0.01,0.01,200000,1000,1
695,10.0,1.4,0.1,0.0,0.1,0.0,1.0,0.0001,0.0,0.0,1.0,1.3333333333333333,1.0,0.0001,1.0,0.01,0.01,0.01,200000,1000,1
696,10.0,1.5,0.1,0.0,0.1,0.0,1.0,0.0001,0.0,0.0,1.0,1.3333333333333333,1.0,0.0001,1.0,0.01,0.01,0.01,200000,1000,1
697,10.0,0.4,0.1,0.0,0.1,0.0,1.0,0.0001,0.0,0.0,2.0,2.6666666666666665,1.0,0.0001,1.0,0.01,0.01,0.01,200000,1000,1
698,10.0,0.5,0.1,0.0,0.1,0.0,1.0,0.0001,0.0,0.0,2.0,2.6666666666666665,1.0,0.0001,1.0,0.01,0.01,0.01,200000,1000,1
699,10.0,0.6,0.1,0.0,0.1,0.0,1.0,0.0001,0.0,0.0,2.0,2.6666666666666665,1.0,0.0001,1.0,0.01,0.01,0.01,200000,1000,1
700,10.0,0.7,0.1,0.0,0.1,0.0,1.0,0.0001,0.0,0.0,2.0,2.6666666666666665,1.0,0.0001,1.0,0.01,0.01,0.01,200000,1000,1
701,10.0,0.8,0.1,0.0,0.1,0.0,1.0,0.0001,0.0,0.0,2.0,2.6666666666666665,1.0,0.0001,1.0,0.01,0.01,0.01,200000,1000,1
702,10.0,0.9,0.1,0.0,0.1,0.0,1.0,0.0001,0.0,0.0,2.0,2.6666666666666665,1.0,0.0001,1.0,0.01,0.01,0.01,200000,1000,1
703,10.0,1.0,0.1,0.0,0.1,0.0,1.0,0.0001,0.0,0.0,2.0,2.6666666666666665,1.0,0.0001,1.0,0.01,0.01,0.01,200000,1000,1
704,10.0,1.1,0.1,0.0,0.1,0.0,1.0,0.0001,0.0,0.0,2.0,2.6666666666666665,1.0,0.0001,1.0,0.01,0.01,0.01,200000,1000,1
705,10.0,1.2,0.1,0.0,0.1,0.0,1.0,0.0001,0.0,0.0,2.0,2.6666666666666665,1.0,0.0001,1.0,0.01,0.01,0.01,200000,1000,1
706,10.0,1.3,0.1,0.0,0.1,0.0,1.0,0.0001,0.0,0.0,2.0,2.6666666666666665,1.0,0.0001,1.0,0.01,0.01,0.01,200000,1000,1
707,10.0,1.4,0.1,0.0,0.1,0.0,1.0,0.0001,0.0,0.0,2.0,2.6666666666666665,1.0,0.0001,1.0,0.01,0.01,0.01,200000,1000,1
708,10.0,1.5,0.1,0.0,0.1,0.0,1.0,0.0001,0.0,0.0,2.0,2.6666666666666665,1.0,0.0001,1.0,0.01,0.01,0.01,200000,1000,1
709,10.0,0.4,0.1,0.0,0.1,0.0,1.0,0.0001,0.0,0.0,4.0,5.333333333333333,1.0,0.0001,1.0,0.01,0.01,0.01,200000,1000,1
710,10.0,0.5,0.1,0.0,0.1,0.0,1.0,0.0001,0.0,0.0,4.0,5.333333333333333,1.0,0.0001,1.0,0.01,0.01,0.01,200000,1000,1
711,10.0,0.6,0.1,0.0,0.1,0.0,1.0,0.0001,0.0,0.0,4.0,5.333333333333333,1.0,0.0001,1.0,0.01,0.01,0.01,200000,1000,1
712,10.0,0.7,0.1,0.0,0.1,0.0,1.0,0.0001,0.0,0.0,4.0,5.333333333333333,1.0,0.0001,1.0,0.01,0.01,0.01,200000,1000,1
713,10.0,0.8,0.1,0.0,0.1,0.0,1.0,0.0001,0.0,0.0,4.0,5.333333333333333,1.0,0.0001,1.0,0.01,0.01,0.01,200000,1000,1
714,10.0,0.9,0.1,0.0,0.1,0.0,1.0,0.0001,0.0,0.0,4.0,5.333333333333333,1.0,0.0001,1.0,0.01,0.01,0.01,200000,1000,1
715,10.0,1.0,0.1,0.0,0.1,0.0,1.0,0.0001,0.0,0.0,4.0,5.333333333333333,1.0,0.0001,1.0,0.01,0.01,0.01,200000,1000,1
716,10.0,1.1,0.1,0.0,0.1,0.0,1.0,0.0001,0.0,0.0,4.0,5.333333333333333,1.0,0.0001,1.0,0.01,0.01,0.01,200000,1000,1
717,10.0,1.2,0.1,0.0,0.1,0.0,1.0,0.0001,0.0,0.0,4.0,5.333333333333333,1.0,0.0001,1.0,0.01,0.01,0.01,200000,1000,1
718,10.0,1.3,0.1,0.0,0.1,0.0,1.0,0.0001,0.0,0.0,4.0,5.333333333333333,1.0,0.0001,1.0,0.01,0.01,0.01,200000,1000,1
719,10.0,1.4,0.1,0.0,0.1,0.0,1.0,0.0001,0.0,0.0,4.0,5.333333333333333,1.0,0.0001,1.0,0.01,0.01,0.01,200000,1000,1
720,10.0,1.5,0.1,0.0,0.1,0.0,1.0,0.0001,0.0,0.0,4.0,5.333333333333333,1.0,0.0001,1.0,0.01,0.01,0.01,200000,1000,1
721,10.0,0.4,0.1,0.0,0.1,0.0,1.0,0.0001,0.0,0.0,6.0,8.0,1.0,0.0001,1.0,0.01,0.01,0.01,200000,1000,1
722,10.0,0.5,0.1,0.0,0.1,0.0,1.0,0.0001,0.0,0.0,6.0,8.0,1.0,0.0001,1.0,0.01,0.01,0.01,200000,1000,1
723,10.0,0.6,0.1,0.0,0.1,0.0,1.0,0.0001,0.0,0.0,6.0,8.0,1.0,0.0001,1.0,0.01,0.01,0.01,200000,1000,1
724,10.0,0.7,0.1,0.0,0.1,0.0,1.0,0.0001,0.0,0.0,6.0,8.0,1.0,0.0001,1.0,0.01,0.01,0.01,200000,1000,1
725,10.0,0.8,0.1,0.0,0.1,0.0,1.0,0.0001,0.0,0.0,6.0,8.0,1.0,0.0001,1.0,0.01,0.01,0.01,200000,1000,1
726,10.0,0.9,0.1,0.0,0.1,0.0,1.0,0.0001,0.0,0.0,6.0,8.0,1.0,0.0001,1.0,0.01,0.01,0.01,200000,1000,1
727,10.0,1.0,0.1,0.0,0.1,0.0,1.0,0.0001,0.0,0.0,6.0,8.0,1.0,0.0001,1.0,0.01,0.01,0.01,200000,1000,1
728,10.0,1.1,0.1,0.0,0.1,0.0,1.0,0.0001,0.0,0.0,6.0,8.0,1.0,0.0001,1.0,0.01,0.01,0.01,200000,1000,1
729,10.0,1.2,0.1,0.0,0.1,0.0,1.0,0.0001,0.0,0.0,6.0,8.0,1.0,0.0001,1.0,0.01,0.01,0.01,200000,1000,1
730,10.0,1.3,0.1,0.0,0.1,0.0,1.0,0.0001,0.0,0.0,6.0,8.0,1.0,0.0001,1.0,0.01,0.01,0.01,200000,1000,1
731,10.0,1.4,0.1,0.0,0.1,0.0,1.0,0.0001,0.0,0.0,6.0,8.0,1.0,0.0001,1.0,0.01,0.01,0.01,200000,1000,1
732,10.0,1.5,0.1,0.0,0.1,0.0,1.0,0.0001,0.0,0.0,6.0,8.0,1.0,0.0001,1.0,0.01,0.01,0.01,200000,1000,1
733,10.0,0.4,0.1,0.0,0.1,0.0,1.0,0.0001,0.0,0.0,8.0,10.666666666666666,1.0,0.0001,1.0,0.01,0.01,0.01,200000,1000,1
734,10.0,0.5,0.1,0.0,0.1,0.0,1.0,0.0001,0.0,0.0,8.0,10.666666666666666,1.0,0.0001,1.0,0.01,0.01,0.01,200000,1000,1
735,10.0,0.6,0.1,0.0,0.1,0.0,1.0,0.0001,0.0,0.0,8.0,10.666666666666666,1.0,0.0001,1.0,0.01,0.01,0.01,200000,1000,1
736,10.0,0.7,0.1,0.0,0.1,0.0,1.0,0.0001,0.0,0.0,8.0,10.666666666666666,1.0,0.0001,1.0,0.01,0.01,0.01,200000,1000,1
737,10.0,0.8,0.1,0.0,0.1,0.0,1.0,0.0001,0.0,0.0,8.0,10.666666666666666,1.0,0.0001,1.0,0.01,0.01,0.01,200000,1000,1
738,10.0,0.9,0.1,0.0,0.1,0.0,1.0,0.0001,0.0,0.0,8.0,10.666666666666666,1.0,0.0001,1.0,0.01,0.01,0.01,200000,1000,1
739,10.0,1.0,0.1,0.0,0.1,0.0,1.0,0.0001,0.0,0.0,8.0,10.666666666666666,1.0,0.0001,1.0,0.01,0.01,0.01,200000,1000,1
740,10.0,1.1,0.1,0.0,0.1,0.0,1.0,0.0001,0.0,0.0,8.0,10.666666666666666,1.0,0.0001,1.0,0.01,0.01,0.01,200000,1000,1
741,10.0,1.2,0.1,0.0,0.1,0.0,1.0,0.0001,0.0,0.0,8.0,10.666666666666666,1.0,0.0001,1.0,0.01,0.01,0.01,200000,1000,1
742,10.0,1.3,0.1,0.0,0.1,0.0,1.0,0.0001,0.0,0.0,8.0,10.666666666666666,1.0,0.0001,1.0,0.01,0.01,0.01,200000,1000,1
743,10.0,1.4,0.1,0.0,0.1,0.0,1.0,0.0001,0.0,0.0,8.0,10.666666666666666,1.0,0.0001,1.0,0.01,0.01,0.01,200000,1000,1
744,10.0,1.5,0.1,0.0,0.1,0.0,1.0,0.0001,0.0,0.0,8.0,10.666666666666666,1.0,0.0001,1.0,0.01,0.01,0.01,200000,1000,1
745,10.0,0.4,0.1,0.0,0.1,0.0,1.0,0.0001,0.0,0.0,10.0,13.333333333333334,1.0,0.0001,1.0,0.01,0.01,0.01,200000,1000,1
746,10.0,0.5,0.1,0.0,0.1,0.0,1.0,0.0001,0.0,0.0,10.0,13.333333333333334,1.0,0.0001,1.0,0.01,0.01,0.01,200000,1000,1
747,10.0,0.6,0.1,0.0,0.1,0.0,1.0,0.0001,0.0,0.0,10.0,13.333333333333334,1.0,0.0001,1.0,0.01,0.01,0.01,200000,1000,1
748,10.0,0.7,0.1,0.0,0.1,0.0,1.0,0.0001,0.0,0.0,10.0,13.333333333333334,1.0,0.0001,1.0,0.01,0.01,0.01,200000,1000,1
749,10.0,0.8,0.1,0.0,0.1,0.0,1.0,0.0001,0.0,0.0,10.0,13.333333333333334,1.0,0.0001,1.0,0.01,0.01,0.01,200000,1000,1
750,10.0,0.9,0.1,0.0,0.1,0.0,1.0,0.0001,0.0,0.0,10.0,13.333333333333334,1.0,0.0001,1.0,0.01,0.01,0.01,200000,1000,1
751,10.0,1.0,0.1,0.0,0.1,0.0,1.0,0.0001,0.0,0.0,10.0,13.333333333333334,1.0,0.0001,1.0,0.01,0.01,0.01,200000,1000,1
752,10.0,1.1,0.1,0.0,0.1,0.0,1.0,0.0001,0.0,0.0,10.0,13.333333333333334,1.0,0.0001,1.0,0.01,0.01,0.01,200000,1000,1
753,10.0,1.2,0.1,0.0,0.1,0.0,1.0,0.0001,0.0,0.0,10.0,13.333333333333334,1.0,0.0001,1.0,0.01,0.01,0.01,200000,1000,1
754,10.0,1.3,0.1,0.0,0.1,0.0,1.0,0.0001,0.0,0.0,10.0,13.333333333333334,1.0,0.0001,1.0,0.01,0.01,0.01,200000,1000,1
755,10.0,1.4,0.1,0.0,0.1,0.0,1.0,0.0001,0.0,0.0,10.0,13.333333333333334,1.0,0.0001,1.0,0.01,0.01,0.01,200000,1000,1
756,10.0,1.5,0.1,0.0,0.1,0.0,1.0,0.0001,0.0,0.0,10.0,13.333333333333334,1.0,0.0001,1.0,0.01,0.01,0.01,200000,1000,1
757,10.0,0.4,0.1,0.0,0.1,0.0,1.0,0.0001,0.0,0.0,12.0,16.0,1.0,0.0001,1.0,0.01,0.01,0.01,200000,1000,1
758,10.0,0.5,0.1,0.0,0.1,0.0,1.0,0.0001,0.0,0.0,12.0,16.0,1.0,0.0001,1.0,0.01,0.01,0.01,200000,1000,1
759,10.0,0.6,0.1,0.0,0.1,0.0,1.0,0.0001,0.0,0.0,12.0,16.0,1.0,0.0001,1.0,0.01,0.01,0.01,200000,1000,1
760,10.0,0.7,0.1,0.0,0.1,0.0,1.0,0.0001,0.0,0.0,12.0,16.0,1.0,0.0001,1.0,0.01,0.01,0.01,200000,1000,1
761,10.0,0.8,0.1,0.0,0.1,0.0,1.0,0.0001,0.0,0.0,12.0,16.0,1.0,0.0001,1.0,0.01,0.01,0.01,200000,1000,1
762,10.0,0.9,0.1,0.0,0.1,0.0,1.0,0.0001,0.0,0.0,12.0,16.0,1.0,0.0001,1.0,0.01,0.01,0.01,200000,1000,1
763,10.0,1.0,0.1,0.0,0.1,0.0,1.0,0.0001,0.0,0.0,12.0,16.0,1.0,0.0001,1.0,0.01,0.01,0.01,200000,1000,1
764,10.0,1.1,0.1,0.0,0.1,0.0,1.0,0.0001,0.0,0.0,12.0,16.0,1.0,0.0001,1.0,0.01,0.01,0.01,200000,1000,1
765,10.0,1.2,0.1,0.0,0.1,0.0,1.0,0.0001,0.0,0.0,12.0,16.0,1.0,0.0001,1.0,0.01,0.01,0.01,200000,1000,1
766,10.0,1.3,0.1,0.0,0.1,0.0,1.0,0.0001,0.0,0.0,12.0,16.0,1.0,0.0001,1.0,0.01,0.01,0.01,200000,1000,1
767,10.0,1.4,0.1,0.0,0.1,0.0,1.0,0.0001,0.0,0.0,12.0,16.0,1.0,0.0001,1.0,0.01,0.01,0.01,200000,1000,1
768,10.0,1.5,0.1,0.0,0.1,0.0,1.0,0.0001,0.0,0.0,12.0,16.0,1.0,0.0001,1.0,0.01,0.01,0.01,200000,1000,1
769,10.0,0.4,0.1,0.0,0.1,0.0,1.0,0.0001,0.0,0.0,14.0,18.666666666666668,1.0,0.0001,1.0,0.01,0.01,0.01,200000,1000,1
770,10.0,0.5,0.1,0.0,0.1,0.0,1.0,0.0001,0.0,0.0,14.0,18.666666666666668,1.0,0.0001,1.0,0.01,0.01,0.01,200000,1000,1
771,10.0,0.6,0.1,0.0,0.1,0.0,1.0,0.0001,0.0,0.0,14.0,18.666666666666668,1.0,0.0001,1.0,0.01,0.01,0.01,200000,1000,1
772,10.0,0.7,0.1,0.0,0.1,0.0,1.0,0.0001,0.0,0.0,14.0,18.666666666666668,1.0,0.0001,1.0,0.01,0.01,0.01,200000,1000,1
773,10.0,0.8,0.1,0.0,0.1,0.0,1.0,0.0001,0.0,0.0,14.0,18.666666666666668,1.0,0.0001,1.0,0.01,0.01,0.01,200000,1000,1
774,10.0,0.9,0.1,0.0,0.1,0.0,1.0,0.0001,0.0,0.0,14.0,18.666666666666668,1.0,0.0001,1.0,0.01,0.01,0.01,200000,1000,1
775,10.0,1.0,0.1,0.0,0.1,0.0,1.0,0.0001,0.0,0.0,14.0,18.666666666666668,1.0,0.0001,1.0,0.01,0.01,0.01,200000,1000,1
776,10.0,1.1,0.1,0.0,0.1,0.0,1.0,0.0001,0.0,0.0,14.0,18.666666666666668,1.0,0.0001,1.0,0.01,0.01,0.01,200000,1000,1
777,10.0,1.2,0.1,0.0,0.1,0.0,1.0,0.0001,0.0,0.0,14.0,18.666666666666668,1.0,0.0001,1.0,0.01,0.01,0.01,200000,1000,1
778,10.0,1.3,0.1,0.0,0.1,0.0,1.0,0.0001,0.0,0.0,14.0,18.666666666666668,1.0,0.0001,1.0,0.01,0.01,0.01,200000,1000,1
779,10.0,1.4,0.1,0.0,0.1,0.0,1.0,0.0001,0.0,0.0,14.0,18.666666666666668,1.0,0.0001,1.0,0.01,0.01,0.01,200000,1000,1
780,10.0,1.5,0.1,0.0,0.1,0.0,1.0,0.0001,0.0,0.0,14.0,18.666666666666668,1.0,0.0001,1.0,0.01,0.01,0.01,200000,1000,1
781,10.0,0.4,0.1,0.0,0.1,0.0,1.0,0.0001,0.0,0.0,16.0,21.333333333333332,1.0,0.0001,1.0,0.01,0.01,0.01,200000,1000,1
782,10.0,0.5,0.1,0.0,0.1,0.0,1.0,0.0001,0.0,0.0,16.0,21.333333333333332,1.0,0.0001,1.0,0.01,0.01,0.01,200000,1000,1
783,10.0,0.6,0.1,0.0,0.1,0.0,1.0,0.0001,0.0,0.0,16.0,21.333333333333332,1.0,0.0001,1.0,0.01,0.01,0.01,200000,1000,1
784,10.0,0.7,0.1,0.0,0.1,0.0,1.0,0.0001,0.0,0.0,16.0,21.333333333333332,1.0,0.0001,1.0,0.01,0.01,0.01,200000,1000,1
785,10.0,0.8,0.1,0.0,0.1,0.0,1.0,0.0001,0.0,0.0,16.0,21.333333333333332,1.0,0.0001,1.0,0.01,0.01,0.01,200000,1000,1
786,10.0,0.9,0.1,0.0,0.1,0.0,1.0,0.0001,0.0,0.0,16.0,21.333333333333332,1.0,0.0001,1.0,0.01,0.01,0.01,200000,1000,1
787,10.0,1.0,0.1,0.0,0.1,0.0,1.0,0.0001,0.0,0.0,16.0,21.333333333333332,1.0,0.0001,1.0,0.01,0.01,0.01,200000,1000,1
788,10.0,1.1,0.1,0.0,0.1,0.0,1.0,0.0001,0.0,0.0,16.0,21.333333333333332,1.0,0.0001,1.0,0.01,0.01,0.01,200000,1000,1
789,10.0,1.2,0.1,0.0,0.1,0.0,1.0,0.0001,0.0,0.0,16.0,21.333333333333332,1.0,0.0001,1.0,0.01,0.01,0.01,200000,1000,1
790,10.0,1.3,0.1,0.0,0.1,0.0,1.0,0.0001,0.0,0.0,16.0,21.333333333333332,1.0,0.0001,1.0,0.01,0.01,0.01,200000,1000,1
791,10.0,1.4,0.1,0.0,0.1,0.0,1.0,0.0001,0.0,0.0,16.0,21.333333333333332,1.0,0.0001,1.0,0.01,0.01,0.01,200000,1000,1
792,10.0,1.5,0.1,0.0,0.1,0.0,1.0,0.0001,0.0,0.0,16.0,21.333333333333332,1.0,0.0001,1.0,0.01,0.01,0.01,200000,1000,1
793,10.0,0.4,0.1,0.0,0.1,0.0,1.0,0.0001,0.0,0.0,18.0,24.0,1.0,0.0001,1.0,0.01,0.01,0.01,200000,1000,1
794,10.0,0.5,0.1,0.0,0.1,0.0,1.0,0.0001,0.0,0.0,18.0,24.0,1.0,0.0001,1.0,0.01,0.01,0.01,200000,1000,1
795,10.0,0.6,0.1,0.0,0.1,0.0,1.0,0.0001,0.0,0.0,18.0,24.0,1.0,0.0001,1.0,0.01,0.01,0.01,200000,1000,1
796,10.0,0.7,0.1,0.0,0.1,0.0,1.0,0.0001,0.0,0.0,18.0,24.0,1.0,0.0001,1.0,0.01,0.01,0.01,200000,1000,1
797,10.0,0.8,0.1,0.0,0.1,0.0,1.0,0.0001,0.0,0.0,18.0,24.0,1.0,0.0001,1.0,0.01,0.01,0.01,200000,1000,1
798,10.0,0.9,0.1,0.0,0.1,0.0,1.0,0.0001,0.0,0.0,18.0,24.0,1.0,0.0001,1.0,0.01,0.01,0.01,200000,1000,1
799,10.0,1.0,0.1,0.0,0.1,0.0,1.0,0.0001,0.0,0.0,18.0,24.0,1.0,0.0001,1.0,0.01,0.01,0.01,200000,1000,1
800,10.0,1.1,0.1,0.0,0.1,0.0,1.0,0.0001,0.0,0.0,18.0,24.0,1.0,0.0001,1.0,0.01,0.01,0.01,200000,1000,1
801,10.0,1.2,0.1,0.0,0.1,0.0,1.0,0.0001,0.0,0.0,18.0,24.0,1.0,0.0001,1.0,0.01,0.01,0.01,200000,1000,1
802,10.0,1.3,0.1,0.0,0.1,0.0,1.0,0.0001,0.0,0.0,18.0,24.0,1.0,0.0001,1.0,0.01,0.01,0.01,200000,1000,1
803,10.0,1.4,0.1,0.0,0.1,0.0,1.0,0.0001,0.0,0.0,18.0,24.0,1.0,0.0001,1.0,0.01,0.01,0.01,200000,1000,1
804,10.0,1.5,0.1,0.0,0.1,0.0,1.0,0.0001,0.0,0.0,18.0,24.0,1.0,0.0001,1.0,0.01,0.01,0.01,200000,1000,1
805,10.0,0.4,0.1,0.0,0.1,0.0,1.0,0.0001,0.0,0.0,20.0,26.666666666666668,1.0,0.0001,1.0,0.01,0.01,0.01,200000,1000,1
806,10.0,0.5,0.1,0.0,0.1,0.0,1.0,0.0001,0.0,0.0,20.0,26.666666666666668,1.0,0.0001,1.0,0.01,0.01,0.01,200000,1000,1
807,10.0,0.6,0.1,0.0,0.1,0.0,1.0,0.0001,0.0,0.0,20.0,26.666666666666668,1.0,0.0001,1.0,0.01,0.01,0.01,200000,1000,1
808,10.0,0.7,0.1,0.0,0.1,0.0,1.0,0.0001,0.0,0.0,20.0,26.666666666666668,1.0,0.0001,1.0,0.01,0.01,0.01,200000,1000,1
809,10.0,0.8,0.1,0.0,0.1,0.0,1.0,0.0001,0.0,0.0,20.0,26.666666666666668,1.0,0.0001,1.0,0.01,0.01,0.01,200000,1000,1
810,10.0,0.9,0.1,0.0,0.1,0.0,1.0,0.0001,0.0,0.0,20.0,26.666666666666668,1.0,0.0001,1.0,0.01,0.01,0.01,200000,1000,1
811,10.0,1.0,0.1,0.0,0.1,0.0,1.0,0.0001,0.0,0.0,20.0,26.666666666666668,1.0,0.0001,1.0,0.01,0.01,0.01,200000,1000,1
812,10.0,1.1,0.1,0.0,0.1,0.0,1.0,0.0001,0.0,0.0,20.0,26.666666666666668,1.0,0.0001,1.0,0.01,0.01,0.01,200000,1000,1
813,10.0,1.2,0.1,0.0,0.1,0.0,1.0,0.0001,0.0,0.0,20.0,26.666666666666668,1.0,0.0001,1.0,0.01,0.01,0.01,200000,1000,1
814,10.0,1.3,0.1,0.0,0.1,0.0,1.0,0.0001,0.0,0.0,20.0,26.666666666666668,1.0,0.0001,1.0,0.01,0.01,0.01,200000,1000,1
815,10.0,1.4,0.1,0.0,0.1,0.0,1.0,0.0001,0.0,0.0,20.0,26.666666666666668,1.0,0.0001,1.0,0.01,0.01,0.01,200000,1000,1
816,10.0,1.5,0.1,0.0,0.1,0.0,1.0,0.0001,0.0,0.0,20.0,26.666666666666668,1.0,0.0001,1.0,0.01,0.01,0.01,200000,1000,1
817,10.0,0.4,0.1,0.0,0.1,0.0,1.0,0.0001,0.0,0.0,22.0,29.333333333333332,1.0,0.0001,1.0,0.01,0.01,0.01,200000,1000,1
818,10.0,0.5,0.1,0.0,0.1,0.0,1.0,0.0001,0.0,0.0,22.0,29.333333333333332,1.0,0.0001,1.0,0.01,0.01,0.01,200000,1000,1
819,10.0,0.6,0.1,0.0,0.1,0.0,1.0,0.0001,0.0,0.0,22.0,29.333333333333332,1.0,0.0001,1.0,0.01,0.01,0.01,200000,1000,1
820,10.0,0.7,0.1,0.0,0.1,0.0,1.0,0.0001,0.0,0.0,22.0,29.333333333333332,1.0,0.0001,1.0,0.01,0.01,0.01,200000,1000,1
821,10.0,0.8,0.1,0.0,0.1,0.0,1.0,0.0001,0.0,0.0,22.0,29.333333333333332,1.0,0.0001,1.0,0.01,0.01,0.01,200000,1000,1
822,10.0,0.9,0.1,0.0,0.1,0.0,1.0,0.0001,0.0,0.0,22.0,29.333333333333332,1.0,0.0001,1.0,0.01,0.01,0.01,200000,1000,1
823,10.0,1.0,0.1,0.0,0.1,0.0,1.0,0.0001,0.0,0.0,22.0,29.333333333333332,1.0,0.0001,1.0,0.01,0.01,0.01,200000,1000,1
824,10.0,1.1,0.1,0.0,0.1,0.0,1.0,0.0001,0.0,0.0,22.0,29.333333333333332,1.0,0.0001,1.0,0.01,0.01,0.01,200000,1000,1
825,10.0,1.2,0.1,0.0,0.1,0.0,1.0,0.0001,0.0,0.0,22.0,29.333333333333332,1.0,0.0001,1.0,0.01,0.01,0.01,200000,1000,1
826,10.0,1.3,0.1,0.0,0.1,0.0,1.0,0.0001,0.0,0.0,22.0,29.333333333333332,1.0,0.0001,1.0,0.01,0.01,0.01,200000,1000,1
827,10.0,1.4,0.1,0.0,0.1,0.0,1.0,0.0001,0.0,0.0,22.0,29.333333333333332,1.0,0.0001,1.0,0.01,0.01,0.01,200000,1000,1
828,10.0,1.5,0.1,0.0,0.1,0.0,1.0,0.0001,0.0,0.0,22.0,29.333333333333332,1.0,0.0001,1.0,0.01,0.01,0.01,200000,1000,1
829,10.0,0.4,0.1,0.0,0.1,0.0,1.0,0.0001,0.0,0.0,24.0,32.0,1.0,0.0001,1.0,0.01,0.01,0.01,200000,1000,1
830,10.0,0.5,0.1,0.0,0.1,0.0,1.0,0.0001,0.0,0.0,24.0,32.0,1.0,0.0001,1.0,0.01,0.01,0.01,200000,1000,1
831,10.0,0.6,0.1,0.0,0.1,0.0,1.0,0.0001,0.0,0.0,24.0,32.0,1.0,0.0001,1.0,0.01,0.01,0.01,200000,1000,1
832,10.0,0.7,0.1,0.0,0.1,0.0,1.0,0.0001,0.0,0.0,24.0,32.0,1.0,0.0001,1.0,0.01,0.01,0.01,200000,1000,1
833,10.0,0.8,0.1,0.0,0.1,0.0,1.0,0.0001,0.0,0.0,24.0,32.0,1.0,0.0001,1.0,0.01,0.01,0.01,200000,1000,1
834,10.0,0.9,0.1,0.0,0.1,0.0,1.0,0.0001,0.0,0.0,24.0,32.0,1.0,0.0001,1.0,0.01,0.01,0.01,200000,1000,1
835,10.0,1.0,0.1,0.0,0.1,0.0,1.0,0.0001,0.0,0.0,24.0,32.0,1.0,0.0001,1.0,0.01,0.01,0.01,200000,1000,1
836,10.0,1.1,0.1,0.0,0.1,0.0,1.0,0.0001,0.0,0.0,24.0,32.0,1.0,0.0001,1.0,0.01,0.01,0.01,200000,1000,1
837,10.0,1.2,0.1,0.0,0.1,0.0,1.0,0.0001,0.0,0.0,24.0,32.0,1.0,0.0001,1.0,0.01,0.01,0.01,200000,1000,1
838,10.0,1.3,0.1,0.0,0.1,0.0,1.0,0.0001,0.0,0.0,24.0,32.0,1.0,0.0001,1.0,0.01,0.01,0.01,200000,1000,1
839,10.0,1.4,0.1,0.0,0.1,0.0,1.0,0.0001,0.0,0.0,24.0,32.0,1.0,0.0001,1.0,0.01,0.01,0.01,200000,1000,1
840,10.0,1.5,0.1,0.0,0.1,0.0,1.0,0.0001,0.0,0.0,24.0,32.0,1.0,0.0001,1.0,0.01,0.01,0.01,200000,1000,1
841,10.0,0.4,0.01,0.0,0.1,0.0,1.0,0.0001,0.0,0.0,0.0,1.3333333333333333,1.0,0.0001,1.0,0.01,0.01,0.01,200000,1000,1
842,10.0,0.5,0.01,0.0,0.1,0.0,1.0,0.0001,0.0,0.0,0.0,1.3333333333333333,1.0,0.0001,1.0,0.01,0.01,0.01,200000,1000,1
843,10.0,0.6,0.01,0.0,0.1,0.0,1.0,0.0001,0.0,0.0,0.0,1.3333333333333333,1.0,0.0001,1.0,0.01,0.01,0.01,200000,1000,1
844,10.0,0.7,0.01,0.0,0.1,0.0,1.0,0.0001,0.0,0.0,0.0,1.3333333333333333,1.0,0.0001,1.0,0.01,0.01,0.01,200000,1000,1
845,10.0,0.8,0.01,0.0,0.1,0.0,1.0,0.0001,0.0,0.0,0.0,1.3333333333333333,1.0,0.0001,1.0,0.01,0.01,0.01,200000,1000,1
846,10.0,0.9,0.01,0.0,0.1,0.0,1.0,0.0001,0.0,0.0,0.0,1.3333333333333333,1.0,0.0001,1.0,0.01,0.01,0.01,200000,1000,1
847,10.0,1.0,0.01,0.0,0.1,0.0,1.0,0.0001,0.0,0.0,0.0,1.3333333333333333,1.0,0.0001,1.0,0.01,0.01,0.01,200000,1000,1
848,10.0,1.1,0.01,0.0,0.1,0.0,1.0,0.0001,0.0,0.0,0.0,1.3333333333333333,1.0,0.0001,1.0,0.01,0.01,0.01,200000,1000,1
849,10.0,1.2,0.01,0.0,0.1,0.0,1.0,0.0001,0.0,0.0,0.0,1.3333333333333333,1.0,0.0001,1.0,0.01,0.01,0.01,200000,1000,1
850,10.0,1.3,0.01,0.0,0.1,0.0,1.0,0.0001,0.0,0.0,0.0,1.3333333333333333,1.0,0.0001,1.0,0.01,0.01,0.01,200000,1000,1
851,10.0,1.4,0.01,0.0,0.1,0.0,1.0,0.0001,0.0,0.0,0.0,1.3333333333333333,1.0,0.0001,1.0,0.01,0.01,0.01,200000,1000,1
852,10.0,1.5,0.01,0.0,0.1,0.0,1.0,0.0001,0.0,0.0,0.0,1.3333333333333333,1.0,0.0001,1.0,0.01,0.01,0.01,200000,1000,1
853,10.0,0.4,0.01,0.0,0.1,0.0,1.0,0.0001,0.0,0.0,1.0,1.3333333333333333,1.0,0.0001,1.0,0.01,0.01,0.01,200000,1000,1
854,10.0,0.5,0.01,0.0,0.1,0.0,1.0,0.0001,0.0,0.0,1.0,1.3333333333333333,1.0,0.0001,1.0,0.01,0.01,0.01,200000,1000,1
855,10.0,0.6,0.01,0.0,0.1,0.0,1.0,0.0001,0.0,0.0,1.0,1.3333333333333333,1.0,0.0001,1.0,0.01,0.01,0.01,200000,1000,1
856,10.0,0.7,0.01,0.0,0.1,0.0,1.0,0.0001,0.0,0.0,1.0,1.3333333333333333,1.0,0.0001,1.0,0.01,0.01,0.01,200000,1000,1
857,10.0,0.8,0.01,0.0,0.1,0.0,1.0,0.0001,0.0,0.0,1.0,1.3333333333333333,1.0,0.0001,1.0,0.01,0.01,0.01,200000,1000,1
858,10.0,0.9,0.01,0.0,0.1,0.0,1.0,0.0001,0.0,0.0,1.0,1.3333333333333333,1.0,0.0001,1.0,0.01,0.01,0.01,200000,1000,1
859,10.0,1.0,0.01,0.0,0.1,0.0,1.0,0.0001,0.0,0.0,1.0,1.3333333333333333,1.0,0.0001,1.0,0.01,0.01,0.01,200000,1000,1
860,10.0,1.1,0.01,0.0,0.1,0.0,1.0,0.0001,0.0,0.0,1.0,1.3333333333333333,1.0,0.0001,1.0,0.01,0.01,0.01,200000,1000,1
861,10.0,1.2,0.01,0.0,0.1,0.0,1.0,0.0001,0.0,0.0,1.0,1.3333333333333333,1.0,0.0001,1.0,0.01,0.01,0.01,200000,1000,1
862,10.0,1.3,0.01,0.0,0.1,0.0,1.0,0.0001,0.0,0.0,1.0,1.3333333333333333,1.0,0.0001,1.0,0.01,0.01,0.01,200000,1000,1
863,10.0,1.4,0.01,0.0,0.1,0.0,1.0,0.0001,0.0,0.0,1.0,1.3333333333333333,1.0,0.0001,1.0,0.01,0.01,0.01,200000,1000,1
864,10.0,1.5,0.01,0.0,0.1,0.0,1.0,0.0001,0.0,0.0,1.0,1.3333333333333333,1.0,0.0001,1.0,0.01,0.01,0.01,200000,1000,1
865,10.0,0.4,0.01,0.0,0.1,0.0,1.0,0.0001,0.0,0.0,2.0,2.6666666666666665,1.0,0.0001,1.0,0.01,0.01,0.01,200000,1000,1
866,10.0,0.5,0.01,0.0,0.1,0.0,1.0,0.0001,0.0,0.0,2.0,2.6666666666666665,1.0,0.0001,1.0,0.01,0.01,0.01,200000,1000,1
867,10.0,0.6,0.01,0.0,0.1,0.0,1.0,0.0001,0.0,0.0,2.0,2.6666666666666665,1.0,0.0001,1.0,0.01,0.01,0.01,200000,1000,1
868,10.0,0.7,0.01,0.0,0.1,0.0,1.0,0.0001,0.0,0.0,2.0,2.6666666666666665,1.0,0.0001,1.0,0.01,0.01,0.01,200000,1000,1
869,10.0,0.8,0.01,0.0,0.1,0.0,1.0,0.0001,0.0,0.0,2.0,2.6666666666666665,1.0,0.0001,1.0,0.01,0.01,0.01,200000,1000,1
870,10.0,0.9,0.01,0.0,0.1,0.0,1.0,0.0001,0.0,0.0,2.0,2.6666666666666665,1.0,0.0001,1.0,0.01,0.01,0.01,200000,1000,1
871,10.0,1.0,0.01,0.0,0.1,0.0,1.0,0.0001,0.0,0.0,2.0,2.6666666666666665,1.0,0.0001,1.0,0.01,0.01,0.01,200000,1000,1
872,10.0,1.1,0.01,0.0,0.1,0.0,1.0,0.0001,0.0,0.0,2.0,2.6666666666666665,1.0,0.0001,1.0,0.01,0.01,0.01,200000,1000,1
873,10.0,1.2,0.01,0.0,0.1,0.0,1.0,0.0001,0.0,0.0,2.0,2.6666666666666665,1.0,0.0001,1.0,0.01,0.01,0.01,200000,1000,1
874,10.0,1.3,0.01,0.0,0.1,0.0,1.0,0.0001,0.0,0.0,2.0,2.6666666666666665,1.0,0.0001,1.0,0.01,0.01,0.01,200000,1000,1
875,10.0,1.4,0.01,0.0,0.1,0.0,1.0,0.0001,0.0,0.0,2.0,2.6666666666666665,1.0,0.0001,1.0,0.01,0.01,0.01,200000,1000,1
876,10.0,1.5,0.01,0.0,0.1,0.0,1.0,0.0001,0.0,0.0,2.0,2.6666666666666665,1.0,0.0001,1.0,0.01,0.01,0.01,200000,1000,1
877,10.0,0.4,0.01,0.0,0.1,0.0,1.0,0.0001,0.0,0.0,4.0,5.333333333333333,1.0,0.0001,1.0,0.01,0.01,0.01,200000,1000,1
878,10.0,0.5,0.01,0.0,0.1,0.0,1.0,0.0001,0.0,0.0,4.0,5.333333333333333,1.0,0.0001,1.0,0.01,0.01,0.01,200000,1000,1
879,10.0,0.6,0.01,0.0,0.1,0.0,1.0,0.0001,0.0,0.0,4.0,5.333333333333333,1.0,0.0001,1.0,0.01,0.01,0.01,200000,1000,1
880,10.0,0.7,0.01,0.0,0.1,0.0,1.0,0.0001,0.0,0.0,4.0,5.333333333333333,1.0,0.0001,1.0,0.01,0.01,0.01,200000,1000,1
881,10.0,0.8,0.01,0.0,0.1,0.0,1.0,0.0001,0.0,0.0,4.0,5.333333333333333,1.0,0.0001,1.0,0.01,0.01,0.01,200000,1000,1
882,10.0,0.9,0.01,0.0,0.1,0.0,1.0,0.0001,0.0,0.0,4.0,5.333333333333333,1.0,0.0001,1.0,0.01,0.01,0.01,200000,1000,1
883,10.0,1.0,0.01,0.0,0.1,0.0,1.0,0.0001,0.0,0.0,4.0,5.333333333333333,1.0,0.0001,1.0,0.01,0.01,0.01,200000,1000,1
884,10.0,1.1,0.01,0.0,0.1,0.0,1.0,0.0001,0.0,0.0,4.0,5.333333333333333,1.0,0.0001,1.0,0.01,0.01,0.01,200000,1000,1
885,10.0,1.2,0.01,0.0,0.1,0.0,1.0,0.0001,0.0,0.0,4.0,5.333333333333333,1.0,0.0001,1.0,0.01,0.01,0.01,200000,1000,1
886,10.0,1.3,0.01,0.0,0.1,0.0,1.0,0.0001,0.0,0.0,4.0,5.333333333333333,1.0,0.0001,1.0,0.01,0.01,0.01,200000,1000,1
887,10.0,1.4,0.01,0.0,0.1,0.0,1.0,0.0001,0.0,0.0,4.0,5.333333333333333,1.0,0.0001,1.0,0.01,0.01,0.01,200000,1000,1
888,10.0,1.5,0.01,0.0,0.1,0.0,1.0,0.0001,0.0,0.0,4.0,5.333333333333333,1.0,0.0001,1.0,0.01,0.01,0.01,200000,1000,1
889,10.0,0.4,0.01,0.0,0.1,0.0,1.0,0.0001,0.0,0.0,6.0,8.0,1.0,0.0001,1.0,0.01,0.01,0.01,200000,1000,1
890,10.0,0.5,0.01,0.0,0.1,0.0,1.0,0.0001,0.0,0.0,6.0,8.0,1.0,0.0001,1.0,0.01,0.01,0.01,200000,1000,1
891,10.0,0.6,0.01,0.0,0.1,0.0,1.0,0.0001,0.0,0.0,6.0,8.0,1.0,0.0001,1.0,0.01,0.01,0.01,200000,1000,1
892,10.0,0.7,0.01,0.0,0.1,0.0,1.0,0.0001,0.0,0.0,6.0,8.0,1.0,0.0001,1.0,0.01,0.01,0.01,200000,1000,1
893,10.0,0.8,0.01,0.0,0.1,0.0,1.0,0.0001,0.0,0.0,6.0,8.0,1.0,0.0001,1.0,0.01,0.01,0.01,200000,1000,1
894,10.0,0.9,0.01,0.0,0.1,0.0,1.0,0.0001,0.0,0.0,6.0,8.0,1.0,0.0001,1.0,0.01,0.01,0.01,200000,1000,1
895,10.0,1.0,0.01,0.0,0.1,0.0,1.0,0.0001,0.0,0.0,6.0,8.0,1.0,0.0001,1.0,0.01,0.01,0.01,200000,1000,1
896,10.0,1.1,0.01,0.0,0.1,0.0,1.0,0.0001,0.0,0.0,6.0,8.0,1.0,0.0001,1.0,0.01,0.01,0.01,200000,1000,1
897,10.0,1.2,0.01,0.0,0.1,0.0,1.0,0.0001,0.0,0.0,6.0,8.0,1.0,0.0001,1.0,0.01,0.01,0.01,200000,1000,1
898,10.0,1.3,0.01,0.0,0.1,0.0,1.0,0.0001,0.0,0.0,6.0,8.0,1.0,0.0001,1.0,0.01,0.01,0.01,200000,1000,1
899,10.0,1.4,0.01,0.0,0.1,0.0,1.0,0.0001,0.0,0.0,6.0,8.0,1.0,0.0001,1.0,0.01,0.01,0.01,200000,1000,1
900,10.0,1.5,0.01,0.0,0.1,0.0,1.0,0.0001,0.0,0.0,6.0,8.0,1.0,0.0001,1.0,0.01,0.01,0.01,200000,1000,1
901,10.0,0.4,0.01,0.0,0.1,0.0,1.0,0.0001,0.0,0.0,8.0,10.666666666666666,1.0,0.0001,1.0,0.01,0.01,0.01,200000,1000,1
902,10.0,0.5,0.01,0.0,0.1,0.0,1.0,0.0001,0.0,0.0,8.0,10.666666666666666,1.0,0.0001,1.0,0.01,0.01,0.01,200000,1000,1
903,10.0,0.6,0.01,0.0,0.1,0.0,1.0,0.0001,0.0,0.0,8.0,10.666666666666666,1.0,0.0001,1.0,0.01,0.01,0.01,200000,1000,1
904,10.0,0.7,0.01,0.0,0.1,0.0,1.0,0.0001,0.0,0.0,8.0,10.666666666666666,1.0,0.0001,1.0,0.01,0.01,0.01,200000,1000,1
905,10.0,0.8,0.01,0.0,0.1,0.0,1.0,0.0001,0.0,0.0,8.0,10.666666666666666,1.0,0.0001,1.0,0.01,0.01,0.01,200000,1000,1
906,10.0,0.9,0.01,0.0,0.1,0.0,1.0,0.0001,0.0,0.0,8.0,10.666666666666666,1.0,0.0001,1.0,0.01,0.01,0.01,200000,1000,1
907,10.0,1.0,0.01,0.0,0.1,0.0,1.0,0.0001,0.0,0.0,8.0,10.666666666666666,1.0,0.0001,1.0,0.01,0.01,0.01,200000,1000,1
908,10.0,1.1,0.01,0.0,0.1,0.0,1.0,0.0001,0.0,0.0,8.0,10.666666666666666,1.0,0.0001,1.0,0.01,0.01,0.01,200000,1000,1
909,10.0,1.2,0.01,0.0,0.1,0.0,1.0,0.0001,0.0,0.0,8.0,10.666666666666666,1.0,0.0001,1.0,0.01,0.01,0.01,200000,1000,1
910,10.0,1.3,0.01,0.0,0.1,0.0,1.0,0.0001,0.0,0.0,8.0,10.666666666666666,1.0,0.0001,1.0,0.01,0.01,0.01,200000,1000,1
911,10.0,1.4,0.01,0.0,0.1,0.0,1.0,0.0001,0.0,0.0,8.0,10.666666666666666,1.0,0.0001,1.0,0.01,0.01,0.01,200000,1000,1
912,10.0,1.5,0.01,0.0,0.1,0.0,1.0,0.0001,0.0,0.0,8.0,10.666666666666666,1.0,0.0001,1.0,0.01,0.01,0.01,200000,1000,1
913,10.0,0.4,0.01,0.0,0.1,0.0,1.0,0.0001,0.0,0.0,10.0,13.333333333333334,1.0,0.0001,1.0,0.01,0.01,0.01,200000,1000,1
914,10.0,0.5,0.01,0.0,0.1,0.0,1.0,0.0001,0.0,0.0,10.0,13.333333333333334,1.0,0.0001,1.0,0.01,0.01,0.01,200000,1000,1
915,10.0,0.6,0.01,0.0,0.1,0.0,1.0,0.0001,0.0,0.0,10.0,13.333333333333334,1.0,0.0001,1.0,0.01,0.01,0.01,200000,1000,1
916,10.0,0.7,0.01,0.0,0.1,0.0,1.0,0.0001,0.0,0.0,10.0,13.333333333333334,1.0,0.0001,1.0,0.01,0.01,0.01,200000,1000,1
917,10.0,0.8,0.01,0.0,0.1,0.0,1.0,0.0001,0.0,0.0,10.0,13.333333333333334,1.0,0.0001,1.0,0.01,0.01,0.01,200000,1000,1
918,10.0,0.9,0.01,0.0,0.1,0.0,1.0,0.0001,0.0,0.0,10.0,13.333333333333334,1.0,0.0001,1.0,0.01,0.01,0.01,200000,1000,1
919,10.0,1.0,0.01,0.0,0.1,0.0,1.0,0.0001,0.0,0.0,10.0,13.333333333333334,1.0,0.0001,1.0,0.01,0.01,0.01,200000,1000,1
920,10.0,1.1,0.01,0.0,0.1,0.0,1.0,0.0001,0.0,0.0,10.0,13.333333333333334,1.0,0.0001,1.0,0.01,0.01,0.01,200000,1000,1
921,10.0,1.2,0.01,0.0,0.1,0.0,1.0,0.0001,0.0,0.0,10.0,13.333333333333334,1.0,0.0001,1.0,0.01,0.01,0.01,200000,1000,1
922,10.0,1.3,0.01,0.0,0.1,0.0,1.0,0.0001,0.0,0.0,10.0,13.333333333333334,1.0,0.0001,1.0,0.01,0.01,0.01,200000,1000,1
923,10.0,1.4,0.01,0.0,0.1,0.0,1.0,0.0001,0.0,0.0,10.0,13.333333333333334,1.0,0.0001,1.0,0.01,0.01,0.01,200000,1000,1
924,10.0,1.5,0.01,0.0,0.1,0.0,1.0,0.0001,0.0,0.0,10.0,13.333333333333334,1.0,0.0001,1.0,0.01,0.01,0.01,200000,1000,1
925,10.0,0.4,0.01,0.0,0.1,0.0,1.0,0.0001,0.0,0.0,12.0,16.0,1.0,0.0001,1.0,0.01,0.01,0.01,200000,1000,1
926,10.0,0.5,0.01,0.0,0.1,0.0,1.0,0.0001,0.0,0.0,12.0,16.0,1.0,0.0001,1.0,0.01,0.01,0.01,200000,1000,1
927,10.0,0.6,0.01,0.0,0.1,0.0,1.0,0.0001,0.0,0.0,12.0,16.0,1.0,0.0001,1.0,0.01,0.01,0.01,200000,1000,1
928,10.0,0.7,0.01,0.0,0.1,0.0,1.0,0.0001,0.0,0.0,12.0,16.0,1.0,0.0001,1.0,0.01,0.01,0.01,200000,1000,1
929,10.0,0.8,0.01,0.0,0.1,0.0,1.0,0.0001,0.0,0.0,12.0,16.0,1.0,0.0001,1.0,0.01,0.01,0.01,200000,1000,1
930,10.0,0.9,0.01,0.0,0.1,0.0,1.0,0.0001,0.0,0.0,12.0,16.0,1.0,0.0001,1.0,0.01,0.01,0.01,200000,1000,1
931,10.0,1.0,0.01,0.0,0.1,0.0,1.0,0.0001,0.0,0.0,12.0,16.0,1.0,0.0001,1.0,0.01,0.01,0.01,200000,1000,1
932,10.0,1.1,0.01,0.0,0.1,0.0,1.0,0.0001,0.0,0.0,12.0,16.0,1.0,0.0001,1.0,0.01,0.01,0.01,200000,1000,1
933,10.0,1.2,0.01,0.0,0.1,0.0,1.0,0.0001,0.0,0.0,12.0,16.0,1.0,0.0001,1.0,0.01,0.01,0.01,200000,1000,1
934,10.0,1.3,0.01,0.0,0.1,0.0,1.0,0.0001,0.0,0.0,12.0,16.0,1.0,0.0001,1.0,0.01,0.01,0.01,200000,1000,1
935,10.0,1.4,0.01,0.0,0.1,0.0,1.0,0.0001,0.0,0.0,12.0,16.0,1.0,0.0001,1.0,0.01,0.01,0.01,200000,1000,1
936,10.0,1.5,0.01,0.0,0.1,0.0,1.0,0.0001,0.0,0.0,12.0,16.0,1.0,0.0001,1.0,0.01,0.01,0.01,200000,1000,1
937,10.0,0.4,0.01,0.0,0.1,0.0,1.0,0.0001,0.0,0.0,14.0,18.666666666666668,1.0,0.0001,1.0,0.01,0.01,0.01,200000,1000,1
938,10.0,0.5,0.01,0.0,0.1,0.0,1.0,0.0001,0.0,0.0,14.0,18.666666666666668,1.0,0.0001,1.0,0.01,0.01,0.01,200000,1000,1
939,10.0,0.6,0.01,0.0,0.1,0.0,1.0,0.0001,0.0,0.0,14.0,18.666666666666668,1.0,0.0001,1.0,0.01,0.01,0.01,200000,1000,1
940,10.0,0.7,0.01,0.0,0.1,0.0,1.0,0.0001,0.0,0.0,14.0,18.666666666666668,1.0,0.0001,1.0,0.01,0.01,0.01,200000,1000,1
941,10.0,0.8,0.01,0.0,0.1,0.0,1.0,0.0001,0.0,0.0,14.0,18.666666666666668,1.0,0.0001,1.0,0.01,0.01,0.01,200000,1000,1
942,10.0,0.9,0.01,0.0,0.1,0.0,1.0,0.0001,0.0,0.0,14.0,18.666666666666668,1.0,0.0001,1.0,0.01,0.01,0.01,200000,1000,1
943,10.0,1.0,0.01,0.0,0.1,0.0,1.0,0.0001,0.0,0.0,14.0,18.666666666666668,1.0,0.0001,1.0,0.01,0.01,0.01,200000,1000,1
944,10.0,1.1,0.01,0.0,0.1,0.0,1.0,0.0001,0.0,0.0,14.0,18.666666666666668,1.0,0.0001,1.0,0.01,0.01,0.01,200000,1000,1
945,10.0,1.2,0.01,0.0,0.1,0.0,1.0,0.0001,0.0,0.0,14.0,18.666666666666668,1.0,0.0001,1.0,0.01,0.01,0.01,200000,1000,1
946,10.0,1.3,0.01,0.0,0.1,0.0,1.0,0.0001,0.0,0.0,14.0,18.666666666666668,1.0,0.0001,1.0,0.01,0.01,0.01,200000,1000,1
947,10.0,1.4,0.01,0.0,0.1,0.0,1.0,0.0001,0.0,0.0,14.0,18.666666666666668,1.0,0.0001,1.0,0.01,0.01,0.01,200000,1000,1
948,10.0,1.5,0.01,0.0,0.1,0.0,1.0,0.0001,0.0,0.0,14.0,18.666666666666668,1.0,0.0001,1.0,0.01,0.01,0.01,200000,1000,1
949,10.0,0.4,0.01,0.0,0.1,0.0,1.0,0.0001,0.0,0.0,16.0,21.333333333333332,1.0,0.0001,1.0,0.01,0.01,0.01,200000,1000,1
950,10.0,0.5,0.01,0.0,0.1,0.0,1.0,0.0001,0.0,0.0,16.0,21.333333333333332,1.0,0.0001,1.0,0.01,0.01,0.01,200000,1000,1
951,10.0,0.6,0.01,0.0,0.1,0.0,1.0,0.0001,0.0,0.0,16.0,21.333333333333332,1.0,0.0001,1.0,0.01,0.01,0.01,200000,1000,1
952,10.0,0.7,0.01,0.0,0.1,0.0,1.0,0.0001,0.0,0.0,16.0,21.333333333333332,1.0,0.0001,1.0,0.01,0.01,0.01,200000,1000,1
953,10.0,0.8,0.01,0.0,0.1,0.0,1.0,0.0001,0.0,0.0,16.0,21.333333333333332,1.0,0.0001,1.0,0.01,0.01,0.01,200000,1000,1
954,10.0,0.9,0.01,0.0,0.1,0.0,1.0,0.0001,0.0,0.0,16.0,21.333333333333332,1.0,0.0001,1.0,0.01,0.01,0.01,200000,1000,1
955,10.0,1.0,0.01,0.0,0.1,0.0,1.0,0.0001,0.0,0.0,16.0,21.333333333333332,1.0,0.0001,1.0,0.01,0.01,0.01,200000,1000,1
956,10.0,1.1,0.01,0.0,0.1,0.0,1.0,0.0001,0.0,0.0,16.0,21.333333333333332,1.0,0.0001,1.0,0.01,0.01,0.01,200000,1000,1
957,10.0,1.2,0.01,0.0,0.1,0.0,1.0,0.0001,0.0,0.0,16.0,21.333333333333332,1.0,0.0001,1.0,0.01,0.01,0.01,200000,1000,1
958,10.0,1.3,0.01,0.0,0.1,0.0,1.0,0.0001,0.0,0.0,16.0,21.333333333333332,1.0,0.0001,1.0,0.01,0.01,0.01,200000,1000,1
959,10.0,1.4,0.01,0.0,0.1,0.0,1.0,0.0001,0.0,0.0,16.0,21.333333333333332,1.0,0.0001,1.0,0.01,0.01,0.01,200000,1000,1
960,10.0,1.5,0.01,0.0,0.1,0.0,1.0,0.0001,0.0,0.0,16.0,21.333333333333332,1.0,0.0001,1.0,0.01,0.01,0.01,200000,1000,1
961,10.0,0.4,0.01,0.0,0.1,0.0,1.0,0.0001,0.0,0.0,18.0,24.0,1.0,0.0001,1.0,0.01,0.01,0.01,200000,1000,1
962,10.0,0.5,0.01,0.0,0.1,0.0,1.0,0.0001,0.0,0.0,18.0,24.0,1.0,0.0001,1.0,0.01,0.01,0.01,200000,1000,1
963,10.0,0.6,0.01,0.0,0.1,0.0,1.0,0.0001,0.0,0.0,18.0,24.0,1.0,0.0001,1.0,0.01,0.01,0.01,200000,1000,1
964,10.0,0.7,0.01,0.0,0.1,0.0,1.0,0.0001,0.0,0.0,18.0,24.0,1.0,0.0001,1.0,0.01,0.01,0.01,200000,1000,1
965,10.0,0.8,0.01,0.0,0.1,0.0,1.0,0.0001,0.0,0.0,18.0,24.0,1.0,0.0001,1.0,0.01,0.01,0.01,200000,1000,1
966,10.0,0.9,0.01,0.0,0.1,0.0,1.0,0.0001,0.0,0.0,18.0,24.0,1.0,0.0001,1.0,0.01,0.01,0.01,200000,1000,1
967,10.0,1.0,0.01,0.0,0.1,0.0,1.0,0.0001,0.0,0.0,18.0,24.0,1.0,0.0001,1.0,0.01,0.01,0.01,200000,1000,1
968,10.0,1.1,0.01,0.0,0.1,0.0,1.0,0.0001,0.0,0.0,18.0,24.0,1.0,0.0001,1.0,0.01,0.01,0.01,200000,1000,1
969,10.0,1.2,0.01,0.0,0.1,0.0,1.0,0.0001,0.0,0.0,18.0,24.0,1.0,0.0001,1.0,0.01,0.01,0.01,200000,1000,1
970,10.0,1.3,0.01,0.0,0.1,0.0,1.0,0.0001,0.0,0.0,18.0,24.0,1.0,0.0001,1.0,0.01,0.01,0.01,200000,1000,1
971,10.0,1.4,0.01,0.0,0.1,0.0,1.0,0.0001,0.0,0.0,18.0,24.0,1.0,0.0001,1.0,0.01,0.01,0.01,200000,1000,1
972,10.0,1.5,0.01,0.0,0.1,0.0,1.0,0.0001,0.0,0.0,18.0,24.0,1.0,0.0001,1.0,0.01,0.01,0.01,200000,1000,1
973,10.0,0.4,0.01,0.0,0.1,0.0,1.0,0.0001,0.0,0.0,20.0,26.666666666666668,1.0,0.0001,1.0,0.01,0.01,0.01,200000,1000,1
974,10.0,0.5,0.01,0.0,0.1,0.0,1.0,0.0001,0.0,0.0,20.0,26.666666666666668,1.0,0.0001,1.0,0.01,0.01,0.01,200000,1000,1
975,10.0,0.6,0.01,0.0,0.1,0.0,1.0,0.0001,0.0,0.0,20.0,26.666666666666668,1.0,0.0001,1.0,0.01,0.01,0.01,200000,1000,1
976,10.0,0.7,0.01,0.0,0.1,0.0,1.0,0.0001,0.0,0.0,20.0,26.666666666666668,1.0,0.0001,1.0,0.01,0.01,0.01,200000,1000,1
977,10.0,0.8,0.01,0.0,0.1,0.0,1.0,0.0001,0.0,0.0,20.0,26.666666666666668,1.0,0.0001,1.0,0.01,0.01,0.01,200000,1000,1
978,10.0,0.9,0.01,0.0,0.1,0.0,1.0,0.0001,0.0,0.0,20.0,26.666666666666668,1.0,0.0001,1.0,0.01,0.01,0.01,200000,1000,1
979,10.0,1.0,0.01,0.0,0.1,0.0,1.0,0.0001,0.0,0.0,20.0,26.666666666666668,1.0,0.0001,1.0,0.01,0.01,0.01,200000,1000,1
980,10.0,1.1,0.01,0.0,0.1,0.0,1.0,0.0001,0.0,0.0,20.0,26.666666666666668,1.0,0.0001,1.0,0.01,0.01,0.01,200000,1000,1
981,10.0,1.2,0.01,0.0,0.1,0.0,1.0,0.0001,0.0,0.0,20.0,26.666666666666668,1.0,0.0001,1.0,0.01,0.01,0.01,200000,1000,1
982,10.0,1.3,0.01,0.0,0.1,0.0,1.0,0.0001,0.0,0.0,20.0,26.666666666666668,1.0,0.0001,1.0,0.01,0.01,0.01,200000,1000,1
983,10.0,1.4,0.01,0.0,0.1,0.0,1.0,0.0001,0.0,0.0,20.0,26.666666666666668,1.0,0.0001,1.0,0.01,0.01,0.01,200000,1000,1
984,10.0,1.5,0.01,0.0,0.1,0.0,1.0,0.0001,0.0,0.0,20.0,26.666666666666668,1.0,0.0001,1.0,0.01,0.01,0.01,200000,1000,1
985,10.0,0.4,0.01,0.0,0.1,0.0,1.0,0.0001,0.0,0.0,22.0,29.333333333333332,1.0,0.0001,1.0,0.01,0.01,0.01,200000,1000,1
986,10.0,0.5,0.01,0.0,0.1,0.0,1.0,0.0001,0.0,0.0,22.0,29.333333333333332,1.0,0.0001,1.0,0.01,0.01,0.01,200000,1000,1
987,10.0,0.6,0.01,0.0,0.1,0.0,1.0,0.0001,0.0,0.0,22.0,29.333333333333332,1.0,0.0001,1.0,0.01,0.01,0.01,200000,1000,1
988,10.0,0.7,0.01,0.0,0.1,0.0,1.0,0.0001,0.0,0.0,22.0,29.333333333333332,1.0,0.0001,1.0,0.01,0.01,0.01,200000,1000,1
989,10.0,0.8,0.01,0.0,0.1,0.0,1.0,0.0001,0.0,0.0,22.0,29.333333333333332,1.0,0.0001,1.0,0.01,0.01,0.01,200000,1000,1
990,10.0,0.9,0.01,0.0,0.1,0.0,1.0,0.0001,0.0,0.0,22.0,29.333333333333332,1.0,0.0001,1.0,0.01,0.01,0.01,200000,1000,1
991,10.0,1.0,0.01,0.0,0.1,0.0,1.0,0.0001,0.0,0.0,22.0,29.333333333333332,1.0,0.0001,1.0,0.01,0.01,0.01,200000,1000,1
992,10.0,1.1,0.01,0.0,0.1,0.0,1.0,0.0001,0.0,0.0,22.0,29.333333333333332,1.0,0.0001,1.0,0.01,0.01,0.01,200000,1000,1
993,10.0,1.2,0.01,0.0,0.1,0.0,1.0,0.0001,0.0,0.0,22.0,29.333333333333332,1.0,0.0001,1.0,0.01,0.01,0.01,200000,1000,1
994,10.0,1.3,0.01,0.0,0.1,0.0,1.0,0.0001,0.0,0.0,22.0,29.333333333333332,1.0,0.0001,1.0,0.01,0.01,0.01,200000,1000,1
995,10.0,1.4,0.01,0.0,0.1,0.0,1.0,0.0001,0.0,0.0,22.0,29.333333333333332,1.0,0.0001,1.0,0.01,0.01,0.01,200000,1000,1
996,10.0,1.5,0.01,0.0,0.1,0.0,1.0,0.0001,0.0,0.0,22.0,29.333333333333332,1.0,0.0001,1.0,0.01,0.01,0.01,200000,1000,1
997,10.0,0.4,0.01,0.0,0.1,0.0,1.0,0.0001,0.0,0.0,24.0,32.0,1.0,0.0001,1.0,0.01,0.01,0.01,200000,1000,1
998,10.0,0.5,0.01,0.0,0.1,0.0,1.0,0.0001,0.0,0.0,24.0,32.0,1.0,0.0001,1.0,0.01,0.01,0.01,200000,1000,1
999,10.0,0.6,0.01,0.0,0.1,0.0,1.0,0.0001,0.0,0.0,24.0,32.0,1.0,0.0001,1.0,0.01,0.01,0.01,200000,1000,1
1000,10.0,0.7,0.01,0.0,0.1,0.0,1.0,0.0001,0.0,0.0,24.0,32.0,1.0,0.0001,1.0,0.01,0.01,0.01,200000,1000,1
1001,10.0,0.8,0.01,0.0,0.1,0.0,1.0,0.0001,0.0,0.0,24.0,32.0,1.0,0.0001,1.0,0.01,0.01,0.01,200000,1000,1
1002,10.0,0.9,0.01,0.0,0.1,0.0,1.0,0.0001,0.0,0.0,24.0,32.0,1.0,0.0001,1.0,0.01,0.01,0.01,200000,1000,1
1003,10.0,1.0,0.01,0.0,0.1,0.0,1.0,0.0001,0.0,0.0,24.0,32.0,1.0,0.0001,1.0,0.01,0.01,0.01,200000,1000,1
1004,10.0,1.1,0.01,0.0,0.1,0.0,1.0,0.0001,0.0,0.0,24.0,32.0,1.0,0.0001,1.0,0.01,0.01,0.01,200000,1000,1
1005,10.0,1.2,0.01,0.0,0.1,0.0,1.0,0.0001,0.0,0.0,24.0,32.0,1.0,0.0001,1.0,0.01,0.01,0.01,200000,1000,1
1006,10.0,1.3,0.01,0.0,0.1,0.0,1.0,0.0001,0.0,0.0,24.0,32.0,1.0,0.0001,1.0,0.01,0.01,0.01,200000,1000,1
1007,10.0,1.4,0.01,0.0,0.1,0.0,1.0,0.0001,0.0,0.0,24.0,32.0,1.0,0.0001,1.0,0.01,0.01,0.01,200000,1000,1
1008,10.0,1.5,0.01,0.0,0.1,0.0,1.0,0.0001,0.0,0.0,24.0,32.0,1.0,0.0001,1.0,0.01,0.01,0.01,200000,1000,1
