fn,L,rho0,kd,rhocr,ap,nu1,gamma,kp,zetap,zetap2,zetarho,ar,xi,M,seed,dx,dz,dtmin
1,10.0,0.4,10.0,0.0,0.1,0.0,1.0,0.0001,0.0,0.0,0.0,1.3333333333333333,1.0,0.0001,1.0,0.01,0.01,0.01
2,10.0,0.5,10.0,0.0,0.1,0.0,1.0,0.0001,0.0,0.0,0.0,1.3333333333333333,1.0,0.0001,1.0,0.01,0.01,0.01
3,10.0,0.6,10.0,0.0,0.1,0.0,1.0,0.0001,0.0,0.0,0.0,1.3333333333333333,1.0,0.0001,1.0,0.01,0.01,0.01
4,10.0,0.7,10.0,0.0,0.1,0.0,1.0,0.0001,0.0,0.0,0.0,1.3333333333333333,1.0,0.0001,1.0,0.01,0.01,0.01
5,10.0,0.8,10.0,0.0,0.1,0.0,1.0,0.0001,0.0,0.0,0.0,1.3333333333333333,1.0,0.0001,1.0,0.01,0.01,0.01
6,10.0,0.9,10.0,0.0,0.1,0.0,1.0,0.0001,0.0,0.0,0.0,1.3333333333333333,1.0,0.0001,1.0,0.01,0.01,0.01
7,10.0,1.0,10.0,0.0,0.1,0.0,1.0,0.0001,0.0,0.0,0.0,1.3333333333333333,1.0,0.0001,1.0,0.01,0.01,0.01
8,10.0,1.1,10.0,0.0,0.1,0.0,1.0,0.0001,0.0,0.0,0.0,1.3333333333333333,1.0,0.0001,1.0,0.01,0.01,0.01
9,10.0,1.2,10.0,0.0,0.1,0.0,1.0,0.0001,0.0,0.0,0.0,1.3333333333333333,1.0,0.0001,1.0,0.01,0.01,0.01
10,10.0,1.3,10.0,0.0,0.1,0.0,1.0,0.0001,0.0,0.0,0.0,1.3333333333333333,1.0,0.0001,1.0,0.01,0.01,0.01
11,10.0,1.4,10.0,0.0,0.1,0.0,1.0,0.0001,0.0,0.0,0.0,1.3333333333333333,1.0,0.0001,1.0,0.01,0.01,0.01
12,10.0,1.5,10.0,0.0,0.1,0.0,1.0,0.0001,0.0,0.0,0.0,1.3333333333333333,1.0,0.0001,1.0,0.01,0.01,0.01
13,10.0,0.4,10.0,0.0,0.1,0.0,1.0,0.0001,0.0,0.0,1.0,1.3333333333333333,1.0,0.0001,1.0,0.01,0.01,0.01
14,10.0,0.5,10.0,0.0,0.1,0.0,1.0,0.0001,0.0,0.0,1.0,1.3333333333333333,1.0,0.0001,1.0,0.01,0.01,0.01
15,10.0,0.6,10.0,0.0,0.1,0.0,1.0,0.0001,0.0,0.0,1.0,1.3333333333333333,1.0,0.0001,1.0,0.01,0.01,0.01
16,10.0,0.7,10.0,0.0,0.1,0.0,1.0,0.0001,0.0,0.0,1.0,1.3333333333333333,1.0,0.0001,1.0,0.01,0.01,0.01
17,10.0,0.8,10.0,0.0,0.1,0.0,1.0,0.0001,0.0,0.0,1.0,1.3333333333333333,1.0,0.0001,1.0,0.01,0.01,0.01
18,10.0,0.9,10.0,0.0,0.1,0.0,1.0,0.0001,0.0,0.0,1.0,1.3333333333333333,1.0,0.0001,1.0,0.01,0.01,0.01
19,10.0,1.0,10.0,0.0,0.1,0.0,1.0,0.0001,0.0,0.0,1.0,1.3333333333333333,1.0,0.0001,1.0,0.01,0.01,0.01
20,10.0,1.1,10.0,0.0,0.1,0.0,1.0,0.0001,0.0,0.0,1.0,1.3333333333333333,1.0,0.0001,1.0,0.01,0.01,0.01
21,10.0,1.2,10.0,0.0,0.1,0.0,1.0,0.0001,0.0,0.0,1.0,1.3333333333333333,1.0,0.0001,1.0,0.01,0.01,0.01
22,10.0,1.3,10.0,0.0,0.1,0.0,1.0,0.0001,0.0,0.0,1.0,1.3333333333333333,1.0,0.0001,1.0,0.01,0.01,0.01
23,10.0,1.4,10.0,0.0,0.1,0.0,1.0,0.0001,0.0,0.0,1.0,1.3333333333333333,1.0,0.0001,1.0,0.01,0.01,0.01
24,10.0,1.5,10.0,0.0,0.1,0.0,1.0,0.0001,0.0,0.0,1.0,1.3333333333333333,1.0,0.0001,1.0,0.01,0.01,0.01
25,10.0,0.4,10.0,0.0,0.1,0.0,1.0,0.0001,0.0,0.0,2.0,2.6666666666666665,1.0,0.0001,1.0,0.01,0.01,0.01
26,10.0,0.5,10.0,0.0,0.1,0.0,1.0,0.0001,0.0,0.0,2.0,2.6666666666666665,1.0,0.0001,1.0,0.01,0.01,0.01
27,10.0,0.6,10.0,0.0,0.1,0.0,1.0,0.0001,0.0,0.0,2.0,2.6666666666666665,1.0,0.0001,1.0,0.01,0.01,0.01
28,10.0,0.7,10.0,0.0,0.1,0.0,1.0,0.0001,0.0,0.0,2.0,2.6666666666666665,1.0,0.0001,1.0,0.01,0.01,0.01
29,10.0,0.8,10.0,0.0,0.1,0.0,1.0,0.0001,0.0,0.0,2.0,2.6666666666666665,1.0,0.0001,1.0,0.01,0.01,0.01
30,10.0,0.9,10.0,0.0,0.1,0.0,1.0,0.0001,0.0,0.0,2.0,2.6666666666666665,1.0,0.0001,1.0,0.01,0.01,0.01
31,10.0,1.0,10.0,0.0,0.1,0.0,1.0,0.0001,0.0,0.0,2.0,2.6666666666666665,1.0,0.0001,1.0,0.01,0.01,0.01
32,10.0,1.1,10.0,0.0,0.1,0.0,1.0,0.0001,0.0,0.0,2.0,2.6666666666666665,1.0,0.0001,1.0,0.01,0.01,0.01
33,10.0,1.2,10.0,0.0,0.1,0.0,1.0,0.0001,0.0,0.0,2.0,2.6666666666666665,1.0,0.0001,1.0,0.01,0.01,0.01
34,10.0,1.3,10.0,0.0,0.1,0.0,1.0,0.0001,0.0,0.0,2.0,2.6666666666666665,1.0,0.0001,1.0,0.01,0.01,0.01
35,10.0,1.4,10.0,0.0,0.1,0.0,1.0,0.0001,0.0,0.0,2.0,2.6666666666666665,1.0,0.0001,1.0,0.01,0.01,0.01
36,10.0,1.5,10.0,0.0,0.1,0.0,1.0,0.0001,0.0,0.0,2.0,2.6666666666666665,1.0,0.0001,1.0,0.01,0.01,0.01
37,10.0,0.4,10.0,0.0,0.1,0.0,1.0,0.0001,0.0,0.0,4.0,5.333333333333333,1.0,0.0001,1.0,0.01,0.01,0.01
38,10.0,0.5,10.0,0.0,0.1,0.0,1.0,0.0001,0.0,0.0,4.0,5.333333333333333,1.0,0.0001,1.0,0.01,0.01,0.01
39,10.0,0.6,10.0,0.0,0.1,0.0,1.0,0.0001,0.0,0.0,4.0,5.333333333333333,1.0,0.0001,1.0,0.01,0.01,0.01
40,10.0,0.7,10.0,0.0,0.1,0.0,1.0,0.0001,0.0,0.0,4.0,5.333333333333333,1.0,0.0001,1.0,0.01,0.01,0.01
41,10.0,0.8,10.0,0.0,0.1,0.0,1.0,0.0001,0.0,0.0,4.0,5.333333333333333,1.0,0.0001,1.0,0.01,0.01,0.01
42,10.0,0.9,10.0,0.0,0.1,0.0,1.0,0.0001,0.0,0.0,4.0,5.333333333333333,1.0,0.0001,1.0,0.01,0.01,0.01
43,10.0,1.0,10.0,0.0,0.1,0.0,1.0,0.0001,0.0,0.0,4.0,5.333333333333333,1.0,0.0001,1.0,0.01,0.01,0.01
44,10.0,1.1,10.0,0.0,0.1,0.0,1.0,0.0001,0.0,0.0,4.0,5.333333333333333,1.0,0.0001,1.0,0.01,0.01,0.01
45,10.0,1.2,10.0,0.0,0.1,0.0,1.0,0.0001,0.0,0.0,4.0,5.333333333333333,1.0,0.0001,1.0,0.01,0.01,0.01
46,10.0,1.3,10.0,0.0,0.1,0.0,1.0,0.0001,0.0,0.0,4.0,5.333333333333333,1.0,0.0001,1.0,0.01,0.01,0.01
47,10.0,1.4,10.0,0.0,0.1,0.0,1.0,0.0001,0.0,0.0,4.0,5.333333333333333,1.0,0.0001,1.0,0.01,0.01,0.01
48,10.0,1.5,10.0,0.0,0.1,0.0,1.0,0.0001,0.0,0.0,4.0,5.333333333333333,1.0,0.0001,1.0,0.01,0.01,0.01
49,10.0,0.4,10.0,0.0,0.1,0.0,1.0,0.0001,0.0,0.0,6.0,8.0,1.0,0.0001,1.0,0.01,0.01,0.01
50,10.0,0.5,10.0,0.0,0.1,0.0,1.0,0.0001,0.0,0.0,6.0,8.0,1.0,0.0001,1.0,0.01,0.01,0.01
51,10.0,0.6,10.0,0.0,0.1,0.0,1.0,0.0001,0.0,0.0,6.0,8.0,1.0,0.0001,1.0,0.01,0.01,0.01
52,10.0,0.7,10.0,0.0,0.1,0.0,1.0,0.0001,0.0,0.0,6.0,8.0,1.0,0.0001,1.0,0.01,0.01,0.01
53,10.0,0.8,10.0,0.0,0.1,0.0,1.0,0.0001,0.0,0.0,6.0,8.0,1.0,0.0001,1.0,0.01,0.01,0.01
54,10.0,0.9,10.0,0.0,0.1,0.0,1.0,0.0001,0.0,0.0,6.0,8.0,1.0,0.0001,1.0,0.01,0.01,0.01
55,10.0,1.0,10.0,0.0,0.1,0.0,1.0,0.0001,0.0,0.0,6.0,8.0,1.0,0.0001,1.0,0.01,0.01,0.01
56,10.0,1.1,10.0,0.0,0.1,0.0,1.0,0.0001,0.0,0.0,6.0,8.0,1.0,0.0001,1.0,0.01,0.01,0.01
57,10.0,1.2,10.0,0.0,0.1,0.0,1.0,0.0001,0.0,0.0,6.0,8.0,1.0,0.0001,1.0,0.01,0.01,0.01
58,10.0,1.3,10.0,0.0,0.1,0.0,1.0,0.0001,0.0,0.0,6.0,8.0,1.0,0.0001,1.0,0.01,0.01,0.01
59,10.0,1.4,10.0,0.0,0.1,0.0,1.0,0.0001,0.0,0.0,6.0,8.0,1.0,0.0001,1.0,0.01,0.01,0.01
60,10.0,1.5,10.0,0.0,0.1,0.0,1.0,0.0001,0.0,0.0,6.0,8.0,1.0,0.0001,1.0,0.01,0.01,0.01
61,10.0,0.4,10.0,0.0,0.1,0.0,1.0,0.0001,0.0,0.0,8.0,10.666666666666666,1.0,0.0001,1.0,0.01,0.01,0.01
62,10.0,0.5,10.0,0.0,0.1,0.0,1.0,0.0001,0.0,0.0,8.0,10.666666666666666,1.0,0.0001,1.0,0.01,0.01,0.01
63,10.0,0.6,10.0,0.0,0.1,0.0,1.0,0.0001,0.0,0.0,8.0,10.666666666666666,1.0,0.0001,1.0,0.01,0.01,0.01
64,10.0,0.7,10.0,0.0,0.1,0.0,1.0,0.0001,0.0,0.0,8.0,10.666666666666666,1.0,0.0001,1.0,0.01,0.01,0.01
65,10.0,0.8,10.0,0.0,0.1,0.0,1.0,0.0001,0.0,0.0,8.0,10.666666666666666,1.0,0.0001,1.0,0.01,0.01,0.01
66,10.0,0.9,10.0,0.0,0.1,0.0,1.0,0.0001,0.0,0.0,8.0,10.666666666666666,1.0,0.0001,1.0,0.01,0.01,0.01
67,10.0,1.0,10.0,0.0,0.1,0.0,1.0,0.0001,0.0,0.0,8.0,10.666666666666666,1.0,0.0001,1.0,0.01,0.01,0.01
68,10.0,1.1,10.0,0.0,0.1,0.0,1.0,0.0001,0.0,0.0,8.0,10.666666666666666,1.0,0.0001,1.0,0.01,0.01,0.01
69,10.0,1.2,10.0,0.0,0.1,0.0,1.0,0.0001,0.0,0.0,8.0,10.666666666666666,1.0,0.0001,1.0,0.01,0.01,0.01
70,10.0,1.3,10.0,0.0,0.1,0.0,1.0,0.0001,0.0,0.0,8.0,10.666666666666666,1.0,0.0001,1.0,0.01,0.01,0.01
71,10.0,1.4,10.0,0.0,0.1,0.0,1.0,0.0001,0.0,0.0,8.0,10.666666666666666,1.0,0.0001,1.0,0.01,0.01,0.01
72,10.0,1.5,10.0,0.0,0.1,0.0,1.0,0.0001,0.0,0.0,8.0,10.666666666666666,1.0,0.0001,1.0,0.01,0.01,0.01
73,10.0,0.4,10.0,0.0,0.1,0.0,1.0,0.0001,0.0,0.0,10.0,13.333333333333334,1.0,0.0001,1.0,0.01,0.01,0.01
74,10.0,0.5,10.0,0.0,0.1,0.0,1.0,0.0001,0.0,0.0,10.0,13.333333333333334,1.0,0.0001,1.0,0.01,0.01,0.01
75,10.0,0.6,10.0,0.0,0.1,0.0,1.0,0.0001,0.0,0.0,10.0,13.333333333333334,1.0,0.0001,1.0,0.01,0.01,0.01
76,10.0,0.7,10.0,0.0,0.1,0.0,1.0,0.0001,0.0,0.0,10.0,13.333333333333334,1.0,0.0001,1.0,0.01,0.01,0.01
77,10.0,0.8,10.0,0.0,0.1,0.0,1.0,0.0001,0.0,0.0,10.0,13.333333333333334,1.0,0.0001,1.0,0.01,0.01,0.01
78,10.0,0.9,10.0,0.0,0.1,0.0,1.0,0.0001,0.0,0.0,10.0,13.333333333333334,1.0,0.0001,1.0,0.01,0.01,0.01
79,10.0,1.0,10.0,0.0,0.1,0.0,1.0,0.0001,0.0,0.0,10.0,13.333333333333334,1.0,0.0001,1.0,0.01,0.01,0.01
80,10.0,1.1,10.0,0.0,0.1,0.0,1.0,0.0001,0.0,0.0,10.0,13.333333333333334,1.0,0.0001,1.0,0.01,0.01,0.01
81,10.0,1.2,10.0,0.0,0.1,0.0,1.0,0.0001,0.0,0.0,10.0,13.333333333333334,1.0,0.0001,1.0,0.01,0.01,0.01
82,10.0,1.3,10.0,0.0,0.1,0.0,1.0,0.0001,0.0,0.0,10.0,13.333333333333334,1.0,0.0001,1.0,0.01,0.01,0.01
83,10.0,1.4,10.0,0.0,0.1,0.0,1.0,0.0001,0.0,0.0,10.0,13.333333333333334,1.0,0.0001,1.0,0.01,0.01,0.01
84,10.0,1.5,10.0,0.0,0.1,0.0,1.0,0.0001,0.0,0.0,10.0,13.333333333333334,1.0,0.0001,1.0,0.01,0.01,0.01
85,10.0,0.4,10.0,0.0,0.1,0.0,1.0,0.0001,0.0,0.0,12.0,16.0,1.0,0.0001,1.0,0.01,0.01,0.01
86,10.0,0.5,10.0,0.0,0.1,0.0,1.0,0.0001,0.0,0.0,12.0,16.0,1.0,0.0001,1.0,0.01,0.01,0.01
87,10.0,0.6,10.0,0.0,0.1,0.0,1.0,0.0001,0.0,0.0,12.0,16.0,1.0,0.0001,1.0,0.01,0.01,0.01
88,10.0,0.7,10.0,0.0,0.1,0.0,1.0,0.0001,0.0,0.0,12.0,16.0,1.0,0.0001,1.0,0.01,0.01,0.01
89,10.0,0.8,10.0,0.0,0.1,0.0,1.0,0.0001,0.0,0.0,12.0,16.0,1.0,0.0001,1.0,0.01,0.01,0.01
90,10.0,0.9,10.0,0.0,0.1,0.0,1.0,0.0001,0.0,0.0,12.0,16.0,1.0,0.0001,1.0,0.01,0.01,0.01
91,10.0,1.0,10.0,0.0,0.1,0.0,1.0,0.0001,0.0,0.0,12.0,16.0,1.0,0.0001,1.0,0.01,0.01,0.01
92,10.0,1.1,10.0,0.0,0.1,0.0,1.0,0.0001,0.0,0.0,12.0,16.0,1.0,0.0001,1.0,0.01,0.01,0.01
93,10.0,1.2,10.0,0.0,0.1,0.0,1.0,0.0001,0.0,0.0,12.0,16.0,1.0,0.0001,1.0,0.01,0.01,0.01
94,10.0,1.3,10.0,0.0,0.1,0.0,1.0,0.0001,0.0,0.0,12.0,16.0,1.0,0.0001,1.0,0.01,0.01,0.01
95,10.0,1.4,10.0,0.0,0.1,0.0,1.0,0.0001,0.0,0.0,12.0,16.0,1.0,0.0001,1.0,0.01,0.01,0.01
96,10.0,1.5,10.0,0.0,0.1,0.0,1.0,0.0001,0.0,0.0,12.0,16.0,1.0,0.0001,1.0,0.01,0.01,0.01
97,10.0,0.4,10.0,0.0,0.1,0.0,1.0,0.0001,0.0,0.0,14.0,18.666666666666668,1.0,0.0001,1.0,0.01,0.01,0.01
98,10.0,0.5,10.0,0.0,0.1,0.0,1.0,0.0001,0.0,0.0,14.0,18.666666666666668,1.0,0.0001,1.0,0.01,0.01,0.01
99,10.0,0.6,10.0,0.0,0.1,0.0,1.0,0.0001,0.0,0.0,14.0,18.666666666666668,1.0,0.0001,1.0,0.01,0.01,0.01
100,10.0,0.7,10.0,0.0,0.1,0.0,1.0,0.0001,0.0,0.0,14.0,18.666666666666668,1.0,0.0001,1.0,0.01,0.01,0.01
101,10.0,0.8,10.0,0.0,0.1,0.0,1.0,0.0001,0.0,0.0,14.0,18.666666666666668,1.0,0.0001,1.0,0.01,0.01,0.01
102,10.0,0.9,10.0,0.0,0.1,0.0,1.0,0.0001,0.0,0.0,14.0,18.666666666666668,1.0,0.0001,1.0,0.01,0.01,0.01
103,10.0,1.0,10.0,0.0,0.1,0.0,1.0,0.0001,0.0,0.0,14.0,18.666666666666668,1.0,0.0001,1.0,0.01,0.01,0.01
104,10.0,1.1,10.0,0.0,0.1,0.0,1.0,0.0001,0.0,0.0,14.0,18.666666666666668,1.0,0.0001,1.0,0.01,0.01,0.01
105,10.0,1.2,10.0,0.0,0.1,0.0,1.0,0.0001,0.0,0.0,14.0,18.666666666666668,1.0,0.0001,1.0,0.01,0.01,0.01
106,10.0,1.3,10.0,0.0,0.1,0.0,1.0,0.0001,0.0,0.0,14.0,18.666666666666668,1.0,0.0001,1.0,0.01,0.01,0.01
107,10.0,1.4,10.0,0.0,0.1,0.0,1.0,0.0001,0.0,0.0,14.0,18.666666666666668,1.0,0.0001,1.0,0.01,0.01,0.01
108,10.0,1.5,10.0,0.0,0.1,0.0,1.0,0.0001,0.0,0.0,14.0,18.666666666666668,1.0,0.0001,1.0,0.01,0.01,0.01
109,10.0,0.4,10.0,0.0,0.1,0.0,1.0,0.0001,0.0,0.0,16.0,21.333333333333332,1.0,0.0001,1.0,0.01,0.01,0.01
110,10.0,0.5,10.0,0.0,0.1,0.0,1.0,0.0001,0.0,0.0,16.0,21.333333333333332,1.0,0.0001,1.0,0.01,0.01,0.01
111,10.0,0.6,10.0,0.0,0.1,0.0,1.0,0.0001,0.0,0.0,16.0,21.333333333333332,1.0,0.0001,1.0,0.01,0.01,0.01
112,10.0,0.7,10.0,0.0,0.1,0.0,1.0,0.0001,0.0,0.0,16.0,21.333333333333332,1.0,0.0001,1.0,0.01,0.01,0.01
113,10.0,0.8,10.0,0.0,0.1,0.0,1.0,0.0001,0.0,0.0,16.0,21.333333333333332,1.0,0.0001,1.0,0.01,0.01,0.01
114,10.0,0.9,10.0,0.0,0.1,0.0,1.0,0.0001,0.0,0.0,16.0,21.333333333333332,1.0,0.0001,1.0,0.01,0.01,0.01
115,10.0,1.0,10.0,0.0,0.1,0.0,1.0,0.0001,0.0,0.0,16.0,21.333333333333332,1.0,0.0001,1.0,0.01,0.01,0.01
116,10.0,1.1,10.0,0.0,0.1,0.0,1.0,0.0001,0.0,0.0,16.0,21.333333333333332,1.0,0.0001,1.0,0.01,0.01,0.01
117,10.0,1.2,10.0,0.0,0.1,0.0,1.0,0.0001,0.0,0.0,16.0,21.333333333333332,1.0,0.0001,1.0,0.01,0.01,0.01
118,10.0,1.3,10.0,0.0,0.1,0.0,1.0,0.0001,0.0,0.0,16.0,21.333333333333332,1.0,0.0001,1.0,0.01,0.01,0.01
119,10.0,1.4,10.0,0.0,0.1,0.0,1.0,0.0001,0.0,0.0,16.0,21.333333333333332,1.0,0.0001,1.0,0.01,0.01,0.01
120,10.0,1.5,10.0,0.0,0.1,0.0,1.0,0.0001,0.0,0.0,16.0,21.333333333333332,1.0,0.0001,1.0,0.01,0.01,0.01
121,10.0,0.4,10.0,0.0,0.1,0.0,1.0,0.0001,0.0,0.0,18.0,24.0,1.0,0.0001,1.0,0.01,0.01,0.01
122,10.0,0.5,10.0,0.0,0.1,0.0,1.0,0.0001,0.0,0.0,18.0,24.0,1.0,0.0001,1.0,0.01,0.01,0.01
123,10.0,0.6,10.0,0.0,0.1,0.0,1.0,0.0001,0.0,0.0,18.0,24.0,1.0,0.0001,1.0,0.01,0.01,0.01
124,10.0,0.7,10.0,0.0,0.1,0.0,1.0,0.0001,0.0,0.0,18.0,24.0,1.0,0.0001,1.0,0.01,0.01,0.01
125,10.0,0.8,10.0,0.0,0.1,0.0,1.0,0.0001,0.0,0.0,18.0,24.0,1.0,0.0001,1.0,0.01,0.01,0.01
126,10.0,0.9,10.0,0.0,0.1,0.0,1.0,0.0001,0.0,0.0,18.0,24.0,1.0,0.0001,1.0,0.01,0.01,0.01
127,10.0,1.0,10.0,0.0,0.1,0.0,1.0,0.0001,0.0,0.0,18.0,24.0,1.0,0.0001,1.0,0.01,0.01,0.01
128,10.0,1.1,10.0,0.0,0.1,0.0,1.0,0.0001,0.0,0.0,18.0,24.0,1.0,0.0001,1.0,0.01,0.01,0.01
129,10.0,1.2,10.0,0.0,0.1,0.0,1.0,0.0001,0.0,0.0,18.0,24.0,1.0,0.0001,1.0,0.01,0.01,0.01
130,10.0,1.3,10.0,0.0,0.1,0.0,1.0,0.0001,0.0,0.0,18.0,24.0,1.0,0.0001,1.0,0.01,0.01,0.01
131,10.0,1.4,10.0,0.0,0.1,0.0,1.0,0.0001,0.0,0.0,18.0,24.0,1.0,0.0001,1.0,0.01,0.01,0.01
132,10.0,1.5,10.0,0.0,0.1,0.0,1.0,0.0001,0.0,0.0,18.0,24.0,1.0,0.0001,1.0,0.01,0.01,0.01
133,10.0,0.4,10.0,0.0,0.1,0.0,1.0,0.0001,0.0,0.0,20.0,26.666666666666668,1.0,0.0001,1.0,0.01,0.01,0.01
134,10.0,0.5,10.0,0.0,0.1,0.0,1.0,0.0001,0.0,0.0,20.0,26.666666666666668,1.0,0.0001,1.0,0.01,0.01,0.01
135,10.0,0.6,10.0,0.0,0.1,0.0,1.0,0.0001,0.0,0.0,20.0,26.666666666666668,1.0,0.0001,1.0,0.01,0.01,0.01
136,10.0,0.7,10.0,0.0,0.1,0.0,1.0,0.0001,0.0,0.0,20.0,26.666666666666668,1.0,0.0001,1.0,0.01,0.01,0.01
137,10.0,0.8,10.0,0.0,0.1,0.0,1.0,0.0001,0.0,0.0,20.0,26.666666666666668,1.0,0.0001,1.0,0.01,0.01,0.01
138,10.0,0.9,10.0,0.0,0.1,0.0,1.0,0.0001,0.0,0.0,20.0,26.666666666666668,1.0,0.0001,1.0,0.01,0.01,0.01
139,10.0,1.0,10.0,0.0,0.1,0.0,1.0,0.0001,0.0,0.0,20.0,26.666666666666668,1.0,0.0001,1.0,0.01,0.01,0.01
140,10.0,1.1,10.0,0.0,0.1,0.0,1.0,0.0001,0.0,0.0,20.0,26.666666666666668,1.0,0.0001,1.0,0.01,0.01,0.01
141,10.0,1.2,10.0,0.0,0.1,0.0,1.0,0.0001,0.0,0.0,20.0,26.666666666666668,1.0,0.0001,1.0,0.01,0.01,0.01
142,10.0,1.3,10.0,0.0,0.1,0.0,1.0,0.0001,0.0,0.0,20.0,26.666666666666668,1.0,0.0001,1.0,0.01,0.01,0.01
143,10.0,1.4,10.0,0.0,0.1,0.0,1.0,0.0001,0.0,0.0,20.0,26.666666666666668,1.0,0.0001,1.0,0.01,0.01,0.01
144,10.0,1.5,10.0,0.0,0.1,0.0,1.0,0.0001,0.0,0.0,20.0,26.666666666666668,1.0,0.0001,1.0,0.01,0.01,0.01
145,10.0,0.4,10.0,0.0,0.1,0.0,1.0,0.0001,0.0,0.0,22.0,29.333333333333332,1.0,0.0001,1.0,0.01,0.01,0.01
146,10.0,0.5,10.0,0.0,0.1,0.0,1.0,0.0001,0.0,0.0,22.0,29.333333333333332,1.0,0.0001,1.0,0.01,0.01,0.01
147,10.0,0.6,10.0,0.0,0.1,0.0,1.0,0.0001,0.0,0.0,22.0,29.333333333333332,1.0,0.0001,1.0,0.01,0.01,0.01
148,10.0,0.7,10.0,0.0,0.1,0.0,1.0,0.0001,0.0,0.0,22.0,29.333333333333332,1.0,0.0001,1.0,0.01,0.01,0.01
149,10.0,0.8,10.0,0.0,0.1,0.0,1.0,0.0001,0.0,0.0,22.0,29.333333333333332,1.0,0.0001,1.0,0.01,0.01,0.01
150,10.0,0.9,10.0,0.0,0.1,0.0,1.0,0.0001,0.0,0.0,22.0,29.333333333333332,1.0,0.0001,1.0,0.01,0.01,0.01
151,10.0,1.0,10.0,0.0,0.1,0.0,1.0,0.0001,0.0,0.0,22.0,29.333333333333332,1.0,0.0001,1.0,0.01,0.01,0.01
152,10.0,1.1,10.0,0.0,0.1,0.0,1.0,0.0001,0.0,0.0,22.0,29.333333333333332,1.0,0.0001,1.0,0.01,0.01,0.01
153,10.0,1.2,10.0,0.0,0.1,0.0,1.0,0.0001,0.0,0.0,22.0,29.333333333333332,1.0,0.0001,1.0,0.01,0.01,0.01
154,10.0,1.3,10.0,0.0,0.1,0.0,1.0,0.0001,0.0,0.0,22.0,29.333333333333332,1.0,0.0001,1.0,0.01,0.01,0.01
155,10.0,1.4,10.0,0.0,0.1,0.0,1.0,0.0001,0.0,0.0,22.0,29.333333333333332,1.0,0.0001,1.0,0.01,0.01,0.01
156,10.0,1.5,10.0,0.0,0.1,0.0,1.0,0.0001,0.0,0.0,22.0,29.333333333333332,1.0,0.0001,1.0,0.01,0.01,0.01
157,10.0,0.4,10.0,0.0,0.1,0.0,1.0,0.0001,0.0,0.0,24.0,32.0,1.0,0.0001,1.0,0.01,0.01,0.01
158,10.0,0.5,10.0,0.0,0.1,0.0,1.0,0.0001,0.0,0.0,24.0,32.0,1.0,0.0001,1.0,0.01,0.01,0.01
159,10.0,0.6,10.0,0.0,0.1,0.0,1.0,0.0001,0.0,0.0,24.0,32.0,1.0,0.0001,1.0,0.01,0.01,0.01
160,10.0,0.7,10.0,0.0,0.1,0.0,1.0,0.0001,0.0,0.0,24.0,32.0,1.0,0.0001,1.0,0.01,0.01,0.01
161,10.0,0.8,10.0,0.0,0.1,0.0,1.0,0.0001,0.0,0.0,24.0,32.0,1.0,0.0001,1.0,0.01,0.01,0.01
162,10.0,0.9,10.0,0.0,0.1,0.0,1.0,0.0001,0.0,0.0,24.0,32.0,1.0,0.0001,1.0,0.01,0.01,0.01
163,10.0,1.0,10.0,0.0,0.1,0.0,1.0,0.0001,0.0,0.0,24.0,32.0,1.0,0.0001,1.0,0.01,0.01,0.01
164,10.0,1.1,10.0,0.0,0.1,0.0,1.0,0.0001,0.0,0.0,24.0,32.0,1.0,0.0001,1.0,0.01,0.01,0.01
165,10.0,1.2,10.0,0.0,0.1,0.0,1.0,0.0001,0.0,0.0,24.0,32.0,1.0,0.0001,1.0,0.01,0.01,0.01
166,10.0,1.3,10.0,0.0,0.1,0.0,1.0,0.0001,0.0,0.0,24.0,32.0,1.0,0.0001,1.0,0.01,0.01,0.01
167,10.0,1.4,10.0,0.0,0.1,0.0,1.0,0.0001,0.0,0.0,24.0,32.0,1.0,0.0001,1.0,0.01,0.01,0.01
168,10.0,1.5,10.0,0.0,0.1,0.0,1.0,0.0001,0.0,0.0,24.0,32.0,1.0,0.0001,1.0,0.01,0.01,0.01
169,10.0,0.4,5.0,0.0,0.1,0.0,1.0,0.0001,0.0,0.0,0.0,1.3333333333333333,1.0,0.0001,1.0,0.01,0.01,0.01
170,10.0,0.5,5.0,0.0,0.1,0.0,1.0,0.0001,0.0,0.0,0.0,1.3333333333333333,1.0,0.0001,1.0,0.01,0.01,0.01
171,10.0,0.6,5.0,0.0,0.1,0.0,1.0,0.0001,0.0,0.0,0.0,1.3333333333333333,1.0,0.0001,1.0,0.01,0.01,0.01
172,10.0,0.7,5.0,0.0,0.1,0.0,1.0,0.0001,0.0,0.0,0.0,1.3333333333333333,1.0,0.0001,1.0,0.01,0.01,0.01
173,10.0,0.8,5.0,0.0,0.1,0.0,1.0,0.0001,0.0,0.0,0.0,1.3333333333333333,1.0,0.0001,1.0,0.01,0.01,0.01
174,10.0,0.9,5.0,0.0,0.1,0.0,1.0,0.0001,0.0,0.0,0.0,1.3333333333333333,1.0,0.0001,1.0,0.01,0.01,0.01
175,10.0,1.0,5.0,0.0,0.1,0.0,1.0,0.0001,0.0,0.0,0.0,1.3333333333333333,1.0,0.0001,1.0,0.01,0.01,0.01
176,10.0,1.1,5.0,0.0,0.1,0.0,1.0,0.0001,0.0,0.0,0.0,1.3333333333333333,1.0,0.0001,1.0,0.01,0.01,0.01
177,10.0,1.2,5.0,0.0,0.1,0.0,1.0,0.0001,0.0,0.0,0.0,1.3333333333333333,1.0,0.0001,1.0,0.01,0.01,0.01
178,10.0,1.3,5.0,0.0,0.1,0.0,1.0,0.0001,0.0,0.0,0.0,1.3333333333333333,1.0,0.0001,1.0,0.01,0.01,0.01
179,10.0,1.4,5.0,0.0,0.1,0.0,1.0,0.0001,0.0,0.0,0.0,1.3333333333333333,1.0,0.0001,1.0,0.01,0.01,0.01
180,10.0,1.5,5.0,0.0,0.1,0.0,1.0,0.0001,0.0,0.0,0.0,1.3333333333333333,1.0,0.0001,1.0,0.01,0.01,0.01
181,10.0,0.4,5.0,0.0,0.1,0.0,1.0,0.0001,0.0,0.0,1.0,1.3333333333333333,1.0,0.0001,1.0,0.01,0.01,0.01
182,10.0,0.5,5.0,0.0,0.1,0.0,1.0,0.0001,0.0,0.0,1.0,1.3333333333333333,1.0,0.0001,1.0,0.01,0.01,0.01
183,10.0,0.6,5.0,0.0,0.1,0.0,1.0,0.0001,0.0,0.0,1.0,1.3333333333333333,1.0,0.0001,1.0,0.01,0.01,0.01
184,10.0,0.7,5.0,0.0,0.1,0.0,1.0,0.0001,0.0,0.0,1.0,1.3333333333333333,1.0,0.0001,1.0,0.01,0.01,0.01
185,10.0,0.8,5.0,0.0,0.1,0.0,1.0,0.0001,0.0,0.0,1.0,1.3333333333333333,1.0,0.0001,1.0,0.01,0.01,0.01
186,10.0,0.9,5.0,0.0,0.1,0.0,1.0,0.0001,0.0,0.0,1.0,1.3333333333333333,1.0,0.0001,1.0,0.01,0.01,0.01
187,10.0,1.0,5.0,0.0,0.1,0.0,1.0,0.0001,0.0,0.0,1.0,1.3333333333333333,1.0,0.0001,1.0,0.01,0.01,0.01
188,10.0,1.1,5.0,0.0,0.1,0.0,1.0,0.0001,0.0,0.0,1.0,1.3333333333333333,1.0,0.0001,1.0,0.01,0.01,0.01
189,10.0,1.2,5.0,0.0,0.1,0.0,1.0,0.0001,0.0,0.0,1.0,1.3333333333333333,1.0,0.0001,1.0,0.01,0.01,0.01
190,10.0,1.3,5.0,0.0,0.1,0.0,1.0,0.0001,0.0,0.0,1.0,1.3333333333333333,1.0,0.0001,1.0,0.01,0.01,0.01
191,10.0,1.4,5.0,0.0,0.1,0.0,1.0,0.0001,0.0,0.0,1.0,1.3333333333333333,1.0,0.0001,1.0,0.01,0.01,0.01
192,10.0,1.5,5.0,0.0,0.1,0.0,1.0,0.0001,0.0,0.0,1.0,1.3333333333333333,1.0,0.0001,1.0,0.01,0.01,0.01
193,10.0,0.4,5.0,0.0,0.1,0.0,1.0,0.0001,0.0,0.0,2.0,2.6666666666666665,1.0,0.0001,1.0,0.01,0.01,0.01
194,10.0,0.5,5.0,0.0,0.1,0.0,1.0,0.0001,0.0,0.0,2.0,2.6666666666666665,1.0,0.0001,1.0,0.01,0.01,0.01
195,10.0,0.6,5.0,0.0,0.1,0.0,1.0,0.0001,0.0,0.0,2.0,2.6666666666666665,1.0,0.0001,1.0,0.01,0.01,0.01
196,10.0,0.7,5.0,0.0,0.1,0.0,1.0,0.0001,0.0,0.0,2.0,2.6666666666666665,1.0,0.0001,1.0,0.01,0.01,0.01
197,10.0,0.8,5.0,0.0,0.1,0.0,1.0,0.0001,0.0,0.0,2.0,2.6666666666666665,1.0,0.0001,1.0,0.01,0.01,0.01
198,10.0,0.9,5.0,0.0,0.1,0.0,1.0,0.0001,0.0,0.0,2.0,2.6666666666666665,1.0,0.0001,1.0,0.01,0.01,0.01
199,10.0,1.0,5.0,0.0,0.1,0.0,1.0,0.0001,0.0,0.0,2.0,2.6666666666666665,1.0,0.0001,1.0,0.01,0.01,0.01
200,10.0,1.1,5.0,0.0,0.1,0.0,1.0,0.0001,0.0,0.0,2.0,2.6666666666666665,1.0,0.0001,1.0,0.01,0.01,0.01
201,10.0,1.2,5.0,0.0,0.1,0.0,1.0,0.0001,0.0,0.0,2.0,2.6666666666666665,1.0,0.0001,1.0,0.01,0.01,0.01
202,10.0,1.3,5.0,0.0,0.1,0.0,1.0,0.0001,0.0,0.0,2.0,2.6666666666666665,1.0,0.0001,1.0,0.01,0.01,0.01
203,10.0,1.4,5.0,0.0,0.1,0.0,1.0,0.0001,0.0,0.0,2.0,2.6666666666666665,1.0,0.0001,1.0,0.01,0.01,0.01
204,10.0,1.5,5.0,0.0,0.1,0.0,1.0,0.0001,0.0,0.0,2.0,2.6666666666666665,1.0,0.0001,1.0,0.01,0.01,0.01
205,10.0,0.4,5.0,0.0,0.1,0.0,1.0,0.0001,0.0,0.0,4.0,5.333333333333333,1.0,0.0001,1.0,0.01,0.01,0.01
206,10.0,0.5,5.0,0.0,0.1,0.0,1.0,0.0001,0.0,0.0,4.0,5.333333333333333,1.0,0.0001,1.0,0.01,0.01,0.01
207,10.0,0.6,5.0,0.0,0.1,0.0,1.0,0.0001,0.0,0.0,4.0,5.333333333333333,1.0,0.0001,1.0,0.01,0.01,0.01
208,10.0,0.7,5.0,0.0,0.1,0.0,1.0,0.0001,0.0,0.0,4.0,5.333333333333333,1.0,0.0001,1.0,0.01,0.01,0.01
209,10.0,0.8,5.0,0.0,0.1,0.0,1.0,0.0001,0.0,0.0,4.0,5.333333333333333,1.0,0.0001,1.0,0.01,0.01,0.01
210,10.0,0.9,5.0,0.0,0.1,0.0,1.0,0.0001,0.0,0.0,4.0,5.333333333333333,1.0,0.0001,1.0,0.01,0.01,0.01
211,10.0,1.0,5.0,0.0,0.1,0.0,1.0,0.0001,0.0,0.0,4.0,5.333333333333333,1.0,0.0001,1.0,0.01,0.01,0.01
212,10.0,1.1,5.0,0.0,0.1,0.0,1.0,0.0001,0.0,0.0,4.0,5.333333333333333,1.0,0.0001,1.0,0.01,0.01,0.01
213,10.0,1.2,5.0,0.0,0.1,0.0,1.0,0.0001,0.0,0.0,4.0,5.333333333333333,1.0,0.0001,1.0,0.01,0.01,0.01
214,10.0,1.3,5.0,0.0,0.1,0.0,1.0,0.0001,0.0,0.0,4.0,5.333333333333333,1.0,0.0001,1.0,0.01,0.01,0.01
215,10.0,1.4,5.0,0.0,0.1,0.0,1.0,0.0001,0.0,0.0,4.0,5.333333333333333,1.0,0.0001,1.0,0.01,0.01,0.01
216,10.0,1.5,5.0,0.0,0.1,0.0,1.0,0.0001,0.0,0.0,4.0,5.333333333333333,1.0,0.0001,1.0,0.01,0.01,0.01
217,10.0,0.4,5.0,0.0,0.1,0.0,1.0,0.0001,0.0,0.0,6.0,8.0,1.0,0.0001,1.0,0.01,0.01,0.01
218,10.0,0.5,5.0,0.0,0.1,0.0,1.0,0.0001,0.0,0.0,6.0,8.0,1.0,0.0001,1.0,0.01,0.01,0.01
219,10.0,0.6,5.0,0.0,0.1,0.0,1.0,0.0001,0.0,0.0,6.0,8.0,1.0,0.0001,1.0,0.01,0.01,0.01
220,10.0,0.7,5.0,0.0,0.1,0.0,1.0,0.0001,0.0,0.0,6.0,8.0,1.0,0.0001,1.0,0.01,0.01,0.01
221,10.0,0.8,5.0,0.0,0.1,0.0,1.0,0.0001,0.0,0.0,6.0,8.0,1.0,0.0001,1.0,0.01,0.01,0.01
222,10.0,0.9,5.0,0.0,0.1,0.0,1.0,0.0001,0.0,0.0,6.0,8.0,1.0,0.0001,1.0,0.01,0.01,0.01
223,10.0,1.0,5.0,0.0,0.1,0.0,1.0,0.0001,0.0,0.0,6.0,8.0,1.0,0.0001,1.0,0.01,0.01,0.01
224,10.0,1.1,5.0,0.0,0.1,0.0,1.0,0.0001,0.0,0.0,6.0,8.0,1.0,0.0001,1.0,0.01,0.01,0.01
225,10.0,1.2,5.0,0.0,0.1,0.0,1.0,0.0001,0.0,0.0,6.0,8.0,1.0,0.0001,1.0,0.01,0.01,0.01
226,10.0,1.3,5.0,0.0,0.1,0.0,1.0,0.0001,0.0,0.0,6.0,8.0,1.0,0.0001,1.0,0.01,0.01,0.01
227,10.0,1.4,5.0,0.0,0.1,0.0,1.0,0.0001,0.0,0.0,6.0,8.0,1.0,0.0001,1.0,0.01,0.01,0.01
228,10.0,1.5,5.0,0.0,0.1,0.0,1.0,0.0001,0.0,0.0,6.0,8.0,1.0,0.0001,1.0,0.01,0.01,0.01
229,10.0,0.4,5.0,0.0,0.1,0.0,1.0,0.0001,0.0,0.0,8.0,10.666666666666666,1.0,0.0001,1.0,0.01,0.01,0.01
230,10.0,0.5,5.0,0.0,0.1,0.0,1.0,0.0001,0.0,0.0,8.0,10.666666666666666,1.0,0.0001,1.0,0.01,0.01,0.01
231,10.0,0.6,5.0,0.0,0.1,0.0,1.0,0.0001,0.0,0.0,8.0,10.666666666666666,1.0,0.0001,1.0,0.01,0.01,0.01
232,10.0,0.7,5.0,0.0,0.1,0.0,1.0,0.0001,0.0,0.0,8.0,10.666666666666666,1.0,0.0001,1.0,0.01,0.01,0.01
233,10.0,0.8,5.0,0.0,0.1,0.0,1.0,0.0001,0.0,0.0,8.0,10.666666666666666,1.0,0.0001,1.0,0.01,0.01,0.01
234,10.0,0.9,5.0,0.0,0.1,0.0,1.0,0.0001,0.0,0.0,8.0,10.666666666666666,1.0,0.0001,1.0,0.01,0.01,0.01
235,10.0,1.0,5.0,0.0,0.1,0.0,1.0,0.0001,0.0,0.0,8.0,10.666666666666666,1.0,0.0001,1.0,0.01,0.01,0.01
236,10.0,1.1,5.0,0.0,0.1,0.0,1.0,0.0001,0.0,0.0,8.0,10.666666666666666,1.0,0.0001,1.0,0.01,0.01,0.01
237,10.0,1.2,5.0,0.0,0.1,0.0,1.0,0.0001,0.0,0.0,8.0,10.666666666666666,1.0,0.0001,1.0,0.01,0.01,0.01
238,10.0,1.3,5.0,0.0,0.1,0.0,1.0,0.0001,0.0,0.0,8.0,10.666666666666666,1.0,0.0001,1.0,0.01,0.01,0.01
239,10.0,1.4,5.0,0.0,0.1,0.0,1.0,0.0001,0.0,0.0,8.0,10.666666666666666,1.0,0.0001,1.0,0.01,0.01,0.01
240,10.0,1.5,5.0,0.0,0.1,0.0,1.0,0.0001,0.0,0.0,8.0,10.666666666666666,1.0,0.0001,1.0,0.01,0.01,0.01
241,10.0,0.4,5.0,0.0,0.1,0.0,1.0,0.0001,0.0,0.0,10.0,13.333333333333334,1.0,0.0001,1.0,0.01,0.01,0.01
242,10.0,0.5,5.0,0.0,0.1,0.0,1.0,0.0001,0.0,0.0,10.0,13.333333333333334,1.0,0.0001,1.0,0.01,0.01,0.01
243,10.0,0.6,5.0,0.0,0.1,0.0,1.0,0.0001,0.0,0.0,10.0,13.333333333333334,1.0,0.0001,1.0,0.01,0.01,0.01
244,10.0,0.7,5.0,0.0,0.1,0.0,1.0,0.0001,0.0,0.0,10.0,13.333333333333334,1.0,0.0001,1.0,0.01,0.01,0.01
245,10.0,0.8,5.0,0.0,0.1,0.0,1.0,0.0001,0.0,0.0,10.0,13.333333333333334,1.0,0.0001,1.0,0.01,0.01,0.01
246,10.0,0.9,5.0,0.0,0.1,0.0,1.0,0.0001,0.0,0.0,10.0,13.333333333333334,1.0,0.0001,1.0,0.01,0.01,0.01
247,10.0,1.0,5.0,0.0,0.1,0.0,1.0,0.0001,0.0,0.0,10.0,13.333333333333334,1.0,0.0001,1.0,0.01,0.01,0.01
248,10.0,1.1,5.0,0.0,0.1,0.0,1.0,0.0001,0.0,0.0,10.0,13.333333333333334,1.0,0.0001,1.0,0.01,0.01,0.01
249,10.0,1.2,5.0,0.0,0.1,0.0,1.0,0.0001,0.0,0.0,10.0,13.333333333333334,1.0,0.0001,1.0,0.01,0.01,0.01
250,10.0,1.3,5.0,0.0,0.1,0.0,1.0,0.0001,0.0,0.0,10.0,13.333333333333334,1.0,0.0001,1.0,0.01,0.01,0.01
251,10.0,1.4,5.0,0.0,0.1,0.0,1.0,0.0001,0.0,0.0,10.0,13.333333333333334,1.0,0.0001,1.0,0.01,0.01,0.01
252,10.0,1.5,5.0,0.0,0.1,0.0,1.0,0.0001,0.0,0.0,10.0,13.333333333333334,1.0,0.0001,1.0,0.01,0.01,0.01
253,10.0,0.4,5.0,0.0,0.1,0.0,1.0,0.0001,0.0,0.0,12.0,16.0,1.0,0.0001,1.0,0.01,0.01,0.01
254,10.0,0.5,5.0,0.0,0.1,0.0,1.0,0.0001,0.0,0.0,12.0,16.0,1.0,0.0001,1.0,0.01,0.01,0.01
255,10.0,0.6,5.0,0.0,0.1,0.0,1.0,0.0001,0.0,0.0,12.0,16.0,1.0,0.0001,1.0,0.01,0.01,0.01
256,10.0,0.7,5.0,0.0,0.1,0.0,1.0,0.0001,0.0,0.0,12.0,16.0,1.0,0.0001,1.0,0.01,0.01,0.01
257,10.0,0.8,5.0,0.0,0.1,0.0,1.0,0.0001,0.0,0.0,12.0,16.0,1.0,0.0001,1.0,0.01,0.01,0.01
258,10.0,0.9,5.0,0.0,0.1,0.0,1.0,0.0001,0.0,0.0,12.0,16.0,1.0,0.0001,1.0,0.01,0.01,0.01
259,10.0,1.0,5.0,0.0,0.1,0.0,1.0,0.0001,0.0,0.0,12.0,16.0,1.0,0.0001,1.0,0.01,0.01,0.01
260,10.0,1.1,5.0,0.0,0.1,0.0,1.0,0.0001,0.0,0.0,12.0,16.0,1.0,0.0001,1.0,0.01,0.01,0.01
261,10.0,1.2,5.0,0.0,0.1,0.0,1.0,0.0001,0.0,0.0,12.0,16.0,1.0,0.0001,1.0,0.01,0.01,0.01
262,10.0,1.3,5.0,0.0,0.1,0.0,1.0,0.0001,0.0,0.0,12.0,16.0,1.0,0.0001,1.0,0.01,0.01,0.01
263,10.0,1.4,5.0,0.0,0.1,0.0,1.0,0.0001,0.0,0.0,12.0,16.0,1.0,0.0001,1.0,0.01,0.01,0.01
264,10.0,1.5,5.0,0.0,0.1,0.0,1.0,0.0001,0.0,0.0,12.0,16.0,1.0,0.0001,1.0,0.01,0.01,0.01
265,10.0,0.4,5.0,0.0,0.1,0.0,1.0,0.0001,0.0,0.0,14.0,18.666666666666668,1.0,0.0001,1.0,0.01,0.01,0.01
266,10.0,0.5,5.0,0.0,0.1,0.0,1.0,0.0001,0.0,0.0,14.0,18.666666666666668,1.0,0.0001,1.0,0.01,0.01,0.01
267,10.0,0.6,5.0,0.0,0.1,0.0,1.0,0.0001,0.0,0.0,14.0,18.666666666666668,1.0,0.0001,1.0,0.01,0.01,0.01
268,10.0,0.7,5.0,0.0,0.1,0.0,1.0,0.0001,0.0,0.0,14.0,18.666666666666668,1.0,0.0001,1.0,0.01,0.01,0.01
269,10.0,0.8,5.0,0.0,0.1,0.0,1.0,0.0001,0.0,0.0,14.0,18.666666666666668,1.0,0.0001,1.0,0.01,0.01,0.01
270,10.0,0.9,5.0,0.0,0.1,0.0,1.0,0.0001,0.0,0.0,14.0,18.666666666666668,1.0,0.0001,1.0,0.01,0.01,0.01
271,10.0,1.0,5.0,0.0,0.1,0.0,1.0,0.0001,0.0,0.0,14.0,18.666666666666668,1.0,0.0001,1.0,0.01,0.01,0.01
272,10.0,1.1,5.0,0.0,0.1,0.0,1.0,0.0001,0.0,0.0,14.0,18.666666666666668,1.0,0.0001,1.0,0.01,0.01,0.01
273,10.0,1.2,5.0,0.0,0.1,0.0,1.0,0.0001,0.0,0.0,14.0,18.666666666666668,1.0,0.0001,1.0,0.01,0.01,0.01
274,10.0,1.3,5.0,0.0,0.1,0.0,1.0,0.0001,0.0,0.0,14.0,18.666666666666668,1.0,0.0001,1.0,0.01,0.01,0.01
275,10.0,1.4,5.0,0.0,0.1,0.0,1.0,0.0001,0.0,0.0,14.0,18.666666666666668,1.0,0.0001,1.0,0.01,0.01,0.01
276,10.0,1.5,5.0,0.0,0.1,0.0,1.0,0.0001,0.0,0.0,14.0,18.666666666666668,1.0,0.0001,1.0,0.01,0.01,0.01
277,10.0,0.4,5.0,0.0,0.1,0.0,1.0,0.0001,0.0,0.0,16.0,21.333333333333332,1.0,0.0001,1.0,0.01,0.01,0.01
278,10.0,0.5,5.0,0.0,0.1,0.0,1.0,0.0001,0.0,0.0,16.0,21.333333333333332,1.0,0.0001,1.0,0.01,0.01,0.01
279,10.0,0.6,5.0,0.0,0.1,0.0,1.0,0.0001,0.0,0.0,16.0,21.333333333333332,1.0,0.0001,1.0,0.01,0.01,0.01
280,10.0,0.7,5.0,0.0,0.1,0.0,1.0,0.0001,0.0,0.0,16.0,21.333333333333332,1.0,0.0001,1.0,0.01,0.01,0.01
281,10.0,0.8,5.0,0.0,0.1,0.0,1.0,0.0001,0.0,0.0,16.0,21.333333333333332,1.0,0.0001,1.0,0.01,0.01,0.01
282,10.0,0.9,5.0,0.0,0.1,0.0,1.0,0.0001,0.0,0.0,16.0,21.333333333333332,1.0,0.0001,1.0,0.01,0.01,0.01
283,10.0,1.0,5.0,0.0,0.1,0.0,1.0,0.0001,0.0,0.0,16.0,21.333333333333332,1.0,0.0001,1.0,0.01,0.01,0.01
284,10.0,1.1,5.0,0.0,0.1,0.0,1.0,0.0001,0.0,0.0,16.0,21.333333333333332,1.0,0.0001,1.0,0.01,0.01,0.01
285,10.0,1.2,5.0,0.0,0.1,0.0,1.0,0.0001,0.0,0.0,16.0,21.333333333333332,1.0,0.0001,1.0,0.01,0.01,0.01
286,10.0,1.3,5.0,0.0,0.1,0.0,1.0,0.0001,0.0,0.0,16.0,21.333333333333332,1.0,0.0001,1.0,0.01,0.01,0.01
287,10.0,1.4,5.0,0.0,0.1,0.0,1.0,0.0001,0.0,0.0,16.0,21.333333333333332,1.0,0.0001,1.0,0.01,0.01,0.01
288,10.0,1.5,5.0,0.0,0.1,0.0,1.0,0.0001,0.0,0.0,16.0,21.333333333333332,1.0,0.0001,1.0,0.01,0.01,0.01
289,10.0,0.4,5.0,0.0,0.1,0.0,1.0,0.0001,0.0,0.0,18.0,24.0,1.0,0.0001,1.0,0.01,0.01,0.01
290,10.0,0.5,5.0,0.0,0.1,0.0,1.0,0.0001,0.0,0.0,18.0,24.0,1.0,0.0001,1.0,0.01,0.01,0.01
291,10.0,0.6,5.0,0.0,0.1,0.0,1.0,0.0001,0.0,0.0,18.0,24.0,1.0,0.0001,1.0,0.01,0.01,0.01
292,10.0,0.7,5.0,0.0,0.1,0.0,1.0,0.0001,0.0,0.0,18.0,24.0,1.0,0.0001,1.0,0.01,0.01,0.01
293,10.0,0.8,5.0,0.0,0.1,0.0,1.0,0.0001,0.0,0.0,18.0,24.0,1.0,0.0001,1.0,0.01,0.01,0.01
294,10.0,0.9,5.0,0.0,0.1,0.0,1.0,0.0001,0.0,0.0,18.0,24.0,1.0,0.0001,1.0,0.01,0.01,0.01
295,10.0,1.0,5.0,0.0,0.1,0.0,1.0,0.0001,0.0,0.0,18.0,24.0,1.0,0.0001,1.0,0.01,0.01,0.01
296,10.0,1.1,5.0,0.0,0.1,0.0,1.0,0.0001,0.0,0.0,18.0,24.0,1.0,0.0001,1.0,0.01,0.01,0.01
297,10.0,1.2,5.0,0.0,0.1,0.0,1.0,0.0001,0.0,0.0,18.0,24.0,1.0,0.0001,1.0,0.01,0.01,0.01
298,10.0,1.3,5.0,0.0,0.1,0.0,1.0,0.0001,0.0,0.0,18.0,24.0,1.0,0.0001,1.0,0.01,0.01,0.01
299,10.0,1.4,5.0,0.0,0.1,0.0,1.0,0.0001,0.0,0.0,18.0,24.0,1.0,0.0001,1.0,0.01,0.01,0.01
300,10.0,1.5,5.0,0.0,0.1,0.0,1.0,0.0001,0.0,0.0,18.0,24.0,1.0,0.0001,1.0,0.01,0.01,0.01
301,10.0,0.4,5.0,0.0,0.1,0.0,1.0,0.0001,0.0,0.0,20.0,26.666666666666668,1.0,0.0001,1.0,0.01,0.01,0.01
302,10.0,0.5,5.0,0.0,0.1,0.0,1.0,0.0001,0.0,0.0,20.0,26.666666666666668,1.0,0.0001,1.0,0.01,0.01,0.01
303,10.0,0.6,5.0,0.0,0.1,0.0,1.0,0.0001,0.0,0.0,20.0,26.666666666666668,1.0,0.0001,1.0,0.01,0.01,0.01
304,10.0,0.7,5.0,0.0,0.1,0.0,1.0,0.0001,0.0,0.0,20.0,26.666666666666668,1.0,0.0001,1.0,0.01,0.01,0.01
305,10.0,0.8,5.0,0.0,0.1,0.0,1.0,0.0001,0.0,0.0,20.0,26.666666666666668,1.0,0.0001,1.0,0.01,0.01,0.01
306,10.0,0.9,5.0,0.0,0.1,0.0,1.0,0.0001,0.0,0.0,20.0,26.666666666666668,1.0,0.0001,1.0,0.01,0.01,0.01
307,10.0,1.0,5.0,0.0,0.1,0.0,1.0,0.0001,0.0,0.0,20.0,26.666666666666668,1.0,0.0001,1.0,0.01,0.01,0.01
308,10.0,1.1,5.0,0.0,0.1,0.0,1.0,0.0001,0.0,0.0,20.0,26.666666666666668,1.0,0.0001,1.0,0.01,0.01,0.01
309,10.0,1.2,5.0,0.0,0.1,0.0,1.0,0.0001,0.0,0.0,20.0,26.666666666666668,1.0,0.0001,1.0,0.01,0.01,0.01
310,10.0,1.3,5.0,0.0,0.1,0.0,1.0,0.0001,0.0,0.0,20.0,26.666666666666668,1.0,0.0001,1.0,0.01,0.01,0.01
311,10.0,1.4,5.0,0.0,0.1,0.0,1.0,0.0001,0.0,0.0,20.0,26.666666666666668,1.0,0.0001,1.0,0.01,0.01,0.01
312,10.0,1.5,5.0,0.0,0.1,0.0,1.0,0.0001,0.0,0.0,20.0,26.666666666666668,1.0,0.0001,1.0,0.01,0.01,0.01
313,10.0,0.4,5.0,0.0,0.1,0.0,1.0,0.0001,0.0,0.0,22.0,29.333333333333332,1.0,0.0001,1.0,0.01,0.01,0.01
314,10.0,0.5,5.0,0.0,0.1,0.0,1.0,0.0001,0.0,0.0,22.0,29.333333333333332,1.0,0.0001,1.0,0.01,0.01,0.01
315,10.0,0.6,5.0,0.0,0.1,0.0,1.0,0.0001,0.0,0.0,22.0,29.333333333333332,1.0,0.0001,1.0,0.01,0.01,0.01
316,10.0,0.7,5.0,0.0,0.1,0.0,1.0,0.0001,0.0,0.0,22.0,29.333333333333332,1.0,0.0001,1.0,0.01,0.01,0.01
317,10.0,0.8,5.0,0.0,0.1,0.0,1.0,0.0001,0.0,0.0,22.0,29.333333333333332,1.0,0.0001,1.0,0.01,0.01,0.01
318,10.0,0.9,5.0,0.0,0.1,0.0,1.0,0.0001,0.0,0.0,22.0,29.333333333333332,1.0,0.0001,1.0,0.01,0.01,0.01
319,10.0,1.0,5.0,0.0,0.1,0.0,1.0,0.0001,0.0,0.0,22.0,29.333333333333332,1.0,0.0001,1.0,0.01,0.01,0.01
320,10.0,1.1,5.0,0.0,0.1,0.0,1.0,0.0001,0.0,0.0,22.0,29.333333333333332,1.0,0.0001,1.0,0.01,0.01,0.01
321,10.0,1.2,5.0,0.0,0.1,0.0,1.0,0.0001,0.0,0.0,22.0,29.333333333333332,1.0,0.0001,1.0,0.01,0.01,0.01
322,10.0,1.3,5.0,0.0,0.1,0.0,1.0,0.0001,0.0,0.0,22.0,29.333333333333332,1.0,0.0001,1.0,0.01,0.01,0.01
323,10.0,1.4,5.0,0.0,0.1,0.0,1.0,0.0001,0.0,0.0,22.0,29.333333333333332,1.0,0.0001,1.0,0.01,0.01,0.01
324,10.0,1.5,5.0,0.0,0.1,0.0,1.0,0.0001,0.0,0.0,22.0,29.333333333333332,1.0,0.0001,1.0,0.01,0.01,0.01
325,10.0,0.4,5.0,0.0,0.1,0.0,1.0,0.0001,0.0,0.0,24.0,32.0,1.0,0.0001,1.0,0.01,0.01,0.01
326,10.0,0.5,5.0,0.0,0.1,0.0,1.0,0.0001,0.0,0.0,24.0,32.0,1.0,0.0001,1.0,0.01,0.01,0.01
327,10.0,0.6,5.0,0.0,0.1,0.0,1.0,0.0001,0.0,0.0,24.0,32.0,1.0,0.0001,1.0,0.01,0.01,0.01
328,10.0,0.7,5.0,0.0,0.1,0.0,1.0,0.0001,0.0,0.0,24.0,32.0,1.0,0.0001,1.0,0.01,0.01,0.01
329,10.0,0.8,5.0,0.0,0.1,0.0,1.0,0.0001,0.0,0.0,24.0,32.0,1.0,0.0001,1.0,0.01,0.01,0.01
330,10.0,0.9,5.0,0.0,0.1,0.0,1.0,0.0001,0.0,0.0,24.0,32.0,1.0,0.0001,1.0,0.01,0.01,0.01
331,10.0,1.0,5.0,0.0,0.1,0.0,1.0,0.0001,0.0,0.0,24.0,32.0,1.0,0.0001,1.0,0.01,0.01,0.01
332,10.0,1.1,5.0,0.0,0.1,0.0,1.0,0.0001,0.0,0.0,24.0,32.0,1.0,0.0001,1.0,0.01,0.01,0.01
333,10.0,1.2,5.0,0.0,0.1,0.0,1.0,0.0001,0.0,0.0,24.0,32.0,1.0,0.0001,1.0,0.01,0.01,0.01
334,10.0,1.3,5.0,0.0,0.1,0.0,1.0,0.0001,0.0,0.0,24.0,32.0,1.0,0.0001,1.0,0.01,0.01,0.01
335,10.0,1.4,5.0,0.0,0.1,0.0,1.0,0.0001,0.0,0.0,24.0,32.0,1.0,0.0001,1.0,0.01,0.01,0.01
336,10.0,1.5,5.0,0.0,0.1,0.0,1.0,0.0001,0.0,0.0,24.0,32.0,1.0,0.0001,1.0,0.01,0.01,0.01
337,10.0,0.4,2.0,0.0,0.1,0.0,1.0,0.0001,0.0,0.0,0.0,1.3333333333333333,1.0,0.0001,1.0,0.01,0.01,0.01
338,10.0,0.5,2.0,0.0,0.1,0.0,1.0,0.0001,0.0,0.0,0.0,1.3333333333333333,1.0,0.0001,1.0,0.01,0.01,0.01
339,10.0,0.6,2.0,0.0,0.1,0.0,1.0,0.0001,0.0,0.0,0.0,1.3333333333333333,1.0,0.0001,1.0,0.01,0.01,0.01
340,10.0,0.7,2.0,0.0,0.1,0.0,1.0,0.0001,0.0,0.0,0.0,1.3333333333333333,1.0,0.0001,1.0,0.01,0.01,0.01
341,10.0,0.8,2.0,0.0,0.1,0.0,1.0,0.0001,0.0,0.0,0.0,1.3333333333333333,1.0,0.0001,1.0,0.01,0.01,0.01
342,10.0,0.9,2.0,0.0,0.1,0.0,1.0,0.0001,0.0,0.0,0.0,1.3333333333333333,1.0,0.0001,1.0,0.01,0.01,0.01
343,10.0,1.0,2.0,0.0,0.1,0.0,1.0,0.0001,0.0,0.0,0.0,1.3333333333333333,1.0,0.0001,1.0,0.01,0.01,0.01
344,10.0,1.1,2.0,0.0,0.1,0.0,1.0,0.0001,0.0,0.0,0.0,1.3333333333333333,1.0,0.0001,1.0,0.01,0.01,0.01
345,10.0,1.2,2.0,0.0,0.1,0.0,1.0,0.0001,0.0,0.0,0.0,1.3333333333333333,1.0,0.0001,1.0,0.01,0.01,0.01
346,10.0,1.3,2.0,0.0,0.1,0.0,1.0,0.0001,0.0,0.0,0.0,1.3333333333333333,1.0,0.0001,1.0,0.01,0.01,0.01
347,10.0,1.4,2.0,0.0,0.1,0.0,1.0,0.0001,0.0,0.0,0.0,1.3333333333333333,1.0,0.0001,1.0,0.01,0.01,0.01
348,10.0,1.5,2.0,0.0,0.1,0.0,1.0,0.0001,0.0,0.0,0.0,1.3333333333333333,1.0,0.0001,1.0,0.01,0.01,0.01
349,10.0,0.4,2.0,0.0,0.1,0.0,1.0,0.0001,0.0,0.0,1.0,1.3333333333333333,1.0,0.0001,1.0,0.01,0.01,0.01
350,10.0,0.5,2.0,0.0,0.1,0.0,1.0,0.0001,0.0,0.0,1.0,1.3333333333333333,1.0,0.0001,1.0,0.01,0.01,0.01
351,10.0,0.6,2.0,0.0,0.1,0.0,1.0,0.0001,0.0,0.0,1.0,1.3333333333333333,1.0,0.0001,1.0,0.01,0.01,0.01
352,10.0,0.7,2.0,0.0,0.1,0.0,1.0,0.0001,0.0,0.0,1.0,1.3333333333333333,1.0,0.0001,1.0,0.01,0.01,0.01
353,10.0,0.8,2.0,0.0,0.1,0.0,1.0,0.0001,0.0,0.0,1.0,1.3333333333333333,1.0,0.0001,1.0,0.01,0.01,0.01
354,10.0,0.9,2.0,0.0,0.1,0.0,1.0,0.0001,0.0,0.0,1.0,1.3333333333333333,1.0,0.0001,1.0,0.01,0.01,0.01
355,10.0,1.0,2.0,0.0,0.1,0.0,1.0,0.0001,0.0,0.0,1.0,1.3333333333333333,1.0,0.0001,1.0,0.01,0.01,0.01
356,10.0,1.1,2.0,0.0,0.1,0.0,1.0,0.0001,0.0,0.0,1.0,1.3333333333333333,1.0,0.0001,1.0,0.01,0.01,0.01
357,10.0,1.2,2.0,0.0,0.1,0.0,1.0,0.0001,0.0,0.0,1.0,1.3333333333333333,1.0,0.0001,1.0,0.01,0.01,0.01
358,10.0,1.3,2.0,0.0,0.1,0.0,1.0,0.0001,0.0,0.0,1.0,1.3333333333333333,1.0,0.0001,1.0,0.01,0.01,0.01
359,10.0,1.4,2.0,0.0,0.1,0.0,1.0,0.0001,0.0,0.0,1.0,1.3333333333333333,1.0,0.0001,1.0,0.01,0.01,0.01
360,10.0,1.5,2.0,0.0,0.1,0.0,1.0,0.0001,0.0,0.0,1.0,1.3333333333333333,1.0,0.0001,1.0,0.01,0.01,0.01
361,10.0,0.4,2.0,0.0,0.1,0.0,1.0,0.0001,0.0,0.0,2.0,2.6666666666666665,1.0,0.0001,1.0,0.01,0.01,0.01
362,10.0,0.5,2.0,0.0,0.1,0.0,1.0,0.0001,0.0,0.0,2.0,2.6666666666666665,1.0,0.0001,1.0,0.01,0.01,0.01
363,10.0,0.6,2.0,0.0,0.1,0.0,1.0,0.0001,0.0,0.0,2.0,2.6666666666666665,1.0,0.0001,1.0,0.01,0.01,0.01
364,10.0,0.7,2.0,0.0,0.1,0.0,1.0,0.0001,0.0,0.0,2.0,2.6666666666666665,1.0,0.0001,1.0,0.01,0.01,0.01
365,10.0,0.8,2.0,0.0,0.1,0.0,1.0,0.0001,0.0,0.0,2.0,2.6666666666666665,1.0,0.0001,1.0,0.01,0.01,0.01
366,10.0,0.9,2.0,0.0,0.1,0.0,1.0,0.0001,0.0,0.0,2.0,2.6666666666666665,1.0,0.0001,1.0,0.01,0.01,0.01
367,10.0,1.0,2.0,0.0,0.1,0.0,1.0,0.0001,0.0,0.0,2.0,2.6666666666666665,1.0,0.0001,1.0,0.01,0.01,0.01
368,10.0,1.1,2.0,0.0,0.1,0.0,1.0,0.0001,0.0,0.0,2.0,2.6666666666666665,1.0,0.0001,1.0,0.01,0.01,0.01
369,10.0,1.2,2.0,0.0,0.1,0.0,1.0,0.0001,0.0,0.0,2.0,2.6666666666666665,1.0,0.0001,1.0,0.01,0.01,0.01
370,10.0,1.3,2.0,0.0,0.1,0.0,1.0,0.0001,0.0,0.0,2.0,2.6666666666666665,1.0,0.0001,1.0,0.01,0.01,0.01
371,10.0,1.4,2.0,0.0,0.1,0.0,1.0,0.0001,0.0,0.0,2.0,2.6666666666666665,1.0,0.0001,1.0,0.01,0.01,0.01
372,10.0,1.5,2.0,0.0,0.1,0.0,1.0,0.0001,0.0,0.0,2.0,2.6666666666666665,1.0,0.0001,1.0,0.01,0.01,0.01
373,10.0,0.4,2.0,0.0,0.1,0.0,1.0,0.0001,0.0,0.0,4.0,5.333333333333333,1.0,0.0001,1.0,0.01,0.01,0.01
374,10.0,0.5,2.0,0.0,0.1,0.0,1.0,0.0001,0.0,0.0,4.0,5.333333333333333,1.0,0.0001,1.0,0.01,0.01,0.01
375,10.0,0.6,2.0,0.0,0.1,0.0,1.0,0.0001,0.0,0.0,4.0,5.333333333333333,1.0,0.0001,1.0,0.01,0.01,0.01
376,10.0,0.7,2.0,0.0,0.1,0.0,1.0,0.0001,0.0,0.0,4.0,5.333333333333333,1.0,0.0001,1.0,0.01,0.01,0.01
377,10.0,0.8,2.0,0.0,0.1,0.0,1.0,0.0001,0.0,0.0,4.0,5.333333333333333,1.0,0.0001,1.0,0.01,0.01,0.01
378,10.0,0.9,2.0,0.0,0.1,0.0,1.0,0.0001,0.0,0.0,4.0,5.333333333333333,1.0,0.0001,1.0,0.01,0.01,0.01
379,10.0,1.0,2.0,0.0,0.1,0.0,1.0,0.0001,0.0,0.0,4.0,5.333333333333333,1.0,0.0001,1.0,0.01,0.01,0.01
380,10.0,1.1,2.0,0.0,0.1,0.0,1.0,0.0001,0.0,0.0,4.0,5.333333333333333,1.0,0.0001,1.0,0.01,0.01,0.01
381,10.0,1.2,2.0,0.0,0.1,0.0,1.0,0.0001,0.0,0.0,4.0,5.333333333333333,1.0,0.0001,1.0,0.01,0.01,0.01
382,10.0,1.3,2.0,0.0,0.1,0.0,1.0,0.0001,0.0,0.0,4.0,5.333333333333333,1.0,0.0001,1.0,0.01,0.01,0.01
383,10.0,1.4,2.0,0.0,0.1,0.0,1.0,0.0001,0.0,0.0,4.0,5.333333333333333,1.0,0.0001,1.0,0.01,0.01,0.01
384,10.0,1.5,2.0,0.0,0.1,0.0,1.0,0.0001,0.0,0.0,4.0,5.333333333333333,1.0,0.0001,1.0,0.01,0.01,0.01
385,10.0,0.4,2.0,0.0,0.1,0.0,1.0,0.0001,0.0,0.0,6.0,8.0,1.0,0.0001,1.0,0.01,0.01,0.01
386,10.0,0.5,2.0,0.0,0.1,0.0,1.0,0.0001,0.0,0.0,6.0,8.0,1.0,0.0001,1.0,0.01,0.01,0.01
387,10.0,0.6,2.0,0.0,0.1,0.0,1.0,0.0001,0.0,0.0,6.0,8.0,1.0,0.0001,1.0,0.01,0.01,0.01
388,10.0,0.7,2.0,0.0,0.1,0.0,1.0,0.0001,0.0,0.0,6.0,8.0,1.0,0.0001,1.0,0.01,0.01,0.01
389,10.0,0.8,2.0,0.0,0.1,0.0,1.0,0.0001,0.0,0.0,6.0,8.0,1.0,0.0001,1.0,0.01,0.01,0.01
390,10.0,0.9,2.0,0.0,0.1,0.0,1.0,0.0001,0.0,0.0,6.0,8.0,1.0,0.0001,1.0,0.01,0.01,0.01
391,10.0,1.0,2.0,0.0,0.1,0.0,1.0,0.0001,0.0,0.0,6.0,8.0,1.0,0.0001,1.0,0.01,0.01,0.01
392,10.0,1.1,2.0,0.0,0.1,0.0,1.0,0.0001,0.0,0.0,6.0,8.0,1.0,0.0001,1.0,0.01,0.01,0.01
393,10.0,1.2,2.0,0.0,0.1,0.0,1.0,0.0001,0.0,0.0,6.0,8.0,1.0,0.0001,1.0,0.01,0.01,0.01
394,10.0,1.3,2.0,0.0,0.1,0.0,1.0,0.0001,0.0,0.0,6.0,8.0,1.0,0.0001,1.0,0.01,0.01,0.01
395,10.0,1.4,2.0,0.0,0.1,0.0,1.0,0.0001,0.0,0.0,6.0,8.0,1.0,0.0001,1.0,0.01,0.01,0.01
396,10.0,1.5,2.0,0.0,0.1,0.0,1.0,0.0001,0.0,0.0,6.0,8.0,1.0,0.0001,1.0,0.01,0.01,0.01
397,10.0,0.4,2.0,0.0,0.1,0.0,1.0,0.0001,0.0,0.0,8.0,10.666666666666666,1.0,0.0001,1.0,0.01,0.01,0.01
398,10.0,0.5,2.0,0.0,0.1,0.0,1.0,0.0001,0.0,0.0,8.0,10.666666666666666,1.0,0.0001,1.0,0.01,0.01,0.01
399,10.0,0.6,2.0,0.0,0.1,0.0,1.0,0.0001,0.0,0.0,8.0,10.666666666666666,1.0,0.0001,1.0,0.01,0.01,0.01
400,10.0,0.7,2.0,0.0,0.1,0.0,1.0,0.0001,0.0,0.0,8.0,10.666666666666666,1.0,0.0001,1.0,0.01,0.01,0.01
401,10.0,0.8,2.0,0.0,0.1,0.0,1.0,0.0001,0.0,0.0,8.0,10.666666666666666,1.0,0.0001,1.0,0.01,0.01,0.01
402,10.0,0.9,2.0,0.0,0.1,0.0,1.0,0.0001,0.0,0.0,8.0,10.666666666666666,1.0,0.0001,1.0,0.01,0.01,0.01
403,10.0,1.0,2.0,0.0,0.1,0.0,1.0,0.0001,0.0,0.0,8.0,10.666666666666666,1.0,0.0001,1.0,0.01,0.01,0.01
404,10.0,1.1,2.0,0.0,0.1,0.0,1.0,0.0001,0.0,0.0,8.0,10.666666666666666,1.0,0.0001,1.0,0.01,0.01,0.01
405,10.0,1.2,2.0,0.0,0.1,0.0,1.0,0.0001,0.0,0.0,8.0,10.666666666666666,1.0,0.0001,1.0,0.01,0.01,0.01
406,10.0,1.3,2.0,0.0,0.1,0.0,1.0,0.0001,0.0,0.0,8.0,10.666666666666666,1.0,0.0001,1.0,0.01,0.01,0.01
407,10.0,1.4,2.0,0.0,0.1,0.0,1.0,0.0001,0.0,0.0,8.0,10.666666666666666,1.0,0.0001,1.0,0.01,0.01,0.01
408,10.0,1.5,2.0,0.0,0.1,0.0,1.0,0.0001,0.0,0.0,8.0,10.666666666666666,1.0,0.0001,1.0,0.01,0.01,0.01
409,10.0,0.4,2.0,0.0,0.1,0.0,1.0,0.0001,0.0,0.0,10.0,13.333333333333334,1.0,0.0001,1.0,0.01,0.01,0.01
410,10.0,0.5,2.0,0.0,0.1,0.0,1.0,0.0001,0.0,0.0,10.0,13.333333333333334,1.0,0.0001,1.0,0.01,0.01,0.01
411,10.0,0.6,2.0,0.0,0.1,0.0,1.0,0.0001,0.0,0.0,10.0,13.333333333333334,1.0,0.0001,1.0,0.01,0.01,0.01
412,10.0,0.7,2.0,0.0,0.1,0.0,1.0,0.0001,0.0,0.0,10.0,13.333333333333334,1.0,0.0001,1.0,0.01,0.01,0.01
413,10.0,0.8,2.0,0.0,0.1,0.0,1.0,0.0001,0.0,0.0,10.0,13.333333333333334,1.0,0.0001,1.0,0.01,0.01,0.01
414,10.0,0.9,2.0,0.0,0.1,0.0,1.0,0.0001,0.0,0.0,10.0,13.333333333333334,1.0,0.0001,1.0,0.01,0.01,0.01
415,10.0,1.0,2.0,0.0,0.1,0.0,1.0,0.0001,0.0,0.0,10.0,13.333333333333334,1.0,0.0001,1.0,0.01,0.01,0.01
416,10.0,1.1,2.0,0.0,0.1,0.0,1.0,0.0001,0.0,0.0,10.0,13.333333333333334,1.0,0.0001,1.0,0.01,0.01,0.01
417,10.0,1.2,2.0,0.0,0.1,0.0,1.0,0.0001,0.0,0.0,10.0,13.333333333333334,1.0,0.0001,1.0,0.01,0.01,0.01
418,10.0,1.3,2.0,0.0,0.1,0.0,1.0,0.0001,0.0,0.0,10.0,13.333333333333334,1.0,0.0001,1.0,0.01,0.01,0.01
419,10.0,1.4,2.0,0.0,0.1,0.0,1.0,0.0001,0.0,0.0,10.0,13.333333333333334,1.0,0.0001,1.0,0.01,0.01,0.01
420,10.0,1.5,2.0,0.0,0.1,0.0,1.0,0.0001,0.0,0.0,10.0,13.333333333333334,1.0,0.0001,1.0,0.01,0.01,0.01
421,10.0,0.4,2.0,0.0,0.1,0.0,1.0,0.0001,0.0,0.0,12.0,16.0,1.0,0.0001,1.0,0.01,0.01,0.01
422,10.0,0.5,2.0,0.0,0.1,0.0,1.0,0.0001,0.0,0.0,12.0,16.0,1.0,0.0001,1.0,0.01,0.01,0.01
423,10.0,0.6,2.0,0.0,0.1,0.0,1.0,0.0001,0.0,0.0,12.0,16.0,1.0,0.0001,1.0,0.01,0.01,0.01
424,10.0,0.7,2.0,0.0,0.1,0.0,1.0,0.0001,0.0,0.0,12.0,16.0,1.0,0.0001,1.0,0.01,0.01,0.01
425,10.0,0.8,2.0,0.0,0.1,0.0,1.0,0.0001,0.0,0.0,12.0,16.0,1.0,0.0001,1.0,0.01,0.01,0.01
426,10.0,0.9,2.0,0.0,0.1,0.0,1.0,0.0001,0.0,0.0,12.0,16.0,1.0,0.0001,1.0,0.01,0.01,0.01
427,10.0,1.0,2.0,0.0,0.1,0.0,1.0,0.0001,0.0,0.0,12.0,16.0,1.0,0.0001,1.0,0.01,0.01,0.01
428,10.0,1.1,2.0,0.0,0.1,0.0,1.0,0.0001,0.0,0.0,12.0,16.0,1.0,0.0001,1.0,0.01,0.01,0.01
429,10.0,1.2,2.0,0.0,0.1,0.0,1.0,0.0001,0.0,0.0,12.0,16.0,1.0,0.0001,1.0,0.01,0.01,0.01
430,10.0,1.3,2.0,0.0,0.1,0.0,1.0,0.0001,0.0,0.0,12.0,16.0,1.0,0.0001,1.0,0.01,0.01,0.01
431,10.0,1.4,2.0,0.0,0.1,0.0,1.0,0.0001,0.0,0.0,12.0,16.0,1.0,0.0001,1.0,0.01,0.01,0.01
432,10.0,1.5,2.0,0.0,0.1,0.0,1.0,0.0001,0.0,0.0,12.0,16.0,1.0,0.0001,1.0,0.01,0.01,0.01
433,10.0,0.4,2.0,0.0,0.1,0.0,1.0,0.0001,0.0,0.0,14.0,18.666666666666668,1.0,0.0001,1.0,0.01,0.01,0.01
434,10.0,0.5,2.0,0.0,0.1,0.0,1.0,0.0001,0.0,0.0,14.0,18.666666666666668,1.0,0.0001,1.0,0.01,0.01,0.01
435,10.0,0.6,2.0,0.0,0.1,0.0,1.0,0.0001,0.0,0.0,14.0,18.666666666666668,1.0,0.0001,1.0,0.01,0.01,0.01
436,10.0,0.7,2.0,0.0,0.1,0.0,1.0,0.0001,0.0,0.0,14.0,18.666666666666668,1.0,0.0001,1.0,0.01,0.01,0.01
437,10.0,0.8,2.0,0.0,0.1,0.0,1.0,0.0001,0.0,0.0,14.0,18.666666666666668,1.0,0.0001,1.0,0.01,0.01,0.01
438,10.0,0.9,2.0,0.0,0.1,0.0,1.0,0.0001,0.0,0.0,14.0,18.666666666666668,1.0,0.0001,1.0,0.01,0.01,0.01
439,10.0,1.0,2.0,0.0,0.1,0.0,1.0,0.0001,0.0,0.0,14.0,18.666666666666668,1.0,0.0001,1.0,0.01,0.01,0.01
440,10.0,1.1,2.0,0.0,0.1,0.0,1.0,0.0001,0.0,0.0,14.0,18.666666666666668,1.0,0.0001,1.0,0.01,0.01,0.01
441,10.0,1.2,2.0,0.0,0.1,0.0,1.0,0.0001,0.0,0.0,14.0,18.666666666666668,1.0,0.0001,1.0,0.01,0.01,0.01
442,10.0,1.3,2.0,0.0,0.1,0.0,1.0,0.0001,0.0,0.0,14.0,18.666666666666668,1.0,0.0001,1.0,0.01,0.01,0.01
443,10.0,1.4,2.0,0.0,0.1,0.0,1.0,0.0001,0.0,0.0,14.0,18.666666666666668,1.0,0.0001,1.0,0.01,0.01,0.01
444,10.0,1.5,2.0,0.0,0.1,0.0,1.0,0.0001,0.0,0.0,14.0,18.666666666666668,1.0,0.0001,1.0,0.01,0.01,0.01
445,10.0,0.4,2.0,0.0,0.1,0.0,1.0,0.0001,0.0,0.0,16.0,21.333333333333332,1.0,0.0001,1.0,0.01,0.01,0.01
446,10.0,0.5,2.0,0.0,0.1,0.0,1.0,0.0001,0.0,0.0,16.0,21.333333333333332,1.0,0.0001,1.0,0.01,0.01,0.01
447,10.0,0.6,2.0,0.0,0.1,0.0,1.0,0.0001,0.0,0.0,16.0,21.333333333333332,1.0,0.0001,1.0,0.01,0.01,0.01
448,10.0,0.7,2.0,0.0,0.1,0.0,1.0,0.0001,0.0,0.0,16.0,21.333333333333332,1.0,0.0001,1.0,0.01,0.01,0.01
449,10.0,0.8,2.0,0.0,0.1,0.0,1.0,0.0001,0.0,0.0,16.0,21.333333333333332,1.0,0.0001,1.0,0.01,0.01,0.01
450,10.0,0.9,2.0,0.0,0.1,0.0,1.0,0.0001,0.0,0.0,16.0,21.333333333333332,1.0,0.0001,1.0,0.01,0.01,0.01
451,10.0,1.0,2.0,0.0,0.1,0.0,1.0,0.0001,0.0,0.0,16.0,21.333333333333332,1.0,0.0001,1.0,0.01,0.01,0.01
452,10.0,1.1,2.0,0.0,0.1,0.0,1.0,0.0001,0.0,0.0,16.0,21.333333333333332,1.0,0.0001,1.0,0.01,0.01,0.01
453,10.0,1.2,2.0,0.0,0.1,0.0,1.0,0.0001,0.0,0.0,16.0,21.333333333333332,1.0,0.0001,1.0,0.01,0.01,0.01
454,10.0,1.3,2.0,0.0,0.1,0.0,1.0,0.0001,0.0,0.0,16.0,21.333333333333332,1.0,0.0001,1.0,0.01,0.01,0.01
455,10.0,1.4,2.0,0.0,0.1,0.0,1.0,0.0001,0.0,0.0,16.0,21.333333333333332,1.0,0.0001,1.0,0.01,0.01,0.01
456,10.0,1.5,2.0,0.0,0.1,0.0,1.0,0.0001,0.0,0.0,16.0,21.333333333333332,1.0,0.0001,1.0,0.01,0.01,0.01
457,10.0,0.4,2.0,0.0,0.1,0.0,1.0,0.0001,0.0,0.0,18.0,24.0,1.0,0.0001,1.0,0.01,0.01,0.01
458,10.0,0.5,2.0,0.0,0.1,0.0,1.0,0.0001,0.0,0.0,18.0,24.0,1.0,0.0001,1.0,0.01,0.01,0.01
459,10.0,0.6,2.0,0.0,0.1,0.0,1.0,0.0001,0.0,0.0,18.0,24.0,1.0,0.0001,1.0,0.01,0.01,0.01
460,10.0,0.7,2.0,0.0,0.1,0.0,1.0,0.0001,0.0,0.0,18.0,24.0,1.0,0.0001,1.0,0.01,0.01,0.01
461,10.0,0.8,2.0,0.0,0.1,0.0,1.0,0.0001,0.0,0.0,18.0,24.0,1.0,0.0001,1.0,0.01,0.01,0.01
462,10.0,0.9,2.0,0.0,0.1,0.0,1.0,0.0001,0.0,0.0,18.0,24.0,1.0,0.0001,1.0,0.01,0.01,0.01
463,10.0,1.0,2.0,0.0,0.1,0.0,1.0,0.0001,0.0,0.0,18.0,24.0,1.0,0.0001,1.0,0.01,0.01,0.01
464,10.0,1.1,2.0,0.0,0.1,0.0,1.0,0.0001,0.0,0.0,18.0,24.0,1.0,0.0001,1.0,0.01,0.01,0.01
465,10.0,1.2,2.0,0.0,0.1,0.0,1.0,0.0001,0.0,0.0,18.0,24.0,1.0,0.0001,1.0,0.01,0.01,0.01
466,10.0,1.3,2.0,0.0,0.1,0.0,1.0,0.0001,0.0,0.0,18.0,24.0,1.0,0.0001,1.0,0.01,0.01,0.01
467,10.0,1.4,2.0,0.0,0.1,0.0,1.0,0.0001,0.0,0.0,18.0,24.0,1.0,0.0001,1.0,0.01,0.01,0.01
468,10.0,1.5,2.0,0.0,0.1,0.0,1.0,0.0001,0.0,0.0,18.0,24.0,1.0,0.0001,1.0,0.01,0.01,0.01
469,10.0,0.4,2.0,0.0,0.1,0.0,1.0,0.0001,0.0,0.0,20.0,26.666666666666668,1.0,0.0001,1.0,0.01,0.01,0.01
470,10.0,0.5,2.0,0.0,0.1,0.0,1.0,0.0001,0.0,0.0,20.0,26.666666666666668,1.0,0.0001,1.0,0.01,0.01,0.01
471,10.0,0.6,2.0,0.0,0.1,0.0,1.0,0.0001,0.0,0.0,20.0,26.666666666666668,1.0,0.0001,1.0,0.01,0.01,0.01
472,10.0,0.7,2.0,0.0,0.1,0.0,1.0,0.0001,0.0,0.0,20.0,26.666666666666668,1.0,0.0001,1.0,0.01,0.01,0.01
473,10.0,0.8,2.0,0.0,0.1,0.0,1.0,0.0001,0.0,0.0,20.0,26.666666666666668,1.0,0.0001,1.0,0.01,0.01,0.01
474,10.0,0.9,2.0,0.0,0.1,0.0,1.0,0.0001,0.0,0.0,20.0,26.666666666666668,1.0,0.0001,1.0,0.01,0.01,0.01
475,10.0,1.0,2.0,0.0,0.1,0.0,1.0,0.0001,0.0,0.0,20.0,26.666666666666668,1.0,0.0001,1.0,0.01,0.01,0.01
476,10.0,1.1,2.0,0.0,0.1,0.0,1.0,0.0001,0.0,0.0,20.0,26.666666666666668,1.0,0.0001,1.0,0.01,0.01,0.01
477,10.0,1.2,2.0,0.0,0.1,0.0,1.0,0.0001,0.0,0.0,20.0,26.666666666666668,1.0,0.0001,1.0,0.01,0.01,0.01
478,10.0,1.3,2.0,0.0,0.1,0.0,1.0,0.0001,0.0,0.0,20.0,26.666666666666668,1.0,0.0001,1.0,0.01,0.01,0.01
479,10.0,1.4,2.0,0.0,0.1,0.0,1.0,0.0001,0.0,0.0,20.0,26.666666666666668,1.0,0.0001,1.0,0.01,0.01,0.01
480,10.0,1.5,2.0,0.0,0.1,0.0,1.0,0.0001,0.0,0.0,20.0,26.666666666666668,1.0,0.0001,1.0,0.01,0.01,0.01
481,10.0,0.4,2.0,0.0,0.1,0.0,1.0,0.0001,0.0,0.0,22.0,29.333333333333332,1.0,0.0001,1.0,0.01,0.01,0.01
482,10.0,0.5,2.0,0.0,0.1,0.0,1.0,0.0001,0.0,0.0,22.0,29.333333333333332,1.0,0.0001,1.0,0.01,0.01,0.01
483,10.0,0.6,2.0,0.0,0.1,0.0,1.0,0.0001,0.0,0.0,22.0,29.333333333333332,1.0,0.0001,1.0,0.01,0.01,0.01
484,10.0,0.7,2.0,0.0,0.1,0.0,1.0,0.0001,0.0,0.0,22.0,29.333333333333332,1.0,0.0001,1.0,0.01,0.01,0.01
485,10.0,0.8,2.0,0.0,0.1,0.0,1.0,0.0001,0.0,0.0,22.0,29.333333333333332,1.0,0.0001,1.0,0.01,0.01,0.01
486,10.0,0.9,2.0,0.0,0.1,0.0,1.0,0.0001,0.0,0.0,22.0,29.333333333333332,1.0,0.0001,1.0,0.01,0.01,0.01
487,10.0,1.0,2.0,0.0,0.1,0.0,1.0,0.0001,0.0,0.0,22.0,29.333333333333332,1.0,0.0001,1.0,0.01,0.01,0.01
488,10.0,1.1,2.0,0.0,0.1,0.0,1.0,0.0001,0.0,0.0,22.0,29.333333333333332,1.0,0.0001,1.0,0.01,0.01,0.01
489,10.0,1.2,2.0,0.0,0.1,0.0,1.0,0.0001,0.0,0.0,22.0,29.333333333333332,1.0,0.0001,1.0,0.01,0.01,0.01
490,10.0,1.3,2.0,0.0,0.1,0.0,1.0,0.0001,0.0,0.0,22.0,29.333333333333332,1.0,0.0001,1.0,0.01,0.01,0.01
491,10.0,1.4,2.0,0.0,0.1,0.0,1.0,0.0001,0.0,0.0,22.0,29.333333333333332,1.0,0.0001,1.0,0.01,0.01,0.01
492,10.0,1.5,2.0,0.0,0.1,0.0,1.0,0.0001,0.0,0.0,22.0,29.333333333333332,1.0,0.0001,1.0,0.01,0.01,0.01
493,10.0,0.4,2.0,0.0,0.1,0.0,1.0,0.0001,0.0,0.0,24.0,32.0,1.0,0.0001,1.0,0.01,0.01,0.01
494,10.0,0.5,2.0,0.0,0.1,0.0,1.0,0.0001,0.0,0.0,24.0,32.0,1.0,0.0001,1.0,0.01,0.01,0.01
495,10.0,0.6,2.0,0.0,0.1,0.0,1.0,0.0001,0.0,0.0,24.0,32.0,1.0,0.0001,1.0,0.01,0.01,0.01
496,10.0,0.7,2.0,0.0,0.1,0.0,1.0,0.0001,0.0,0.0,24.0,32.0,1.0,0.0001,1.0,0.01,0.01,0.01
497,10.0,0.8,2.0,0.0,0.1,0.0,1.0,0.0001,0.0,0.0,24.0,32.0,1.0,0.0001,1.0,0.01,0.01,0.01
498,10.0,0.9,2.0,0.0,0.1,0.0,1.0,0.0001,0.0,0.0,24.0,32.0,1.0,0.0001,1.0,0.01,0.01,0.01
499,10.0,1.0,2.0,0.0,0.1,0.0,1.0,0.0001,0.0,0.0,24.0,32.0,1.0,0.0001,1.0,0.01,0.01,0.01
500,10.0,1.1,2.0,0.0,0.1,0.0,1.0,0.0001,0.0,0.0,24.0,32.0,1.0,0.0001,1.0,0.01,0.01,0.01
501,10.0,1.2,2.0,0.0,0.1,0.0,1.0,0.0001,0.0,0.0,24.0,32.0,1.0,0.0001,1.0,0.01,0.01,0.01
502,10.0,1.3,2.0,0.0,0.1,0.0,1.0,0.0001,0.0,0.0,24.0,32.0,1.0,0.0001,1.0,0.01,0.01,0.01
503,10.0,1.4,2.0,0.0,0.1,0.0,1.0,0.0001,0.0,0.0,24.0,32.0,1.0,0.0001,1.0,0.01,0.01,0.01
504,10.0,1.5,2.0,0.0,0.1,0.0,1.0,0.0001,0.0,0.0,24.0,32.0,1.0,0.0001,1.0,0.01,0.01,0.01
505,10.0,0.4,1.0,0.0,0.1,0.0,1.0,0.0001,0.0,0.0,0.0,1.3333333333333333,1.0,0.0001,1.0,0.01,0.01,0.01
506,10.0,0.5,1.0,0.0,0.1,0.0,1.0,0.0001,0.0,0.0,0.0,1.3333333333333333,1.0,0.0001,1.0,0.01,0.01,0.01
507,10.0,0.6,1.0,0.0,0.1,0.0,1.0,0.0001,0.0,0.0,0.0,1.3333333333333333,1.0,0.0001,1.0,0.01,0.01,0.01
508,10.0,0.7,1.0,0.0,0.1,0.0,1.0,0.0001,0.0,0.0,0.0,1.3333333333333333,1.0,0.0001,1.0,0.01,0.01,0.01
509,10.0,0.8,1.0,0.0,0.1,0.0,1.0,0.0001,0.0,0.0,0.0,1.3333333333333333,1.0,0.0001,1.0,0.01,0.01,0.01
510,10.0,0.9,1.0,0.0,0.1,0.0,1.0,0.0001,0.0,0.0,0.0,1.3333333333333333,1.0,0.0001,1.0,0.01,0.01,0.01
511,10.0,1.0,1.0,0.0,0.1,0.0,1.0,0.0001,0.0,0.0,0.0,1.3333333333333333,1.0,0.0001,1.0,0.01,0.01,0.01
512,10.0,1.1,1.0,0.0,0.1,0.0,1.0,0.0001,0.0,0.0,0.0,1.3333333333333333,1.0,0.0001,1.0,0.01,0.01,0.01
513,10.0,1.2,1.0,0.0,0.1,0.0,1.0,0.0001,0.0,0.0,0.0,1.3333333333333333,1.0,0.0001,1.0,0.01,0.01,0.01
514,10.0,1.3,1.0,0.0,0.1,0.0,1.0,0.0001,0.0,0.0,0.0,1.3333333333333333,1.0,0.0001,1.0,0.01,0.01,0.01
515,10.0,1.4,1.0,0.0,0.1,0.0,1.0,0.0001,0.0,0.0,0.0,1.3333333333333333,1.0,0.0001,1.0,0.01,0.01,0.01
516,10.0,1.5,1.0,0.0,0.1,0.0,1.0,0.0001,0.0,0.0,0.0,1.3333333333333333,1.0,0.0001,1.0,0.01,0.01,0.01
517,10.0,0.4,1.0,0.0,0.1,0.0,1.0,0.0001,0.0,0.0,1.0,1.3333333333333333,1.0,0.0001,1.0,0.01,0.01,0.01
518,10.0,0.5,1.0,0.0,0.1,0.0,1.0,0.0001,0.0,0.0,1.0,1.3333333333333333,1.0,0.0001,1.0,0.01,0.01,0.01
519,10.0,0.6,1.0,0.0,0.1,0.0,1.0,0.0001,0.0,0.0,1.0,1.3333333333333333,1.0,0.0001,1.0,0.01,0.01,0.01
520,10.0,0.7,1.0,0.0,0.1,0.0,1.0,0.0001,0.0,0.0,1.0,1.3333333333333333,1.0,0.0001,1.0,0.01,0.01,0.01
521,10.0,0.8,1.0,0.0,0.1,0.0,1.0,0.0001,0.0,0.0,1.0,1.3333333333333333,1.0,0.0001,1.0,0.01,0.01,0.01
522,10.0,0.9,1.0,0.0,0.1,0.0,1.0,0.0001,0.0,0.0,1.0,1.3333333333333333,1.0,0.0001,1.0,0.01,0.01,0.01
523,10.0,1.0,1.0,0.0,0.1,0.0,1.0,0.0001,0.0,0.0,1.0,1.3333333333333333,1.0,0.0001,1.0,0.01,0.01,0.01
524,10.0,1.1,1.0,0.0,0.1,0.0,1.0,0.0001,0.0,0.0,1.0,1.3333333333333333,1.0,0.0001,1.0,0.01,0.01,0.01
525,10.0,1.2,1.0,0.0,0.1,0.0,1.0,0.0001,0.0,0.0,1.0,1.3333333333333333,1.0,0.0001,1.0,0.01,0.01,0.01
526,10.0,1.3,1.0,0.0,0.1,0.0,1.0,0.0001,0.0,0.0,1.0,1.3333333333333333,1.0,0.0001,1.0,0.01,0.01,0.01
527,10.0,1.4,1.0,0.0,0.1,0.0,1.0,0.0001,0.0,0.0,1.0,1.3333333333333333,1.0,0.0001,1.0,0.01,0.01,0.01
528,10.0,1.5,1.0,0.0,0.1,0.0,1.0,0.0001,0.0,0.0,1.0,1.3333333333333333,1.0,0.0001,1.0,0.01,0.01,0.01
529,10.0,0.4,1.0,0.0,0.1,0.0,1.0,0.0001,0.0,0.0,2.0,2.6666666666666665,1.0,0.0001,1.0,0.01,0.01,0.01
530,10.0,0.5,1.0,0.0,0.1,0.0,1.0,0.0001,0.0,0.0,2.0,2.6666666666666665,1.0,0.0001,1.0,0.01,0.01,0.01
531,10.0,0.6,1.0,0.0,0.1,0.0,1.0,0.0001,0.0,0.0,2.0,2.6666666666666665,1.0,0.0001,1.0,0.01,0.01,0.01
532,10.0,0.7,1.0,0.0,0.1,0.0,1.0,0.0001,0.0,0.0,2.0,2.6666666666666665,1.0,0.0001,1.0,0.01,0.01,0.01
533,10.0,0.8,1.0,0.0,0.1,0.0,1.0,0.0001,0.0,0.0,2.0,2.6666666666666665,1.0,0.0001,1.0,0.01,0.01,0.01
534,10.0,0.9,1.0,0.0,0.1,0.0,1.0,0.0001,0.0,0.0,2.0,2.6666666666666665,1.0,0.0001,1.0,0.01,0.01,0.01
535,10.0,1.0,1.0,0.0,0.1,0.0,1.0,0.0001,0.0,0.0,2.0,2.6666666666666665,1.0,0.0001,1.0,0.01,0.01,0.01
536,10.0,1.1,1.0,0.0,0.1,0.0,1.0,0.0001,0.0,0.0,2.0,2.6666666666666665,1.0,0.0001,1.0,0.01,0.01,0.01
537,10.0,1.2,1.0,0.0,0.1,0.0,1.0,0.0001,0.0,0.0,2.0,2.6666666666666665,1.0,0.0001,1.0,0.01,0.01,0.01
538,10.0,1.3,1.0,0.0,0.1,0.0,1.0,0.0001,0.0,0.0,2.0,2.6666666666666665,1.0,0.0001,1.0,0.01,0.01,0.01
539,10.0,1.4,1.0,0.0,0.1,0.0,1.0,0.0001,0.0,0.0,2.0,2.6666666666666665,1.0,0.0001,1.0,0.01,0.01,0.01
540,10.0,1.5,1.0,0.0,0.1,0.0,1.0,0.0001,0.0,0.0,2.0,2.6666666666666665,1.0,0.0001,1.0,0.01,0.01,0.01
541,10.0,0.4,1.0,0.0,0.1,0.0,1.0,0.0001,0.0,0.0,4.0,5.333333333333333,1.0,0.0001,1.0,0.01,0.01,0.01
542,10.0,0.5,1.0,0.0,0.1,0.0,1.0,0.0001,0.0,0.0,4.0,5.333333333333333,1.0,0.0001,1.0,0.01,0.01,0.01
543,10.0,0.6,1.0,0.0,0.1,0.0,1.0,0.0001,0.0,0.0,4.0,5.333333333333333,1.0,0.0001,1.0,0.01,0.01,0.01
544,10.0,0.7,1.0,0.0,0.1,0.0,1.0,0.0001,0.0,0.0,4.0,5.333333333333333,1.0,0.0001,1.0,0.01,0.01,0.01
545,10.0,0.8,1.0,0.0,0.1,0.0,1.0,0.0001,0.0,0.0,4.0,5.333333333333333,1.0,0.0001,1.0,0.01,0.01,0.01
546,10.0,0.9,1.0,0.0,0.1,0.0,1.0,0.0001,0.0,0.0,4.0,5.333333333333333,1.0,0.0001,1.0,0.01,0.01,0.01
547,10.0,1.0,1.0,0.0,0.1,0.0,1.0,0.0001,0.0,0.0,4.0,5.333333333333333,1.0,0.0001,1.0,0.01,0.01,0.01
548,10.0,1.1,1.0,0.0,0.1,0.0,1.0,0.0001,0.0,0.0,4.0,5.333333333333333,1.0,0.0001,1.0,0.01,0.01,0.01
549,10.0,1.2,1.0,0.0,0.1,0.0,1.0,0.0001,0.0,0.0,4.0,5.333333333333333,1.0,0.0001,1.0,0.01,0.01,0.01
550,10.0,1.3,1.0,0.0,0.1,0.0,1.0,0.0001,0.0,0.0,4.0,5.333333333333333,1.0,0.0001,1.0,0.01,0.01,0.01
551,10.0,1.4,1.0,0.0,0.1,0.0,1.0,0.0001,0.0,0.0,4.0,5.333333333333333,1.0,0.0001,1.0,0.01,0.01,0.01
552,10.0,1.5,1.0,0.0,0.1,0.0,1.0,0.0001,0.0,0.0,4.0,5.333333333333333,1.0,0.0001,1.0,0.01,0.01,0.01
553,10.0,0.4,1.0,0.0,0.1,0.0,1.0,0.0001,0.0,0.0,6.0,8.0,1.0,0.0001,1.0,0.01,0.01,0.01
554,10.0,0.5,1.0,0.0,0.1,0.0,1.0,0.0001,0.0,0.0,6.0,8.0,1.0,0.0001,1.0,0.01,0.01,0.01
555,10.0,0.6,1.0,0.0,0.1,0.0,1.0,0.0001,0.0,0.0,6.0,8.0,1.0,0.0001,1.0,0.01,0.01,0.01
556,10.0,0.7,1.0,0.0,0.1,0.0,1.0,0.0001,0.0,0.0,6.0,8.0,1.0,0.0001,1.0,0.01,0.01,0.01
557,10.0,0.8,1.0,0.0,0.1,0.0,1.0,0.0001,0.0,0.0,6.0,8.0,1.0,0.0001,1.0,0.01,0.01,0.01
558,10.0,0.9,1.0,0.0,0.1,0.0,1.0,0.0001,0.0,0.0,6.0,8.0,1.0,0.0001,1.0,0.01,0.01,0.01
559,10.0,1.0,1.0,0.0,0.1,0.0,1.0,0.0001,0.0,0.0,6.0,8.0,1.0,0.0001,1.0,0.01,0.01,0.01
560,10.0,1.1,1.0,0.0,0.1,0.0,1.0,0.0001,0.0,0.0,6.0,8.0,1.0,0.0001,1.0,0.01,0.01,0.01
561,10.0,1.2,1.0,0.0,0.1,0.0,1.0,0.0001,0.0,0.0,6.0,8.0,1.0,0.0001,1.0,0.01,0.01,0.01
562,10.0,1.3,1.0,0.0,0.1,0.0,1.0,0.0001,0.0,0.0,6.0,8.0,1.0,0.0001,1.0,0.01,0.01,0.01
563,10.0,1.4,1.0,0.0,0.1,0.0,1.0,0.0001,0.0,0.0,6.0,8.0,1.0,0.0001,1.0,0.01,0.01,0.01
564,10.0,1.5,1.0,0.0,0.1,0.0,1.0,0.0001,0.0,0.0,6.0,8.0,1.0,0.0001,1.0,0.01,0.01,0.01
565,10.0,0.4,1.0,0.0,0.1,0.0,1.0,0.0001,0.0,0.0,8.0,10.666666666666666,1.0,0.0001,1.0,0.01,0.01,0.01
566,10.0,0.5,1.0,0.0,0.1,0.0,1.0,0.0001,0.0,0.0,8.0,10.666666666666666,1.0,0.0001,1.0,0.01,0.01,0.01
567,10.0,0.6,1.0,0.0,0.1,0.0,1.0,0.0001,0.0,0.0,8.0,10.666666666666666,1.0,0.0001,1.0,0.01,0.01,0.01
568,10.0,0.7,1.0,0.0,0.1,0.0,1.0,0.0001,0.0,0.0,8.0,10.666666666666666,1.0,0.0001,1.0,0.01,0.01,0.01
569,10.0,0.8,1.0,0.0,0.1,0.0,1.0,0.0001,0.0,0.0,8.0,10.666666666666666,1.0,0.0001,1.0,0.01,0.01,0.01
570,10.0,0.9,1.0,0.0,0.1,0.0,1.0,0.0001,0.0,0.0,8.0,10.666666666666666,1.0,0.0001,1.0,0.01,0.01,0.01
571,10.0,1.0,1.0,0.0,0.1,0.0,1.0,0.0001,0.0,0.0,8.0,10.666666666666666,1.0,0.0001,1.0,0.01,0.01,0.01
572,10.0,1.1,1.0,0.0,0.1,0.0,1.0,0.0001,0.0,0.0,8.0,10.666666666666666,1.0,0.0001,1.0,0.01,0.01,0.01
573,10.0,1.2,1.0,0.0,0.1,0.0,1.0,0.0001,0.0,0.0,8.0,10.666666666666666,1.0,0.0001,1.0,0.01,0.01,0.01
574,10.0,1.3,1.0,0.0,0.1,0.0,1.0,0.0001,0.0,0.0,8.0,10.666666666666666,1.0,0.0001,1.0,0.01,0.01,0.01
575,10.0,1.4,1.0,0.0,0.1,0.0,1.0,0.0001,0.0,0.0,8.0,10.666666666666666,1.0,0.0001,1.0,0.01,0.01,0.01
576,10.0,1.5,1.0,0.0,0.1,0.0,1.0,0.0001,0.0,0.0,8.0,10.666666666666666,1.0,0.0001,1.0,0.01,0.01,0.01
577,10.0,0.4,1.0,0.0,0.1,0.0,1.0,0.0001,0.0,0.0,10.0,13.333333333333334,1.0,0.0001,1.0,0.01,0.01,0.01
578,10.0,0.5,1.0,0.0,0.1,0.0,1.0,0.0001,0.0,0.0,10.0,13.333333333333334,1.0,0.0001,1.0,0.01,0.01,0.01
579,10.0,0.6,1.0,0.0,0.1,0.0,1.0,0.0001,0.0,0.0,10.0,13.333333333333334,1.0,0.0001,1.0,0.01,0.01,0.01
580,10.0,0.7,1.0,0.0,0.1,0.0,1.0,0.0001,0.0,0.0,10.0,13.333333333333334,1.0,0.0001,1.0,0.01,0.01,0.01
581,10.0,0.8,1.0,0.0,0.1,0.0,1.0,0.0001,0.0,0.0,10.0,13.333333333333334,1.0,0.0001,1.0,0.01,0.01,0.01
582,10.0,0.9,1.0,0.0,0.1,0.0,1.0,0.0001,0.0,0.0,10.0,13.333333333333334,1.0,0.0001,1.0,0.01,0.01,0.01
583,10.0,1.0,1.0,0.0,0.1,0.0,1.0,0.0001,0.0,0.0,10.0,13.333333333333334,1.0,0.0001,1.0,0.01,0.01,0.01
584,10.0,1.1,1.0,0.0,0.1,0.0,1.0,0.0001,0.0,0.0,10.0,13.333333333333334,1.0,0.0001,1.0,0.01,0.01,0.01
585,10.0,1.2,1.0,0.0,0.1,0.0,1.0,0.0001,0.0,0.0,10.0,13.333333333333334,1.0,0.0001,1.0,0.01,0.01,0.01
586,10.0,1.3,1.0,0.0,0.1,0.0,1.0,0.0001,0.0,0.0,10.0,13.333333333333334,1.0,0.0001,1.0,0.01,0.01,0.01
587,10.0,1.4,1.0,0.0,0.1,0.0,1.0,0.0001,0.0,0.0,10.0,13.333333333333334,1.0,0.0001,1.0,0.01,0.01,0.01
588,10.0,1.5,1.0,0.0,0.1,0.0,1.0,0.0001,0.0,0.0,10.0,13.333333333333334,1.0,0.0001,1.0,0.01,0.01,0.01
589,10.0,0.4,1.0,0.0,0.1,0.0,1.0,0.0001,0.0,0.0,12.0,16.0,1.0,0.0001,1.0,0.01,0.01,0.01
590,10.0,0.5,1.0,0.0,0.1,0.0,1.0,0.0001,0.0,0.0,12.0,16.0,1.0,0.0001,1.0,0.01,0.01,0.01
591,10.0,0.6,1.0,0.0,0.1,0.0,1.0,0.0001,0.0,0.0,12.0,16.0,1.0,0.0001,1.0,0.01,0.01,0.01
592,10.0,0.7,1.0,0.0,0.1,0.0,1.0,0.0001,0.0,0.0,12.0,16.0,1.0,0.0001,1.0,0.01,0.01,0.01
593,10.0,0.8,1.0,0.0,0.1,0.0,1.0,0.0001,0.0,0.0,12.0,16.0,1.0,0.0001,1.0,0.01,0.01,0.01
594,10.0,0.9,1.0,0.0,0.1,0.0,1.0,0.0001,0.0,0.0,12.0,16.0,1.0,0.0001,1.0,0.01,0.01,0.01
595,10.0,1.0,1.0,0.0,0.1,0.0,1.0,0.0001,0.0,0.0,12.0,16.0,1.0,0.0001,1.0,0.01,0.01,0.01
596,10.0,1.1,1.0,0.0,0.1,0.0,1.0,0.0001,0.0,0.0,12.0,16.0,1.0,0.0001,1.0,0.01,0.01,0.01
597,10.0,1.2,1.0,0.0,0.1,0.0,1.0,0.0001,0.0,0.0,12.0,16.0,1.0,0.0001,1.0,0.01,0.01,0.01
598,10.0,1.3,1.0,0.0,0.1,0.0,1.0,0.0001,0.0,0.0,12.0,16.0,1.0,0.0001,1.0,0.01,0.01,0.01
599,10.0,1.4,1.0,0.0,0.1,0.0,1.0,0.0001,0.0,0.0,12.0,16.0,1.0,0.0001,1.0,0.01,0.01,0.01
600,10.0,1.5,1.0,0.0,0.1,0.0,1.0,0.0001,0.0,0.0,12.0,16.0,1.0,0.0001,1.0,0.01,0.01,0.01
601,10.0,0.4,1.0,0.0,0.1,0.0,1.0,0.0001,0.0,0.0,14.0,18.666666666666668,1.0,0.0001,1.0,0.01,0.01,0.01
602,10.0,0.5,1.0,0.0,0.1,0.0,1.0,0.0001,0.0,0.0,14.0,18.666666666666668,1.0,0.0001,1.0,0.01,0.01,0.01
603,10.0,0.6,1.0,0.0,0.1,0.0,1.0,0.0001,0.0,0.0,14.0,18.666666666666668,1.0,0.0001,1.0,0.01,0.01,0.01
604,10.0,0.7,1.0,0.0,0.1,0.0,1.0,0.0001,0.0,0.0,14.0,18.666666666666668,1.0,0.0001,1.0,0.01,0.01,0.01
605,10.0,0.8,1.0,0.0,0.1,0.0,1.0,0.0001,0.0,0.0,14.0,18.666666666666668,1.0,0.0001,1.0,0.01,0.01,0.01
606,10.0,0.9,1.0,0.0,0.1,0.0,1.0,0.0001,0.0,0.0,14.0,18.666666666666668,1.0,0.0001,1.0,0.01,0.01,0.01
607,10.0,1.0,1.0,0.0,0.1,0.0,1.0,0.0001,0.0,0.0,14.0,18.666666666666668,1.0,0.0001,1.0,0.01,0.01,0.01
608,10.0,1.1,1.0,0.0,0.1,0.0,1.0,0.0001,0.0,0.0,14.0,18.666666666666668,1.0,0.0001,1.0,0.01,0.01,0.01
609,10.0,1.2,1.0,0.0,0.1,0.0,1.0,0.0001,0.0,0.0,14.0,18.666666666666668,1.0,0.0001,1.0,0.01,0.01,0.01
610,10.0,1.3,1.0,0.0,0.1,0.0,1.0,0.0001,0.0,0.0,14.0,18.666666666666668,1.0,0.0001,1.0,0.01,0.01,0.01
611,10.0,1.4,1.0,0.0,0.1,0.0,1.0,0.0001,0.0,0.0,14.0,18.666666666666668,1.0,0.0001,1.0,0.01,0.01,0.01
612,10.0,1.5,1.0,0.0,0.1,0.0,1.0,0.0001,0.0,0.0,14.0,18.666666666666668,1.0,0.0001,1.0,0.01,0.01,0.01
613,10.0,0.4,1.0,0.0,0.1,0.0,1.0,0.0001,0.0,0.0,16.0,21.333333333333332,1.0,0.0001,1.0,0.01,0.01,0.01
614,10.0,0.5,1.0,0.0,0.1,0.0,1.0,0.0001,0.0,0.0,16.0,21.333333333333332,1.0,0.0001,1.0,0.01,0.01,0.01
615,10.0,0.6,1.0,0.0,0.1,0.0,1.0,0.0001,0.0,0.0,16.0,21.333333333333332,1.0,0.0001,1.0,0.01,0.01,0.01
616,10.0,0.7,1.0,0.0,0.1,0.0,1.0,0.0001,0.0,0.0,16.0,21.333333333333332,1.0,0.0001,1.0,0.01,0.01,0.01
617,10.0,0.8,1.0,0.0,0.1,0.0,1.0,0.0001,0.0,0.0,16.0,21.333333333333332,1.0,0.0001,1.0,0.01,0.01,0.01
618,10.0,0.9,1.0,0.0,0.1,0.0,1.0,0.0001,0.0,0.0,16.0,21.333333333333332,1.0,0.0001,1.0,0.01,0.01,0.01
619,10.0,1.0,1.0,0.0,0.1,0.0,1.0,0.0001,0.0,0.0,16.0,21.333333333333332,1.0,0.0001,1.0,0.01,0.01,0.01
620,10.0,1.1,1.0,0.0,0.1,0.0,1.0,0.0001,0.0,0.0,16.0,21.333333333333332,1.0,0.0001,1.0,0.01,0.01,0.01
621,10.0,1.2,1.0,0.0,0.1,0.0,1.0,0.0001,0.0,0.0,16.0,21.333333333333332,1.0,0.0001,1.0,0.01,0.01,0.01
622,10.0,1.3,1.0,0.0,0.1,0.0,1.0,0.0001,0.0,0.0,16.0,21.333333333333332,1.0,0.0001,1.0,0.01,0.01,0.01
623,10.0,1.4,1.0,0.0,0.1,0.0,1.0,0.0001,0.0,0.0,16.0,21.333333333333332,1.0,0.0001,1.0,0.01,0.01,0.01
624,10.0,1.5,1.0,0.0,0.1,0.0,1.0,0.0001,0.0,0.0,16.0,21.333333333333332,1.0,0.0001,1.0,0.01,0.01,0.01
625,10.0,0.4,1.0,0.0,0.1,0.0,1.0,0.0001,0.0,0.0,18.0,24.0,1.0,0.0001,1.0,0.01,0.01,0.01
626,10.0,0.5,1.0,0.0,0.1,0.0,1.0,0.0001,0.0,0.0,18.0,24.0,1.0,0.0001,1.0,0.01,0.01,0.01
627,10.0,0.6,1.0,0.0,0.1,0.0,1.0,0.0001,0.0,0.0,18.0,24.0,1.0,0.0001,1.0,0.01,0.01,0.01
628,10.0,0.7,1.0,0.0,0.1,0.0,1.0,0.0001,0.0,0.0,18.0,24.0,1.0,0.0001,1.0,0.01,0.01,0.01
629,10.0,0.8,1.0,0.0,0.1,0.0,1.0,0.0001,0.0,0.0,18.0,24.0,1.0,0.0001,1.0,0.01,0.01,0.01
630,10.0,0.9,1.0,0.0,0.1,0.0,1.0,0.0001,0.0,0.0,18.0,24.0,1.0,0.0001,1.0,0.01,0.01,0.01
631,10.0,1.0,1.0,0.0,0.1,0.0,1.0,0.0001,0.0,0.0,18.0,24.0,1.0,0.0001,1.0,0.01,0.01,0.01
632,10.0,1.1,1.0,0.0,0.1,0.0,1.0,0.0001,0.0,0.0,18.0,24.0,1.0,0.0001,1.0,0.01,0.01,0.01
633,10.0,1.2,1.0,0.0,0.1,0.0,1.0,0.0001,0.0,0.0,18.0,24.0,1.0,0.0001,1.0,0.01,0.01,0.01
634,10.0,1.3,1.0,0.0,0.1,0.0,1.0,0.0001,0.0,0.0,18.0,24.0,1.0,0.0001,1.0,0.01,0.01,0.01
635,10.0,1.4,1.0,0.0,0.1,0.0,1.0,0.0001,0.0,0.0,18.0,24.0,1.0,0.0001,1.0,0.01,0.01,0.01
636,10.0,1.5,1.0,0.0,0.1,0.0,1.0,0.0001,0.0,0.0,18.0,24.0,1.0,0.0001,1.0,0.01,0.01,0.01
637,10.0,0.4,1.0,0.0,0.1,0.0,1.0,0.0001,0.0,0.0,20.0,26.666666666666668,1.0,0.0001,1.0,0.01,0.01,0.01
638,10.0,0.5,1.0,0.0,0.1,0.0,1.0,0.0001,0.0,0.0,20.0,26.666666666666668,1.0,0.0001,1.0,0.01,0.01,0.01
639,10.0,0.6,1.0,0.0,0.1,0.0,1.0,0.0001,0.0,0.0,20.0,26.666666666666668,1.0,0.0001,1.0,0.01,0.01,0.01
640,10.0,0.7,1.0,0.0,0.1,0.0,1.0,0.0001,0.0,0.0,20.0,26.666666666666668,1.0,0.0001,1.0,0.01,0.01,0.01
641,10.0,0.8,1.0,0.0,0.1,0.0,1.0,0.0001,0.0,0.0,20.0,26.666666666666668,1.0,0.0001,1.0,0.01,0.01,0.01
642,10.0,0.9,1.0,0.0,0.1,0.0,1.0,0.0001,0.0,0.0,20.0,26.666666666666668,1.0,0.0001,1.0,0.01,0.01,0.01
643,10.0,1.0,1.0,0.0,0.1,0.0,1.0,0.0001,0.0,0.0,20.0,26.666666666666668,1.0,0.0001,1.0,0.01,0.01,0.01
644,10.0,1.1,1.0,0.0,0.1,0.0,1.0,0.0001,0.0,0.0,20.0,26.666666666666668,1.0,0.0001,1.0,0.01,0.01,0.01
645,10.0,1.2,1.0,0.0,0.1,0.0,1.0,0.0001,0.0,0.0,20.0,26.666666666666668,1.0,0.0001,1.0,0.01,0.01,0.01
646,10.0,1.3,1.0,0.0,0.1,0.0,1.0,0.0001,0.0,0.0,20.0,26.666666666666668,1.0,0.0001,1.0,0.01,0.01,0.01
647,10.0,1.4,1.0,0.0,0.1,0.0,1.0,0.0001,0.0,0.0,20.0,26.666666666666668,1.0,0.0001,1.0,0.01,0.01,0.01
648,10.0,1.5,1.0,0.0,0.1,0.0,1.0,0.0001,0.0,0.0,20.0,26.666666666666668,1.0,0.0001,1.0,0.01,0.01,0.01
649,10.0,0.4,1.0,0.0,0.1,0.0,1.0,0.0001,0.0,0.0,22.0,29.333333333333332,1.0,0.0001,1.0,0.01,0.01,0.01
650,10.0,0.5,1.0,0.0,0.1,0.0,1.0,0.0001,0.0,0.0,22.0,29.333333333333332,1.0,0.0001,1.0,0.01,0.01,0.01
651,10.0,0.6,1.0,0.0,0.1,0.0,1.0,0.0001,0.0,0.0,22.0,29.333333333333332,1.0,0.0001,1.0,0.01,0.01,0.01
652,10.0,0.7,1.0,0.0,0.1,0.0,1.0,0.0001,0.0,0.0,22.0,29.333333333333332,1.0,0.0001,1.0,0.01,0.01,0.01
653,10.0,0.8,1.0,0.0,0.1,0.0,1.0,0.0001,0.0,0.0,22.0,29.333333333333332,1.0,0.0001,1.0,0.01,0.01,0.01
654,10.0,0.9,1.0,0.0,0.1,0.0,1.0,0.0001,0.0,0.0,22.0,29.333333333333332,1.0,0.0001,1.0,0.01,0.01,0.01
655,10.0,1.0,1.0,0.0,0.1,0.0,1.0,0.0001,0.0,0.0,22.0,29.333333333333332,1.0,0.0001,1.0,0.01,0.01,0.01
656,10.0,1.1,1.0,0.0,0.1,0.0,1.0,0.0001,0.0,0.0,22.0,29.333333333333332,1.0,0.0001,1.0,0.01,0.01,0.01
657,10.0,1.2,1.0,0.0,0.1,0.0,1.0,0.0001,0.0,0.0,22.0,29.333333333333332,1.0,0.0001,1.0,0.01,0.01,0.01
658,10.0,1.3,1.0,0.0,0.1,0.0,1.0,0.0001,0.0,0.0,22.0,29.333333333333332,1.0,0.0001,1.0,0.01,0.01,0.01
659,10.0,1.4,1.0,0.0,0.1,0.0,1.0,0.0001,0.0,0.0,22.0,29.333333333333332,1.0,0.0001,1.0,0.01,0.01,0.01
660,10.0,1.5,1.0,0.0,0.1,0.0,1.0,0.0001,0.0,0.0,22.0,29.333333333333332,1.0,0.0001,1.0,0.01,0.01,0.01
661,10.0,0.4,1.0,0.0,0.1,0.0,1.0,0.0001,0.0,0.0,24.0,32.0,1.0,0.0001,1.0,0.01,0.01,0.01
662,10.0,0.5,1.0,0.0,0.1,0.0,1.0,0.0001,0.0,0.0,24.0,32.0,1.0,0.0001,1.0,0.01,0.01,0.01
663,10.0,0.6,1.0,0.0,0.1,0.0,1.0,0.0001,0.0,0.0,24.0,32.0,1.0,0.0001,1.0,0.01,0.01,0.01
664,10.0,0.7,1.0,0.0,0.1,0.0,1.0,0.0001,0.0,0.0,24.0,32.0,1.0,0.0001,1.0,0.01,0.01,0.01
665,10.0,0.8,1.0,0.0,0.1,0.0,1.0,0.0001,0.0,0.0,24.0,32.0,1.0,0.0001,1.0,0.01,0.01,0.01
666,10.0,0.9,1.0,0.0,0.1,0.0,1.0,0.0001,0.0,0.0,24.0,32.0,1.0,0.0001,1.0,0.01,0.01,0.01
667,10.0,1.0,1.0,0.0,0.1,0.0,1.0,0.0001,0.0,0.0,24.0,32.0,1.0,0.0001,1.0,0.01,0.01,0.01
668,10.0,1.1,1.0,0.0,0.1,0.0,1.0,0.0001,0.0,0.0,24.0,32.0,1.0,0.0001,1.0,0.01,0.01,0.01
669,10.0,1.2,1.0,0.0,0.1,0.0,1.0,0.0001,0.0,0.0,24.0,32.0,1.0,0.0001,1.0,0.01,0.01,0.01
670,10.0,1.3,1.0,0.0,0.1,0.0,1.0,0.0001,0.0,0.0,24.0,32.0,1.0,0.0001,1.0,0.01,0.01,0.01
671,10.0,1.4,1.0,0.0,0.1,0.0,1.0,0.0001,0.0,0.0,24.0,32.0,1.0,0.0001,1.0,0.01,0.01,0.01
672,10.0,1.5,1.0,0.0,0.1,0.0,1.0,0.0001,0.0,0.0,24.0,32.0,1.0,0.0001,1.0,0.01,0.01,0.01
673,10.0,0.4,0.8,0.0,0.1,0.0,1.0,0.0001,0.0,0.0,0.0,1.3333333333333333,1.0,0.0001,1.0,0.01,0.01,0.01
674,10.0,0.5,0.8,0.0,0.1,0.0,1.0,0.0001,0.0,0.0,0.0,1.3333333333333333,1.0,0.0001,1.0,0.01,0.01,0.01
675,10.0,0.6,0.8,0.0,0.1,0.0,1.0,0.0001,0.0,0.0,0.0,1.3333333333333333,1.0,0.0001,1.0,0.01,0.01,0.01
676,10.0,0.7,0.8,0.0,0.1,0.0,1.0,0.0001,0.0,0.0,0.0,1.3333333333333333,1.0,0.0001,1.0,0.01,0.01,0.01
677,10.0,0.8,0.8,0.0,0.1,0.0,1.0,0.0001,0.0,0.0,0.0,1.3333333333333333,1.0,0.0001,1.0,0.01,0.01,0.01
678,10.0,0.9,0.8,0.0,0.1,0.0,1.0,0.0001,0.0,0.0,0.0,1.3333333333333333,1.0,0.0001,1.0,0.01,0.01,0.01
679,10.0,1.0,0.8,0.0,0.1,0.0,1.0,0.0001,0.0,0.0,0.0,1.3333333333333333,1.0,0.0001,1.0,0.01,0.01,0.01
680,10.0,1.1,0.8,0.0,0.1,0.0,1.0,0.0001,0.0,0.0,0.0,1.3333333333333333,1.0,0.0001,1.0,0.01,0.01,0.01
681,10.0,1.2,0.8,0.0,0.1,0.0,1.0,0.0001,0.0,0.0,0.0,1.3333333333333333,1.0,0.0001,1.0,0.01,0.01,0.01
682,10.0,1.3,0.8,0.0,0.1,0.0,1.0,0.0001,0.0,0.0,0.0,1.3333333333333333,1.0,0.0001,1.0,0.01,0.01,0.01
683,10.0,1.4,0.8,0.0,0.1,0.0,1.0,0.0001,0.0,0.0,0.0,1.3333333333333333,1.0,0.0001,1.0,0.01,0.01,0.01
684,10.0,1.5,0.8,0.0,0.1,0.0,1.0,0.0001,0.0,0.0,0.0,1.3333333333333333,1.0,0.0001,1.0,0.01,0.01,0.01
685,10.0,0.4,0.8,0.0,0.1,0.0,1.0,0.0001,0.0,0.0,1.0,1.3333333333333333,1.0,0.0001,1.0,0.01,0.01,0.01
686,10.0,0.5,0.8,0.0,0.1,0.0,1.0,0.0001,0.0,0.0,1.0,1.3333333333333333,1.0,0.0001,1.0,0.01,0.01,0.01
687,10.0,0.6,0.8,0.0,0.1,0.0,1.0,0.0001,0.0,0.0,1.0,1.3333333333333333,1.0,0.0001,1.0,0.01,0.01,0.01
688,10.0,0.7,0.8,0.0,0.1,0.0,1.0,0.0001,0.0,0.0,1.0,1.3333333333333333,1.0,0.0001,1.0,0.01,0.01,0.01
689,10.0,0.8,0.8,0.0,0.1,0.0,1.0,0.0001,0.0,0.0,1.0,1.3333333333333333,1.0,0.0001,1.0,0.01,0.01,0.01
690,10.0,0.9,0.8,0.0,0.1,0.0,1.0,0.0001,0.0,0.0,1.0,1.3333333333333333,1.0,0.0001,1.0,0.01,0.01,0.01
691,10.0,1.0,0.8,0.0,0.1,0.0,1.0,0.0001,0.0,0.0,1.0,1.3333333333333333,1.0,0.0001,1.0,0.01,0.01,0.01
692,10.0,1.1,0.8,0.0,0.1,0.0,1.0,0.0001,0.0,0.0,1.0,1.3333333333333333,1.0,0.0001,1.0,0.01,0.01,0.01
693,10.0,1.2,0.8,0.0,0.1,0.0,1.0,0.0001,0.0,0.0,1.0,1.3333333333333333,1.0,0.0001,1.0,0.01,0.01,0.01
694,10.0,1.3,0.8,0.0,0.1,0.0,1.0,0.0001,0.0,0.0,1.0,1.3333333333333333,1.0,0.0001,1.0,0.01,0.01,0.01
695,10.0,1.4,0.8,0.0,0.1,0.0,1.0,0.0001,0.0,0.0,1.0,1.3333333333333333,1.0,0.0001,1.0,0.01,0.01,0.01
696,10.0,1.5,0.8,0.0,0.1,0.0,1.0,0.0001,0.0,0.0,1.0,1.3333333333333333,1.0,0.0001,1.0,0.01,0.01,0.01
697,10.0,0.4,0.8,0.0,0.1,0.0,1.0,0.0001,0.0,0.0,2.0,2.6666666666666665,1.0,0.0001,1.0,0.01,0.01,0.01
698,10.0,0.5,0.8,0.0,0.1,0.0,1.0,0.0001,0.0,0.0,2.0,2.6666666666666665,1.0,0.0001,1.0,0.01,0.01,0.01
699,10.0,0.6,0.8,0.0,0.1,0.0,1.0,0.0001,0.0,0.0,2.0,2.6666666666666665,1.0,0.0001,1.0,0.01,0.01,0.01
700,10.0,0.7,0.8,0.0,0.1,0.0,1.0,0.0001,0.0,0.0,2.0,2.6666666666666665,1.0,0.0001,1.0,0.01,0.01,0.01
701,10.0,0.8,0.8,0.0,0.1,0.0,1.0,0.0001,0.0,0.0,2.0,2.6666666666666665,1.0,0.0001,1.0,0.01,0.01,0.01
702,10.0,0.9,0.8,0.0,0.1,0.0,1.0,0.0001,0.0,0.0,2.0,2.6666666666666665,1.0,0.0001,1.0,0.01,0.01,0.01
703,10.0,1.0,0.8,0.0,0.1,0.0,1.0,0.0001,0.0,0.0,2.0,2.6666666666666665,1.0,0.0001,1.0,0.01,0.01,0.01
704,10.0,1.1,0.8,0.0,0.1,0.0,1.0,0.0001,0.0,0.0,2.0,2.6666666666666665,1.0,0.0001,1.0,0.01,0.01,0.01
705,10.0,1.2,0.8,0.0,0.1,0.0,1.0,0.0001,0.0,0.0,2.0,2.6666666666666665,1.0,0.0001,1.0,0.01,0.01,0.01
706,10.0,1.3,0.8,0.0,0.1,0.0,1.0,0.0001,0.0,0.0,2.0,2.6666666666666665,1.0,0.0001,1.0,0.01,0.01,0.01
707,10.0,1.4,0.8,0.0,0.1,0.0,1.0,0.0001,0.0,0.0,2.0,2.6666666666666665,1.0,0.0001,1.0,0.01,0.01,0.01
708,10.0,1.5,0.8,0.0,0.1,0.0,1.0,0.0001,0.0,0.0,2.0,2.6666666666666665,1.0,0.0001,1.0,0.01,0.01,0.01
709,10.0,0.4,0.8,0.0,0.1,0.0,1.0,0.0001,0.0,0.0,4.0,5.333333333333333,1.0,0.0001,1.0,0.01,0.01,0.01
710,10.0,0.5,0.8,0.0,0.1,0.0,1.0,0.0001,0.0,0.0,4.0,5.333333333333333,1.0,0.0001,1.0,0.01,0.01,0.01
711,10.0,0.6,0.8,0.0,0.1,0.0,1.0,0.0001,0.0,0.0,4.0,5.333333333333333,1.0,0.0001,1.0,0.01,0.01,0.01
712,10.0,0.7,0.8,0.0,0.1,0.0,1.0,0.0001,0.0,0.0,4.0,5.333333333333333,1.0,0.0001,1.0,0.01,0.01,0.01
713,10.0,0.8,0.8,0.0,0.1,0.0,1.0,0.0001,0.0,0.0,4.0,5.333333333333333,1.0,0.0001,1.0,0.01,0.01,0.01
714,10.0,0.9,0.8,0.0,0.1,0.0,1.0,0.0001,0.0,0.0,4.0,5.333333333333333,1.0,0.0001,1.0,0.01,0.01,0.01
715,10.0,1.0,0.8,0.0,0.1,0.0,1.0,0.0001,0.0,0.0,4.0,5.333333333333333,1.0,0.0001,1.0,0.01,0.01,0.01
716,10.0,1.1,0.8,0.0,0.1,0.0,1.0,0.0001,0.0,0.0,4.0,5.333333333333333,1.0,0.0001,1.0,0.01,0.01,0.01
717,10.0,1.2,0.8,0.0,0.1,0.0,1.0,0.0001,0.0,0.0,4.0,5.333333333333333,1.0,0.0001,1.0,0.01,0.01,0.01
718,10.0,1.3,0.8,0.0,0.1,0.0,1.0,0.0001,0.0,0.0,4.0,5.333333333333333,1.0,0.0001,1.0,0.01,0.01,0.01
719,10.0,1.4,0.8,0.0,0.1,0.0,1.0,0.0001,0.0,0.0,4.0,5.333333333333333,1.0,0.0001,1.0,0.01,0.01,0.01
720,10.0,1.5,0.8,0.0,0.1,0.0,1.0,0.0001,0.0,0.0,4.0,5.333333333333333,1.0,0.0001,1.0,0.01,0.01,0.01
721,10.0,0.4,0.8,0.0,0.1,0.0,1.0,0.0001,0.0,0.0,6.0,8.0,1.0,0.0001,1.0,0.01,0.01,0.01
722,10.0,0.5,0.8,0.0,0.1,0.0,1.0,0.0001,0.0,0.0,6.0,8.0,1.0,0.0001,1.0,0.01,0.01,0.01
723,10.0,0.6,0.8,0.0,0.1,0.0,1.0,0.0001,0.0,0.0,6.0,8.0,1.0,0.0001,1.0,0.01,0.01,0.01
724,10.0,0.7,0.8,0.0,0.1,0.0,1.0,0.0001,0.0,0.0,6.0,8.0,1.0,0.0001,1.0,0.01,0.01,0.01
725,10.0,0.8,0.8,0.0,0.1,0.0,1.0,0.0001,0.0,0.0,6.0,8.0,1.0,0.0001,1.0,0.01,0.01,0.01
726,10.0,0.9,0.8,0.0,0.1,0.0,1.0,0.0001,0.0,0.0,6.0,8.0,1.0,0.0001,1.0,0.01,0.01,0.01
727,10.0,1.0,0.8,0.0,0.1,0.0,1.0,0.0001,0.0,0.0,6.0,8.0,1.0,0.0001,1.0,0.01,0.01,0.01
728,10.0,1.1,0.8,0.0,0.1,0.0,1.0,0.0001,0.0,0.0,6.0,8.0,1.0,0.0001,1.0,0.01,0.01,0.01
729,10.0,1.2,0.8,0.0,0.1,0.0,1.0,0.0001,0.0,0.0,6.0,8.0,1.0,0.0001,1.0,0.01,0.01,0.01
730,10.0,1.3,0.8,0.0,0.1,0.0,1.0,0.0001,0.0,0.0,6.0,8.0,1.0,0.0001,1.0,0.01,0.01,0.01
731,10.0,1.4,0.8,0.0,0.1,0.0,1.0,0.0001,0.0,0.0,6.0,8.0,1.0,0.0001,1.0,0.01,0.01,0.01
732,10.0,1.5,0.8,0.0,0.1,0.0,1.0,0.0001,0.0,0.0,6.0,8.0,1.0,0.0001,1.0,0.01,0.01,0.01
733,10.0,0.4,0.8,0.0,0.1,0.0,1.0,0.0001,0.0,0.0,8.0,10.666666666666666,1.0,0.0001,1.0,0.01,0.01,0.01
734,10.0,0.5,0.8,0.0,0.1,0.0,1.0,0.0001,0.0,0.0,8.0,10.666666666666666,1.0,0.0001,1.0,0.01,0.01,0.01
735,10.0,0.6,0.8,0.0,0.1,0.0,1.0,0.0001,0.0,0.0,8.0,10.666666666666666,1.0,0.0001,1.0,0.01,0.01,0.01
736,10.0,0.7,0.8,0.0,0.1,0.0,1.0,0.0001,0.0,0.0,8.0,10.666666666666666,1.0,0.0001,1.0,0.01,0.01,0.01
737,10.0,0.8,0.8,0.0,0.1,0.0,1.0,0.0001,0.0,0.0,8.0,10.666666666666666,1.0,0.0001,1.0,0.01,0.01,0.01
738,10.0,0.9,0.8,0.0,0.1,0.0,1.0,0.0001,0.0,0.0,8.0,10.666666666666666,1.0,0.0001,1.0,0.01,0.01,0.01
739,10.0,1.0,0.8,0.0,0.1,0.0,1.0,0.0001,0.0,0.0,8.0,10.666666666666666,1.0,0.0001,1.0,0.01,0.01,0.01
740,10.0,1.1,0.8,0.0,0.1,0.0,1.0,0.0001,0.0,0.0,8.0,10.666666666666666,1.0,0.0001,1.0,0.01,0.01,0.01
741,10.0,1.2,0.8,0.0,0.1,0.0,1.0,0.0001,0.0,0.0,8.0,10.666666666666666,1.0,0.0001,1.0,0.01,0.01,0.01
742,10.0,1.3,0.8,0.0,0.1,0.0,1.0,0.0001,0.0,0.0,8.0,10.666666666666666,1.0,0.0001,1.0,0.01,0.01,0.01
743,10.0,1.4,0.8,0.0,0.1,0.0,1.0,0.0001,0.0,0.0,8.0,10.666666666666666,1.0,0.0001,1.0,0.01,0.01,0.01
744,10.0,1.5,0.8,0.0,0.1,0.0,1.0,0.0001,0.0,0.0,8.0,10.666666666666666,1.0,0.0001,1.0,0.01,0.01,0.01
745,10.0,0.4,0.8,0.0,0.1,0.0,1.0,0.0001,0.0,0.0,10.0,13.333333333333334,1.0,0.0001,1.0,0.01,0.01,0.01
746,10.0,0.5,0.8,0.0,0.1,0.0,1.0,0.0001,0.0,0.0,10.0,13.333333333333334,1.0,0.0001,1.0,0.01,0.01,0.01
747,10.0,0.6,0.8,0.0,0.1,0.0,1.0,0.0001,0.0,0.0,10.0,13.333333333333334,1.0,0.0001,1.0,0.01,0.01,0.01
748,10.0,0.7,0.8,0.0,0.1,0.0,1.0,0.0001,0.0,0.0,10.0,13.333333333333334,1.0,0.0001,1.0,0.01,0.01,0.01
749,10.0,0.8,0.8,0.0,0.1,0.0,1.0,0.0001,0.0,0.0,10.0,13.333333333333334,1.0,0.0001,1.0,0.01,0.01,0.01
750,10.0,0.9,0.8,0.0,0.1,0.0,1.0,0.0001,0.0,0.0,10.0,13.333333333333334,1.0,0.0001,1.0,0.01,0.01,0.01
751,10.0,1.0,0.8,0.0,0.1,0.0,1.0,0.0001,0.0,0.0,10.0,13.333333333333334,1.0,0.0001,1.0,0.01,0.01,0.01
752,10.0,1.1,0.8,0.0,0.1,0.0,1.0,0.0001,0.0,0.0,10.0,13.333333333333334,1.0,0.0001,1.0,0.01,0.01,0.01
753,10.0,1.2,0.8,0.0,0.1,0.0,1.0,0.0001,0.0,0.0,10.0,13.333333333333334,1.0,0.0001,1.0,0.01,0.01,0.01
754,10.0,1.3,0.8,0.0,0.1,0.0,1.0,0.0001,0.0,0.0,10.0,13.333333333333334,1.0,0.0001,1.0,0.01,0.01,0.01
755,10.0,1.4,0.8,0.0,0.1,0.0,1.0,0.0001,0.0,0.0,10.0,13.333333333333334,1.0,0.0001,1.0,0.01,0.01,0.01
756,10.0,1.5,0.8,0.0,0.1,0.0,1.0,0.0001,0.0,0.0,10.0,13.333333333333334,1.0,0.0001,1.0,0.01,0.01,0.01
757,10.0,0.4,0.8,0.0,0.1,0.0,1.0,0.0001,0.0,0.0,12.0,16.0,1.0,0.0001,1.0,0.01,0.01,0.01
758,10.0,0.5,0.8,0.0,0.1,0.0,1.0,0.0001,0.0,0.0,12.0,16.0,1.0,0.0001,1.0,0.01,0.01,0.01
759,10.0,0.6,0.8,0.0,0.1,0.0,1.0,0.0001,0.0,0.0,12.0,16.0,1.0,0.0001,1.0,0.01,0.01,0.01
760,10.0,0.7,0.8,0.0,0.1,0.0,1.0,0.0001,0.0,0.0,12.0,16.0,1.0,0.0001,1.0,0.01,0.01,0.01
761,10.0,0.8,0.8,0.0,0.1,0.0,1.0,0.0001,0.0,0.0,12.0,16.0,1.0,0.0001,1.0,0.01,0.01,0.01
762,10.0,0.9,0.8,0.0,0.1,0.0,1.0,0.0001,0.0,0.0,12.0,16.0,1.0,0.0001,1.0,0.01,0.01,0.01
763,10.0,1.0,0.8,0.0,0.1,0.0,1.0,0.0001,0.0,0.0,12.0,16.0,1.0,0.0001,1.0,0.01,0.01,0.01
764,10.0,1.1,0.8,0.0,0.1,0.0,1.0,0.0001,0.0,0.0,12.0,16.0,1.0,0.0001,1.0,0.01,0.01,0.01
765,10.0,1.2,0.8,0.0,0.1,0.0,1.0,0.0001,0.0,0.0,12.0,16.0,1.0,0.0001,1.0,0.01,0.01,0.01
766,10.0,1.3,0.8,0.0,0.1,0.0,1.0,0.0001,0.0,0.0,12.0,16.0,1.0,0.0001,1.0,0.01,0.01,0.01
767,10.0,1.4,0.8,0.0,0.1,0.0,1.0,0.0001,0.0,0.0,12.0,16.0,1.0,0.0001,1.0,0.01,0.01,0.01
768,10.0,1.5,0.8,0.0,0.1,0.0,1.0,0.0001,0.0,0.0,12.0,16.0,1.0,0.0001,1.0,0.01,0.01,0.01
769,10.0,0.4,0.8,0.0,0.1,0.0,1.0,0.0001,0.0,0.0,14.0,18.666666666666668,1.0,0.0001,1.0,0.01,0.01,0.01
770,10.0,0.5,0.8,0.0,0.1,0.0,1.0,0.0001,0.0,0.0,14.0,18.666666666666668,1.0,0.0001,1.0,0.01,0.01,0.01
771,10.0,0.6,0.8,0.0,0.1,0.0,1.0,0.0001,0.0,0.0,14.0,18.666666666666668,1.0,0.0001,1.0,0.01,0.01,0.01
772,10.0,0.7,0.8,0.0,0.1,0.0,1.0,0.0001,0.0,0.0,14.0,18.666666666666668,1.0,0.0001,1.0,0.01,0.01,0.01
773,10.0,0.8,0.8,0.0,0.1,0.0,1.0,0.0001,0.0,0.0,14.0,18.666666666666668,1.0,0.0001,1.0,0.01,0.01,0.01
774,10.0,0.9,0.8,0.0,0.1,0.0,1.0,0.0001,0.0,0.0,14.0,18.666666666666668,1.0,0.0001,1.0,0.01,0.01,0.01
775,10.0,1.0,0.8,0.0,0.1,0.0,1.0,0.0001,0.0,0.0,14.0,18.666666666666668,1.0,0.0001,1.0,0.01,0.01,0.01
776,10.0,1.1,0.8,0.0,0.1,0.0,1.0,0.0001,0.0,0.0,14.0,18.666666666666668,1.0,0.0001,1.0,0.01,0.01,0.01
777,10.0,1.2,0.8,0.0,0.1,0.0,1.0,0.0001,0.0,0.0,14.0,18.666666666666668,1.0,0.0001,1.0,0.01,0.01,0.01
778,10.0,1.3,0.8,0.0,0.1,0.0,1.0,0.0001,0.0,0.0,14.0,18.666666666666668,1.0,0.0001,1.0,0.01,0.01,0.01
779,10.0,1.4,0.8,0.0,0.1,0.0,1.0,0.0001,0.0,0.0,14.0,18.666666666666668,1.0,0.0001,1.0,0.01,0.01,0.01
780,10.0,1.5,0.8,0.0,0.1,0.0,1.0,0.0001,0.0,0.0,14.0,18.666666666666668,1.0,0.0001,1.0,0.01,0.01,0.01
781,10.0,0.4,0.8,0.0,0.1,0.0,1.0,0.0001,0.0,0.0,16.0,21.333333333333332,1.0,0.0001,1.0,0.01,0.01,0.01
782,10.0,0.5,0.8,0.0,0.1,0.0,1.0,0.0001,0.0,0.0,16.0,21.333333333333332,1.0,0.0001,1.0,0.01,0.01,0.01
783,10.0,0.6,0.8,0.0,0.1,0.0,1.0,0.0001,0.0,0.0,16.0,21.333333333333332,1.0,0.0001,1.0,0.01,0.01,0.01
784,10.0,0.7,0.8,0.0,0.1,0.0,1.0,0.0001,0.0,0.0,16.0,21.333333333333332,1.0,0.0001,1.0,0.01,0.01,0.01
785,10.0,0.8,0.8,0.0,0.1,0.0,1.0,0.0001,0.0,0.0,16.0,21.333333333333332,1.0,0.0001,1.0,0.01,0.01,0.01
786,10.0,0.9,0.8,0.0,0.1,0.0,1.0,0.0001,0.0,0.0,16.0,21.333333333333332,1.0,0.0001,1.0,0.01,0.01,0.01
787,10.0,1.0,0.8,0.0,0.1,0.0,1.0,0.0001,0.0,0.0,16.0,21.333333333333332,1.0,0.0001,1.0,0.01,0.01,0.01
788,10.0,1.1,0.8,0.0,0.1,0.0,1.0,0.0001,0.0,0.0,16.0,21.333333333333332,1.0,0.0001,1.0,0.01,0.01,0.01
789,10.0,1.2,0.8,0.0,0.1,0.0,1.0,0.0001,0.0,0.0,16.0,21.333333333333332,1.0,0.0001,1.0,0.01,0.01,0.01
790,10.0,1.3,0.8,0.0,0.1,0.0,1.0,0.0001,0.0,0.0,16.0,21.333333333333332,1.0,0.0001,1.0,0.01,0.01,0.01
791,10.0,1.4,0.8,0.0,0.1,0.0,1.0,0.0001,0.0,0.0,16.0,21.333333333333332,1.0,0.0001,1.0,0.01,0.01,0.01
792,10.0,1.5,0.8,0.0,0.1,0.0,1.0,0.0001,0.0,0.0,16.0,21.333333333333332,1.0,0.0001,1.0,0.01,0.01,0.01
793,10.0,0.4,0.8,0.0,0.1,0.0,1.0,0.0001,0.0,0.0,18.0,24.0,1.0,0.0001,1.0,0.01,0.01,0.01
794,10.0,0.5,0.8,0.0,0.1,0.0,1.0,0.0001,0.0,0.0,18.0,24.0,1.0,0.0001,1.0,0.01,0.01,0.01
795,10.0,0.6,0.8,0.0,0.1,0.0,1.0,0.0001,0.0,0.0,18.0,24.0,1.0,0.0001,1.0,0.01,0.01,0.01
796,10.0,0.7,0.8,0.0,0.1,0.0,1.0,0.0001,0.0,0.0,18.0,24.0,1.0,0.0001,1.0,0.01,0.01,0.01
797,10.0,0.8,0.8,0.0,0.1,0.0,1.0,0.0001,0.0,0.0,18.0,24.0,1.0,0.0001,1.0,0.01,0.01,0.01
798,10.0,0.9,0.8,0.0,0.1,0.0,1.0,0.0001,0.0,0.0,18.0,24.0,1.0,0.0001,1.0,0.01,0.01,0.01
799,10.0,1.0,0.8,0.0,0.1,0.0,1.0,0.0001,0.0,0.0,18.0,24.0,1.0,0.0001,1.0,0.01,0.01,0.01
800,10.0,1.1,0.8,0.0,0.1,0.0,1.0,0.0001,0.0,0.0,18.0,24.0,1.0,0.0001,1.0,0.01,0.01,0.01
801,10.0,1.2,0.8,0.0,0.1,0.0,1.0,0.0001,0.0,0.0,18.0,24.0,1.0,0.0001,1.0,0.01,0.01,0.01
802,10.0,1.3,0.8,0.0,0.1,0.0,1.0,0.0001,0.0,0.0,18.0,24.0,1.0,0.0001,1.0,0.01,0.01,0.01
803,10.0,1.4,0.8,0.0,0.1,0.0,1.0,0.0001,0.0,0.0,18.0,24.0,1.0,0.0001,1.0,0.01,0.01,0.01
804,10.0,1.5,0.8,0.0,0.1,0.0,1.0,0.0001,0.0,0.0,18.0,24.0,1.0,0.0001,1.0,0.01,0.01,0.01
805,10.0,0.4,0.8,0.0,0.1,0.0,1.0,0.0001,0.0,0.0,20.0,26.666666666666668,1.0,0.0001,1.0,0.01,0.01,0.01
806,10.0,0.5,0.8,0.0,0.1,0.0,1.0,0.0001,0.0,0.0,20.0,26.666666666666668,1.0,0.0001,1.0,0.01,0.01,0.01
807,10.0,0.6,0.8,0.0,0.1,0.0,1.0,0.0001,0.0,0.0,20.0,26.666666666666668,1.0,0.0001,1.0,0.01,0.01,0.01
808,10.0,0.7,0.8,0.0,0.1,0.0,1.0,0.0001,0.0,0.0,20.0,26.666666666666668,1.0,0.0001,1.0,0.01,0.01,0.01
809,10.0,0.8,0.8,0.0,0.1,0.0,1.0,0.0001,0.0,0.0,20.0,26.666666666666668,1.0,0.0001,1.0,0.01,0.01,0.01
810,10.0,0.9,0.8,0.0,0.1,0.0,1.0,0.0001,0.0,0.0,20.0,26.666666666666668,1.0,0.0001,1.0,0.01,0.01,0.01
811,10.0,1.0,0.8,0.0,0.1,0.0,1.0,0.0001,0.0,0.0,20.0,26.666666666666668,1.0,0.0001,1.0,0.01,0.01,0.01
812,10.0,1.1,0.8,0.0,0.1,0.0,1.0,0.0001,0.0,0.0,20.0,26.666666666666668,1.0,0.0001,1.0,0.01,0.01,0.01
813,10.0,1.2,0.8,0.0,0.1,0.0,1.0,0.0001,0.0,0.0,20.0,26.666666666666668,1.0,0.0001,1.0,0.01,0.01,0.01
814,10.0,1.3,0.8,0.0,0.1,0.0,1.0,0.0001,0.0,0.0,20.0,26.666666666666668,1.0,0.0001,1.0,0.01,0.01,0.01
815,10.0,1.4,0.8,0.0,0.1,0.0,1.0,0.0001,0.0,0.0,20.0,26.666666666666668,1.0,0.0001,1.0,0.01,0.01,0.01
816,10.0,1.5,0.8,0.0,0.1,0.0,1.0,0.0001,0.0,0.0,20.0,26.666666666666668,1.0,0.0001,1.0,0.01,0.01,0.01
817,10.0,0.4,0.8,0.0,0.1,0.0,1.0,0.0001,0.0,0.0,22.0,29.333333333333332,1.0,0.0001,1.0,0.01,0.01,0.01
818,10.0,0.5,0.8,0.0,0.1,0.0,1.0,0.0001,0.0,0.0,22.0,29.333333333333332,1.0,0.0001,1.0,0.01,0.01,0.01
819,10.0,0.6,0.8,0.0,0.1,0.0,1.0,0.0001,0.0,0.0,22.0,29.333333333333332,1.0,0.0001,1.0,0.01,0.01,0.01
820,10.0,0.7,0.8,0.0,0.1,0.0,1.0,0.0001,0.0,0.0,22.0,29.333333333333332,1.0,0.0001,1.0,0.01,0.01,0.01
821,10.0,0.8,0.8,0.0,0.1,0.0,1.0,0.0001,0.0,0.0,22.0,29.333333333333332,1.0,0.0001,1.0,0.01,0.01,0.01
822,10.0,0.9,0.8,0.0,0.1,0.0,1.0,0.0001,0.0,0.0,22.0,29.333333333333332,1.0,0.0001,1.0,0.01,0.01,0.01
823,10.0,1.0,0.8,0.0,0.1,0.0,1.0,0.0001,0.0,0.0,22.0,29.333333333333332,1.0,0.0001,1.0,0.01,0.01,0.01
824,10.0,1.1,0.8,0.0,0.1,0.0,1.0,0.0001,0.0,0.0,22.0,29.333333333333332,1.0,0.0001,1.0,0.01,0.01,0.01
825,10.0,1.2,0.8,0.0,0.1,0.0,1.0,0.0001,0.0,0.0,22.0,29.333333333333332,1.0,0.0001,1.0,0.01,0.01,0.01
826,10.0,1.3,0.8,0.0,0.1,0.0,1.0,0.0001,0.0,0.0,22.0,29.333333333333332,1.0,0.0001,1.0,0.01,0.01,0.01
827,10.0,1.4,0.8,0.0,0.1,0.0,1.0,0.0001,0.0,0.0,22.0,29.333333333333332,1.0,0.0001,1.0,0.01,0.01,0.01
828,10.0,1.5,0.8,0.0,0.1,0.0,1.0,0.0001,0.0,0.0,22.0,29.333333333333332,1.0,0.0001,1.0,0.01,0.01,0.01
829,10.0,0.4,0.8,0.0,0.1,0.0,1.0,0.0001,0.0,0.0,24.0,32.0,1.0,0.0001,1.0,0.01,0.01,0.01
830,10.0,0.5,0.8,0.0,0.1,0.0,1.0,0.0001,0.0,0.0,24.0,32.0,1.0,0.0001,1.0,0.01,0.01,0.01
831,10.0,0.6,0.8,0.0,0.1,0.0,1.0,0.0001,0.0,0.0,24.0,32.0,1.0,0.0001,1.0,0.01,0.01,0.01
832,10.0,0.7,0.8,0.0,0.1,0.0,1.0,0.0001,0.0,0.0,24.0,32.0,1.0,0.0001,1.0,0.01,0.01,0.01
833,10.0,0.8,0.8,0.0,0.1,0.0,1.0,0.0001,0.0,0.0,24.0,32.0,1.0,0.0001,1.0,0.01,0.01,0.01
834,10.0,0.9,0.8,0.0,0.1,0.0,1.0,0.0001,0.0,0.0,24.0,32.0,1.0,0.0001,1.0,0.01,0.01,0.01
835,10.0,1.0,0.8,0.0,0.1,0.0,1.0,0.0001,0.0,0.0,24.0,32.0,1.0,0.0001,1.0,0.01,0.01,0.01
836,10.0,1.1,0.8,0.0,0.1,0.0,1.0,0.0001,0.0,0.0,24.0,32.0,1.0,0.0001,1.0,0.01,0.01,0.01
837,10.0,1.2,0.8,0.0,0.1,0.0,1.0,0.0001,0.0,0.0,24.0,32.0,1.0,0.0001,1.0,0.01,0.01,0.01
838,10.0,1.3,0.8,0.0,0.1,0.0,1.0,0.0001,0.0,0.0,24.0,32.0,1.0,0.0001,1.0,0.01,0.01,0.01
839,10.0,1.4,0.8,0.0,0.1,0.0,1.0,0.0001,0.0,0.0,24.0,32.0,1.0,0.0001,1.0,0.01,0.01,0.01
840,10.0,1.5,0.8,0.0,0.1,0.0,1.0,0.0001,0.0,0.0,24.0,32.0,1.0,0.0001,1.0,0.01,0.01,0.01
841,10.0,0.4,0.6,0.0,0.1,0.0,1.0,0.0001,0.0,0.0,0.0,1.3333333333333333,1.0,0.0001,1.0,0.01,0.01,0.01
842,10.0,0.5,0.6,0.0,0.1,0.0,1.0,0.0001,0.0,0.0,0.0,1.3333333333333333,1.0,0.0001,1.0,0.01,0.01,0.01
843,10.0,0.6,0.6,0.0,0.1,0.0,1.0,0.0001,0.0,0.0,0.0,1.3333333333333333,1.0,0.0001,1.0,0.01,0.01,0.01
844,10.0,0.7,0.6,0.0,0.1,0.0,1.0,0.0001,0.0,0.0,0.0,1.3333333333333333,1.0,0.0001,1.0,0.01,0.01,0.01
845,10.0,0.8,0.6,0.0,0.1,0.0,1.0,0.0001,0.0,0.0,0.0,1.3333333333333333,1.0,0.0001,1.0,0.01,0.01,0.01
846,10.0,0.9,0.6,0.0,0.1,0.0,1.0,0.0001,0.0,0.0,0.0,1.3333333333333333,1.0,0.0001,1.0,0.01,0.01,0.01
847,10.0,1.0,0.6,0.0,0.1,0.0,1.0,0.0001,0.0,0.0,0.0,1.3333333333333333,1.0,0.0001,1.0,0.01,0.01,0.01
848,10.0,1.1,0.6,0.0,0.1,0.0,1.0,0.0001,0.0,0.0,0.0,1.3333333333333333,1.0,0.0001,1.0,0.01,0.01,0.01
849,10.0,1.2,0.6,0.0,0.1,0.0,1.0,0.0001,0.0,0.0,0.0,1.3333333333333333,1.0,0.0001,1.0,0.01,0.01,0.01
850,10.0,1.3,0.6,0.0,0.1,0.0,1.0,0.0001,0.0,0.0,0.0,1.3333333333333333,1.0,0.0001,1.0,0.01,0.01,0.01
851,10.0,1.4,0.6,0.0,0.1,0.0,1.0,0.0001,0.0,0.0,0.0,1.3333333333333333,1.0,0.0001,1.0,0.01,0.01,0.01
852,10.0,1.5,0.6,0.0,0.1,0.0,1.0,0.0001,0.0,0.0,0.0,1.3333333333333333,1.0,0.0001,1.0,0.01,0.01,0.01
853,10.0,0.4,0.6,0.0,0.1,0.0,1.0,0.0001,0.0,0.0,1.0,1.3333333333333333,1.0,0.0001,1.0,0.01,0.01,0.01
854,10.0,0.5,0.6,0.0,0.1,0.0,1.0,0.0001,0.0,0.0,1.0,1.3333333333333333,1.0,0.0001,1.0,0.01,0.01,0.01
855,10.0,0.6,0.6,0.0,0.1,0.0,1.0,0.0001,0.0,0.0,1.0,1.3333333333333333,1.0,0.0001,1.0,0.01,0.01,0.01
856,10.0,0.7,0.6,0.0,0.1,0.0,1.0,0.0001,0.0,0.0,1.0,1.3333333333333333,1.0,0.0001,1.0,0.01,0.01,0.01
857,10.0,0.8,0.6,0.0,0.1,0.0,1.0,0.0001,0.0,0.0,1.0,1.3333333333333333,1.0,0.0001,1.0,0.01,0.01,0.01
858,10.0,0.9,0.6,0.0,0.1,0.0,1.0,0.0001,0.0,0.0,1.0,1.3333333333333333,1.0,0.0001,1.0,0.01,0.01,0.01
859,10.0,1.0,0.6,0.0,0.1,0.0,1.0,0.0001,0.0,0.0,1.0,1.3333333333333333,1.0,0.0001,1.0,0.01,0.01,0.01
860,10.0,1.1,0.6,0.0,0.1,0.0,1.0,0.0001,0.0,0.0,1.0,1.3333333333333333,1.0,0.0001,1.0,0.01,0.01,0.01
861,10.0,1.2,0.6,0.0,0.1,0.0,1.0,0.0001,0.0,0.0,1.0,1.3333333333333333,1.0,0.0001,1.0,0.01,0.01,0.01
862,10.0,1.3,0.6,0.0,0.1,0.0,1.0,0.0001,0.0,0.0,1.0,1.3333333333333333,1.0,0.0001,1.0,0.01,0.01,0.01
863,10.0,1.4,0.6,0.0,0.1,0.0,1.0,0.0001,0.0,0.0,1.0,1.3333333333333333,1.0,0.0001,1.0,0.01,0.01,0.01
864,10.0,1.5,0.6,0.0,0.1,0.0,1.0,0.0001,0.0,0.0,1.0,1.3333333333333333,1.0,0.0001,1.0,0.01,0.01,0.01
865,10.0,0.4,0.6,0.0,0.1,0.0,1.0,0.0001,0.0,0.0,2.0,2.6666666666666665,1.0,0.0001,1.0,0.01,0.01,0.01
866,10.0,0.5,0.6,0.0,0.1,0.0,1.0,0.0001,0.0,0.0,2.0,2.6666666666666665,1.0,0.0001,1.0,0.01,0.01,0.01
867,10.0,0.6,0.6,0.0,0.1,0.0,1.0,0.0001,0.0,0.0,2.0,2.6666666666666665,1.0,0.0001,1.0,0.01,0.01,0.01
868,10.0,0.7,0.6,0.0,0.1,0.0,1.0,0.0001,0.0,0.0,2.0,2.6666666666666665,1.0,0.0001,1.0,0.01,0.01,0.01
869,10.0,0.8,0.6,0.0,0.1,0.0,1.0,0.0001,0.0,0.0,2.0,2.6666666666666665,1.0,0.0001,1.0,0.01,0.01,0.01
870,10.0,0.9,0.6,0.0,0.1,0.0,1.0,0.0001,0.0,0.0,2.0,2.6666666666666665,1.0,0.0001,1.0,0.01,0.01,0.01
871,10.0,1.0,0.6,0.0,0.1,0.0,1.0,0.0001,0.0,0.0,2.0,2.6666666666666665,1.0,0.0001,1.0,0.01,0.01,0.01
872,10.0,1.1,0.6,0.0,0.1,0.0,1.0,0.0001,0.0,0.0,2.0,2.6666666666666665,1.0,0.0001,1.0,0.01,0.01,0.01
873,10.0,1.2,0.6,0.0,0.1,0.0,1.0,0.0001,0.0,0.0,2.0,2.6666666666666665,1.0,0.0001,1.0,0.01,0.01,0.01
874,10.0,1.3,0.6,0.0,0.1,0.0,1.0,0.0001,0.0,0.0,2.0,2.6666666666666665,1.0,0.0001,1.0,0.01,0.01,0.01
875,10.0,1.4,0.6,0.0,0.1,0.0,1.0,0.0001,0.0,0.0,2.0,2.6666666666666665,1.0,0.0001,1.0,0.01,0.01,0.01
876,10.0,1.5,0.6,0.0,0.1,0.0,1.0,0.0001,0.0,0.0,2.0,2.6666666666666665,1.0,0.0001,1.0,0.01,0.01,0.01
877,10.0,0.4,0.6,0.0,0.1,0.0,1.0,0.0001,0.0,0.0,4.0,5.333333333333333,1.0,0.0001,1.0,0.01,0.01,0.01
878,10.0,0.5,0.6,0.0,0.1,0.0,1.0,0.0001,0.0,0.0,4.0,5.333333333333333,1.0,0.0001,1.0,0.01,0.01,0.01
879,10.0,0.6,0.6,0.0,0.1,0.0,1.0,0.0001,0.0,0.0,4.0,5.333333333333333,1.0,0.0001,1.0,0.01,0.01,0.01
880,10.0,0.7,0.6,0.0,0.1,0.0,1.0,0.0001,0.0,0.0,4.0,5.333333333333333,1.0,0.0001,1.0,0.01,0.01,0.01
881,10.0,0.8,0.6,0.0,0.1,0.0,1.0,0.0001,0.0,0.0,4.0,5.333333333333333,1.0,0.0001,1.0,0.01,0.01,0.01
882,10.0,0.9,0.6,0.0,0.1,0.0,1.0,0.0001,0.0,0.0,4.0,5.333333333333333,1.0,0.0001,1.0,0.01,0.01,0.01
883,10.0,1.0,0.6,0.0,0.1,0.0,1.0,0.0001,0.0,0.0,4.0,5.333333333333333,1.0,0.0001,1.0,0.01,0.01,0.01
884,10.0,1.1,0.6,0.0,0.1,0.0,1.0,0.0001,0.0,0.0,4.0,5.333333333333333,1.0,0.0001,1.0,0.01,0.01,0.01
885,10.0,1.2,0.6,0.0,0.1,0.0,1.0,0.0001,0.0,0.0,4.0,5.333333333333333,1.0,0.0001,1.0,0.01,0.01,0.01
886,10.0,1.3,0.6,0.0,0.1,0.0,1.0,0.0001,0.0,0.0,4.0,5.333333333333333,1.0,0.0001,1.0,0.01,0.01,0.01
887,10.0,1.4,0.6,0.0,0.1,0.0,1.0,0.0001,0.0,0.0,4.0,5.333333333333333,1.0,0.0001,1.0,0.01,0.01,0.01
888,10.0,1.5,0.6,0.0,0.1,0.0,1.0,0.0001,0.0,0.0,4.0,5.333333333333333,1.0,0.0001,1.0,0.01,0.01,0.01
889,10.0,0.4,0.6,0.0,0.1,0.0,1.0,0.0001,0.0,0.0,6.0,8.0,1.0,0.0001,1.0,0.01,0.01,0.01
890,10.0,0.5,0.6,0.0,0.1,0.0,1.0,0.0001,0.0,0.0,6.0,8.0,1.0,0.0001,1.0,0.01,0.01,0.01
891,10.0,0.6,0.6,0.0,0.1,0.0,1.0,0.0001,0.0,0.0,6.0,8.0,1.0,0.0001,1.0,0.01,0.01,0.01
892,10.0,0.7,0.6,0.0,0.1,0.0,1.0,0.0001,0.0,0.0,6.0,8.0,1.0,0.0001,1.0,0.01,0.01,0.01
893,10.0,0.8,0.6,0.0,0.1,0.0,1.0,0.0001,0.0,0.0,6.0,8.0,1.0,0.0001,1.0,0.01,0.01,0.01
894,10.0,0.9,0.6,0.0,0.1,0.0,1.0,0.0001,0.0,0.0,6.0,8.0,1.0,0.0001,1.0,0.01,0.01,0.01
895,10.0,1.0,0.6,0.0,0.1,0.0,1.0,0.0001,0.0,0.0,6.0,8.0,1.0,0.0001,1.0,0.01,0.01,0.01
896,10.0,1.1,0.6,0.0,0.1,0.0,1.0,0.0001,0.0,0.0,6.0,8.0,1.0,0.0001,1.0,0.01,0.01,0.01
897,10.0,1.2,0.6,0.0,0.1,0.0,1.0,0.0001,0.0,0.0,6.0,8.0,1.0,0.0001,1.0,0.01,0.01,0.01
898,10.0,1.3,0.6,0.0,0.1,0.0,1.0,0.0001,0.0,0.0,6.0,8.0,1.0,0.0001,1.0,0.01,0.01,0.01
899,10.0,1.4,0.6,0.0,0.1,0.0,1.0,0.0001,0.0,0.0,6.0,8.0,1.0,0.0001,1.0,0.01,0.01,0.01
900,10.0,1.5,0.6,0.0,0.1,0.0,1.0,0.0001,0.0,0.0,6.0,8.0,1.0,0.0001,1.0,0.01,0.01,0.01
901,10.0,0.4,0.6,0.0,0.1,0.0,1.0,0.0001,0.0,0.0,8.0,10.666666666666666,1.0,0.0001,1.0,0.01,0.01,0.01
902,10.0,0.5,0.6,0.0,0.1,0.0,1.0,0.0001,0.0,0.0,8.0,10.666666666666666,1.0,0.0001,1.0,0.01,0.01,0.01
903,10.0,0.6,0.6,0.0,0.1,0.0,1.0,0.0001,0.0,0.0,8.0,10.666666666666666,1.0,0.0001,1.0,0.01,0.01,0.01
904,10.0,0.7,0.6,0.0,0.1,0.0,1.0,0.0001,0.0,0.0,8.0,10.666666666666666,1.0,0.0001,1.0,0.01,0.01,0.01
905,10.0,0.8,0.6,0.0,0.1,0.0,1.0,0.0001,0.0,0.0,8.0,10.666666666666666,1.0,0.0001,1.0,0.01,0.01,0.01
906,10.0,0.9,0.6,0.0,0.1,0.0,1.0,0.0001,0.0,0.0,8.0,10.666666666666666,1.0,0.0001,1.0,0.01,0.01,0.01
907,10.0,1.0,0.6,0.0,0.1,0.0,1.0,0.0001,0.0,0.0,8.0,10.666666666666666,1.0,0.0001,1.0,0.01,0.01,0.01
908,10.0,1.1,0.6,0.0,0.1,0.0,1.0,0.0001,0.0,0.0,8.0,10.666666666666666,1.0,0.0001,1.0,0.01,0.01,0.01
909,10.0,1.2,0.6,0.0,0.1,0.0,1.0,0.0001,0.0,0.0,8.0,10.666666666666666,1.0,0.0001,1.0,0.01,0.01,0.01
910,10.0,1.3,0.6,0.0,0.1,0.0,1.0,0.0001,0.0,0.0,8.0,10.666666666666666,1.0,0.0001,1.0,0.01,0.01,0.01
911,10.0,1.4,0.6,0.0,0.1,0.0,1.0,0.0001,0.0,0.0,8.0,10.666666666666666,1.0,0.0001,1.0,0.01,0.01,0.01
912,10.0,1.5,0.6,0.0,0.1,0.0,1.0,0.0001,0.0,0.0,8.0,10.666666666666666,1.0,0.0001,1.0,0.01,0.01,0.01
913,10.0,0.4,0.6,0.0,0.1,0.0,1.0,0.0001,0.0,0.0,10.0,13.333333333333334,1.0,0.0001,1.0,0.01,0.01,0.01
914,10.0,0.5,0.6,0.0,0.1,0.0,1.0,0.0001,0.0,0.0,10.0,13.333333333333334,1.0,0.0001,1.0,0.01,0.01,0.01
915,10.0,0.6,0.6,0.0,0.1,0.0,1.0,0.0001,0.0,0.0,10.0,13.333333333333334,1.0,0.0001,1.0,0.01,0.01,0.01
916,10.0,0.7,0.6,0.0,0.1,0.0,1.0,0.0001,0.0,0.0,10.0,13.333333333333334,1.0,0.0001,1.0,0.01,0.01,0.01
917,10.0,0.8,0.6,0.0,0.1,0.0,1.0,0.0001,0.0,0.0,10.0,13.333333333333334,1.0,0.0001,1.0,0.01,0.01,0.01
918,10.0,0.9,0.6,0.0,0.1,0.0,1.0,0.0001,0.0,0.0,10.0,13.333333333333334,1.0,0.0001,1.0,0.01,0.01,0.01
919,10.0,1.0,0.6,0.0,0.1,0.0,1.0,0.0001,0.0,0.0,10.0,13.333333333333334,1.0,0.0001,1.0,0.01,0.01,0.01
920,10.0,1.1,0.6,0.0,0.1,0.0,1.0,0.0001,0.0,0.0,10.0,13.333333333333334,1.0,0.0001,1.0,0.01,0.01,0.01
921,10.0,1.2,0.6,0.0,0.1,0.0,1.0,0.0001,0.0,0.0,10.0,13.333333333333334,1.0,0.0001,1.0,0.01,0.01,0.01
922,10.0,1.3,0.6,0.0,0.1,0.0,1.0,0.0001,0.0,0.0,10.0,13.333333333333334,1.0,0.0001,1.0,0.01,0.01,0.01
923,10.0,1.4,0.6,0.0,0.1,0.0,1.0,0.0001,0.0,0.0,10.0,13.333333333333334,1.0,0.0001,1.0,0.01,0.01,0.01
924,10.0,1.5,0.6,0.0,0.1,0.0,1.0,0.0001,0.0,0.0,10.0,13.333333333333334,1.0,0.0001,1.0,0.01,0.01,0.01
925,10.0,0.4,0.6,0.0,0.1,0.0,1.0,0.0001,0.0,0.0,12.0,16.0,1.0,0.0001,1.0,0.01,0.01,0.01
926,10.0,0.5,0.6,0.0,0.1,0.0,1.0,0.0001,0.0,0.0,12.0,16.0,1.0,0.0001,1.0,0.01,0.01,0.01
927,10.0,0.6,0.6,0.0,0.1,0.0,1.0,0.0001,0.0,0.0,12.0,16.0,1.0,0.0001,1.0,0.01,0.01,0.01
928,10.0,0.7,0.6,0.0,0.1,0.0,1.0,0.0001,0.0,0.0,12.0,16.0,1.0,0.0001,1.0,0.01,0.01,0.01
929,10.0,0.8,0.6,0.0,0.1,0.0,1.0,0.0001,0.0,0.0,12.0,16.0,1.0,0.0001,1.0,0.01,0.01,0.01
930,10.0,0.9,0.6,0.0,0.1,0.0,1.0,0.0001,0.0,0.0,12.0,16.0,1.0,0.0001,1.0,0.01,0.01,0.01
931,10.0,1.0,0.6,0.0,0.1,0.0,1.0,0.0001,0.0,0.0,12.0,16.0,1.0,0.0001,1.0,0.01,0.01,0.01
932,10.0,1.1,0.6,0.0,0.1,0.0,1.0,0.0001,0.0,0.0,12.0,16.0,1.0,0.0001,1.0,0.01,0.01,0.01
933,10.0,1.2,0.6,0.0,0.1,0.0,1.0,0.0001,0.0,0.0,12.0,16.0,1.0,0.0001,1.0,0.01,0.01,0.01
934,10.0,1.3,0.6,0.0,0.1,0.0,1.0,0.0001,0.0,0.0,12.0,16.0,1.0,0.0001,1.0,0.01,0.01,0.01
935,10.0,1.4,0.6,0.0,0.1,0.0,1.0,0.0001,0.0,0.0,12.0,16.0,1.0,0.0001,1.0,0.01,0.01,0.01
936,10.0,1.5,0.6,0.0,0.1,0.0,1.0,0.0001,0.0,0.0,12.0,16.0,1.0,0.0001,1.0,0.01,0.01,0.01
937,10.0,0.4,0.6,0.0,0.1,0.0,1.0,0.0001,0.0,0.0,14.0,18.666666666666668,1.0,0.0001,1.0,0.01,0.01,0.01
938,10.0,0.5,0.6,0.0,0.1,0.0,1.0,0.0001,0.0,0.0,14.0,18.666666666666668,1.0,0.0001,1.0,0.01,0.01,0.01
939,10.0,0.6,0.6,0.0,0.1,0.0,1.0,0.0001,0.0,0.0,14.0,18.666666666666668,1.0,0.0001,1.0,0.01,0.01,0.01
940,10.0,0.7,0.6,0.0,0.1,0.0,1.0,0.0001,0.0,0.0,14.0,18.666666666666668,1.0,0.0001,1.0,0.01,0.01,0.01
941,10.0,0.8,0.6,0.0,0.1,0.0,1.0,0.0001,0.0,0.0,14.0,18.666666666666668,1.0,0.0001,1.0,0.01,0.01,0.01
942,10.0,0.9,0.6,0.0,0.1,0.0,1.0,0.0001,0.0,0.0,14.0,18.666666666666668,1.0,0.0001,1.0,0.01,0.01,0.01
943,10.0,1.0,0.6,0.0,0.1,0.0,1.0,0.0001,0.0,0.0,14.0,18.666666666666668,1.0,0.0001,1.0,0.01,0.01,0.01
944,10.0,1.1,0.6,0.0,0.1,0.0,1.0,0.0001,0.0,0.0,14.0,18.666666666666668,1.0,0.0001,1.0,0.01,0.01,0.01
945,10.0,1.2,0.6,0.0,0.1,0.0,1.0,0.0001,0.0,0.0,14.0,18.666666666666668,1.0,0.0001,1.0,0.01,0.01,0.01
946,10.0,1.3,0.6,0.0,0.1,0.0,1.0,0.0001,0.0,0.0,14.0,18.666666666666668,1.0,0.0001,1.0,0.01,0.01,0.01
947,10.0,1.4,0.6,0.0,0.1,0.0,1.0,0.0001,0.0,0.0,14.0,18.666666666666668,1.0,0.0001,1.0,0.01,0.01,0.01
948,10.0,1.5,0.6,0.0,0.1,0.0,1.0,0.0001,0.0,0.0,14.0,18.666666666666668,1.0,0.0001,1.0,0.01,0.01,0.01
949,10.0,0.4,0.6,0.0,0.1,0.0,1.0,0.0001,0.0,0.0,16.0,21.333333333333332,1.0,0.0001,1.0,0.01,0.01,0.01
950,10.0,0.5,0.6,0.0,0.1,0.0,1.0,0.0001,0.0,0.0,16.0,21.333333333333332,1.0,0.0001,1.0,0.01,0.01,0.01
951,10.0,0.6,0.6,0.0,0.1,0.0,1.0,0.0001,0.0,0.0,16.0,21.333333333333332,1.0,0.0001,1.0,0.01,0.01,0.01
952,10.0,0.7,0.6,0.0,0.1,0.0,1.0,0.0001,0.0,0.0,16.0,21.333333333333332,1.0,0.0001,1.0,0.01,0.01,0.01
953,10.0,0.8,0.6,0.0,0.1,0.0,1.0,0.0001,0.0,0.0,16.0,21.333333333333332,1.0,0.0001,1.0,0.01,0.01,0.01
954,10.0,0.9,0.6,0.0,0.1,0.0,1.0,0.0001,0.0,0.0,16.0,21.333333333333332,1.0,0.0001,1.0,0.01,0.01,0.01
955,10.0,1.0,0.6,0.0,0.1,0.0,1.0,0.0001,0.0,0.0,16.0,21.333333333333332,1.0,0.0001,1.0,0.01,0.01,0.01
956,10.0,1.1,0.6,0.0,0.1,0.0,1.0,0.0001,0.0,0.0,16.0,21.333333333333332,1.0,0.0001,1.0,0.01,0.01,0.01
957,10.0,1.2,0.6,0.0,0.1,0.0,1.0,0.0001,0.0,0.0,16.0,21.333333333333332,1.0,0.0001,1.0,0.01,0.01,0.01
958,10.0,1.3,0.6,0.0,0.1,0.0,1.0,0.0001,0.0,0.0,16.0,21.333333333333332,1.0,0.0001,1.0,0.01,0.01,0.01
959,10.0,1.4,0.6,0.0,0.1,0.0,1.0,0.0001,0.0,0.0,16.0,21.333333333333332,1.0,0.0001,1.0,0.01,0.01,0.01
960,10.0,1.5,0.6,0.0,0.1,0.0,1.0,0.0001,0.0,0.0,16.0,21.333333333333332,1.0,0.0001,1.0,0.01,0.01,0.01
961,10.0,0.4,0.6,0.0,0.1,0.0,1.0,0.0001,0.0,0.0,18.0,24.0,1.0,0.0001,1.0,0.01,0.01,0.01
962,10.0,0.5,0.6,0.0,0.1,0.0,1.0,0.0001,0.0,0.0,18.0,24.0,1.0,0.0001,1.0,0.01,0.01,0.01
963,10.0,0.6,0.6,0.0,0.1,0.0,1.0,0.0001,0.0,0.0,18.0,24.0,1.0,0.0001,1.0,0.01,0.01,0.01
964,10.0,0.7,0.6,0.0,0.1,0.0,1.0,0.0001,0.0,0.0,18.0,24.0,1.0,0.0001,1.0,0.01,0.01,0.01
965,10.0,0.8,0.6,0.0,0.1,0.0,1.0,0.0001,0.0,0.0,18.0,24.0,1.0,0.0001,1.0,0.01,0.01,0.01
966,10.0,0.9,0.6,0.0,0.1,0.0,1.0,0.0001,0.0,0.0,18.0,24.0,1.0,0.0001,1.0,0.01,0.01,0.01
967,10.0,1.0,0.6,0.0,0.1,0.0,1.0,0.0001,0.0,0.0,18.0,24.0,1.0,0.0001,1.0,0.01,0.01,0.01
968,10.0,1.1,0.6,0.0,0.1,0.0,1.0,0.0001,0.0,0.0,18.0,24.0,1.0,0.0001,1.0,0.01,0.01,0.01
969,10.0,1.2,0.6,0.0,0.1,0.0,1.0,0.0001,0.0,0.0,18.0,24.0,1.0,0.0001,1.0,0.01,0.01,0.01
970,10.0,1.3,0.6,0.0,0.1,0.0,1.0,0.0001,0.0,0.0,18.0,24.0,1.0,0.0001,1.0,0.01,0.01,0.01
971,10.0,1.4,0.6,0.0,0.1,0.0,1.0,0.0001,0.0,0.0,18.0,24.0,1.0,0.0001,1.0,0.01,0.01,0.01
972,10.0,1.5,0.6,0.0,0.1,0.0,1.0,0.0001,0.0,0.0,18.0,24.0,1.0,0.0001,1.0,0.01,0.01,0.01
973,10.0,0.4,0.6,0.0,0.1,0.0,1.0,0.0001,0.0,0.0,20.0,26.666666666666668,1.0,0.0001,1.0,0.01,0.01,0.01
974,10.0,0.5,0.6,0.0,0.1,0.0,1.0,0.0001,0.0,0.0,20.0,26.666666666666668,1.0,0.0001,1.0,0.01,0.01,0.01
975,10.0,0.6,0.6,0.0,0.1,0.0,1.0,0.0001,0.0,0.0,20.0,26.666666666666668,1.0,0.0001,1.0,0.01,0.01,0.01
976,10.0,0.7,0.6,0.0,0.1,0.0,1.0,0.0001,0.0,0.0,20.0,26.666666666666668,1.0,0.0001,1.0,0.01,0.01,0.01
977,10.0,0.8,0.6,0.0,0.1,0.0,1.0,0.0001,0.0,0.0,20.0,26.666666666666668,1.0,0.0001,1.0,0.01,0.01,0.01
978,10.0,0.9,0.6,0.0,0.1,0.0,1.0,0.0001,0.0,0.0,20.0,26.666666666666668,1.0,0.0001,1.0,0.01,0.01,0.01
979,10.0,1.0,0.6,0.0,0.1,0.0,1.0,0.0001,0.0,0.0,20.0,26.666666666666668,1.0,0.0001,1.0,0.01,0.01,0.01
980,10.0,1.1,0.6,0.0,0.1,0.0,1.0,0.0001,0.0,0.0,20.0,26.666666666666668,1.0,0.0001,1.0,0.01,0.01,0.01
981,10.0,1.2,0.6,0.0,0.1,0.0,1.0,0.0001,0.0,0.0,20.0,26.666666666666668,1.0,0.0001,1.0,0.01,0.01,0.01
982,10.0,1.3,0.6,0.0,0.1,0.0,1.0,0.0001,0.0,0.0,20.0,26.666666666666668,1.0,0.0001,1.0,0.01,0.01,0.01
983,10.0,1.4,0.6,0.0,0.1,0.0,1.0,0.0001,0.0,0.0,20.0,26.666666666666668,1.0,0.0001,1.0,0.01,0.01,0.01
984,10.0,1.5,0.6,0.0,0.1,0.0,1.0,0.0001,0.0,0.0,20.0,26.666666666666668,1.0,0.0001,1.0,0.01,0.01,0.01
985,10.0,0.4,0.6,0.0,0.1,0.0,1.0,0.0001,0.0,0.0,22.0,29.333333333333332,1.0,0.0001,1.0,0.01,0.01,0.01
986,10.0,0.5,0.6,0.0,0.1,0.0,1.0,0.0001,0.0,0.0,22.0,29.333333333333332,1.0,0.0001,1.0,0.01,0.01,0.01
987,10.0,0.6,0.6,0.0,0.1,0.0,1.0,0.0001,0.0,0.0,22.0,29.333333333333332,1.0,0.0001,1.0,0.01,0.01,0.01
988,10.0,0.7,0.6,0.0,0.1,0.0,1.0,0.0001,0.0,0.0,22.0,29.333333333333332,1.0,0.0001,1.0,0.01,0.01,0.01
989,10.0,0.8,0.6,0.0,0.1,0.0,1.0,0.0001,0.0,0.0,22.0,29.333333333333332,1.0,0.0001,1.0,0.01,0.01,0.01
990,10.0,0.9,0.6,0.0,0.1,0.0,1.0,0.0001,0.0,0.0,22.0,29.333333333333332,1.0,0.0001,1.0,0.01,0.01,0.01
991,10.0,1.0,0.6,0.0,0.1,0.0,1.0,0.0001,0.0,0.0,22.0,29.333333333333332,1.0,0.0001,1.0,0.01,0.01,0.01
992,10.0,1.1,0.6,0.0,0.1,0.0,1.0,0.0001,0.0,0.0,22.0,29.333333333333332,1.0,0.0001,1.0,0.01,0.01,0.01
993,10.0,1.2,0.6,0.0,0.1,0.0,1.0,0.0001,0.0,0.0,22.0,29.333333333333332,1.0,0.0001,1.0,0.01,0.01,0.01
994,10.0,1.3,0.6,0.0,0.1,0.0,1.0,0.0001,0.0,0.0,22.0,29.333333333333332,1.0,0.0001,1.0,0.01,0.01,0.01
995,10.0,1.4,0.6,0.0,0.1,0.0,1.0,0.0001,0.0,0.0,22.0,29.333333333333332,1.0,0.0001,1.0,0.01,0.01,0.01
996,10.0,1.5,0.6,0.0,0.1,0.0,1.0,0.0001,0.0,0.0,22.0,29.333333333333332,1.0,0.0001,1.0,0.01,0.01,0.01
997,10.0,0.4,0.6,0.0,0.1,0.0,1.0,0.0001,0.0,0.0,24.0,32.0,1.0,0.0001,1.0,0.01,0.01,0.01
998,10.0,0.5,0.6,0.0,0.1,0.0,1.0,0.0001,0.0,0.0,24.0,32.0,1.0,0.0001,1.0,0.01,0.01,0.01
999,10.0,0.6,0.6,0.0,0.1,0.0,1.0,0.0001,0.0,0.0,24.0,32.0,1.0,0.0001,1.0,0.01,0.01,0.01
1000,10.0,0.7,0.6,0.0,0.1,0.0,1.0,0.0001,0.0,0.0,24.0,32.0,1.0,0.0001,1.0,0.01,0.01,0.01
1001,10.0,0.8,0.6,0.0,0.1,0.0,1.0,0.0001,0.0,0.0,24.0,32.0,1.0,0.0001,1.0,0.01,0.01,0.01
1002,10.0,0.9,0.6,0.0,0.1,0.0,1.0,0.0001,0.0,0.0,24.0,32.0,1.0,0.0001,1.0,0.01,0.01,0.01
1003,10.0,1.0,0.6,0.0,0.1,0.0,1.0,0.0001,0.0,0.0,24.0,32.0,1.0,0.0001,1.0,0.01,0.01,0.01
1004,10.0,1.1,0.6,0.0,0.1,0.0,1.0,0.0001,0.0,0.0,24.0,32.0,1.0,0.0001,1.0,0.01,0.01,0.01
1005,10.0,1.2,0.6,0.0,0.1,0.0,1.0,0.0001,0.0,0.0,24.0,32.0,1.0,0.0001,1.0,0.01,0.01,0.01
1006,10.0,1.3,0.6,0.0,0.1,0.0,1.0,0.0001,0.0,0.0,24.0,32.0,1.0,0.0001,1.0,0.01,0.01,0.01
1007,10.0,1.4,0.6,0.0,0.1,0.0,1.0,0.0001,0.0,0.0,24.0,32.0,1.0,0.0001,1.0,0.01,0.01,0.01
1008,10.0,1.5,0.6,0.0,0.1,0.0,1.0,0.0001,0.0,0.0,24.0,32.0,1.0,0.0001,1.0,0.01,0.01,0.01
1009,10.0,0.4,0.4,0.0,0.1,0.0,1.0,0.0001,0.0,0.0,0.0,1.3333333333333333,1.0,0.0001,1.0,0.01,0.01,0.01
1010,10.0,0.5,0.4,0.0,0.1,0.0,1.0,0.0001,0.0,0.0,0.0,1.3333333333333333,1.0,0.0001,1.0,0.01,0.01,0.01
1011,10.0,0.6,0.4,0.0,0.1,0.0,1.0,0.0001,0.0,0.0,0.0,1.3333333333333333,1.0,0.0001,1.0,0.01,0.01,0.01
1012,10.0,0.7,0.4,0.0,0.1,0.0,1.0,0.0001,0.0,0.0,0.0,1.3333333333333333,1.0,0.0001,1.0,0.01,0.01,0.01
1013,10.0,0.8,0.4,0.0,0.1,0.0,1.0,0.0001,0.0,0.0,0.0,1.3333333333333333,1.0,0.0001,1.0,0.01,0.01,0.01
1014,10.0,0.9,0.4,0.0,0.1,0.0,1.0,0.0001,0.0,0.0,0.0,1.3333333333333333,1.0,0.0001,1.0,0.01,0.01,0.01
1015,10.0,1.0,0.4,0.0,0.1,0.0,1.0,0.0001,0.0,0.0,0.0,1.3333333333333333,1.0,0.0001,1.0,0.01,0.01,0.01
1016,10.0,1.1,0.4,0.0,0.1,0.0,1.0,0.0001,0.0,0.0,0.0,1.3333333333333333,1.0,0.0001,1.0,0.01,0.01,0.01
1017,10.0,1.2,0.4,0.0,0.1,0.0,1.0,0.0001,0.0,0.0,0.0,1.3333333333333333,1.0,0.0001,1.0,0.01,0.01,0.01
1018,10.0,1.3,0.4,0.0,0.1,0.0,1.0,0.0001,0.0,0.0,0.0,1.3333333333333333,1.0,0.0001,1.0,0.01,0.01,0.01
1019,10.0,1.4,0.4,0.0,0.1,0.0,1.0,0.0001,0.0,0.0,0.0,1.3333333333333333,1.0,0.0001,1.0,0.01,0.01,0.01
1020,10.0,1.5,0.4,0.0,0.1,0.0,1.0,0.0001,0.0,0.0,0.0,1.3333333333333333,1.0,0.0001,1.0,0.01,0.01,0.01
1021,10.0,0.4,0.4,0.0,0.1,0.0,1.0,0.0001,0.0,0.0,1.0,1.3333333333333333,1.0,0.0001,1.0,0.01,0.01,0.01
1022,10.0,0.5,0.4,0.0,0.1,0.0,1.0,0.0001,0.0,0.0,1.0,1.3333333333333333,1.0,0.0001,1.0,0.01,0.01,0.01
1023,10.0,0.6,0.4,0.0,0.1,0.0,1.0,0.0001,0.0,0.0,1.0,1.3333333333333333,1.0,0.0001,1.0,0.01,0.01,0.01
1024,10.0,0.7,0.4,0.0,0.1,0.0,1.0,0.0001,0.0,0.0,1.0,1.3333333333333333,1.0,0.0001,1.0,0.01,0.01,0.01
1025,10.0,0.8,0.4,0.0,0.1,0.0,1.0,0.0001,0.0,0.0,1.0,1.3333333333333333,1.0,0.0001,1.0,0.01,0.01,0.01
1026,10.0,0.9,0.4,0.0,0.1,0.0,1.0,0.0001,0.0,0.0,1.0,1.3333333333333333,1.0,0.0001,1.0,0.01,0.01,0.01
1027,10.0,1.0,0.4,0.0,0.1,0.0,1.0,0.0001,0.0,0.0,1.0,1.3333333333333333,1.0,0.0001,1.0,0.01,0.01,0.01
1028,10.0,1.1,0.4,0.0,0.1,0.0,1.0,0.0001,0.0,0.0,1.0,1.3333333333333333,1.0,0.0001,1.0,0.01,0.01,0.01
1029,10.0,1.2,0.4,0.0,0.1,0.0,1.0,0.0001,0.0,0.0,1.0,1.3333333333333333,1.0,0.0001,1.0,0.01,0.01,0.01
1030,10.0,1.3,0.4,0.0,0.1,0.0,1.0,0.0001,0.0,0.0,1.0,1.3333333333333333,1.0,0.0001,1.0,0.01,0.01,0.01
1031,10.0,1.4,0.4,0.0,0.1,0.0,1.0,0.0001,0.0,0.0,1.0,1.3333333333333333,1.0,0.0001,1.0,0.01,0.01,0.01
1032,10.0,1.5,0.4,0.0,0.1,0.0,1.0,0.0001,0.0,0.0,1.0,1.3333333333333333,1.0,0.0001,1.0,0.01,0.01,0.01
1033,10.0,0.4,0.4,0.0,0.1,0.0,1.0,0.0001,0.0,0.0,2.0,2.6666666666666665,1.0,0.0001,1.0,0.01,0.01,0.01
1034,10.0,0.5,0.4,0.0,0.1,0.0,1.0,0.0001,0.0,0.0,2.0,2.6666666666666665,1.0,0.0001,1.0,0.01,0.01,0.01
1035,10.0,0.6,0.4,0.0,0.1,0.0,1.0,0.0001,0.0,0.0,2.0,2.6666666666666665,1.0,0.0001,1.0,0.01,0.01,0.01
1036,10.0,0.7,0.4,0.0,0.1,0.0,1.0,0.0001,0.0,0.0,2.0,2.6666666666666665,1.0,0.0001,1.0,0.01,0.01,0.01
1037,10.0,0.8,0.4,0.0,0.1,0.0,1.0,0.0001,0.0,0.0,2.0,2.6666666666666665,1.0,0.0001,1.0,0.01,0.01,0.01
1038,10.0,0.9,0.4,0.0,0.1,0.0,1.0,0.0001,0.0,0.0,2.0,2.6666666666666665,1.0,0.0001,1.0,0.01,0.01,0.01
1039,10.0,1.0,0.4,0.0,0.1,0.0,1.0,0.0001,0.0,0.0,2.0,2.6666666666666665,1.0,0.0001,1.0,0.01,0.01,0.01
1040,10.0,1.1,0.4,0.0,0.1,0.0,1.0,0.0001,0.0,0.0,2.0,2.6666666666666665,1.0,0.0001,1.0,0.01,0.01,0.01
1041,10.0,1.2,0.4,0.0,0.1,0.0,1.0,0.0001,0.0,0.0,2.0,2.6666666666666665,1.0,0.0001,1.0,0.01,0.01,0.01
1042,10.0,1.3,0.4,0.0,0.1,0.0,1.0,0.0001,0.0,0.0,2.0,2.6666666666666665,1.0,0.0001,1.0,0.01,0.01,0.01
1043,10.0,1.4,0.4,0.0,0.1,0.0,1.0,0.0001,0.0,0.0,2.0,2.6666666666666665,1.0,0.0001,1.0,0.01,0.01,0.01
1044,10.0,1.5,0.4,0.0,0.1,0.0,1.0,0.0001,0.0,0.0,2.0,2.6666666666666665,1.0,0.0001,1.0,0.01,0.01,0.01
1045,10.0,0.4,0.4,0.0,0.1,0.0,1.0,0.0001,0.0,0.0,4.0,5.333333333333333,1.0,0.0001,1.0,0.01,0.01,0.01
1046,10.0,0.5,0.4,0.0,0.1,0.0,1.0,0.0001,0.0,0.0,4.0,5.333333333333333,1.0,0.0001,1.0,0.01,0.01,0.01
1047,10.0,0.6,0.4,0.0,0.1,0.0,1.0,0.0001,0.0,0.0,4.0,5.333333333333333,1.0,0.0001,1.0,0.01,0.01,0.01
1048,10.0,0.7,0.4,0.0,0.1,0.0,1.0,0.0001,0.0,0.0,4.0,5.333333333333333,1.0,0.0001,1.0,0.01,0.01,0.01
1049,10.0,0.8,0.4,0.0,0.1,0.0,1.0,0.0001,0.0,0.0,4.0,5.333333333333333,1.0,0.0001,1.0,0.01,0.01,0.01
1050,10.0,0.9,0.4,0.0,0.1,0.0,1.0,0.0001,0.0,0.0,4.0,5.333333333333333,1.0,0.0001,1.0,0.01,0.01,0.01
1051,10.0,1.0,0.4,0.0,0.1,0.0,1.0,0.0001,0.0,0.0,4.0,5.333333333333333,1.0,0.0001,1.0,0.01,0.01,0.01
1052,10.0,1.1,0.4,0.0,0.1,0.0,1.0,0.0001,0.0,0.0,4.0,5.333333333333333,1.0,0.0001,1.0,0.01,0.01,0.01
1053,10.0,1.2,0.4,0.0,0.1,0.0,1.0,0.0001,0.0,0.0,4.0,5.333333333333333,1.0,0.0001,1.0,0.01,0.01,0.01
1054,10.0,1.3,0.4,0.0,0.1,0.0,1.0,0.0001,0.0,0.0,4.0,5.333333333333333,1.0,0.0001,1.0,0.01,0.01,0.01
1055,10.0,1.4,0.4,0.0,0.1,0.0,1.0,0.0001,0.0,0.0,4.0,5.333333333333333,1.0,0.0001,1.0,0.01,0.01,0.01
1056,10.0,1.5,0.4,0.0,0.1,0.0,1.0,0.0001,0.0,0.0,4.0,5.333333333333333,1.0,0.0001,1.0,0.01,0.01,0.01
1057,10.0,0.4,0.4,0.0,0.1,0.0,1.0,0.0001,0.0,0.0,6.0,8.0,1.0,0.0001,1.0,0.01,0.01,0.01
1058,10.0,0.5,0.4,0.0,0.1,0.0,1.0,0.0001,0.0,0.0,6.0,8.0,1.0,0.0001,1.0,0.01,0.01,0.01
1059,10.0,0.6,0.4,0.0,0.1,0.0,1.0,0.0001,0.0,0.0,6.0,8.0,1.0,0.0001,1.0,0.01,0.01,0.01
1060,10.0,0.7,0.4,0.0,0.1,0.0,1.0,0.0001,0.0,0.0,6.0,8.0,1.0,0.0001,1.0,0.01,0.01,0.01
1061,10.0,0.8,0.4,0.0,0.1,0.0,1.0,0.0001,0.0,0.0,6.0,8.0,1.0,0.0001,1.0,0.01,0.01,0.01
1062,10.0,0.9,0.4,0.0,0.1,0.0,1.0,0.0001,0.0,0.0,6.0,8.0,1.0,0.0001,1.0,0.01,0.01,0.01
1063,10.0,1.0,0.4,0.0,0.1,0.0,1.0,0.0001,0.0,0.0,6.0,8.0,1.0,0.0001,1.0,0.01,0.01,0.01
1064,10.0,1.1,0.4,0.0,0.1,0.0,1.0,0.0001,0.0,0.0,6.0,8.0,1.0,0.0001,1.0,0.01,0.01,0.01
1065,10.0,1.2,0.4,0.0,0.1,0.0,1.0,0.0001,0.0,0.0,6.0,8.0,1.0,0.0001,1.0,0.01,0.01,0.01
1066,10.0,1.3,0.4,0.0,0.1,0.0,1.0,0.0001,0.0,0.0,6.0,8.0,1.0,0.0001,1.0,0.01,0.01,0.01
1067,10.0,1.4,0.4,0.0,0.1,0.0,1.0,0.0001,0.0,0.0,6.0,8.0,1.0,0.0001,1.0,0.01,0.01,0.01
1068,10.0,1.5,0.4,0.0,0.1,0.0,1.0,0.0001,0.0,0.0,6.0,8.0,1.0,0.0001,1.0,0.01,0.01,0.01
1069,10.0,0.4,0.4,0.0,0.1,0.0,1.0,0.0001,0.0,0.0,8.0,10.666666666666666,1.0,0.0001,1.0,0.01,0.01,0.01
1070,10.0,0.5,0.4,0.0,0.1,0.0,1.0,0.0001,0.0,0.0,8.0,10.666666666666666,1.0,0.0001,1.0,0.01,0.01,0.01
1071,10.0,0.6,0.4,0.0,0.1,0.0,1.0,0.0001,0.0,0.0,8.0,10.666666666666666,1.0,0.0001,1.0,0.01,0.01,0.01
1072,10.0,0.7,0.4,0.0,0.1,0.0,1.0,0.0001,0.0,0.0,8.0,10.666666666666666,1.0,0.0001,1.0,0.01,0.01,0.01
1073,10.0,0.8,0.4,0.0,0.1,0.0,1.0,0.0001,0.0,0.0,8.0,10.666666666666666,1.0,0.0001,1.0,0.01,0.01,0.01
1074,10.0,0.9,0.4,0.0,0.1,0.0,1.0,0.0001,0.0,0.0,8.0,10.666666666666666,1.0,0.0001,1.0,0.01,0.01,0.01
1075,10.0,1.0,0.4,0.0,0.1,0.0,1.0,0.0001,0.0,0.0,8.0,10.666666666666666,1.0,0.0001,1.0,0.01,0.01,0.01
1076,10.0,1.1,0.4,0.0,0.1,0.0,1.0,0.0001,0.0,0.0,8.0,10.666666666666666,1.0,0.0001,1.0,0.01,0.01,0.01
1077,10.0,1.2,0.4,0.0,0.1,0.0,1.0,0.0001,0.0,0.0,8.0,10.666666666666666,1.0,0.0001,1.0,0.01,0.01,0.01
1078,10.0,1.3,0.4,0.0,0.1,0.0,1.0,0.0001,0.0,0.0,8.0,10.666666666666666,1.0,0.0001,1.0,0.01,0.01,0.01
1079,10.0,1.4,0.4,0.0,0.1,0.0,1.0,0.0001,0.0,0.0,8.0,10.666666666666666,1.0,0.0001,1.0,0.01,0.01,0.01
1080,10.0,1.5,0.4,0.0,0.1,0.0,1.0,0.0001,0.0,0.0,8.0,10.666666666666666,1.0,0.0001,1.0,0.01,0.01,0.01
1081,10.0,0.4,0.4,0.0,0.1,0.0,1.0,0.0001,0.0,0.0,10.0,13.333333333333334,1.0,0.0001,1.0,0.01,0.01,0.01
1082,10.0,0.5,0.4,0.0,0.1,0.0,1.0,0.0001,0.0,0.0,10.0,13.333333333333334,1.0,0.0001,1.0,0.01,0.01,0.01
1083,10.0,0.6,0.4,0.0,0.1,0.0,1.0,0.0001,0.0,0.0,10.0,13.333333333333334,1.0,0.0001,1.0,0.01,0.01,0.01
1084,10.0,0.7,0.4,0.0,0.1,0.0,1.0,0.0001,0.0,0.0,10.0,13.333333333333334,1.0,0.0001,1.0,0.01,0.01,0.01
1085,10.0,0.8,0.4,0.0,0.1,0.0,1.0,0.0001,0.0,0.0,10.0,13.333333333333334,1.0,0.0001,1.0,0.01,0.01,0.01
1086,10.0,0.9,0.4,0.0,0.1,0.0,1.0,0.0001,0.0,0.0,10.0,13.333333333333334,1.0,0.0001,1.0,0.01,0.01,0.01
1087,10.0,1.0,0.4,0.0,0.1,0.0,1.0,0.0001,0.0,0.0,10.0,13.333333333333334,1.0,0.0001,1.0,0.01,0.01,0.01
1088,10.0,1.1,0.4,0.0,0.1,0.0,1.0,0.0001,0.0,0.0,10.0,13.333333333333334,1.0,0.0001,1.0,0.01,0.01,0.01
1089,10.0,1.2,0.4,0.0,0.1,0.0,1.0,0.0001,0.0,0.0,10.0,13.333333333333334,1.0,0.0001,1.0,0.01,0.01,0.01
1090,10.0,1.3,0.4,0.0,0.1,0.0,1.0,0.0001,0.0,0.0,10.0,13.333333333333334,1.0,0.0001,1.0,0.01,0.01,0.01
1091,10.0,1.4,0.4,0.0,0.1,0.0,1.0,0.0001,0.0,0.0,10.0,13.333333333333334,1.0,0.0001,1.0,0.01,0.01,0.01
1092,10.0,1.5,0.4,0.0,0.1,0.0,1.0,0.0001,0.0,0.0,10.0,13.333333333333334,1.0,0.0001,1.0,0.01,0.01,0.01
1093,10.0,0.4,0.4,0.0,0.1,0.0,1.0,0.0001,0.0,0.0,12.0,16.0,1.0,0.0001,1.0,0.01,0.01,0.01
1094,10.0,0.5,0.4,0.0,0.1,0.0,1.0,0.0001,0.0,0.0,12.0,16.0,1.0,0.0001,1.0,0.01,0.01,0.01
1095,10.0,0.6,0.4,0.0,0.1,0.0,1.0,0.0001,0.0,0.0,12.0,16.0,1.0,0.0001,1.0,0.01,0.01,0.01
1096,10.0,0.7,0.4,0.0,0.1,0.0,1.0,0.0001,0.0,0.0,12.0,16.0,1.0,0.0001,1.0,0.01,0.01,0.01
1097,10.0,0.8,0.4,0.0,0.1,0.0,1.0,0.0001,0.0,0.0,12.0,16.0,1.0,0.0001,1.0,0.01,0.01,0.01
1098,10.0,0.9,0.4,0.0,0.1,0.0,1.0,0.0001,0.0,0.0,12.0,16.0,1.0,0.0001,1.0,0.01,0.01,0.01
1099,10.0,1.0,0.4,0.0,0.1,0.0,1.0,0.0001,0.0,0.0,12.0,16.0,1.0,0.0001,1.0,0.01,0.01,0.01
1100,10.0,1.1,0.4,0.0,0.1,0.0,1.0,0.0001,0.0,0.0,12.0,16.0,1.0,0.0001,1.0,0.01,0.01,0.01
1101,10.0,1.2,0.4,0.0,0.1,0.0,1.0,0.0001,0.0,0.0,12.0,16.0,1.0,0.0001,1.0,0.01,0.01,0.01
1102,10.0,1.3,0.4,0.0,0.1,0.0,1.0,0.0001,0.0,0.0,12.0,16.0,1.0,0.0001,1.0,0.01,0.01,0.01
1103,10.0,1.4,0.4,0.0,0.1,0.0,1.0,0.0001,0.0,0.0,12.0,16.0,1.0,0.0001,1.0,0.01,0.01,0.01
1104,10.0,1.5,0.4,0.0,0.1,0.0,1.0,0.0001,0.0,0.0,12.0,16.0,1.0,0.0001,1.0,0.01,0.01,0.01
1105,10.0,0.4,0.4,0.0,0.1,0.0,1.0,0.0001,0.0,0.0,14.0,18.666666666666668,1.0,0.0001,1.0,0.01,0.01,0.01
1106,10.0,0.5,0.4,0.0,0.1,0.0,1.0,0.0001,0.0,0.0,14.0,18.666666666666668,1.0,0.0001,1.0,0.01,0.01,0.01
1107,10.0,0.6,0.4,0.0,0.1,0.0,1.0,0.0001,0.0,0.0,14.0,18.666666666666668,1.0,0.0001,1.0,0.01,0.01,0.01
1108,10.0,0.7,0.4,0.0,0.1,0.0,1.0,0.0001,0.0,0.0,14.0,18.666666666666668,1.0,0.0001,1.0,0.01,0.01,0.01
1109,10.0,0.8,0.4,0.0,0.1,0.0,1.0,0.0001,0.0,0.0,14.0,18.666666666666668,1.0,0.0001,1.0,0.01,0.01,0.01
1110,10.0,0.9,0.4,0.0,0.1,0.0,1.0,0.0001,0.0,0.0,14.0,18.666666666666668,1.0,0.0001,1.0,0.01,0.01,0.01
1111,10.0,1.0,0.4,0.0,0.1,0.0,1.0,0.0001,0.0,0.0,14.0,18.666666666666668,1.0,0.0001,1.0,0.01,0.01,0.01
1112,10.0,1.1,0.4,0.0,0.1,0.0,1.0,0.0001,0.0,0.0,14.0,18.666666666666668,1.0,0.0001,1.0,0.01,0.01,0.01
1113,10.0,1.2,0.4,0.0,0.1,0.0,1.0,0.0001,0.0,0.0,14.0,18.666666666666668,1.0,0.0001,1.0,0.01,0.01,0.01
1114,10.0,1.3,0.4,0.0,0.1,0.0,1.0,0.0001,0.0,0.0,14.0,18.666666666666668,1.0,0.0001,1.0,0.01,0.01,0.01
1115,10.0,1.4,0.4,0.0,0.1,0.0,1.0,0.0001,0.0,0.0,14.0,18.666666666666668,1.0,0.0001,1.0,0.01,0.01,0.01
1116,10.0,1.5,0.4,0.0,0.1,0.0,1.0,0.0001,0.0,0.0,14.0,18.666666666666668,1.0,0.0001,1.0,0.01,0.01,0.01
1117,10.0,0.4,0.4,0.0,0.1,0.0,1.0,0.0001,0.0,0.0,16.0,21.333333333333332,1.0,0.0001,1.0,0.01,0.01,0.01
1118,10.0,0.5,0.4,0.0,0.1,0.0,1.0,0.0001,0.0,0.0,16.0,21.333333333333332,1.0,0.0001,1.0,0.01,0.01,0.01
1119,10.0,0.6,0.4,0.0,0.1,0.0,1.0,0.0001,0.0,0.0,16.0,21.333333333333332,1.0,0.0001,1.0,0.01,0.01,0.01
1120,10.0,0.7,0.4,0.0,0.1,0.0,1.0,0.0001,0.0,0.0,16.0,21.333333333333332,1.0,0.0001,1.0,0.01,0.01,0.01
1121,10.0,0.8,0.4,0.0,0.1,0.0,1.0,0.0001,0.0,0.0,16.0,21.333333333333332,1.0,0.0001,1.0,0.01,0.01,0.01
1122,10.0,0.9,0.4,0.0,0.1,0.0,1.0,0.0001,0.0,0.0,16.0,21.333333333333332,1.0,0.0001,1.0,0.01,0.01,0.01
1123,10.0,1.0,0.4,0.0,0.1,0.0,1.0,0.0001,0.0,0.0,16.0,21.333333333333332,1.0,0.0001,1.0,0.01,0.01,0.01
1124,10.0,1.1,0.4,0.0,0.1,0.0,1.0,0.0001,0.0,0.0,16.0,21.333333333333332,1.0,0.0001,1.0,0.01,0.01,0.01
1125,10.0,1.2,0.4,0.0,0.1,0.0,1.0,0.0001,0.0,0.0,16.0,21.333333333333332,1.0,0.0001,1.0,0.01,0.01,0.01
1126,10.0,1.3,0.4,0.0,0.1,0.0,1.0,0.0001,0.0,0.0,16.0,21.333333333333332,1.0,0.0001,1.0,0.01,0.01,0.01
1127,10.0,1.4,0.4,0.0,0.1,0.0,1.0,0.0001,0.0,0.0,16.0,21.333333333333332,1.0,0.0001,1.0,0.01,0.01,0.01
1128,10.0,1.5,0.4,0.0,0.1,0.0,1.0,0.0001,0.0,0.0,16.0,21.333333333333332,1.0,0.0001,1.0,0.01,0.01,0.01
1129,10.0,0.4,0.4,0.0,0.1,0.0,1.0,0.0001,0.0,0.0,18.0,24.0,1.0,0.0001,1.0,0.01,0.01,0.01
1130,10.0,0.5,0.4,0.0,0.1,0.0,1.0,0.0001,0.0,0.0,18.0,24.0,1.0,0.0001,1.0,0.01,0.01,0.01
1131,10.0,0.6,0.4,0.0,0.1,0.0,1.0,0.0001,0.0,0.0,18.0,24.0,1.0,0.0001,1.0,0.01,0.01,0.01
1132,10.0,0.7,0.4,0.0,0.1,0.0,1.0,0.0001,0.0,0.0,18.0,24.0,1.0,0.0001,1.0,0.01,0.01,0.01
1133,10.0,0.8,0.4,0.0,0.1,0.0,1.0,0.0001,0.0,0.0,18.0,24.0,1.0,0.0001,1.0,0.01,0.01,0.01
1134,10.0,0.9,0.4,0.0,0.1,0.0,1.0,0.0001,0.0,0.0,18.0,24.0,1.0,0.0001,1.0,0.01,0.01,0.01
1135,10.0,1.0,0.4,0.0,0.1,0.0,1.0,0.0001,0.0,0.0,18.0,24.0,1.0,0.0001,1.0,0.01,0.01,0.01
1136,10.0,1.1,0.4,0.0,0.1,0.0,1.0,0.0001,0.0,0.0,18.0,24.0,1.0,0.0001,1.0,0.01,0.01,0.01
1137,10.0,1.2,0.4,0.0,0.1,0.0,1.0,0.0001,0.0,0.0,18.0,24.0,1.0,0.0001,1.0,0.01,0.01,0.01
1138,10.0,1.3,0.4,0.0,0.1,0.0,1.0,0.0001,0.0,0.0,18.0,24.0,1.0,0.0001,1.0,0.01,0.01,0.01
1139,10.0,1.4,0.4,0.0,0.1,0.0,1.0,0.0001,0.0,0.0,18.0,24.0,1.0,0.0001,1.0,0.01,0.01,0.01
1140,10.0,1.5,0.4,0.0,0.1,0.0,1.0,0.0001,0.0,0.0,18.0,24.0,1.0,0.0001,1.0,0.01,0.01,0.01
1141,10.0,0.4,0.4,0.0,0.1,0.0,1.0,0.0001,0.0,0.0,20.0,26.666666666666668,1.0,0.0001,1.0,0.01,0.01,0.01
1142,10.0,0.5,0.4,0.0,0.1,0.0,1.0,0.0001,0.0,0.0,20.0,26.666666666666668,1.0,0.0001,1.0,0.01,0.01,0.01
1143,10.0,0.6,0.4,0.0,0.1,0.0,1.0,0.0001,0.0,0.0,20.0,26.666666666666668,1.0,0.0001,1.0,0.01,0.01,0.01
1144,10.0,0.7,0.4,0.0,0.1,0.0,1.0,0.0001,0.0,0.0,20.0,26.666666666666668,1.0,0.0001,1.0,0.01,0.01,0.01
1145,10.0,0.8,0.4,0.0,0.1,0.0,1.0,0.0001,0.0,0.0,20.0,26.666666666666668,1.0,0.0001,1.0,0.01,0.01,0.01
1146,10.0,0.9,0.4,0.0,0.1,0.0,1.0,0.0001,0.0,0.0,20.0,26.666666666666668,1.0,0.0001,1.0,0.01,0.01,0.01
1147,10.0,1.0,0.4,0.0,0.1,0.0,1.0,0.0001,0.0,0.0,20.0,26.666666666666668,1.0,0.0001,1.0,0.01,0.01,0.01
1148,10.0,1.1,0.4,0.0,0.1,0.0,1.0,0.0001,0.0,0.0,20.0,26.666666666666668,1.0,0.0001,1.0,0.01,0.01,0.01
1149,10.0,1.2,0.4,0.0,0.1,0.0,1.0,0.0001,0.0,0.0,20.0,26.666666666666668,1.0,0.0001,1.0,0.01,0.01,0.01
1150,10.0,1.3,0.4,0.0,0.1,0.0,1.0,0.0001,0.0,0.0,20.0,26.666666666666668,1.0,0.0001,1.0,0.01,0.01,0.01
1151,10.0,1.4,0.4,0.0,0.1,0.0,1.0,0.0001,0.0,0.0,20.0,26.666666666666668,1.0,0.0001,1.0,0.01,0.01,0.01
1152,10.0,1.5,0.4,0.0,0.1,0.0,1.0,0.0001,0.0,0.0,20.0,26.666666666666668,1.0,0.0001,1.0,0.01,0.01,0.01
1153,10.0,0.4,0.4,0.0,0.1,0.0,1.0,0.0001,0.0,0.0,22.0,29.333333333333332,1.0,0.0001,1.0,0.01,0.01,0.01
1154,10.0,0.5,0.4,0.0,0.1,0.0,1.0,0.0001,0.0,0.0,22.0,29.333333333333332,1.0,0.0001,1.0,0.01,0.01,0.01
1155,10.0,0.6,0.4,0.0,0.1,0.0,1.0,0.0001,0.0,0.0,22.0,29.333333333333332,1.0,0.0001,1.0,0.01,0.01,0.01
1156,10.0,0.7,0.4,0.0,0.1,0.0,1.0,0.0001,0.0,0.0,22.0,29.333333333333332,1.0,0.0001,1.0,0.01,0.01,0.01
1157,10.0,0.8,0.4,0.0,0.1,0.0,1.0,0.0001,0.0,0.0,22.0,29.333333333333332,1.0,0.0001,1.0,0.01,0.01,0.01
1158,10.0,0.9,0.4,0.0,0.1,0.0,1.0,0.0001,0.0,0.0,22.0,29.333333333333332,1.0,0.0001,1.0,0.01,0.01,0.01
1159,10.0,1.0,0.4,0.0,0.1,0.0,1.0,0.0001,0.0,0.0,22.0,29.333333333333332,1.0,0.0001,1.0,0.01,0.01,0.01
1160,10.0,1.1,0.4,0.0,0.1,0.0,1.0,0.0001,0.0,0.0,22.0,29.333333333333332,1.0,0.0001,1.0,0.01,0.01,0.01
1161,10.0,1.2,0.4,0.0,0.1,0.0,1.0,0.0001,0.0,0.0,22.0,29.333333333333332,1.0,0.0001,1.0,0.01,0.01,0.01
1162,10.0,1.3,0.4,0.0,0.1,0.0,1.0,0.0001,0.0,0.0,22.0,29.333333333333332,1.0,0.0001,1.0,0.01,0.01,0.01
1163,10.0,1.4,0.4,0.0,0.1,0.0,1.0,0.0001,0.0,0.0,22.0,29.333333333333332,1.0,0.0001,1.0,0.01,0.01,0.01
1164,10.0,1.5,0.4,0.0,0.1,0.0,1.0,0.0001,0.0,0.0,22.0,29.333333333333332,1.0,0.0001,1.0,0.01,0.01,0.01
1165,10.0,0.4,0.4,0.0,0.1,0.0,1.0,0.0001,0.0,0.0,24.0,32.0,1.0,0.0001,1.0,0.01,0.01,0.01
1166,10.0,0.5,0.4,0.0,0.1,0.0,1.0,0.0001,0.0,0.0,24.0,32.0,1.0,0.0001,1.0,0.01,0.01,0.01
1167,10.0,0.6,0.4,0.0,0.1,0.0,1.0,0.0001,0.0,0.0,24.0,32.0,1.0,0.0001,1.0,0.01,0.01,0.01
1168,10.0,0.7,0.4,0.0,0.1,0.0,1.0,0.0001,0.0,0.0,24.0,32.0,1.0,0.0001,1.0,0.01,0.01,0.01
1169,10.0,0.8,0.4,0.0,0.1,0.0,1.0,0.0001,0.0,0.0,24.0,32.0,1.0,0.0001,1.0,0.01,0.01,0.01
1170,10.0,0.9,0.4,0.0,0.1,0.0,1.0,0.0001,0.0,0.0,24.0,32.0,1.0,0.0001,1.0,0.01,0.01,0.01
1171,10.0,1.0,0.4,0.0,0.1,0.0,1.0,0.0001,0.0,0.0,24.0,32.0,1.0,0.0001,1.0,0.01,0.01,0.01
1172,10.0,1.1,0.4,0.0,0.1,0.0,1.0,0.0001,0.0,0.0,24.0,32.0,1.0,0.0001,1.0,0.01,0.01,0.01
1173,10.0,1.2,0.4,0.0,0.1,0.0,1.0,0.0001,0.0,0.0,24.0,32.0,1.0,0.0001,1.0,0.01,0.01,0.01
1174,10.0,1.3,0.4,0.0,0.1,0.0,1.0,0.0001,0.0,0.0,24.0,32.0,1.0,0.0001,1.0,0.01,0.01,0.01
1175,10.0,1.4,0.4,0.0,0.1,0.0,1.0,0.0001,0.0,0.0,24.0,32.0,1.0,0.0001,1.0,0.01,0.01,0.01
1176,10.0,1.5,0.4,0.0,0.1,0.0,1.0,0.0001,0.0,0.0,24.0,32.0,1.0,0.0001,1.0,0.01,0.01,0.01
1177,10.0,0.4,0.2,0.0,0.1,0.0,1.0,0.0001,0.0,0.0,0.0,1.3333333333333333,1.0,0.0001,1.0,0.01,0.01,0.01
1178,10.0,0.5,0.2,0.0,0.1,0.0,1.0,0.0001,0.0,0.0,0.0,1.3333333333333333,1.0,0.0001,1.0,0.01,0.01,0.01
1179,10.0,0.6,0.2,0.0,0.1,0.0,1.0,0.0001,0.0,0.0,0.0,1.3333333333333333,1.0,0.0001,1.0,0.01,0.01,0.01
1180,10.0,0.7,0.2,0.0,0.1,0.0,1.0,0.0001,0.0,0.0,0.0,1.3333333333333333,1.0,0.0001,1.0,0.01,0.01,0.01
1181,10.0,0.8,0.2,0.0,0.1,0.0,1.0,0.0001,0.0,0.0,0.0,1.3333333333333333,1.0,0.0001,1.0,0.01,0.01,0.01
1182,10.0,0.9,0.2,0.0,0.1,0.0,1.0,0.0001,0.0,0.0,0.0,1.3333333333333333,1.0,0.0001,1.0,0.01,0.01,0.01
1183,10.0,1.0,0.2,0.0,0.1,0.0,1.0,0.0001,0.0,0.0,0.0,1.3333333333333333,1.0,0.0001,1.0,0.01,0.01,0.01
1184,10.0,1.1,0.2,0.0,0.1,0.0,1.0,0.0001,0.0,0.0,0.0,1.3333333333333333,1.0,0.0001,1.0,0.01,0.01,0.01
1185,10.0,1.2,0.2,0.0,0.1,0.0,1.0,0.0001,0.0,0.0,0.0,1.3333333333333333,1.0,0.0001,1.0,0.01,0.01,0.01
1186,10.0,1.3,0.2,0.0,0.1,0.0,1.0,0.0001,0.0,0.0,0.0,1.3333333333333333,1.0,0.0001,1.0,0.01,0.01,0.01
1187,10.0,1.4,0.2,0.0,0.1,0.0,1.0,0.0001,0.0,0.0,0.0,1.3333333333333333,1.0,0.0001,1.0,0.01,0.01,0.01
1188,10.0,1.5,0.2,0.0,0.1,0.0,1.0,0.0001,0.0,0.0,0.0,1.3333333333333333,1.0,0.0001,1.0,0.01,0.01,0.01
1189,10.0,0.4,0.2,0.0,0.1,0.0,1.0,0.0001,0.0,0.0,1.0,1.3333333333333333,1.0,0.0001,1.0,0.01,0.01,0.01
1190,10.0,0.5,0.2,0.0,0.1,0.0,1.0,0.0001,0.0,0.0,1.0,1.3333333333333333,1.0,0.0001,1.0,0.01,0.01,0.01
1191,10.0,0.6,0.2,0.0,0.1,0.0,1.0,0.0001,0.0,0.0,1.0,1.3333333333333333,1.0,0.0001,1.0,0.01,0.01,0.01
1192,10.0,0.7,0.2,0.0,0.1,0.0,1.0,0.0001,0.0,0.0,1.0,1.3333333333333333,1.0,0.0001,1.0,0.01,0.01,0.01
1193,10.0,0.8,0.2,0.0,0.1,0.0,1.0,0.0001,0.0,0.0,1.0,1.3333333333333333,1.0,0.0001,1.0,0.01,0.01,0.01
1194,10.0,0.9,0.2,0.0,0.1,0.0,1.0,0.0001,0.0,0.0,1.0,1.3333333333333333,1.0,0.0001,1.0,0.01,0.01,0.01
1195,10.0,1.0,0.2,0.0,0.1,0.0,1.0,0.0001,0.0,0.0,1.0,1.3333333333333333,1.0,0.0001,1.0,0.01,0.01,0.01
1196,10.0,1.1,0.2,0.0,0.1,0.0,1.0,0.0001,0.0,0.0,1.0,1.3333333333333333,1.0,0.0001,1.0,0.01,0.01,0.01
1197,10.0,1.2,0.2,0.0,0.1,0.0,1.0,0.0001,0.0,0.0,1.0,1.3333333333333333,1.0,0.0001,1.0,0.01,0.01,0.01
1198,10.0,1.3,0.2,0.0,0.1,0.0,1.0,0.0001,0.0,0.0,1.0,1.3333333333333333,1.0,0.0001,1.0,0.01,0.01,0.01
1199,10.0,1.4,0.2,0.0,0.1,0.0,1.0,0.0001,0.0,0.0,1.0,1.3333333333333333,1.0,0.0001,1.0,0.01,0.01,0.01
1200,10.0,1.5,0.2,0.0,0.1,0.0,1.0,0.0001,0.0,0.0,1.0,1.3333333333333333,1.0,0.0001,1.0,0.01,0.01,0.01
1201,10.0,0.4,0.2,0.0,0.1,0.0,1.0,0.0001,0.0,0.0,2.0,2.6666666666666665,1.0,0.0001,1.0,0.01,0.01,0.01
1202,10.0,0.5,0.2,0.0,0.1,0.0,1.0,0.0001,0.0,0.0,2.0,2.6666666666666665,1.0,0.0001,1.0,0.01,0.01,0.01
1203,10.0,0.6,0.2,0.0,0.1,0.0,1.0,0.0001,0.0,0.0,2.0,2.6666666666666665,1.0,0.0001,1.0,0.01,0.01,0.01
1204,10.0,0.7,0.2,0.0,0.1,0.0,1.0,0.0001,0.0,0.0,2.0,2.6666666666666665,1.0,0.0001,1.0,0.01,0.01,0.01
1205,10.0,0.8,0.2,0.0,0.1,0.0,1.0,0.0001,0.0,0.0,2.0,2.6666666666666665,1.0,0.0001,1.0,0.01,0.01,0.01
1206,10.0,0.9,0.2,0.0,0.1,0.0,1.0,0.0001,0.0,0.0,2.0,2.6666666666666665,1.0,0.0001,1.0,0.01,0.01,0.01
1207,10.0,1.0,0.2,0.0,0.1,0.0,1.0,0.0001,0.0,0.0,2.0,2.6666666666666665,1.0,0.0001,1.0,0.01,0.01,0.01
1208,10.0,1.1,0.2,0.0,0.1,0.0,1.0,0.0001,0.0,0.0,2.0,2.6666666666666665,1.0,0.0001,1.0,0.01,0.01,0.01
1209,10.0,1.2,0.2,0.0,0.1,0.0,1.0,0.0001,0.0,0.0,2.0,2.6666666666666665,1.0,0.0001,1.0,0.01,0.01,0.01
1210,10.0,1.3,0.2,0.0,0.1,0.0,1.0,0.0001,0.0,0.0,2.0,2.6666666666666665,1.0,0.0001,1.0,0.01,0.01,0.01
1211,10.0,1.4,0.2,0.0,0.1,0.0,1.0,0.0001,0.0,0.0,2.0,2.6666666666666665,1.0,0.0001,1.0,0.01,0.01,0.01
1212,10.0,1.5,0.2,0.0,0.1,0.0,1.0,0.0001,0.0,0.0,2.0,2.6666666666666665,1.0,0.0001,1.0,0.01,0.01,0.01
1213,10.0,0.4,0.2,0.0,0.1,0.0,1.0,0.0001,0.0,0.0,4.0,5.333333333333333,1.0,0.0001,1.0,0.01,0.01,0.01
1214,10.0,0.5,0.2,0.0,0.1,0.0,1.0,0.0001,0.0,0.0,4.0,5.333333333333333,1.0,0.0001,1.0,0.01,0.01,0.01
1215,10.0,0.6,0.2,0.0,0.1,0.0,1.0,0.0001,0.0,0.0,4.0,5.333333333333333,1.0,0.0001,1.0,0.01,0.01,0.01
1216,10.0,0.7,0.2,0.0,0.1,0.0,1.0,0.0001,0.0,0.0,4.0,5.333333333333333,1.0,0.0001,1.0,0.01,0.01,0.01
1217,10.0,0.8,0.2,0.0,0.1,0.0,1.0,0.0001,0.0,0.0,4.0,5.333333333333333,1.0,0.0001,1.0,0.01,0.01,0.01
1218,10.0,0.9,0.2,0.0,0.1,0.0,1.0,0.0001,0.0,0.0,4.0,5.333333333333333,1.0,0.0001,1.0,0.01,0.01,0.01
1219,10.0,1.0,0.2,0.0,0.1,0.0,1.0,0.0001,0.0,0.0,4.0,5.333333333333333,1.0,0.0001,1.0,0.01,0.01,0.01
1220,10.0,1.1,0.2,0.0,0.1,0.0,1.0,0.0001,0.0,0.0,4.0,5.333333333333333,1.0,0.0001,1.0,0.01,0.01,0.01
1221,10.0,1.2,0.2,0.0,0.1,0.0,1.0,0.0001,0.0,0.0,4.0,5.333333333333333,1.0,0.0001,1.0,0.01,0.01,0.01
1222,10.0,1.3,0.2,0.0,0.1,0.0,1.0,0.0001,0.0,0.0,4.0,5.333333333333333,1.0,0.0001,1.0,0.01,0.01,0.01
1223,10.0,1.4,0.2,0.0,0.1,0.0,1.0,0.0001,0.0,0.0,4.0,5.333333333333333,1.0,0.0001,1.0,0.01,0.01,0.01
1224,10.0,1.5,0.2,0.0,0.1,0.0,1.0,0.0001,0.0,0.0,4.0,5.333333333333333,1.0,0.0001,1.0,0.01,0.01,0.01
1225,10.0,0.4,0.2,0.0,0.1,0.0,1.0,0.0001,0.0,0.0,6.0,8.0,1.0,0.0001,1.0,0.01,0.01,0.01
1226,10.0,0.5,0.2,0.0,0.1,0.0,1.0,0.0001,0.0,0.0,6.0,8.0,1.0,0.0001,1.0,0.01,0.01,0.01
1227,10.0,0.6,0.2,0.0,0.1,0.0,1.0,0.0001,0.0,0.0,6.0,8.0,1.0,0.0001,1.0,0.01,0.01,0.01
1228,10.0,0.7,0.2,0.0,0.1,0.0,1.0,0.0001,0.0,0.0,6.0,8.0,1.0,0.0001,1.0,0.01,0.01,0.01
1229,10.0,0.8,0.2,0.0,0.1,0.0,1.0,0.0001,0.0,0.0,6.0,8.0,1.0,0.0001,1.0,0.01,0.01,0.01
1230,10.0,0.9,0.2,0.0,0.1,0.0,1.0,0.0001,0.0,0.0,6.0,8.0,1.0,0.0001,1.0,0.01,0.01,0.01
1231,10.0,1.0,0.2,0.0,0.1,0.0,1.0,0.0001,0.0,0.0,6.0,8.0,1.0,0.0001,1.0,0.01,0.01,0.01
1232,10.0,1.1,0.2,0.0,0.1,0.0,1.0,0.0001,0.0,0.0,6.0,8.0,1.0,0.0001,1.0,0.01,0.01,0.01
1233,10.0,1.2,0.2,0.0,0.1,0.0,1.0,0.0001,0.0,0.0,6.0,8.0,1.0,0.0001,1.0,0.01,0.01,0.01
1234,10.0,1.3,0.2,0.0,0.1,0.0,1.0,0.0001,0.0,0.0,6.0,8.0,1.0,0.0001,1.0,0.01,0.01,0.01
1235,10.0,1.4,0.2,0.0,0.1,0.0,1.0,0.0001,0.0,0.0,6.0,8.0,1.0,0.0001,1.0,0.01,0.01,0.01
1236,10.0,1.5,0.2,0.0,0.1,0.0,1.0,0.0001,0.0,0.0,6.0,8.0,1.0,0.0001,1.0,0.01,0.01,0.01
1237,10.0,0.4,0.2,0.0,0.1,0.0,1.0,0.0001,0.0,0.0,8.0,10.666666666666666,1.0,0.0001,1.0,0.01,0.01,0.01
1238,10.0,0.5,0.2,0.0,0.1,0.0,1.0,0.0001,0.0,0.0,8.0,10.666666666666666,1.0,0.0001,1.0,0.01,0.01,0.01
1239,10.0,0.6,0.2,0.0,0.1,0.0,1.0,0.0001,0.0,0.0,8.0,10.666666666666666,1.0,0.0001,1.0,0.01,0.01,0.01
1240,10.0,0.7,0.2,0.0,0.1,0.0,1.0,0.0001,0.0,0.0,8.0,10.666666666666666,1.0,0.0001,1.0,0.01,0.01,0.01
1241,10.0,0.8,0.2,0.0,0.1,0.0,1.0,0.0001,0.0,0.0,8.0,10.666666666666666,1.0,0.0001,1.0,0.01,0.01,0.01
1242,10.0,0.9,0.2,0.0,0.1,0.0,1.0,0.0001,0.0,0.0,8.0,10.666666666666666,1.0,0.0001,1.0,0.01,0.01,0.01
1243,10.0,1.0,0.2,0.0,0.1,0.0,1.0,0.0001,0.0,0.0,8.0,10.666666666666666,1.0,0.0001,1.0,0.01,0.01,0.01
1244,10.0,1.1,0.2,0.0,0.1,0.0,1.0,0.0001,0.0,0.0,8.0,10.666666666666666,1.0,0.0001,1.0,0.01,0.01,0.01
1245,10.0,1.2,0.2,0.0,0.1,0.0,1.0,0.0001,0.0,0.0,8.0,10.666666666666666,1.0,0.0001,1.0,0.01,0.01,0.01
1246,10.0,1.3,0.2,0.0,0.1,0.0,1.0,0.0001,0.0,0.0,8.0,10.666666666666666,1.0,0.0001,1.0,0.01,0.01,0.01
1247,10.0,1.4,0.2,0.0,0.1,0.0,1.0,0.0001,0.0,0.0,8.0,10.666666666666666,1.0,0.0001,1.0,0.01,0.01,0.01
1248,10.0,1.5,0.2,0.0,0.1,0.0,1.0,0.0001,0.0,0.0,8.0,10.666666666666666,1.0,0.0001,1.0,0.01,0.01,0.01
1249,10.0,0.4,0.2,0.0,0.1,0.0,1.0,0.0001,0.0,0.0,10.0,13.333333333333334,1.0,0.0001,1.0,0.01,0.01,0.01
1250,10.0,0.5,0.2,0.0,0.1,0.0,1.0,0.0001,0.0,0.0,10.0,13.333333333333334,1.0,0.0001,1.0,0.01,0.01,0.01
1251,10.0,0.6,0.2,0.0,0.1,0.0,1.0,0.0001,0.0,0.0,10.0,13.333333333333334,1.0,0.0001,1.0,0.01,0.01,0.01
1252,10.0,0.7,0.2,0.0,0.1,0.0,1.0,0.0001,0.0,0.0,10.0,13.333333333333334,1.0,0.0001,1.0,0.01,0.01,0.01
1253,10.0,0.8,0.2,0.0,0.1,0.0,1.0,0.0001,0.0,0.0,10.0,13.333333333333334,1.0,0.0001,1.0,0.01,0.01,0.01
1254,10.0,0.9,0.2,0.0,0.1,0.0,1.0,0.0001,0.0,0.0,10.0,13.333333333333334,1.0,0.0001,1.0,0.01,0.01,0.01
1255,10.0,1.0,0.2,0.0,0.1,0.0,1.0,0.0001,0.0,0.0,10.0,13.333333333333334,1.0,0.0001,1.0,0.01,0.01,0.01
1256,10.0,1.1,0.2,0.0,0.1,0.0,1.0,0.0001,0.0,0.0,10.0,13.333333333333334,1.0,0.0001,1.0,0.01,0.01,0.01
1257,10.0,1.2,0.2,0.0,0.1,0.0,1.0,0.0001,0.0,0.0,10.0,13.333333333333334,1.0,0.0001,1.0,0.01,0.01,0.01
1258,10.0,1.3,0.2,0.0,0.1,0.0,1.0,0.0001,0.0,0.0,10.0,13.333333333333334,1.0,0.0001,1.0,0.01,0.01,0.01
1259,10.0,1.4,0.2,0.0,0.1,0.0,1.0,0.0001,0.0,0.0,10.0,13.333333333333334,1.0,0.0001,1.0,0.01,0.01,0.01
1260,10.0,1.5,0.2,0.0,0.1,0.0,1.0,0.0001,0.0,0.0,10.0,13.333333333333334,1.0,0.0001,1.0,0.01,0.01,0.01
1261,10.0,0.4,0.2,0.0,0.1,0.0,1.0,0.0001,0.0,0.0,12.0,16.0,1.0,0.0001,1.0,0.01,0.01,0.01
1262,10.0,0.5,0.2,0.0,0.1,0.0,1.0,0.0001,0.0,0.0,12.0,16.0,1.0,0.0001,1.0,0.01,0.01,0.01
1263,10.0,0.6,0.2,0.0,0.1,0.0,1.0,0.0001,0.0,0.0,12.0,16.0,1.0,0.0001,1.0,0.01,0.01,0.01
1264,10.0,0.7,0.2,0.0,0.1,0.0,1.0,0.0001,0.0,0.0,12.0,16.0,1.0,0.0001,1.0,0.01,0.01,0.01
1265,10.0,0.8,0.2,0.0,0.1,0.0,1.0,0.0001,0.0,0.0,12.0,16.0,1.0,0.0001,1.0,0.01,0.01,0.01
1266,10.0,0.9,0.2,0.0,0.1,0.0,1.0,0.0001,0.0,0.0,12.0,16.0,1.0,0.0001,1.0,0.01,0.01,0.01
1267,10.0,1.0,0.2,0.0,0.1,0.0,1.0,0.0001,0.0,0.0,12.0,16.0,1.0,0.0001,1.0,0.01,0.01,0.01
1268,10.0,1.1,0.2,0.0,0.1,0.0,1.0,0.0001,0.0,0.0,12.0,16.0,1.0,0.0001,1.0,0.01,0.01,0.01
1269,10.0,1.2,0.2,0.0,0.1,0.0,1.0,0.0001,0.0,0.0,12.0,16.0,1.0,0.0001,1.0,0.01,0.01,0.01
1270,10.0,1.3,0.2,0.0,0.1,0.0,1.0,0.0001,0.0,0.0,12.0,16.0,1.0,0.0001,1.0,0.01,0.01,0.01
1271,10.0,1.4,0.2,0.0,0.1,0.0,1.0,0.0001,0.0,0.0,12.0,16.0,1.0,0.0001,1.0,0.01,0.01,0.01
1272,10.0,1.5,0.2,0.0,0.1,0.0,1.0,0.0001,0.0,0.0,12.0,16.0,1.0,0.0001,1.0,0.01,0.01,0.01
1273,10.0,0.4,0.2,0.0,0.1,0.0,1.0,0.0001,0.0,0.0,14.0,18.666666666666668,1.0,0.0001,1.0,0.01,0.01,0.01
1274,10.0,0.5,0.2,0.0,0.1,0.0,1.0,0.0001,0.0,0.0,14.0,18.666666666666668,1.0,0.0001,1.0,0.01,0.01,0.01
1275,10.0,0.6,0.2,0.0,0.1,0.0,1.0,0.0001,0.0,0.0,14.0,18.666666666666668,1.0,0.0001,1.0,0.01,0.01,0.01
1276,10.0,0.7,0.2,0.0,0.1,0.0,1.0,0.0001,0.0,0.0,14.0,18.666666666666668,1.0,0.0001,1.0,0.01,0.01,0.01
1277,10.0,0.8,0.2,0.0,0.1,0.0,1.0,0.0001,0.0,0.0,14.0,18.666666666666668,1.0,0.0001,1.0,0.01,0.01,0.01
1278,10.0,0.9,0.2,0.0,0.1,0.0,1.0,0.0001,0.0,0.0,14.0,18.666666666666668,1.0,0.0001,1.0,0.01,0.01,0.01
1279,10.0,1.0,0.2,0.0,0.1,0.0,1.0,0.0001,0.0,0.0,14.0,18.666666666666668,1.0,0.0001,1.0,0.01,0.01,0.01
1280,10.0,1.1,0.2,0.0,0.1,0.0,1.0,0.0001,0.0,0.0,14.0,18.666666666666668,1.0,0.0001,1.0,0.01,0.01,0.01
1281,10.0,1.2,0.2,0.0,0.1,0.0,1.0,0.0001,0.0,0.0,14.0,18.666666666666668,1.0,0.0001,1.0,0.01,0.01,0.01
1282,10.0,1.3,0.2,0.0,0.1,0.0,1.0,0.0001,0.0,0.0,14.0,18.666666666666668,1.0,0.0001,1.0,0.01,0.01,0.01
1283,10.0,1.4,0.2,0.0,0.1,0.0,1.0,0.0001,0.0,0.0,14.0,18.666666666666668,1.0,0.0001,1.0,0.01,0.01,0.01
1284,10.0,1.5,0.2,0.0,0.1,0.0,1.0,0.0001,0.0,0.0,14.0,18.666666666666668,1.0,0.0001,1.0,0.01,0.01,0.01
1285,10.0,0.4,0.2,0.0,0.1,0.0,1.0,0.0001,0.0,0.0,16.0,21.333333333333332,1.0,0.0001,1.0,0.01,0.01,0.01
1286,10.0,0.5,0.2,0.0,0.1,0.0,1.0,0.0001,0.0,0.0,16.0,21.333333333333332,1.0,0.0001,1.0,0.01,0.01,0.01
1287,10.0,0.6,0.2,0.0,0.1,0.0,1.0,0.0001,0.0,0.0,16.0,21.333333333333332,1.0,0.0001,1.0,0.01,0.01,0.01
1288,10.0,0.7,0.2,0.0,0.1,0.0,1.0,0.0001,0.0,0.0,16.0,21.333333333333332,1.0,0.0001,1.0,0.01,0.01,0.01
1289,10.0,0.8,0.2,0.0,0.1,0.0,1.0,0.0001,0.0,0.0,16.0,21.333333333333332,1.0,0.0001,1.0,0.01,0.01,0.01
1290,10.0,0.9,0.2,0.0,0.1,0.0,1.0,0.0001,0.0,0.0,16.0,21.333333333333332,1.0,0.0001,1.0,0.01,0.01,0.01
1291,10.0,1.0,0.2,0.0,0.1,0.0,1.0,0.0001,0.0,0.0,16.0,21.333333333333332,1.0,0.0001,1.0,0.01,0.01,0.01
1292,10.0,1.1,0.2,0.0,0.1,0.0,1.0,0.0001,0.0,0.0,16.0,21.333333333333332,1.0,0.0001,1.0,0.01,0.01,0.01
1293,10.0,1.2,0.2,0.0,0.1,0.0,1.0,0.0001,0.0,0.0,16.0,21.333333333333332,1.0,0.0001,1.0,0.01,0.01,0.01
1294,10.0,1.3,0.2,0.0,0.1,0.0,1.0,0.0001,0.0,0.0,16.0,21.333333333333332,1.0,0.0001,1.0,0.01,0.01,0.01
1295,10.0,1.4,0.2,0.0,0.1,0.0,1.0,0.0001,0.0,0.0,16.0,21.333333333333332,1.0,0.0001,1.0,0.01,0.01,0.01
1296,10.0,1.5,0.2,0.0,0.1,0.0,1.0,0.0001,0.0,0.0,16.0,21.333333333333332,1.0,0.0001,1.0,0.01,0.01,0.01
1297,10.0,0.4,0.2,0.0,0.1,0.0,1.0,0.0001,0.0,0.0,18.0,24.0,1.0,0.0001,1.0,0.01,0.01,0.01
1298,10.0,0.5,0.2,0.0,0.1,0.0,1.0,0.0001,0.0,0.0,18.0,24.0,1.0,0.0001,1.0,0.01,0.01,0.01
1299,10.0,0.6,0.2,0.0,0.1,0.0,1.0,0.0001,0.0,0.0,18.0,24.0,1.0,0.0001,1.0,0.01,0.01,0.01
1300,10.0,0.7,0.2,0.0,0.1,0.0,1.0,0.0001,0.0,0.0,18.0,24.0,1.0,0.0001,1.0,0.01,0.01,0.01
1301,10.0,0.8,0.2,0.0,0.1,0.0,1.0,0.0001,0.0,0.0,18.0,24.0,1.0,0.0001,1.0,0.01,0.01,0.01
1302,10.0,0.9,0.2,0.0,0.1,0.0,1.0,0.0001,0.0,0.0,18.0,24.0,1.0,0.0001,1.0,0.01,0.01,0.01
1303,10.0,1.0,0.2,0.0,0.1,0.0,1.0,0.0001,0.0,0.0,18.0,24.0,1.0,0.0001,1.0,0.01,0.01,0.01
1304,10.0,1.1,0.2,0.0,0.1,0.0,1.0,0.0001,0.0,0.0,18.0,24.0,1.0,0.0001,1.0,0.01,0.01,0.01
1305,10.0,1.2,0.2,0.0,0.1,0.0,1.0,0.0001,0.0,0.0,18.0,24.0,1.0,0.0001,1.0,0.01,0.01,0.01
1306,10.0,1.3,0.2,0.0,0.1,0.0,1.0,0.0001,0.0,0.0,18.0,24.0,1.0,0.0001,1.0,0.01,0.01,0.01
1307,10.0,1.4,0.2,0.0,0.1,0.0,1.0,0.0001,0.0,0.0,18.0,24.0,1.0,0.0001,1.0,0.01,0.01,0.01
1308,10.0,1.5,0.2,0.0,0.1,0.0,1.0,0.0001,0.0,0.0,18.0,24.0,1.0,0.0001,1.0,0.01,0.01,0.01
1309,10.0,0.4,0.2,0.0,0.1,0.0,1.0,0.0001,0.0,0.0,20.0,26.666666666666668,1.0,0.0001,1.0,0.01,0.01,0.01
1310,10.0,0.5,0.2,0.0,0.1,0.0,1.0,0.0001,0.0,0.0,20.0,26.666666666666668,1.0,0.0001,1.0,0.01,0.01,0.01
1311,10.0,0.6,0.2,0.0,0.1,0.0,1.0,0.0001,0.0,0.0,20.0,26.666666666666668,1.0,0.0001,1.0,0.01,0.01,0.01
1312,10.0,0.7,0.2,0.0,0.1,0.0,1.0,0.0001,0.0,0.0,20.0,26.666666666666668,1.0,0.0001,1.0,0.01,0.01,0.01
1313,10.0,0.8,0.2,0.0,0.1,0.0,1.0,0.0001,0.0,0.0,20.0,26.666666666666668,1.0,0.0001,1.0,0.01,0.01,0.01
1314,10.0,0.9,0.2,0.0,0.1,0.0,1.0,0.0001,0.0,0.0,20.0,26.666666666666668,1.0,0.0001,1.0,0.01,0.01,0.01
1315,10.0,1.0,0.2,0.0,0.1,0.0,1.0,0.0001,0.0,0.0,20.0,26.666666666666668,1.0,0.0001,1.0,0.01,0.01,0.01
1316,10.0,1.1,0.2,0.0,0.1,0.0,1.0,0.0001,0.0,0.0,20.0,26.666666666666668,1.0,0.0001,1.0,0.01,0.01,0.01
1317,10.0,1.2,0.2,0.0,0.1,0.0,1.0,0.0001,0.0,0.0,20.0,26.666666666666668,1.0,0.0001,1.0,0.01,0.01,0.01
1318,10.0,1.3,0.2,0.0,0.1,0.0,1.0,0.0001,0.0,0.0,20.0,26.666666666666668,1.0,0.0001,1.0,0.01,0.01,0.01
1319,10.0,1.4,0.2,0.0,0.1,0.0,1.0,0.0001,0.0,0.0,20.0,26.666666666666668,1.0,0.0001,1.0,0.01,0.01,0.01
1320,10.0,1.5,0.2,0.0,0.1,0.0,1.0,0.0001,0.0,0.0,20.0,26.666666666666668,1.0,0.0001,1.0,0.01,0.01,0.01
1321,10.0,0.4,0.2,0.0,0.1,0.0,1.0,0.0001,0.0,0.0,22.0,29.333333333333332,1.0,0.0001,1.0,0.01,0.01,0.01
1322,10.0,0.5,0.2,0.0,0.1,0.0,1.0,0.0001,0.0,0.0,22.0,29.333333333333332,1.0,0.0001,1.0,0.01,0.01,0.01
1323,10.0,0.6,0.2,0.0,0.1,0.0,1.0,0.0001,0.0,0.0,22.0,29.333333333333332,1.0,0.0001,1.0,0.01,0.01,0.01
1324,10.0,0.7,0.2,0.0,0.1,0.0,1.0,0.0001,0.0,0.0,22.0,29.333333333333332,1.0,0.0001,1.0,0.01,0.01,0.01
1325,10.0,0.8,0.2,0.0,0.1,0.0,1.0,0.0001,0.0,0.0,22.0,29.333333333333332,1.0,0.0001,1.0,0.01,0.01,0.01
1326,10.0,0.9,0.2,0.0,0.1,0.0,1.0,0.0001,0.0,0.0,22.0,29.333333333333332,1.0,0.0001,1.0,0.01,0.01,0.01
1327,10.0,1.0,0.2,0.0,0.1,0.0,1.0,0.0001,0.0,0.0,22.0,29.333333333333332,1.0,0.0001,1.0,0.01,0.01,0.01
1328,10.0,1.1,0.2,0.0,0.1,0.0,1.0,0.0001,0.0,0.0,22.0,29.333333333333332,1.0,0.0001,1.0,0.01,0.01,0.01
1329,10.0,1.2,0.2,0.0,0.1,0.0,1.0,0.0001,0.0,0.0,22.0,29.333333333333332,1.0,0.0001,1.0,0.01,0.01,0.01
1330,10.0,1.3,0.2,0.0,0.1,0.0,1.0,0.0001,0.0,0.0,22.0,29.333333333333332,1.0,0.0001,1.0,0.01,0.01,0.01
1331,10.0,1.4,0.2,0.0,0.1,0.0,1.0,0.0001,0.0,0.0,22.0,29.333333333333332,1.0,0.0001,1.0,0.01,0.01,0.01
1332,10.0,1.5,0.2,0.0,0.1,0.0,1.0,0.0001,0.0,0.0,22.0,29.333333333333332,1.0,0.0001,1.0,0.01,0.01,0.01
1333,10.0,0.4,0.2,0.0,0.1,0.0,1.0,0.0001,0.0,0.0,24.0,32.0,1.0,0.0001,1.0,0.01,0.01,0.01
1334,10.0,0.5,0.2,0.0,0.1,0.0,1.0,0.0001,0.0,0.0,24.0,32.0,1.0,0.0001,1.0,0.01,0.01,0.01
1335,10.0,0.6,0.2,0.0,0.1,0.0,1.0,0.0001,0.0,0.0,24.0,32.0,1.0,0.0001,1.0,0.01,0.01,0.01
1336,10.0,0.7,0.2,0.0,0.1,0.0,1.0,0.0001,0.0,0.0,24.0,32.0,1.0,0.0001,1.0,0.01,0.01,0.01
1337,10.0,0.8,0.2,0.0,0.1,0.0,1.0,0.0001,0.0,0.0,24.0,32.0,1.0,0.0001,1.0,0.01,0.01,0.01
1338,10.0,0.9,0.2,0.0,0.1,0.0,1.0,0.0001,0.0,0.0,24.0,32.0,1.0,0.0001,1.0,0.01,0.01,0.01
1339,10.0,1.0,0.2,0.0,0.1,0.0,1.0,0.0001,0.0,0.0,24.0,32.0,1.0,0.0001,1.0,0.01,0.01,0.01
1340,10.0,1.1,0.2,0.0,0.1,0.0,1.0,0.0001,0.0,0.0,24.0,32.0,1.0,0.0001,1.0,0.01,0.01,0.01
1341,10.0,1.2,0.2,0.0,0.1,0.0,1.0,0.0001,0.0,0.0,24.0,32.0,1.0,0.0001,1.0,0.01,0.01,0.01
1342,10.0,1.3,0.2,0.0,0.1,0.0,1.0,0.0001,0.0,0.0,24.0,32.0,1.0,0.0001,1.0,0.01,0.01,0.01
1343,10.0,1.4,0.2,0.0,0.1,0.0,1.0,0.0001,0.0,0.0,24.0,32.0,1.0,0.0001,1.0,0.01,0.01,0.01
1344,10.0,1.5,0.2,0.0,0.1,0.0,1.0,0.0001,0.0,0.0,24.0,32.0,1.0,0.0001,1.0,0.01,0.01,0.01
1345,10.0,0.4,0.1,0.0,0.1,0.0,1.0,0.0001,0.0,0.0,0.0,1.3333333333333333,1.0,0.0001,1.0,0.01,0.01,0.01
1346,10.0,0.5,0.1,0.0,0.1,0.0,1.0,0.0001,0.0,0.0,0.0,1.3333333333333333,1.0,0.0001,1.0,0.01,0.01,0.01
1347,10.0,0.6,0.1,0.0,0.1,0.0,1.0,0.0001,0.0,0.0,0.0,1.3333333333333333,1.0,0.0001,1.0,0.01,0.01,0.01
1348,10.0,0.7,0.1,0.0,0.1,0.0,1.0,0.0001,0.0,0.0,0.0,1.3333333333333333,1.0,0.0001,1.0,0.01,0.01,0.01
1349,10.0,0.8,0.1,0.0,0.1,0.0,1.0,0.0001,0.0,0.0,0.0,1.3333333333333333,1.0,0.0001,1.0,0.01,0.01,0.01
1350,10.0,0.9,0.1,0.0,0.1,0.0,1.0,0.0001,0.0,0.0,0.0,1.3333333333333333,1.0,0.0001,1.0,0.01,0.01,0.01
1351,10.0,1.0,0.1,0.0,0.1,0.0,1.0,0.0001,0.0,0.0,0.0,1.3333333333333333,1.0,0.0001,1.0,0.01,0.01,0.01
1352,10.0,1.1,0.1,0.0,0.1,0.0,1.0,0.0001,0.0,0.0,0.0,1.3333333333333333,1.0,0.0001,1.0,0.01,0.01,0.01
1353,10.0,1.2,0.1,0.0,0.1,0.0,1.0,0.0001,0.0,0.0,0.0,1.3333333333333333,1.0,0.0001,1.0,0.01,0.01,0.01
1354,10.0,1.3,0.1,0.0,0.1,0.0,1.0,0.0001,0.0,0.0,0.0,1.3333333333333333,1.0,0.0001,1.0,0.01,0.01,0.01
1355,10.0,1.4,0.1,0.0,0.1,0.0,1.0,0.0001,0.0,0.0,0.0,1.3333333333333333,1.0,0.0001,1.0,0.01,0.01,0.01
1356,10.0,1.5,0.1,0.0,0.1,0.0,1.0,0.0001,0.0,0.0,0.0,1.3333333333333333,1.0,0.0001,1.0,0.01,0.01,0.01
1357,10.0,0.4,0.1,0.0,0.1,0.0,1.0,0.0001,0.0,0.0,1.0,1.3333333333333333,1.0,0.0001,1.0,0.01,0.01,0.01
1358,10.0,0.5,0.1,0.0,0.1,0.0,1.0,0.0001,0.0,0.0,1.0,1.3333333333333333,1.0,0.0001,1.0,0.01,0.01,0.01
1359,10.0,0.6,0.1,0.0,0.1,0.0,1.0,0.0001,0.0,0.0,1.0,1.3333333333333333,1.0,0.0001,1.0,0.01,0.01,0.01
1360,10.0,0.7,0.1,0.0,0.1,0.0,1.0,0.0001,0.0,0.0,1.0,1.3333333333333333,1.0,0.0001,1.0,0.01,0.01,0.01
1361,10.0,0.8,0.1,0.0,0.1,0.0,1.0,0.0001,0.0,0.0,1.0,1.3333333333333333,1.0,0.0001,1.0,0.01,0.01,0.01
1362,10.0,0.9,0.1,0.0,0.1,0.0,1.0,0.0001,0.0,0.0,1.0,1.3333333333333333,1.0,0.0001,1.0,0.01,0.01,0.01
1363,10.0,1.0,0.1,0.0,0.1,0.0,1.0,0.0001,0.0,0.0,1.0,1.3333333333333333,1.0,0.0001,1.0,0.01,0.01,0.01
1364,10.0,1.1,0.1,0.0,0.1,0.0,1.0,0.0001,0.0,0.0,1.0,1.3333333333333333,1.0,0.0001,1.0,0.01,0.01,0.01
1365,10.0,1.2,0.1,0.0,0.1,0.0,1.0,0.0001,0.0,0.0,1.0,1.3333333333333333,1.0,0.0001,1.0,0.01,0.01,0.01
1366,10.0,1.3,0.1,0.0,0.1,0.0,1.0,0.0001,0.0,0.0,1.0,1.3333333333333333,1.0,0.0001,1.0,0.01,0.01,0.01
1367,10.0,1.4,0.1,0.0,0.1,0.0,1.0,0.0001,0.0,0.0,1.0,1.3333333333333333,1.0,0.0001,1.0,0.01,0.01,0.01
1368,10.0,1.5,0.1,0.0,0.1,0.0,1.0,0.0001,0.0,0.0,1.0,1.3333333333333333,1.0,0.0001,1.0,0.01,0.01,0.01
1369,10.0,0.4,0.1,0.0,0.1,0.0,1.0,0.0001,0.0,0.0,2.0,2.6666666666666665,1.0,0.0001,1.0,0.01,0.01,0.01
1370,10.0,0.5,0.1,0.0,0.1,0.0,1.0,0.0001,0.0,0.0,2.0,2.6666666666666665,1.0,0.0001,1.0,0.01,0.01,0.01
1371,10.0,0.6,0.1,0.0,0.1,0.0,1.0,0.0001,0.0,0.0,2.0,2.6666666666666665,1.0,0.0001,1.0,0.01,0.01,0.01
1372,10.0,0.7,0.1,0.0,0.1,0.0,1.0,0.0001,0.0,0.0,2.0,2.6666666666666665,1.0,0.0001,1.0,0.01,0.01,0.01
1373,10.0,0.8,0.1,0.0,0.1,0.0,1.0,0.0001,0.0,0.0,2.0,2.6666666666666665,1.0,0.0001,1.0,0.01,0.01,0.01
1374,10.0,0.9,0.1,0.0,0.1,0.0,1.0,0.0001,0.0,0.0,2.0,2.6666666666666665,1.0,0.0001,1.0,0.01,0.01,0.01
1375,10.0,1.0,0.1,0.0,0.1,0.0,1.0,0.0001,0.0,0.0,2.0,2.6666666666666665,1.0,0.0001,1.0,0.01,0.01,0.01
1376,10.0,1.1,0.1,0.0,0.1,0.0,1.0,0.0001,0.0,0.0,2.0,2.6666666666666665,1.0,0.0001,1.0,0.01,0.01,0.01
1377,10.0,1.2,0.1,0.0,0.1,0.0,1.0,0.0001,0.0,0.0,2.0,2.6666666666666665,1.0,0.0001,1.0,0.01,0.01,0.01
1378,10.0,1.3,0.1,0.0,0.1,0.0,1.0,0.0001,0.0,0.0,2.0,2.6666666666666665,1.0,0.0001,1.0,0.01,0.01,0.01
1379,10.0,1.4,0.1,0.0,0.1,0.0,1.0,0.0001,0.0,0.0,2.0,2.6666666666666665,1.0,0.0001,1.0,0.01,0.01,0.01
1380,10.0,1.5,0.1,0.0,0.1,0.0,1.0,0.0001,0.0,0.0,2.0,2.6666666666666665,1.0,0.0001,1.0,0.01,0.01,0.01
1381,10.0,0.4,0.1,0.0,0.1,0.0,1.0,0.0001,0.0,0.0,4.0,5.333333333333333,1.0,0.0001,1.0,0.01,0.01,0.01
1382,10.0,0.5,0.1,0.0,0.1,0.0,1.0,0.0001,0.0,0.0,4.0,5.333333333333333,1.0,0.0001,1.0,0.01,0.01,0.01
1383,10.0,0.6,0.1,0.0,0.1,0.0,1.0,0.0001,0.0,0.0,4.0,5.333333333333333,1.0,0.0001,1.0,0.01,0.01,0.01
1384,10.0,0.7,0.1,0.0,0.1,0.0,1.0,0.0001,0.0,0.0,4.0,5.333333333333333,1.0,0.0001,1.0,0.01,0.01,0.01
1385,10.0,0.8,0.1,0.0,0.1,0.0,1.0,0.0001,0.0,0.0,4.0,5.333333333333333,1.0,0.0001,1.0,0.01,0.01,0.01
1386,10.0,0.9,0.1,0.0,0.1,0.0,1.0,0.0001,0.0,0.0,4.0,5.333333333333333,1.0,0.0001,1.0,0.01,0.01,0.01
1387,10.0,1.0,0.1,0.0,0.1,0.0,1.0,0.0001,0.0,0.0,4.0,5.333333333333333,1.0,0.0001,1.0,0.01,0.01,0.01
1388,10.0,1.1,0.1,0.0,0.1,0.0,1.0,0.0001,0.0,0.0,4.0,5.333333333333333,1.0,0.0001,1.0,0.01,0.01,0.01
1389,10.0,1.2,0.1,0.0,0.1,0.0,1.0,0.0001,0.0,0.0,4.0,5.333333333333333,1.0,0.0001,1.0,0.01,0.01,0.01
1390,10.0,1.3,0.1,0.0,0.1,0.0,1.0,0.0001,0.0,0.0,4.0,5.333333333333333,1.0,0.0001,1.0,0.01,0.01,0.01
1391,10.0,1.4,0.1,0.0,0.1,0.0,1.0,0.0001,0.0,0.0,4.0,5.333333333333333,1.0,0.0001,1.0,0.01,0.01,0.01
1392,10.0,1.5,0.1,0.0,0.1,0.0,1.0,0.0001,0.0,0.0,4.0,5.333333333333333,1.0,0.0001,1.0,0.01,0.01,0.01
1393,10.0,0.4,0.1,0.0,0.1,0.0,1.0,0.0001,0.0,0.0,6.0,8.0,1.0,0.0001,1.0,0.01,0.01,0.01
1394,10.0,0.5,0.1,0.0,0.1,0.0,1.0,0.0001,0.0,0.0,6.0,8.0,1.0,0.0001,1.0,0.01,0.01,0.01
1395,10.0,0.6,0.1,0.0,0.1,0.0,1.0,0.0001,0.0,0.0,6.0,8.0,1.0,0.0001,1.0,0.01,0.01,0.01
1396,10.0,0.7,0.1,0.0,0.1,0.0,1.0,0.0001,0.0,0.0,6.0,8.0,1.0,0.0001,1.0,0.01,0.01,0.01
1397,10.0,0.8,0.1,0.0,0.1,0.0,1.0,0.0001,0.0,0.0,6.0,8.0,1.0,0.0001,1.0,0.01,0.01,0.01
1398,10.0,0.9,0.1,0.0,0.1,0.0,1.0,0.0001,0.0,0.0,6.0,8.0,1.0,0.0001,1.0,0.01,0.01,0.01
1399,10.0,1.0,0.1,0.0,0.1,0.0,1.0,0.0001,0.0,0.0,6.0,8.0,1.0,0.0001,1.0,0.01,0.01,0.01
1400,10.0,1.1,0.1,0.0,0.1,0.0,1.0,0.0001,0.0,0.0,6.0,8.0,1.0,0.0001,1.0,0.01,0.01,0.01
1401,10.0,1.2,0.1,0.0,0.1,0.0,1.0,0.0001,0.0,0.0,6.0,8.0,1.0,0.0001,1.0,0.01,0.01,0.01
1402,10.0,1.3,0.1,0.0,0.1,0.0,1.0,0.0001,0.0,0.0,6.0,8.0,1.0,0.0001,1.0,0.01,0.01,0.01
1403,10.0,1.4,0.1,0.0,0.1,0.0,1.0,0.0001,0.0,0.0,6.0,8.0,1.0,0.0001,1.0,0.01,0.01,0.01
1404,10.0,1.5,0.1,0.0,0.1,0.0,1.0,0.0001,0.0,0.0,6.0,8.0,1.0,0.0001,1.0,0.01,0.01,0.01
1405,10.0,0.4,0.1,0.0,0.1,0.0,1.0,0.0001,0.0,0.0,8.0,10.666666666666666,1.0,0.0001,1.0,0.01,0.01,0.01
1406,10.0,0.5,0.1,0.0,0.1,0.0,1.0,0.0001,0.0,0.0,8.0,10.666666666666666,1.0,0.0001,1.0,0.01,0.01,0.01
1407,10.0,0.6,0.1,0.0,0.1,0.0,1.0,0.0001,0.0,0.0,8.0,10.666666666666666,1.0,0.0001,1.0,0.01,0.01,0.01
1408,10.0,0.7,0.1,0.0,0.1,0.0,1.0,0.0001,0.0,0.0,8.0,10.666666666666666,1.0,0.0001,1.0,0.01,0.01,0.01
1409,10.0,0.8,0.1,0.0,0.1,0.0,1.0,0.0001,0.0,0.0,8.0,10.666666666666666,1.0,0.0001,1.0,0.01,0.01,0.01
1410,10.0,0.9,0.1,0.0,0.1,0.0,1.0,0.0001,0.0,0.0,8.0,10.666666666666666,1.0,0.0001,1.0,0.01,0.01,0.01
1411,10.0,1.0,0.1,0.0,0.1,0.0,1.0,0.0001,0.0,0.0,8.0,10.666666666666666,1.0,0.0001,1.0,0.01,0.01,0.01
1412,10.0,1.1,0.1,0.0,0.1,0.0,1.0,0.0001,0.0,0.0,8.0,10.666666666666666,1.0,0.0001,1.0,0.01,0.01,0.01
1413,10.0,1.2,0.1,0.0,0.1,0.0,1.0,0.0001,0.0,0.0,8.0,10.666666666666666,1.0,0.0001,1.0,0.01,0.01,0.01
1414,10.0,1.3,0.1,0.0,0.1,0.0,1.0,0.0001,0.0,0.0,8.0,10.666666666666666,1.0,0.0001,1.0,0.01,0.01,0.01
1415,10.0,1.4,0.1,0.0,0.1,0.0,1.0,0.0001,0.0,0.0,8.0,10.666666666666666,1.0,0.0001,1.0,0.01,0.01,0.01
1416,10.0,1.5,0.1,0.0,0.1,0.0,1.0,0.0001,0.0,0.0,8.0,10.666666666666666,1.0,0.0001,1.0,0.01,0.01,0.01
1417,10.0,0.4,0.1,0.0,0.1,0.0,1.0,0.0001,0.0,0.0,10.0,13.333333333333334,1.0,0.0001,1.0,0.01,0.01,0.01
1418,10.0,0.5,0.1,0.0,0.1,0.0,1.0,0.0001,0.0,0.0,10.0,13.333333333333334,1.0,0.0001,1.0,0.01,0.01,0.01
1419,10.0,0.6,0.1,0.0,0.1,0.0,1.0,0.0001,0.0,0.0,10.0,13.333333333333334,1.0,0.0001,1.0,0.01,0.01,0.01
1420,10.0,0.7,0.1,0.0,0.1,0.0,1.0,0.0001,0.0,0.0,10.0,13.333333333333334,1.0,0.0001,1.0,0.01,0.01,0.01
1421,10.0,0.8,0.1,0.0,0.1,0.0,1.0,0.0001,0.0,0.0,10.0,13.333333333333334,1.0,0.0001,1.0,0.01,0.01,0.01
1422,10.0,0.9,0.1,0.0,0.1,0.0,1.0,0.0001,0.0,0.0,10.0,13.333333333333334,1.0,0.0001,1.0,0.01,0.01,0.01
1423,10.0,1.0,0.1,0.0,0.1,0.0,1.0,0.0001,0.0,0.0,10.0,13.333333333333334,1.0,0.0001,1.0,0.01,0.01,0.01
1424,10.0,1.1,0.1,0.0,0.1,0.0,1.0,0.0001,0.0,0.0,10.0,13.333333333333334,1.0,0.0001,1.0,0.01,0.01,0.01
1425,10.0,1.2,0.1,0.0,0.1,0.0,1.0,0.0001,0.0,0.0,10.0,13.333333333333334,1.0,0.0001,1.0,0.01,0.01,0.01
1426,10.0,1.3,0.1,0.0,0.1,0.0,1.0,0.0001,0.0,0.0,10.0,13.333333333333334,1.0,0.0001,1.0,0.01,0.01,0.01
1427,10.0,1.4,0.1,0.0,0.1,0.0,1.0,0.0001,0.0,0.0,10.0,13.333333333333334,1.0,0.0001,1.0,0.01,0.01,0.01
1428,10.0,1.5,0.1,0.0,0.1,0.0,1.0,0.0001,0.0,0.0,10.0,13.333333333333334,1.0,0.0001,1.0,0.01,0.01,0.01
1429,10.0,0.4,0.1,0.0,0.1,0.0,1.0,0.0001,0.0,0.0,12.0,16.0,1.0,0.0001,1.0,0.01,0.01,0.01
1430,10.0,0.5,0.1,0.0,0.1,0.0,1.0,0.0001,0.0,0.0,12.0,16.0,1.0,0.0001,1.0,0.01,0.01,0.01
1431,10.0,0.6,0.1,0.0,0.1,0.0,1.0,0.0001,0.0,0.0,12.0,16.0,1.0,0.0001,1.0,0.01,0.01,0.01
1432,10.0,0.7,0.1,0.0,0.1,0.0,1.0,0.0001,0.0,0.0,12.0,16.0,1.0,0.0001,1.0,0.01,0.01,0.01
1433,10.0,0.8,0.1,0.0,0.1,0.0,1.0,0.0001,0.0,0.0,12.0,16.0,1.0,0.0001,1.0,0.01,0.01,0.01
1434,10.0,0.9,0.1,0.0,0.1,0.0,1.0,0.0001,0.0,0.0,12.0,16.0,1.0,0.0001,1.0,0.01,0.01,0.01
1435,10.0,1.0,0.1,0.0,0.1,0.0,1.0,0.0001,0.0,0.0,12.0,16.0,1.0,0.0001,1.0,0.01,0.01,0.01
1436,10.0,1.1,0.1,0.0,0.1,0.0,1.0,0.0001,0.0,0.0,12.0,16.0,1.0,0.0001,1.0,0.01,0.01,0.01
1437,10.0,1.2,0.1,0.0,0.1,0.0,1.0,0.0001,0.0,0.0,12.0,16.0,1.0,0.0001,1.0,0.01,0.01,0.01
1438,10.0,1.3,0.1,0.0,0.1,0.0,1.0,0.0001,0.0,0.0,12.0,16.0,1.0,0.0001,1.0,0.01,0.01,0.01
1439,10.0,1.4,0.1,0.0,0.1,0.0,1.0,0.0001,0.0,0.0,12.0,16.0,1.0,0.0001,1.0,0.01,0.01,0.01
1440,10.0,1.5,0.1,0.0,0.1,0.0,1.0,0.0001,0.0,0.0,12.0,16.0,1.0,0.0001,1.0,0.01,0.01,0.01
1441,10.0,0.4,0.1,0.0,0.1,0.0,1.0,0.0001,0.0,0.0,14.0,18.666666666666668,1.0,0.0001,1.0,0.01,0.01,0.01
1442,10.0,0.5,0.1,0.0,0.1,0.0,1.0,0.0001,0.0,0.0,14.0,18.666666666666668,1.0,0.0001,1.0,0.01,0.01,0.01
1443,10.0,0.6,0.1,0.0,0.1,0.0,1.0,0.0001,0.0,0.0,14.0,18.666666666666668,1.0,0.0001,1.0,0.01,0.01,0.01
1444,10.0,0.7,0.1,0.0,0.1,0.0,1.0,0.0001,0.0,0.0,14.0,18.666666666666668,1.0,0.0001,1.0,0.01,0.01,0.01
1445,10.0,0.8,0.1,0.0,0.1,0.0,1.0,0.0001,0.0,0.0,14.0,18.666666666666668,1.0,0.0001,1.0,0.01,0.01,0.01
1446,10.0,0.9,0.1,0.0,0.1,0.0,1.0,0.0001,0.0,0.0,14.0,18.666666666666668,1.0,0.0001,1.0,0.01,0.01,0.01
1447,10.0,1.0,0.1,0.0,0.1,0.0,1.0,0.0001,0.0,0.0,14.0,18.666666666666668,1.0,0.0001,1.0,0.01,0.01,0.01
1448,10.0,1.1,0.1,0.0,0.1,0.0,1.0,0.0001,0.0,0.0,14.0,18.666666666666668,1.0,0.0001,1.0,0.01,0.01,0.01
1449,10.0,1.2,0.1,0.0,0.1,0.0,1.0,0.0001,0.0,0.0,14.0,18.666666666666668,1.0,0.0001,1.0,0.01,0.01,0.01
1450,10.0,1.3,0.1,0.0,0.1,0.0,1.0,0.0001,0.0,0.0,14.0,18.666666666666668,1.0,0.0001,1.0,0.01,0.01,0.01
1451,10.0,1.4,0.1,0.0,0.1,0.0,1.0,0.0001,0.0,0.0,14.0,18.666666666666668,1.0,0.0001,1.0,0.01,0.01,0.01
1452,10.0,1.5,0.1,0.0,0.1,0.0,1.0,0.0001,0.0,0.0,14.0,18.666666666666668,1.0,0.0001,1.0,0.01,0.01,0.01
1453,10.0,0.4,0.1,0.0,0.1,0.0,1.0,0.0001,0.0,0.0,16.0,21.333333333333332,1.0,0.0001,1.0,0.01,0.01,0.01
1454,10.0,0.5,0.1,0.0,0.1,0.0,1.0,0.0001,0.0,0.0,16.0,21.333333333333332,1.0,0.0001,1.0,0.01,0.01,0.01
1455,10.0,0.6,0.1,0.0,0.1,0.0,1.0,0.0001,0.0,0.0,16.0,21.333333333333332,1.0,0.0001,1.0,0.01,0.01,0.01
1456,10.0,0.7,0.1,0.0,0.1,0.0,1.0,0.0001,0.0,0.0,16.0,21.333333333333332,1.0,0.0001,1.0,0.01,0.01,0.01
1457,10.0,0.8,0.1,0.0,0.1,0.0,1.0,0.0001,0.0,0.0,16.0,21.333333333333332,1.0,0.0001,1.0,0.01,0.01,0.01
1458,10.0,0.9,0.1,0.0,0.1,0.0,1.0,0.0001,0.0,0.0,16.0,21.333333333333332,1.0,0.0001,1.0,0.01,0.01,0.01
1459,10.0,1.0,0.1,0.0,0.1,0.0,1.0,0.0001,0.0,0.0,16.0,21.333333333333332,1.0,0.0001,1.0,0.01,0.01,0.01
1460,10.0,1.1,0.1,0.0,0.1,0.0,1.0,0.0001,0.0,0.0,16.0,21.333333333333332,1.0,0.0001,1.0,0.01,0.01,0.01
1461,10.0,1.2,0.1,0.0,0.1,0.0,1.0,0.0001,0.0,0.0,16.0,21.333333333333332,1.0,0.0001,1.0,0.01,0.01,0.01
1462,10.0,1.3,0.1,0.0,0.1,0.0,1.0,0.0001,0.0,0.0,16.0,21.333333333333332,1.0,0.0001,1.0,0.01,0.01,0.01
1463,10.0,1.4,0.1,0.0,0.1,0.0,1.0,0.0001,0.0,0.0,16.0,21.333333333333332,1.0,0.0001,1.0,0.01,0.01,0.01
1464,10.0,1.5,0.1,0.0,0.1,0.0,1.0,0.0001,0.0,0.0,16.0,21.333333333333332,1.0,0.0001,1.0,0.01,0.01,0.01
1465,10.0,0.4,0.1,0.0,0.1,0.0,1.0,0.0001,0.0,0.0,18.0,24.0,1.0,0.0001,1.0,0.01,0.01,0.01
1466,10.0,0.5,0.1,0.0,0.1,0.0,1.0,0.0001,0.0,0.0,18.0,24.0,1.0,0.0001,1.0,0.01,0.01,0.01
1467,10.0,0.6,0.1,0.0,0.1,0.0,1.0,0.0001,0.0,0.0,18.0,24.0,1.0,0.0001,1.0,0.01,0.01,0.01
1468,10.0,0.7,0.1,0.0,0.1,0.0,1.0,0.0001,0.0,0.0,18.0,24.0,1.0,0.0001,1.0,0.01,0.01,0.01
1469,10.0,0.8,0.1,0.0,0.1,0.0,1.0,0.0001,0.0,0.0,18.0,24.0,1.0,0.0001,1.0,0.01,0.01,0.01
1470,10.0,0.9,0.1,0.0,0.1,0.0,1.0,0.0001,0.0,0.0,18.0,24.0,1.0,0.0001,1.0,0.01,0.01,0.01
1471,10.0,1.0,0.1,0.0,0.1,0.0,1.0,0.0001,0.0,0.0,18.0,24.0,1.0,0.0001,1.0,0.01,0.01,0.01
1472,10.0,1.1,0.1,0.0,0.1,0.0,1.0,0.0001,0.0,0.0,18.0,24.0,1.0,0.0001,1.0,0.01,0.01,0.01
1473,10.0,1.2,0.1,0.0,0.1,0.0,1.0,0.0001,0.0,0.0,18.0,24.0,1.0,0.0001,1.0,0.01,0.01,0.01
1474,10.0,1.3,0.1,0.0,0.1,0.0,1.0,0.0001,0.0,0.0,18.0,24.0,1.0,0.0001,1.0,0.01,0.01,0.01
1475,10.0,1.4,0.1,0.0,0.1,0.0,1.0,0.0001,0.0,0.0,18.0,24.0,1.0,0.0001,1.0,0.01,0.01,0.01
1476,10.0,1.5,0.1,0.0,0.1,0.0,1.0,0.0001,0.0,0.0,18.0,24.0,1.0,0.0001,1.0,0.01,0.01,0.01
1477,10.0,0.4,0.1,0.0,0.1,0.0,1.0,0.0001,0.0,0.0,20.0,26.666666666666668,1.0,0.0001,1.0,0.01,0.01,0.01
1478,10.0,0.5,0.1,0.0,0.1,0.0,1.0,0.0001,0.0,0.0,20.0,26.666666666666668,1.0,0.0001,1.0,0.01,0.01,0.01
1479,10.0,0.6,0.1,0.0,0.1,0.0,1.0,0.0001,0.0,0.0,20.0,26.666666666666668,1.0,0.0001,1.0,0.01,0.01,0.01
1480,10.0,0.7,0.1,0.0,0.1,0.0,1.0,0.0001,0.0,0.0,20.0,26.666666666666668,1.0,0.0001,1.0,0.01,0.01,0.01
1481,10.0,0.8,0.1,0.0,0.1,0.0,1.0,0.0001,0.0,0.0,20.0,26.666666666666668,1.0,0.0001,1.0,0.01,0.01,0.01
1482,10.0,0.9,0.1,0.0,0.1,0.0,1.0,0.0001,0.0,0.0,20.0,26.666666666666668,1.0,0.0001,1.0,0.01,0.01,0.01
1483,10.0,1.0,0.1,0.0,0.1,0.0,1.0,0.0001,0.0,0.0,20.0,26.666666666666668,1.0,0.0001,1.0,0.01,0.01,0.01
1484,10.0,1.1,0.1,0.0,0.1,0.0,1.0,0.0001,0.0,0.0,20.0,26.666666666666668,1.0,0.0001,1.0,0.01,0.01,0.01
1485,10.0,1.2,0.1,0.0,0.1,0.0,1.0,0.0001,0.0,0.0,20.0,26.666666666666668,1.0,0.0001,1.0,0.01,0.01,0.01
1486,10.0,1.3,0.1,0.0,0.1,0.0,1.0,0.0001,0.0,0.0,20.0,26.666666666666668,1.0,0.0001,1.0,0.01,0.01,0.01
1487,10.0,1.4,0.1,0.0,0.1,0.0,1.0,0.0001,0.0,0.0,20.0,26.666666666666668,1.0,0.0001,1.0,0.01,0.01,0.01
1488,10.0,1.5,0.1,0.0,0.1,0.0,1.0,0.0001,0.0,0.0,20.0,26.666666666666668,1.0,0.0001,1.0,0.01,0.01,0.01
1489,10.0,0.4,0.1,0.0,0.1,0.0,1.0,0.0001,0.0,0.0,22.0,29.333333333333332,1.0,0.0001,1.0,0.01,0.01,0.01
1490,10.0,0.5,0.1,0.0,0.1,0.0,1.0,0.0001,0.0,0.0,22.0,29.333333333333332,1.0,0.0001,1.0,0.01,0.01,0.01
1491,10.0,0.6,0.1,0.0,0.1,0.0,1.0,0.0001,0.0,0.0,22.0,29.333333333333332,1.0,0.0001,1.0,0.01,0.01,0.01
1492,10.0,0.7,0.1,0.0,0.1,0.0,1.0,0.0001,0.0,0.0,22.0,29.333333333333332,1.0,0.0001,1.0,0.01,0.01,0.01
1493,10.0,0.8,0.1,0.0,0.1,0.0,1.0,0.0001,0.0,0.0,22.0,29.333333333333332,1.0,0.0001,1.0,0.01,0.01,0.01
1494,10.0,0.9,0.1,0.0,0.1,0.0,1.0,0.0001,0.0,0.0,22.0,29.333333333333332,1.0,0.0001,1.0,0.01,0.01,0.01
1495,10.0,1.0,0.1,0.0,0.1,0.0,1.0,0.0001,0.0,0.0,22.0,29.333333333333332,1.0,0.0001,1.0,0.01,0.01,0.01
1496,10.0,1.1,0.1,0.0,0.1,0.0,1.0,0.0001,0.0,0.0,22.0,29.333333333333332,1.0,0.0001,1.0,0.01,0.01,0.01
1497,10.0,1.2,0.1,0.0,0.1,0.0,1.0,0.0001,0.0,0.0,22.0,29.333333333333332,1.0,0.0001,1.0,0.01,0.01,0.01
1498,10.0,1.3,0.1,0.0,0.1,0.0,1.0,0.0001,0.0,0.0,22.0,29.333333333333332,1.0,0.0001,1.0,0.01,0.01,0.01
1499,10.0,1.4,0.1,0.0,0.1,0.0,1.0,0.0001,0.0,0.0,22.0,29.333333333333332,1.0,0.0001,1.0,0.01,0.01,0.01
1500,10.0,1.5,0.1,0.0,0.1,0.0,1.0,0.0001,0.0,0.0,22.0,29.333333333333332,1.0,0.0001,1.0,0.01,0.01,0.01
1501,10.0,0.4,0.1,0.0,0.1,0.0,1.0,0.0001,0.0,0.0,24.0,32.0,1.0,0.0001,1.0,0.01,0.01,0.01
1502,10.0,0.5,0.1,0.0,0.1,0.0,1.0,0.0001,0.0,0.0,24.0,32.0,1.0,0.0001,1.0,0.01,0.01,0.01
1503,10.0,0.6,0.1,0.0,0.1,0.0,1.0,0.0001,0.0,0.0,24.0,32.0,1.0,0.0001,1.0,0.01,0.01,0.01
1504,10.0,0.7,0.1,0.0,0.1,0.0,1.0,0.0001,0.0,0.0,24.0,32.0,1.0,0.0001,1.0,0.01,0.01,0.01
1505,10.0,0.8,0.1,0.0,0.1,0.0,1.0,0.0001,0.0,0.0,24.0,32.0,1.0,0.0001,1.0,0.01,0.01,0.01
1506,10.0,0.9,0.1,0.0,0.1,0.0,1.0,0.0001,0.0,0.0,24.0,32.0,1.0,0.0001,1.0,0.01,0.01,0.01
1507,10.0,1.0,0.1,0.0,0.1,0.0,1.0,0.0001,0.0,0.0,24.0,32.0,1.0,0.0001,1.0,0.01,0.01,0.01
1508,10.0,1.1,0.1,0.0,0.1,0.0,1.0,0.0001,0.0,0.0,24.0,32.0,1.0,0.0001,1.0,0.01,0.01,0.01
1509,10.0,1.2,0.1,0.0,0.1,0.0,1.0,0.0001,0.0,0.0,24.0,32.0,1.0,0.0001,1.0,0.01,0.01,0.01
1510,10.0,1.3,0.1,0.0,0.1,0.0,1.0,0.0001,0.0,0.0,24.0,32.0,1.0,0.0001,1.0,0.01,0.01,0.01
1511,10.0,1.4,0.1,0.0,0.1,0.0,1.0,0.0001,0.0,0.0,24.0,32.0,1.0,0.0001,1.0,0.01,0.01,0.01
1512,10.0,1.5,0.1,0.0,0.1,0.0,1.0,0.0001,0.0,0.0,24.0,32.0,1.0,0.0001,1.0,0.01,0.01,0.01
1513,10.0,0.4,0.01,0.0,0.1,0.0,1.0,0.0001,0.0,0.0,0.0,1.3333333333333333,1.0,0.0001,1.0,0.01,0.01,0.01
1514,10.0,0.5,0.01,0.0,0.1,0.0,1.0,0.0001,0.0,0.0,0.0,1.3333333333333333,1.0,0.0001,1.0,0.01,0.01,0.01
1515,10.0,0.6,0.01,0.0,0.1,0.0,1.0,0.0001,0.0,0.0,0.0,1.3333333333333333,1.0,0.0001,1.0,0.01,0.01,0.01
1516,10.0,0.7,0.01,0.0,0.1,0.0,1.0,0.0001,0.0,0.0,0.0,1.3333333333333333,1.0,0.0001,1.0,0.01,0.01,0.01
1517,10.0,0.8,0.01,0.0,0.1,0.0,1.0,0.0001,0.0,0.0,0.0,1.3333333333333333,1.0,0.0001,1.0,0.01,0.01,0.01
1518,10.0,0.9,0.01,0.0,0.1,0.0,1.0,0.0001,0.0,0.0,0.0,1.3333333333333333,1.0,0.0001,1.0,0.01,0.01,0.01
1519,10.0,1.0,0.01,0.0,0.1,0.0,1.0,0.0001,0.0,0.0,0.0,1.3333333333333333,1.0,0.0001,1.0,0.01,0.01,0.01
1520,10.0,1.1,0.01,0.0,0.1,0.0,1.0,0.0001,0.0,0.0,0.0,1.3333333333333333,1.0,0.0001,1.0,0.01,0.01,0.01
1521,10.0,1.2,0.01,0.0,0.1,0.0,1.0,0.0001,0.0,0.0,0.0,1.3333333333333333,1.0,0.0001,1.0,0.01,0.01,0.01
1522,10.0,1.3,0.01,0.0,0.1,0.0,1.0,0.0001,0.0,0.0,0.0,1.3333333333333333,1.0,0.0001,1.0,0.01,0.01,0.01
1523,10.0,1.4,0.01,0.0,0.1,0.0,1.0,0.0001,0.0,0.0,0.0,1.3333333333333333,1.0,0.0001,1.0,0.01,0.01,0.01
1524,10.0,1.5,0.01,0.0,0.1,0.0,1.0,0.0001,0.0,0.0,0.0,1.3333333333333333,1.0,0.0001,1.0,0.01,0.01,0.01
1525,10.0,0.4,0.01,0.0,0.1,0.0,1.0,0.0001,0.0,0.0,1.0,1.3333333333333333,1.0,0.0001,1.0,0.01,0.01,0.01
1526,10.0,0.5,0.01,0.0,0.1,0.0,1.0,0.0001,0.0,0.0,1.0,1.3333333333333333,1.0,0.0001,1.0,0.01,0.01,0.01
1527,10.0,0.6,0.01,0.0,0.1,0.0,1.0,0.0001,0.0,0.0,1.0,1.3333333333333333,1.0,0.0001,1.0,0.01,0.01,0.01
1528,10.0,0.7,0.01,0.0,0.1,0.0,1.0,0.0001,0.0,0.0,1.0,1.3333333333333333,1.0,0.0001,1.0,0.01,0.01,0.01
1529,10.0,0.8,0.01,0.0,0.1,0.0,1.0,0.0001,0.0,0.0,1.0,1.3333333333333333,1.0,0.0001,1.0,0.01,0.01,0.01
1530,10.0,0.9,0.01,0.0,0.1,0.0,1.0,0.0001,0.0,0.0,1.0,1.3333333333333333,1.0,0.0001,1.0,0.01,0.01,0.01
1531,10.0,1.0,0.01,0.0,0.1,0.0,1.0,0.0001,0.0,0.0,1.0,1.3333333333333333,1.0,0.0001,1.0,0.01,0.01,0.01
1532,10.0,1.1,0.01,0.0,0.1,0.0,1.0,0.0001,0.0,0.0,1.0,1.3333333333333333,1.0,0.0001,1.0,0.01,0.01,0.01
1533,10.0,1.2,0.01,0.0,0.1,0.0,1.0,0.0001,0.0,0.0,1.0,1.3333333333333333,1.0,0.0001,1.0,0.01,0.01,0.01
1534,10.0,1.3,0.01,0.0,0.1,0.0,1.0,0.0001,0.0,0.0,1.0,1.3333333333333333,1.0,0.0001,1.0,0.01,0.01,0.01
1535,10.0,1.4,0.01,0.0,0.1,0.0,1.0,0.0001,0.0,0.0,1.0,1.3333333333333333,1.0,0.0001,1.0,0.01,0.01,0.01
1536,10.0,1.5,0.01,0.0,0.1,0.0,1.0,0.0001,0.0,0.0,1.0,1.3333333333333333,1.0,0.0001,1.0,0.01,0.01,0.01
1537,10.0,0.4,0.01,0.0,0.1,0.0,1.0,0.0001,0.0,0.0,2.0,2.6666666666666665,1.0,0.0001,1.0,0.01,0.01,0.01
1538,10.0,0.5,0.01,0.0,0.1,0.0,1.0,0.0001,0.0,0.0,2.0,2.6666666666666665,1.0,0.0001,1.0,0.01,0.01,0.01
1539,10.0,0.6,0.01,0.0,0.1,0.0,1.0,0.0001,0.0,0.0,2.0,2.6666666666666665,1.0,0.0001,1.0,0.01,0.01,0.01
1540,10.0,0.7,0.01,0.0,0.1,0.0,1.0,0.0001,0.0,0.0,2.0,2.6666666666666665,1.0,0.0001,1.0,0.01,0.01,0.01
1541,10.0,0.8,0.01,0.0,0.1,0.0,1.0,0.0001,0.0,0.0,2.0,2.6666666666666665,1.0,0.0001,1.0,0.01,0.01,0.01
1542,10.0,0.9,0.01,0.0,0.1,0.0,1.0,0.0001,0.0,0.0,2.0,2.6666666666666665,1.0,0.0001,1.0,0.01,0.01,0.01
1543,10.0,1.0,0.01,0.0,0.1,0.0,1.0,0.0001,0.0,0.0,2.0,2.6666666666666665,1.0,0.0001,1.0,0.01,0.01,0.01
1544,10.0,1.1,0.01,0.0,0.1,0.0,1.0,0.0001,0.0,0.0,2.0,2.6666666666666665,1.0,0.0001,1.0,0.01,0.01,0.01
1545,10.0,1.2,0.01,0.0,0.1,0.0,1.0,0.0001,0.0,0.0,2.0,2.6666666666666665,1.0,0.0001,1.0,0.01,0.01,0.01
1546,10.0,1.3,0.01,0.0,0.1,0.0,1.0,0.0001,0.0,0.0,2.0,2.6666666666666665,1.0,0.0001,1.0,0.01,0.01,0.01
1547,10.0,1.4,0.01,0.0,0.1,0.0,1.0,0.0001,0.0,0.0,2.0,2.6666666666666665,1.0,0.0001,1.0,0.01,0.01,0.01
1548,10.0,1.5,0.01,0.0,0.1,0.0,1.0,0.0001,0.0,0.0,2.0,2.6666666666666665,1.0,0.0001,1.0,0.01,0.01,0.01
1549,10.0,0.4,0.01,0.0,0.1,0.0,1.0,0.0001,0.0,0.0,4.0,5.333333333333333,1.0,0.0001,1.0,0.01,0.01,0.01
1550,10.0,0.5,0.01,0.0,0.1,0.0,1.0,0.0001,0.0,0.0,4.0,5.333333333333333,1.0,0.0001,1.0,0.01,0.01,0.01
1551,10.0,0.6,0.01,0.0,0.1,0.0,1.0,0.0001,0.0,0.0,4.0,5.333333333333333,1.0,0.0001,1.0,0.01,0.01,0.01
1552,10.0,0.7,0.01,0.0,0.1,0.0,1.0,0.0001,0.0,0.0,4.0,5.333333333333333,1.0,0.0001,1.0,0.01,0.01,0.01
1553,10.0,0.8,0.01,0.0,0.1,0.0,1.0,0.0001,0.0,0.0,4.0,5.333333333333333,1.0,0.0001,1.0,0.01,0.01,0.01
1554,10.0,0.9,0.01,0.0,0.1,0.0,1.0,0.0001,0.0,0.0,4.0,5.333333333333333,1.0,0.0001,1.0,0.01,0.01,0.01
1555,10.0,1.0,0.01,0.0,0.1,0.0,1.0,0.0001,0.0,0.0,4.0,5.333333333333333,1.0,0.0001,1.0,0.01,0.01,0.01
1556,10.0,1.1,0.01,0.0,0.1,0.0,1.0,0.0001,0.0,0.0,4.0,5.333333333333333,1.0,0.0001,1.0,0.01,0.01,0.01
1557,10.0,1.2,0.01,0.0,0.1,0.0,1.0,0.0001,0.0,0.0,4.0,5.333333333333333,1.0,0.0001,1.0,0.01,0.01,0.01
1558,10.0,1.3,0.01,0.0,0.1,0.0,1.0,0.0001,0.0,0.0,4.0,5.333333333333333,1.0,0.0001,1.0,0.01,0.01,0.01
1559,10.0,1.4,0.01,0.0,0.1,0.0,1.0,0.0001,0.0,0.0,4.0,5.333333333333333,1.0,0.0001,1.0,0.01,0.01,0.01
1560,10.0,1.5,0.01,0.0,0.1,0.0,1.0,0.0001,0.0,0.0,4.0,5.333333333333333,1.0,0.0001,1.0,0.01,0.01,0.01
1561,10.0,0.4,0.01,0.0,0.1,0.0,1.0,0.0001,0.0,0.0,6.0,8.0,1.0,0.0001,1.0,0.01,0.01,0.01
1562,10.0,0.5,0.01,0.0,0.1,0.0,1.0,0.0001,0.0,0.0,6.0,8.0,1.0,0.0001,1.0,0.01,0.01,0.01
1563,10.0,0.6,0.01,0.0,0.1,0.0,1.0,0.0001,0.0,0.0,6.0,8.0,1.0,0.0001,1.0,0.01,0.01,0.01
1564,10.0,0.7,0.01,0.0,0.1,0.0,1.0,0.0001,0.0,0.0,6.0,8.0,1.0,0.0001,1.0,0.01,0.01,0.01
1565,10.0,0.8,0.01,0.0,0.1,0.0,1.0,0.0001,0.0,0.0,6.0,8.0,1.0,0.0001,1.0,0.01,0.01,0.01
1566,10.0,0.9,0.01,0.0,0.1,0.0,1.0,0.0001,0.0,0.0,6.0,8.0,1.0,0.0001,1.0,0.01,0.01,0.01
1567,10.0,1.0,0.01,0.0,0.1,0.0,1.0,0.0001,0.0,0.0,6.0,8.0,1.0,0.0001,1.0,0.01,0.01,0.01
1568,10.0,1.1,0.01,0.0,0.1,0.0,1.0,0.0001,0.0,0.0,6.0,8.0,1.0,0.0001,1.0,0.01,0.01,0.01
1569,10.0,1.2,0.01,0.0,0.1,0.0,1.0,0.0001,0.0,0.0,6.0,8.0,1.0,0.0001,1.0,0.01,0.01,0.01
1570,10.0,1.3,0.01,0.0,0.1,0.0,1.0,0.0001,0.0,0.0,6.0,8.0,1.0,0.0001,1.0,0.01,0.01,0.01
1571,10.0,1.4,0.01,0.0,0.1,0.0,1.0,0.0001,0.0,0.0,6.0,8.0,1.0,0.0001,1.0,0.01,0.01,0.01
1572,10.0,1.5,0.01,0.0,0.1,0.0,1.0,0.0001,0.0,0.0,6.0,8.0,1.0,0.0001,1.0,0.01,0.01,0.01
1573,10.0,0.4,0.01,0.0,0.1,0.0,1.0,0.0001,0.0,0.0,8.0,10.666666666666666,1.0,0.0001,1.0,0.01,0.01,0.01
1574,10.0,0.5,0.01,0.0,0.1,0.0,1.0,0.0001,0.0,0.0,8.0,10.666666666666666,1.0,0.0001,1.0,0.01,0.01,0.01
1575,10.0,0.6,0.01,0.0,0.1,0.0,1.0,0.0001,0.0,0.0,8.0,10.666666666666666,1.0,0.0001,1.0,0.01,0.01,0.01
1576,10.0,0.7,0.01,0.0,0.1,0.0,1.0,0.0001,0.0,0.0,8.0,10.666666666666666,1.0,0.0001,1.0,0.01,0.01,0.01
1577,10.0,0.8,0.01,0.0,0.1,0.0,1.0,0.0001,0.0,0.0,8.0,10.666666666666666,1.0,0.0001,1.0,0.01,0.01,0.01
1578,10.0,0.9,0.01,0.0,0.1,0.0,1.0,0.0001,0.0,0.0,8.0,10.666666666666666,1.0,0.0001,1.0,0.01,0.01,0.01
1579,10.0,1.0,0.01,0.0,0.1,0.0,1.0,0.0001,0.0,0.0,8.0,10.666666666666666,1.0,0.0001,1.0,0.01,0.01,0.01
1580,10.0,1.1,0.01,0.0,0.1,0.0,1.0,0.0001,0.0,0.0,8.0,10.666666666666666,1.0,0.0001,1.0,0.01,0.01,0.01
1581,10.0,1.2,0.01,0.0,0.1,0.0,1.0,0.0001,0.0,0.0,8.0,10.666666666666666,1.0,0.0001,1.0,0.01,0.01,0.01
1582,10.0,1.3,0.01,0.0,0.1,0.0,1.0,0.0001,0.0,0.0,8.0,10.666666666666666,1.0,0.0001,1.0,0.01,0.01,0.01
1583,10.0,1.4,0.01,0.0,0.1,0.0,1.0,0.0001,0.0,0.0,8.0,10.666666666666666,1.0,0.0001,1.0,0.01,0.01,0.01
1584,10.0,1.5,0.01,0.0,0.1,0.0,1.0,0.0001,0.0,0.0,8.0,10.666666666666666,1.0,0.0001,1.0,0.01,0.01,0.01
1585,10.0,0.4,0.01,0.0,0.1,0.0,1.0,0.0001,0.0,0.0,10.0,13.333333333333334,1.0,0.0001,1.0,0.01,0.01,0.01
1586,10.0,0.5,0.01,0.0,0.1,0.0,1.0,0.0001,0.0,0.0,10.0,13.333333333333334,1.0,0.0001,1.0,0.01,0.01,0.01
1587,10.0,0.6,0.01,0.0,0.1,0.0,1.0,0.0001,0.0,0.0,10.0,13.333333333333334,1.0,0.0001,1.0,0.01,0.01,0.01
1588,10.0,0.7,0.01,0.0,0.1,0.0,1.0,0.0001,0.0,0.0,10.0,13.333333333333334,1.0,0.0001,1.0,0.01,0.01,0.01
1589,10.0,0.8,0.01,0.0,0.1,0.0,1.0,0.0001,0.0,0.0,10.0,13.333333333333334,1.0,0.0001,1.0,0.01,0.01,0.01
1590,10.0,0.9,0.01,0.0,0.1,0.0,1.0,0.0001,0.0,0.0,10.0,13.333333333333334,1.0,0.0001,1.0,0.01,0.01,0.01
1591,10.0,1.0,0.01,0.0,0.1,0.0,1.0,0.0001,0.0,0.0,10.0,13.333333333333334,1.0,0.0001,1.0,0.01,0.01,0.01
1592,10.0,1.1,0.01,0.0,0.1,0.0,1.0,0.0001,0.0,0.0,10.0,13.333333333333334,1.0,0.0001,1.0,0.01,0.01,0.01
1593,10.0,1.2,0.01,0.0,0.1,0.0,1.0,0.0001,0.0,0.0,10.0,13.333333333333334,1.0,0.0001,1.0,0.01,0.01,0.01
1594,10.0,1.3,0.01,0.0,0.1,0.0,1.0,0.0001,0.0,0.0,10.0,13.333333333333334,1.0,0.0001,1.0,0.01,0.01,0.01
1595,10.0,1.4,0.01,0.0,0.1,0.0,1.0,0.0001,0.0,0.0,10.0,13.333333333333334,1.0,0.0001,1.0,0.01,0.01,0.01
1596,10.0,1.5,0.01,0.0,0.1,0.0,1.0,0.0001,0.0,0.0,10.0,13.333333333333334,1.0,0.0001,1.0,0.01,0.01,0.01
1597,10.0,0.4,0.01,0.0,0.1,0.0,1.0,0.0001,0.0,0.0,12.0,16.0,1.0,0.0001,1.0,0.01,0.01,0.01
1598,10.0,0.5,0.01,0.0,0.1,0.0,1.0,0.0001,0.0,0.0,12.0,16.0,1.0,0.0001,1.0,0.01,0.01,0.01
1599,10.0,0.6,0.01,0.0,0.1,0.0,1.0,0.0001,0.0,0.0,12.0,16.0,1.0,0.0001,1.0,0.01,0.01,0.01
1600,10.0,0.7,0.01,0.0,0.1,0.0,1.0,0.0001,0.0,0.0,12.0,16.0,1.0,0.0001,1.0,0.01,0.01,0.01
1601,10.0,0.8,0.01,0.0,0.1,0.0,1.0,0.0001,0.0,0.0,12.0,16.0,1.0,0.0001,1.0,0.01,0.01,0.01
1602,10.0,0.9,0.01,0.0,0.1,0.0,1.0,0.0001,0.0,0.0,12.0,16.0,1.0,0.0001,1.0,0.01,0.01,0.01
1603,10.0,1.0,0.01,0.0,0.1,0.0,1.0,0.0001,0.0,0.0,12.0,16.0,1.0,0.0001,1.0,0.01,0.01,0.01
1604,10.0,1.1,0.01,0.0,0.1,0.0,1.0,0.0001,0.0,0.0,12.0,16.0,1.0,0.0001,1.0,0.01,0.01,0.01
1605,10.0,1.2,0.01,0.0,0.1,0.0,1.0,0.0001,0.0,0.0,12.0,16.0,1.0,0.0001,1.0,0.01,0.01,0.01
1606,10.0,1.3,0.01,0.0,0.1,0.0,1.0,0.0001,0.0,0.0,12.0,16.0,1.0,0.0001,1.0,0.01,0.01,0.01
1607,10.0,1.4,0.01,0.0,0.1,0.0,1.0,0.0001,0.0,0.0,12.0,16.0,1.0,0.0001,1.0,0.01,0.01,0.01
1608,10.0,1.5,0.01,0.0,0.1,0.0,1.0,0.0001,0.0,0.0,12.0,16.0,1.0,0.0001,1.0,0.01,0.01,0.01
1609,10.0,0.4,0.01,0.0,0.1,0.0,1.0,0.0001,0.0,0.0,14.0,18.666666666666668,1.0,0.0001,1.0,0.01,0.01,0.01
1610,10.0,0.5,0.01,0.0,0.1,0.0,1.0,0.0001,0.0,0.0,14.0,18.666666666666668,1.0,0.0001,1.0,0.01,0.01,0.01
1611,10.0,0.6,0.01,0.0,0.1,0.0,1.0,0.0001,0.0,0.0,14.0,18.666666666666668,1.0,0.0001,1.0,0.01,0.01,0.01
1612,10.0,0.7,0.01,0.0,0.1,0.0,1.0,0.0001,0.0,0.0,14.0,18.666666666666668,1.0,0.0001,1.0,0.01,0.01,0.01
1613,10.0,0.8,0.01,0.0,0.1,0.0,1.0,0.0001,0.0,0.0,14.0,18.666666666666668,1.0,0.0001,1.0,0.01,0.01,0.01
1614,10.0,0.9,0.01,0.0,0.1,0.0,1.0,0.0001,0.0,0.0,14.0,18.666666666666668,1.0,0.0001,1.0,0.01,0.01,0.01
1615,10.0,1.0,0.01,0.0,0.1,0.0,1.0,0.0001,0.0,0.0,14.0,18.666666666666668,1.0,0.0001,1.0,0.01,0.01,0.01
1616,10.0,1.1,0.01,0.0,0.1,0.0,1.0,0.0001,0.0,0.0,14.0,18.666666666666668,1.0,0.0001,1.0,0.01,0.01,0.01
1617,10.0,1.2,0.01,0.0,0.1,0.0,1.0,0.0001,0.0,0.0,14.0,18.666666666666668,1.0,0.0001,1.0,0.01,0.01,0.01
1618,10.0,1.3,0.01,0.0,0.1,0.0,1.0,0.0001,0.0,0.0,14.0,18.666666666666668,1.0,0.0001,1.0,0.01,0.01,0.01
1619,10.0,1.4,0.01,0.0,0.1,0.0,1.0,0.0001,0.0,0.0,14.0,18.666666666666668,1.0,0.0001,1.0,0.01,0.01,0.01
1620,10.0,1.5,0.01,0.0,0.1,0.0,1.0,0.0001,0.0,0.0,14.0,18.666666666666668,1.0,0.0001,1.0,0.01,0.01,0.01
1621,10.0,0.4,0.01,0.0,0.1,0.0,1.0,0.0001,0.0,0.0,16.0,21.333333333333332,1.0,0.0001,1.0,0.01,0.01,0.01
1622,10.0,0.5,0.01,0.0,0.1,0.0,1.0,0.0001,0.0,0.0,16.0,21.333333333333332,1.0,0.0001,1.0,0.01,0.01,0.01
1623,10.0,0.6,0.01,0.0,0.1,0.0,1.0,0.0001,0.0,0.0,16.0,21.333333333333332,1.0,0.0001,1.0,0.01,0.01,0.01
1624,10.0,0.7,0.01,0.0,0.1,0.0,1.0,0.0001,0.0,0.0,16.0,21.333333333333332,1.0,0.0001,1.0,0.01,0.01,0.01
1625,10.0,0.8,0.01,0.0,0.1,0.0,1.0,0.0001,0.0,0.0,16.0,21.333333333333332,1.0,0.0001,1.0,0.01,0.01,0.01
1626,10.0,0.9,0.01,0.0,0.1,0.0,1.0,0.0001,0.0,0.0,16.0,21.333333333333332,1.0,0.0001,1.0,0.01,0.01,0.01
1627,10.0,1.0,0.01,0.0,0.1,0.0,1.0,0.0001,0.0,0.0,16.0,21.333333333333332,1.0,0.0001,1.0,0.01,0.01,0.01
1628,10.0,1.1,0.01,0.0,0.1,0.0,1.0,0.0001,0.0,0.0,16.0,21.333333333333332,1.0,0.0001,1.0,0.01,0.01,0.01
1629,10.0,1.2,0.01,0.0,0.1,0.0,1.0,0.0001,0.0,0.0,16.0,21.333333333333332,1.0,0.0001,1.0,0.01,0.01,0.01
1630,10.0,1.3,0.01,0.0,0.1,0.0,1.0,0.0001,0.0,0.0,16.0,21.333333333333332,1.0,0.0001,1.0,0.01,0.01,0.01
1631,10.0,1.4,0.01,0.0,0.1,0.0,1.0,0.0001,0.0,0.0,16.0,21.333333333333332,1.0,0.0001,1.0,0.01,0.01,0.01
1632,10.0,1.5,0.01,0.0,0.1,0.0,1.0,0.0001,0.0,0.0,16.0,21.333333333333332,1.0,0.0001,1.0,0.01,0.01,0.01
1633,10.0,0.4,0.01,0.0,0.1,0.0,1.0,0.0001,0.0,0.0,18.0,24.0,1.0,0.0001,1.0,0.01,0.01,0.01
1634,10.0,0.5,0.01,0.0,0.1,0.0,1.0,0.0001,0.0,0.0,18.0,24.0,1.0,0.0001,1.0,0.01,0.01,0.01
1635,10.0,0.6,0.01,0.0,0.1,0.0,1.0,0.0001,0.0,0.0,18.0,24.0,1.0,0.0001,1.0,0.01,0.01,0.01
1636,10.0,0.7,0.01,0.0,0.1,0.0,1.0,0.0001,0.0,0.0,18.0,24.0,1.0,0.0001,1.0,0.01,0.01,0.01
1637,10.0,0.8,0.01,0.0,0.1,0.0,1.0,0.0001,0.0,0.0,18.0,24.0,1.0,0.0001,1.0,0.01,0.01,0.01
1638,10.0,0.9,0.01,0.0,0.1,0.0,1.0,0.0001,0.0,0.0,18.0,24.0,1.0,0.0001,1.0,0.01,0.01,0.01
1639,10.0,1.0,0.01,0.0,0.1,0.0,1.0,0.0001,0.0,0.0,18.0,24.0,1.0,0.0001,1.0,0.01,0.01,0.01
1640,10.0,1.1,0.01,0.0,0.1,0.0,1.0,0.0001,0.0,0.0,18.0,24.0,1.0,0.0001,1.0,0.01,0.01,0.01
1641,10.0,1.2,0.01,0.0,0.1,0.0,1.0,0.0001,0.0,0.0,18.0,24.0,1.0,0.0001,1.0,0.01,0.01,0.01
1642,10.0,1.3,0.01,0.0,0.1,0.0,1.0,0.0001,0.0,0.0,18.0,24.0,1.0,0.0001,1.0,0.01,0.01,0.01
1643,10.0,1.4,0.01,0.0,0.1,0.0,1.0,0.0001,0.0,0.0,18.0,24.0,1.0,0.0001,1.0,0.01,0.01,0.01
1644,10.0,1.5,0.01,0.0,0.1,0.0,1.0,0.0001,0.0,0.0,18.0,24.0,1.0,0.0001,1.0,0.01,0.01,0.01
1645,10.0,0.4,0.01,0.0,0.1,0.0,1.0,0.0001,0.0,0.0,20.0,26.666666666666668,1.0,0.0001,1.0,0.01,0.01,0.01
1646,10.0,0.5,0.01,0.0,0.1,0.0,1.0,0.0001,0.0,0.0,20.0,26.666666666666668,1.0,0.0001,1.0,0.01,0.01,0.01
1647,10.0,0.6,0.01,0.0,0.1,0.0,1.0,0.0001,0.0,0.0,20.0,26.666666666666668,1.0,0.0001,1.0,0.01,0.01,0.01
1648,10.0,0.7,0.01,0.0,0.1,0.0,1.0,0.0001,0.0,0.0,20.0,26.666666666666668,1.0,0.0001,1.0,0.01,0.01,0.01
1649,10.0,0.8,0.01,0.0,0.1,0.0,1.0,0.0001,0.0,0.0,20.0,26.666666666666668,1.0,0.0001,1.0,0.01,0.01,0.01
1650,10.0,0.9,0.01,0.0,0.1,0.0,1.0,0.0001,0.0,0.0,20.0,26.666666666666668,1.0,0.0001,1.0,0.01,0.01,0.01
1651,10.0,1.0,0.01,0.0,0.1,0.0,1.0,0.0001,0.0,0.0,20.0,26.666666666666668,1.0,0.0001,1.0,0.01,0.01,0.01
1652,10.0,1.1,0.01,0.0,0.1,0.0,1.0,0.0001,0.0,0.0,20.0,26.666666666666668,1.0,0.0001,1.0,0.01,0.01,0.01
1653,10.0,1.2,0.01,0.0,0.1,0.0,1.0,0.0001,0.0,0.0,20.0,26.666666666666668,1.0,0.0001,1.0,0.01,0.01,0.01
1654,10.0,1.3,0.01,0.0,0.1,0.0,1.0,0.0001,0.0,0.0,20.0,26.666666666666668,1.0,0.0001,1.0,0.01,0.01,0.01
1655,10.0,1.4,0.01,0.0,0.1,0.0,1.0,0.0001,0.0,0.0,20.0,26.666666666666668,1.0,0.0001,1.0,0.01,0.01,0.01
1656,10.0,1.5,0.01,0.0,0.1,0.0,1.0,0.0001,0.0,0.0,20.0,26.666666666666668,1.0,0.0001,1.0,0.01,0.01,0.01
1657,10.0,0.4,0.01,0.0,0.1,0.0,1.0,0.0001,0.0,0.0,22.0,29.333333333333332,1.0,0.0001,1.0,0.01,0.01,0.01
1658,10.0,0.5,0.01,0.0,0.1,0.0,1.0,0.0001,0.0,0.0,22.0,29.333333333333332,1.0,0.0001,1.0,0.01,0.01,0.01
1659,10.0,0.6,0.01,0.0,0.1,0.0,1.0,0.0001,0.0,0.0,22.0,29.333333333333332,1.0,0.0001,1.0,0.01,0.01,0.01
1660,10.0,0.7,0.01,0.0,0.1,0.0,1.0,0.0001,0.0,0.0,22.0,29.333333333333332,1.0,0.0001,1.0,0.01,0.01,0.01
1661,10.0,0.8,0.01,0.0,0.1,0.0,1.0,0.0001,0.0,0.0,22.0,29.333333333333332,1.0,0.0001,1.0,0.01,0.01,0.01
1662,10.0,0.9,0.01,0.0,0.1,0.0,1.0,0.0001,0.0,0.0,22.0,29.333333333333332,1.0,0.0001,1.0,0.01,0.01,0.01
1663,10.0,1.0,0.01,0.0,0.1,0.0,1.0,0.0001,0.0,0.0,22.0,29.333333333333332,1.0,0.0001,1.0,0.01,0.01,0.01
1664,10.0,1.1,0.01,0.0,0.1,0.0,1.0,0.0001,0.0,0.0,22.0,29.333333333333332,1.0,0.0001,1.0,0.01,0.01,0.01
1665,10.0,1.2,0.01,0.0,0.1,0.0,1.0,0.0001,0.0,0.0,22.0,29.333333333333332,1.0,0.0001,1.0,0.01,0.01,0.01
1666,10.0,1.3,0.01,0.0,0.1,0.0,1.0,0.0001,0.0,0.0,22.0,29.333333333333332,1.0,0.0001,1.0,0.01,0.01,0.01
1667,10.0,1.4,0.01,0.0,0.1,0.0,1.0,0.0001,0.0,0.0,22.0,29.333333333333332,1.0,0.0001,1.0,0.01,0.01,0.01
1668,10.0,1.5,0.01,0.0,0.1,0.0,1.0,0.0001,0.0,0.0,22.0,29.333333333333332,1.0,0.0001,1.0,0.01,0.01,0.01
1669,10.0,0.4,0.01,0.0,0.1,0.0,1.0,0.0001,0.0,0.0,24.0,32.0,1.0,0.0001,1.0,0.01,0.01,0.01
1670,10.0,0.5,0.01,0.0,0.1,0.0,1.0,0.0001,0.0,0.0,24.0,32.0,1.0,0.0001,1.0,0.01,0.01,0.01
1671,10.0,0.6,0.01,0.0,0.1,0.0,1.0,0.0001,0.0,0.0,24.0,32.0,1.0,0.0001,1.0,0.01,0.01,0.01
1672,10.0,0.7,0.01,0.0,0.1,0.0,1.0,0.0001,0.0,0.0,24.0,32.0,1.0,0.0001,1.0,0.01,0.01,0.01
1673,10.0,0.8,0.01,0.0,0.1,0.0,1.0,0.0001,0.0,0.0,24.0,32.0,1.0,0.0001,1.0,0.01,0.01,0.01
1674,10.0,0.9,0.01,0.0,0.1,0.0,1.0,0.0001,0.0,0.0,24.0,32.0,1.0,0.0001,1.0,0.01,0.01,0.01
1675,10.0,1.0,0.01,0.0,0.1,0.0,1.0,0.0001,0.0,0.0,24.0,32.0,1.0,0.0001,1.0,0.01,0.01,0.01
1676,10.0,1.1,0.01,0.0,0.1,0.0,1.0,0.0001,0.0,0.0,24.0,32.0,1.0,0.0001,1.0,0.01,0.01,0.01
1677,10.0,1.2,0.01,0.0,0.1,0.0,1.0,0.0001,0.0,0.0,24.0,32.0,1.0,0.0001,1.0,0.01,0.01,0.01
1678,10.0,1.3,0.01,0.0,0.1,0.0,1.0,0.0001,0.0,0.0,24.0,32.0,1.0,0.0001,1.0,0.01,0.01,0.01
1679,10.0,1.4,0.01,0.0,0.1,0.0,1.0,0.0001,0.0,0.0,24.0,32.0,1.0,0.0001,1.0,0.01,0.01,0.01
1680,10.0,1.5,0.01,0.0,0.1,0.0,1.0,0.0001,0.0,0.0,24.0,32.0,1.0,0.0001,1.0,0.01,0.01,0.01
