1,2,3,4,5,6,7,8,9,10,11,12,13,14,15,16,17,18,19,20,21,22,23,24,25,26,27,28,29,30,31,32,33,34,35,36,37,38,39,40,41,42,43,44,45,46,47,48,49,50,51,52,53,54,55,56,57,58,59,60,61,62,63,64,65,66,67,68,69,70,71,72,73,74,75,76,77,78,79,80,81,82,83,84,85,86,87,88,89,90,91,92,93,94,95,96,97,98,99,100,101,102,103,104,105,106,107,108,109,110,111,112,113,114,115,116,117,118,119,120,121,122,123,124,125,126,127,128,129,130,131,132,133,134,135,136,137,138,139,140,141,142,143,144,145,146,147,148,149,150,151,152,153,154,155,156,157,158,159,160,161,162,163,164,165,166,167,168,169,170,171,172,173,174,175,176,177,178,179,180,181,182,183,184,185,186,187,188,189,190,191,192,193,194,195,196,197,198,199,200,201,202,203,204,205,206,207,208,209,210,211,212,213,214,215,216,217,218,219,220,221,222,223,224,225,226,227,228,229,230,231,232,233,234,235,236,237,238,239,240,241,242,243,244,245,246,247,248,249,250,251,252,253,254,255,256,257,258,259,260,261,262,263,264,265,266,267,268,269,270,271,272,273,274,275,276,277,278,279,280,281,282,283,284,285,286,287,288,289,290,291
,0.2018,1.5343,0.0412,0.8496,0.23140000000000002,0.397,0.07590000000000001,0.0324,0.22510000000000002,0.16,0.2706,0.3271,1.9540000000000002,0.169,0.006500000000000001,0.7008,0.8099000000000001,0.0694,2.443,3.3379000000000003,0.014400000000000001,2.375,0.4284,0.048,0.7763,0.008,0.0216,1.8049000000000002,0.10010000000000001,0.0367,1.4327,0.7489,0.021500000000000002,0.2472,0.1965,0.1531,0.7756000000000001,1.7293,0.1792,0.1718,0.19440000000000002,1.0926,0.1504,3.4530000000000003,0.2727,0.1237,1.5632000000000001,0.731,0.07150000000000001,0.0835,1.3968,0.5744,0.20550000000000002,0.4254,1.8491000000000002,0.45320000000000005,0.6989000000000001,1.0698,0.385,0.23900000000000002,0.1145,0.0728,0.9147000000000001,0.049800000000000004,2.3307,0.005200000000000001,0.3839,0.0275,0.0678,0.0395,0.0342,0.1872,0.06720000000000001,0.08360000000000001,1.2967,0.2204,0.5769000000000001,0.8661000000000001,0.027200000000000002,1.2631000000000001,0.3292,0.5883,0.9253,0.1733,0.0235,0.6991,0.0182,0.0238,0.8891,0.0757,0.9911000000000001,0.1218,2.6769000000000003,1.0787,0.131,0.636,1.231,0.0088,0.197,0.0074,0.0352,0.2743,0.5542,0.3855,0.1577,0.9119,3.7876000000000003,0.0898,0.016800000000000002,0.7527,0.6612,0.0819,1.5099,1.2715,0.1715,0.5812,1.5026000000000002,0.38930000000000003,0.043300000000000005,0.8795000000000001,0.017400000000000002,0.9450000000000001,0.1087,2.8097000000000003,0.0674,2.0235000000000003,0.776,1.3672,0.6697000000000001,0.07300000000000001,0.16690000000000002,0.0684,0.0653,0.25120000000000003,0.2685,0.5122,0.14780000000000001,0.1539,0.0608,0.0268,0.451,0.5314,0.2513,0.0777,0.8623000000000001,0.08510000000000001,0.7137,0.061000000000000006,1.3781,0.2495,0.6219,0.16570000000000001,0.117,0.1095,0.12940000000000002,0.6749,0.0979,0.19310000000000002,0.1466,0.5594,0.0922,0.7778,5.365,0.30610000000000004,1.0595,0.1226,0.7378,0.5911000000000001,0.028800000000000003,1.5853000000000002,1.1164,0.5873,0.077,1.1087,0.022600000000000002,0.0648,1.1788,1.9728,0.653,0.49500000000000005,0.10550000000000001,0.3118,0.17020000000000002,0.5033,1.6002,0.024,0.35760000000000003,0.9983000000000001,0.6206,0.007,1.0863,0.38020000000000004,0.5135000000000001,0.9974000000000001,0.0704,0.045200000000000004,0.3168,1.1259000000000001,1.2724,0.2466,0.7464000000000001,1.3311000000000002,1.1155000000000002,1.1197000000000001,0.45630000000000004,0.4605,0.0415,0.10160000000000001,0.3008,0.1322,0.12250000000000001,0.035500000000000004,0.22490000000000002,0.1463,0.1676,0.0222,0.0405,0.0354,0.1786,0.16160000000000002,0.1359,1.0412000000000001,0.5225000000000001,0.07980000000000001,0.33390000000000003,0.2923,0.271,0.5402,0.031900000000000005,0.17880000000000001,0.0727,0.0111,0.254,0.0906,0.9979,1.3945,0.4677,0.14,0.7624000000000001,0.0608,0.0621,0.7438,0.0516,0.0324,0.5923,0.5836,0.2066,0.0748,0.4998,0.0946,0.0548,0.0086,0.3126,0.0227,0.2798,0.07830000000000001,0.1799,0.16290000000000002,0.0675,0.7781,0.6635,0.5741,0.032,0.2887,0.0733,0.0381,0.0123,2.0507,0.10110000000000001,0.4404,0.439,0.3703,0.39780000000000004,0.0594,0.09730000000000001,0.048400000000000006,1.1397000000000002,0.221,1.2095,0.8121,0.5945,0.7210000000000001,1.8593000000000002,0.5261,0.0629,0.35550000000000004,3.3227,0.4339,1.6773,0.49260000000000004
,1.1133,1.6062,0.6621,0.7031000000000001,0.4404,0.0482,0.8498,3.1221,1.3585,0.6488,0.7737,0.1635,0.0947,1.7675,0.009300000000000001,0.081,0.656,1.4520000000000002,0.6652,0.7466,0.6715,0.3423,0.27640000000000003,0.27490000000000003,5.476100000000001,1.7611,3.1355,1.4746000000000001,0.6373,0.0483,0.1496,0.4423,0.9742000000000001,0.3667,0.9991000000000001,0.0424,0.43320000000000003,0.34490000000000004,1.4737,2.095,0.9,0.1933,0.221,0.2417,0.006900000000000001,0.0733,0.5707,2.4357,2.0340000000000003,1.9995,1.0158,0.43270000000000003,0.24180000000000001,0.47550000000000003,3.4022,0.2609,3.4778000000000002,1.1446,4.2251,0.5046,0.4893,0.2414,0.5391,3.4516,0.2519,1.9655,0.4001,2.0038,1.1077000000000001,0.7681,1.169,1.3717000000000001,1.8376000000000001,0.1708,4.5538,0.995,0.9827,2.2594000000000003,0.9131,0.0077,1.0687,0.14070000000000002,1.2878,0.117,2.1379,0.2189,1.0928,2.9574000000000003,0.6784,0.3159,0.0205,1.1894,0.42460000000000003,0.1626,0.3683,0.7496,0.2442,5.9861,0.6603,0.7265,2.444,0.8756,0.9801000000000001,0.22360000000000002,0.7503000000000001,0.0736,0.013900000000000001,0.1852,0.0444,0.12350000000000001,0.1552,1.1396,0.13670000000000002,0.11420000000000001,0.5557,0.0334,0.3536,1.7936,1.0974000000000002,1.9574,0.8528,0.3045,1.2833,0.0492,0.6473,0.5820000000000001,0.6522,0.5606,0.7961,1.0652000000000001,0.28700000000000003,0.21100000000000002,0.4172,1.9705000000000001,3.2809000000000004,3.1347,0.2227,0.4927,0.3688,0.8839,0.36410000000000003,1.2015,2.3218,0.3778,1.9526000000000001,1.0559,0.1232,2.5092000000000003,0.0059,0.3387,0.5517000000000001,1.3558000000000001,0.7702,0.0974,0.1991,0.0085,2.3402000000000003,2.7219,0.18180000000000002,1.0625,0.2931,0.8034,0.5873,0.3748,2.202,1.4555,0.1835,3.0688,1.5484,1.0368,0.9058,0.07200000000000001,0.061200000000000004,0.0111,0.6637000000000001,0.1336,0.0241,0.4698,0.1047,1.1417000000000002,1.0016,0.9604,0.3724,2.2188000000000003,0.32280000000000003,3.5784000000000002,1.3787,0.12480000000000001,1.0587,1.9132,0.0129,1.479,1.3537000000000001,0.6288,0.268,3.4998,1.2770000000000001,0.6508,0.2127,1.1328,0.5638000000000001,0.3698,1.0769,0.8202,0.0064,0.059300000000000005,0.3668,0.7147,2.0401000000000002,0.6365000000000001,3.0665,0.1898,0.5118,0.6713,1.2455,0.4168,2.657,0.3768,0.1646,0.0077,2.4588,0.2821,1.1149,0.3806,1.4544000000000001,0.0978,0.1169,1.4963,0.8275,2.5999000000000003,0.6152000000000001,0.184,1.0158,0.27040000000000003,2.9763,5.6782,0.3049,1.8676000000000001,0.0876,4.8843000000000005,0.2165,0.6706000000000001,2.0646,2.7659000000000002,0.2649,0.5382,0.35760000000000003,3.027,3.0129,1.673,0.9029,0.0762,1.4063,1.0742,0.1032,0.07730000000000001,2.3199,2.3083,0.9302,1.3324,2.4881,2.5528,0.6905,0.0194,0.4358,2.3819,0.6970000000000001,0.42310000000000003,0.7194,0.32130000000000003,0.0757,1.9173,0.5733,0.0296,1.6645,0.2763,0.2189,2.6434,2.0353,0.7601,0.19970000000000002,0.7574000000000001,0.16620000000000001,1.8117,2.7731000000000003,0.40340000000000004,0.8616,2.7396000000000003,0.07050000000000001,0.7423000000000001
,1.522,2.6149,1.1883000000000001,0.3768,0.6465000000000001,2.6903,1.0607,0.7012,0.2169,2.0694,1.1607,1.0572000000000001,0.2687,5.003900000000001,0.0734,2.2424,0.0673,0.5482,0.0362,1.2405000000000002,0.3552,1.2077,0.0626,7.668,2.2231,1.0430000000000001,0.5923,2.8013000000000003,0.016300000000000002,0.8565,0.7424000000000001,3.3717,0.26180000000000003,0.561,0.5147,0.9836,1.6198000000000001,0.008700000000000001,0.12240000000000001,0.063,1.3494000000000002,0.6967,0.036000000000000004,1.7566000000000002,1.9805000000000001,1.7708000000000002,3.365,1.6277000000000001,0.25520000000000004,0.0115,0.3422,0.6266,0.0296,0.2826,0.21300000000000002,0.2768,0.1472,0.686,0.7242000000000001,0.4328,0.041600000000000005,1.4051,0.3738,1.298,0.8783000000000001,1.2139,1.4428,0.5851000000000001,0.5828,0.12610000000000002,0.3116,0.3433,0.17020000000000002,0.5633,0.33390000000000003,0.1774,0.4247,0.065,0.6801,3.2785,5.0397,0.6829000000000001,0.2644,0.5114000000000001,0.5537000000000001,1.9667000000000001,0.12250000000000001,0.24080000000000001,1.1098000000000001,0.2893,1.0017,0.9876,0.2416,0.01,0.5177,0.19090000000000001,2.3372,0.41960000000000003,2.8549,0.4652,0.5097,5.199,0.2381,0.2994,3.0860000000000003,0.2048,0.9739000000000001,1.9101000000000001,0.786,0.3875,0.7989,0.052000000000000005,1.5898,0.8335,1.718,0.8584,3.4043,0.0494,0.41700000000000004,0.0073,0.1306,2.4937,0.5025000000000001,1.5519,0.6601,1.1505,0.38330000000000003,1.1066,1.5087000000000002,0.0398,0.1736,0.049,0.1595,1.1740000000000002,0.23750000000000002,0.8908,0.7233,2.7029,0.9994000000000001,0.1832,2.2356000000000003,1.1264,0.0758,0.1398,0.25570000000000004,0.11170000000000001,1.0619,0.48400000000000004,0.3407,1.5757,0.5236000000000001,1.6896,0.5332,0.8845000000000001,2.7131000000000003,1.2896,0.9981000000000001,0.1471,0.7956000000000001,1.0534000000000001,5.776400000000001,0.0472,0.39940000000000003,0.7844,0.3022,0.8457,1.5674000000000001,0.9755,0.0317,1.1391,1.2368000000000001,2.0123,2.2338,0.6847000000000001,0.9718,0.6735,0.6196,2.3156000000000003,1.0509,3.0444,0.30970000000000003,0.1301,0.0906,0.0635,1.3211000000000002,1.6152,0.1436,0.0801,0.07640000000000001,0.11760000000000001,1.3302,0.1183,0.1761,0.10110000000000001,0.06760000000000001,0.39840000000000003,0.13290000000000002,0.1179,0.09630000000000001,2.2839,3.1253,0.37470000000000003,0.3145,3.4373,2.0813,0.6757000000000001,5.6912,2.1429,0.0337,0.06280000000000001,0.0071,3.7028000000000003,0.029500000000000002,1.8983,0.28250000000000003,2.04,0.1338,2.2051000000000003,0.5946,1.0842,0.7638,0.5876,3.0021,1.9833,1.3503,2.6431,2.4039,0.22410000000000002,0.9278000000000001,0.016,1.1972,0.3417,0.5074000000000001,3.8799,2.7317,0.06910000000000001,0.8523000000000001,0.23750000000000002,2.4246000000000003,0.2524,1.2175,0.336,0.060700000000000004,0.2301,4.4369000000000005,0.019200000000000002,0.5431,0.08660000000000001,0.0565,1.2085000000000001,0.6466000000000001,1.5837,1.5066000000000002,0.0196,0.8778,0.6224000000000001,0.27540000000000003,1.0569,0.1532,0.0784,1.0305,0.19360000000000002,2.9000000000000004,0.6877,0.0845,1.032,0.7379,0.1102,4.4802,0.9717,1.5356,0.1368,0.6434000000000001,0.0568,0.2841,0.8825000000000001,0.005,0.5415,0.0206,1.252,0.0325,0.0207,0.7225,1.1640000000000001,0.11900000000000001,0.4137,0.4801,0.4541,0.012100000000000001,0.23820000000000002
,0.6437,0.315,0.1028,1.0171000000000001,0.891,0.1481,0.1322,0.2411,1.465,0.9778,0.7248,0.17830000000000001,0.39690000000000003,0.0979,0.7009000000000001,0.48350000000000004,0.43670000000000003,0.8984000000000001,0.6071000000000001,0.026000000000000002,0.9951000000000001,0.2859,1.5663,0.031900000000000005,0.0297,1.4146,4.0112000000000005,0.3166,0.8504,0.19340000000000002,1.2571,0.33390000000000003,2.7888,0.06380000000000001,0.8797,0.12490000000000001,1.5866,0.2513,0.7868,0.7605000000000001,0.0051,0.051800000000000006,0.0198,0.42250000000000004,0.0402,4.0036000000000005,0.13870000000000002,0.3163,0.4318,0.9801000000000001,1.9844000000000002,0.4985,0.0172,0.0176,0.034800000000000005,1.1387,0.1925,1.4602000000000002,0.2185,0.060200000000000004,1.6653,1.1114,1.0118,0.4535,1.0107000000000002,0.37220000000000003,0.046700000000000005,0.058,2.8995,0.7426,0.6046,0.035500000000000004,0.07440000000000001,0.0779,0.9129,0.1827,1.0393000000000001,1.1786,2.0326,0.046700000000000005,0.027700000000000002,0.1472,1.2654,3.8078000000000003,0.20850000000000002,0.49860000000000004,0.4233,0.7692,0.8869,0.2353,0.2821,0.14930000000000002,1.3901000000000001,1.211,0.8379000000000001,0.9582,1.7486000000000002,2.1467,3.3673,0.1819,0.6745,10.7667,0.5753,0.14600000000000002,0.11810000000000001,1.0428,0.1572,0.8987,1.1409,0.6249,0.9581000000000001,0.0994,0.109,3.5216000000000003,1.0303,0.21430000000000002,0.6178,0.7030000000000001,0.35150000000000003,0.5677,0.6739,0.0115,0.5941000000000001,0.6588,0.459,0.136,1.6496000000000002,1.2103000000000002,1.8483,0.10110000000000001,0.7387,0.6687000000000001,0.9987,1.0372000000000001,1.4643000000000002,0.0223,0.6557000000000001,0.12480000000000001,0.6316,1.4403000000000001,0.12390000000000001,0.10890000000000001,2.1457,4.9528,2.3627000000000002,1.3778000000000001,0.7789,3.2179,1.3168,0.3725,0.6672,1.8458,0.5051,2.6705,0.1149,0.3793,0.1817,3.4536000000000002,0.0308,7.7492,0.87,0.7378,1.3693,0.5434,1.1445,0.763,0.39580000000000004,0.006900000000000001,9.399000000000001,1.0794000000000001,4.4394,0.7345,0.22870000000000001,0.0514,0.6097,0.3093,0.0363,0.8675,1.0048000000000001,0.125,1.2304000000000002,2.5883000000000003,0.3814,1.4175,0.15330000000000002,0.1216,0.1849,1.7195,0.055900000000000005,1.8626,0.3405,0.4133,0.3342,0.9669000000000001,0.0284,0.8062,1.7806000000000002,1.0763,1.6764000000000001,0.0102,2.2129000000000003,0.5302,1.9360000000000002,0.2993,0.254,0.1241,0.0845,0.2273,1.8261,1.1345,0.8993,0.7793,0.37570000000000003,0.014,1.1109,2.1794000000000002,0.0079,1.4336,1.8902,1.3726,0.029500000000000002,2.8000000000000003,0.6195,0.6185,0.11,0.34790000000000004,0.32120000000000004,1.6659000000000002,0.3305,2.725,2.1773000000000002,0.1757,0.8605,0.2223,0.20550000000000002,0.1721,0.5836,0.4772,0.12390000000000001,0.0109,4.7393,1.772,0.27080000000000004,0.4279,0.3385,2.0820000000000003,1.3772,1.079,1.2184000000000001,0.1135,0.7604000000000001,0.2627,0.0641,2.0771,3.2416,0.2509,1.5946,0.10930000000000001,1.5756000000000001,0.6551,0.4318,1.3502,0.22010000000000002,0.4269,0.3231,0.055600000000000004,2.5238,1.8024,0.8418,6.5345,1.2619,1.2193,0.9888,1.2089,1.6717000000000002,0.19460000000000002,2.1147,1.2066000000000001,0.0488,0.46840000000000004,1.9448,1.6537000000000002,1.1499000000000001,0.0964,0.7274,1.1542000000000001,4.1723,0.08320000000000001,1.6084,2.9761
,0.046900000000000004,0.13140000000000002,0.30810000000000004,1.1551,0.1496,1.1069,0.1217,0.6239,0.6453,3.6076,0.0134,0.013900000000000001,0.9088,0.014,1.2592,0.032,1.5208000000000002,0.683,4.2496,0.7298,0.9791000000000001,1.722,0.0669,1.7064000000000001,0.9617,0.031900000000000005,0.8705,2.2142,1.4432,0.8956000000000001,1.7000000000000002,0.8646,0.0663,1.6358000000000001,1.53,2.5131,0.21860000000000002,1.6943000000000001,0.0233,0.1812,1.3208,2.8249,0.8829,3.1673,2.1209000000000002,0.8788,1.089,0.0335,0.2548,0.0483,0.0898,1.7364000000000002,1.2774,2.0853,1.7275,0.0523,0.33030000000000004,0.7607,1.3207,1.592,2.3374,1.4955,0.0487,0.1822,0.109,1.3592,4.7663,0.7111000000000001,0.3689,0.027700000000000002,2.3253,2.1590000000000003,0.29410000000000003,0.7499,0.8956000000000001,1.1202,1.3607,0.0765,1.1902000000000001,1.4737,0.0376,1.3015,0.028200000000000003,1.3795000000000002,0.1228,0.4157,1.5338,0.9761000000000001,0.0298,2.5434,0.11900000000000001,2.383,1.8244,3.5226,0.10550000000000001,0.4292,0.9291,0.1346,1.0597,1.0723,1.5765,0.3679,0.4172,1.1753,0.1602,1.6616000000000002,0.6607000000000001,1.2374,4.5293,0.8490000000000001,0.8359000000000001,0.32,2.2736,0.2681,0.4645,0.7287,2.0484,1.7401,0.48610000000000003,0.34850000000000003,2.41,0.27940000000000004,0.3327,1.9811,1.4522000000000002,0.1481,0.3889,0.023,0.19390000000000002,4.988700000000001,0.7509,0.4521,0.1427,0.4293,0.7503000000000001,0.9712000000000001,0.9332,0.0589,0.9596,0.0611,1.7711000000000001,1.5377,0.5972000000000001,1.8265,0.6959000000000001,3.7065,0.5926,0.0137,0.9316000000000001,0.2581,0.6229,0.2066,2.6314,0.39980000000000004,0.9829,5.954000000000001,0.48910000000000003,2.4955000000000003,3.2453000000000003,0.0699,1.2167000000000001,0.7035,0.40180000000000005,0.1708,0.1296,0.6126,0.1321,0.12150000000000001,0.1051,4.246700000000001,0.015300000000000001,0.8168000000000001,1.6148,0.5356000000000001,0.0425,1.3912,3.8733,4.9268,0.6135,2.0701,1.6469,0.0409,1.0825,0.020300000000000002,0.9193,0.742,1.6407,2.0163,0.4767,0.25730000000000003,2.3524000000000003,0.5992000000000001,0.11570000000000001,0.6036,0.6423,0.20670000000000002,0.6214000000000001,0.0061,1.5028000000000001,2.529,1.6409,0.169,1.3098,1.1694,0.23390000000000002,0.3196,0.4269,0.7543000000000001,0.1014,0.1048,0.44480000000000003,0.1577,0.2422,1.3210000000000002,0.8151,1.6199000000000001,0.8963000000000001,1.9152,0.3658,1.8674000000000002,1.0486,1.5801,0.7893,2.4232,0.0284,1.0135,0.0417,1.87,0.3093,0.34,0.0415,1.1820000000000002,1.1397000000000002,0.6251,1.9492,0.5849,0.0674,1.9576,3.6096000000000004,0.0129,0.1391,0.3111,0.16190000000000002,2.0173,1.5058,0.21250000000000002,0.1796,0.1279,0.25630000000000003,0.1058,0.030100000000000002,0.0117,1.2752000000000001,0.1259,5.921600000000001,1.3742,0.46090000000000003,2.3101000000000003,2.4134,0.5910000000000001,0.9736,0.16,0.4136,0.1532,0.7397,1.0863,0.021500000000000002,0.48150000000000004,1.7344000000000002,1.1231,0.0738,0.15080000000000002,2.7276000000000002,1.8105,2.2163,1.647,0.277,1.3609,2.3059000000000003,0.0317,0.0298,1.0978,0.1804,3.0203,0.5569000000000001,0.06720000000000001,0.1124,1.6532,1.4292,1.2171
,1.3043,2.1148000000000002,1.8055,1.4642000000000002,4.3317000000000005,1.241,0.6829000000000001,0.0324,0.0902,0.2725,0.7071000000000001,1.4087,1.0208000000000002,2.1085000000000003,0.7170000000000001,2.3981,2.3986,0.6351,0.0495,1.8095,0.2857,0.30970000000000003,3.0307,0.11080000000000001,5.2588,0.7598,3.1406,0.0557,0.22460000000000002,0.0758,0.5064000000000001,0.9354,1.7201000000000002,1.3565,0.19940000000000002,4.0746,0.3297,0.015000000000000001,0.4606,0.9835,5.3866000000000005,0.12760000000000002,0.737,0.22460000000000002,0.48660000000000003,0.899,0.7282000000000001,0.018500000000000003,0.8754000000000001,0.3453,1.5289000000000001,3.0534000000000003,1.3128,0.10550000000000001,0.1497,0.13970000000000002,1.4487,1.0938,1.1396,0.6647000000000001,2.1065,1.7651000000000001,2.1137,0.1479,0.6363,0.2417,1.3825,0.1524,0.1378,0.606,0.5548000000000001,0.2411,2.7696,1.8767,1.3393000000000002,0.020200000000000003,0.7058,1.4025,0.9044000000000001,0.8611000000000001,0.027100000000000003,2.0875,1.1551,2.5661,1.2416,1.8428,0.1399,0.0356,4.758500000000001,1.2193,2.0116,0.44260000000000005,2.0274,0.5297000000000001,1.2979,1.7939,2.0100000000000002,0.4572,0.2635,0.4418,0.1125,0.2462,0.5637,0.3674,0.0618,0.008,2.0432,1.5894000000000001,0.060000000000000005,0.1033,0.126,0.9743,0.3623,0.1115,0.015000000000000001,1.3186,2.1051,1.0479,0.5792,0.1411,0.0216,0.5256000000000001,3.9236,0.5178,0.0942,1.4698,0.20570000000000002,1.2756,0.4133,0.23,1.1967,0.0212,2.0,1.0878,0.8679,0.8925000000000001,1.3936000000000002,4.157900000000001,1.3982,0.5916,0.4325,2.1329000000000002,0.049,0.0218,3.1641000000000004,0.40900000000000003,0.0432,1.6464,1.1373,0.026600000000000002,0.1216,0.0064,0.33490000000000003,0.2142,3.0705,4.1171,0.8332,0.0304,2.2161,1.2091,0.5575,0.7854,0.3635,0.3561,1.9357000000000002,0.0422,1.6313,0.4716,0.0594,2.2562,0.8435,0.0693,0.668,0.08560000000000001,1.1629,0.1163,0.9433,0.1364,0.6127,0.49500000000000005,0.1403,3.0834,0.1554,1.3346,0.25470000000000004,0.4152,1.6391,0.7445,0.2869,0.637,0.094,0.1797,1.6643000000000001,0.7806000000000001,0.11560000000000001,2.9982,1.2726,1.9256000000000002,0.7473000000000001,1.4194,0.233,1.5306000000000002,0.099,0.038200000000000005,1.8537000000000001,2.1975000000000002,0.525,2.8320000000000003,0.22290000000000001,0.6622,1.0330000000000001,0.1092,0.6543,1.0051,0.6672,0.7855000000000001,0.7538,0.14,1.0983,0.0738,0.5487000000000001,1.0412000000000001,0.3201,0.18330000000000002,0.7255,0.17320000000000002,2.7491000000000003,2.5334000000000003,0.6683,2.1626000000000003,0.038900000000000004,0.061900000000000004,0.1983,1.7546000000000002,0.0755,0.0458,0.793,0.0396,1.1091,4.481,0.6912,2.2632000000000003,0.023100000000000002,0.8544,0.1033,0.2089,2.8763,0.053200000000000004,2.0793,1.9184,1.7389000000000001,1.9552,0.1386,1.2363,2.7868,2.2614,0.0632,0.0337,0.0577,0.8478,3.5964,1.5815000000000001,0.538,0.013300000000000001,0.1364,0.9653,1.8886,2.6612,0.1646,0.2791,3.6381,0.7921,0.14830000000000002,0.0279,0.0329,0.42760000000000004,1.3892,0.0714,1.5235,1.5069000000000001,0.2525,0.21080000000000002,0.9707,0.6794,0.0978,0.7642,0.5472,1.983,1.2753,1.7870000000000001
,1.1039,0.36560000000000004,0.064,0.13140000000000002,0.9854,0.39690000000000003,0.1827,3.1221,0.1342,1.6619000000000002,0.2706,1.3920000000000001,1.9540000000000002,0.0351,0.3905,0.5139,1.4498,0.050100000000000006,4.4752,3.323,0.3416,2.9038,0.4842,0.1935,1.0665,1.7061000000000002,0.0263,1.9064,0.0758,0.9277000000000001,0.0711,1.454,0.29250000000000004,0.2472,3.8162000000000003,1.727,0.1786,0.0993,0.3371,0.5787,0.1826,1.3799000000000001,0.6599,4.1000000000000005,0.3009,0.18680000000000002,2.1926,1.0174,1.5496,0.9656,0.07400000000000001,0.9738,0.7541,1.0666,0.8191,1.0745,0.2005,0.7248,0.5666,2.5515000000000003,0.1645,0.1816,0.3675,0.5151,1.5350000000000001,0.3623,0.433,2.1322,0.9338000000000001,0.998,3.4258,0.1015,0.16670000000000001,2.7109,1.4009,0.9341,2.1272,0.084,2.2624,2.8883,0.3292,0.2574,1.2878,0.1733,0.8467,0.27890000000000004,0.1432,0.4883,1.9182000000000001,1.2318,1.201,0.7160000000000001,0.23700000000000002,1.1717,0.0618,0.15460000000000002,0.251,5.9861,1.8467,0.1158,0.6113000000000001,0.4843,0.751,0.4359,1.3097,0.3078,0.0902,0.3356,0.033600000000000005,0.2657,0.9206000000000001,3.0858000000000003,0.0308,0.2227,1.726,0.2247,1.8310000000000002,1.4809,0.7046,0.0743,2.6376,0.0635,1.6607,0.6911,0.7635000000000001,0.20670000000000002,5.1262,1.5056,0.1273,1.2166000000000001,0.9931000000000001,0.9897,1.3625,0.25120000000000003,3.2809000000000004,0.0071,0.3521,0.7536,0.5287000000000001,5.8386000000000005,1.6833,0.14650000000000002,0.2513,2.4067000000000003,1.8149000000000002,0.0891,1.6631,1.8219,4.6208,0.9052,1.2924,0.42510000000000003,0.7702,0.26430000000000003,0.3151,0.7401,0.9726,0.2726,0.8795000000000001,0.18910000000000002,0.0703,1.1326,0.12480000000000001,2.3179000000000003,1.7475,0.4298,1.8625,0.0862,0.33290000000000003,1.5853000000000002,0.8983000000000001,0.0304,2.7047000000000003,0.5034000000000001,0.18710000000000002,0.8357,0.5749000000000001,0.8022,0.653,1.9046,1.5602,2.6776,0.17020000000000002,0.2116,1.8956000000000002,0.0345,0.056600000000000004,0.0653,1.7975,0.1343,1.1031,0.0228,0.513,0.4066,1.3434000000000001,0.2399,0.0385,0.0213,0.27490000000000003,0.8512000000000001,0.5259,0.3503,1.2644,0.8282,0.46740000000000004,0.3196,0.3446,1.3989,2.1176,0.07400000000000001,3.0972,1.2905,0.12300000000000001,0.8373,0.1676,0.0166,1.1914,2.1283000000000003,1.9855,1.1542000000000001,0.4218,0.27640000000000003,1.6322,1.084,0.4908,0.0519,2.0965000000000003,0.0274,0.44060000000000005,0.2368,0.8418,1.9058000000000002,0.6186,0.5048,1.9275,1.6276000000000002,0.4984,0.15860000000000002,2.4272,0.4607,0.0463,0.1383,0.9254,1.6048,0.7047,1.4103,0.6424000000000001,0.9448000000000001,3.4688000000000003,0.6218,1.7528000000000001,1.4465000000000001,0.08460000000000001,0.16740000000000002,0.6734,0.3432,1.6888,0.35710000000000003,0.33740000000000003,3.624,0.2094,0.0403,0.45640000000000003,0.008400000000000001,0.0941,0.7392000000000001,1.0927,1.8899000000000001,0.4098,0.11470000000000001,0.22990000000000002,1.7100000000000002,2.8728000000000002,0.8221,1.4673,0.7363000000000001,1.5302,0.9721000000000001,0.0181,0.1268,0.3436,2.2529,0.0614,0.0137,2.5284,0.049300000000000004,3.3592,0.2144,0.8711000000000001,0.7775000000000001
,0.734,1.5343,0.0412,0.8496,0.4404,0.0482,0.025,0.1605,0.008400000000000001,0.1748,0.6914,3.1161000000000003,0.0947,0.1709,0.8708,0.7923,0.656,0.0105,2.443,0.7466,0.7333000000000001,0.3423,0.73,0.27,2.5306,0.0135,0.6473,0.4761,3.1881,0.0367,1.4308,0.4423,0.021,0.3667,1.0556,1.0094,0.9384,1.2132,0.2116,1.1186,0.9,0.11370000000000001,0.20500000000000002,0.2417,0.0146,0.4983,0.0165,0.731,0.21910000000000002,1.3388,3.4766000000000004,0.43270000000000003,0.10890000000000001,0.1937,0.1285,0.2913,0.8663000000000001,1.0698,3.5566,0.2074,0.1626,0.46190000000000003,0.0374,3.4516,0.027700000000000002,1.9655,0.7271000000000001,0.9141,0.056,0.7681,0.0916,2.2736,0.27590000000000003,0.1922,0.1121,0.5479,0.6037,0.2513,0.07590000000000001,1.5216,0.8478,0.1057,0.039,0.117,0.1855,0.13470000000000001,0.0182,0.4027,0.8891,0.155,1.7487000000000001,0.12290000000000001,1.7988000000000002,0.2361,0.5778,1.4196,3.2244,0.4017,0.3095,1.2995,0.7638,0.2607,0.5576,0.22360000000000002,0.17500000000000002,0.6344000000000001,0.22690000000000002,0.23770000000000002,0.0444,1.7272,1.0261,0.6989000000000001,2.5472,1.2398,0.4832,0.0403,0.3536,0.38930000000000003,0.1862,0.16740000000000002,0.017400000000000002,1.7526000000000002,0.0505,4.4002,0.6709,0.1115,0.6522,0.5606,0.3073,0.6011000000000001,0.28700000000000003,0.2632,0.3014,1.9705000000000001,0.0892,0.5904,1.4294,0.9688,0.5882000000000001,0.026600000000000002,0.9701000000000001,0.6112000000000001,2.3218,2.954,1.4124,0.0637,1.4793,0.0626,0.0872,0.1179,1.1075000000000002,1.3558000000000001,0.034800000000000005,0.7279,0.12940000000000002,0.0368,0.9680000000000001,0.4479,1.6135000000000002,1.1818,1.2476,0.7842,5.365,0.0187,1.0693000000000001,1.0904,0.7378,3.3800000000000003,0.8693000000000001,1.0368,0.18530000000000002,0.6654,0.1507,1.8447,0.9168000000000001,0.1336,0.09630000000000001,0.42360000000000003,0.09290000000000001,1.9046,1.0016,0.6507000000000001,0.3724,0.5032,1.9268,0.8781,0.3805,1.1404,0.6206,0.68,0.0129,3.1494,0.6752,0.4038,0.0834,0.045200000000000004,1.2770000000000001,1.1259000000000001,1.308,0.5941000000000001,2.1912000000000003,1.0606,1.0769,1.0906,0.7029000000000001,1.3754,0.5078,0.2624,0.0575,1.2925,0.0071,1.6649,1.6099,0.029400000000000003,1.2455,0.4168,0.031,0.5316000000000001,0.0359,0.0269,2.6774,0.0287,1.1149,2.9628,0.1298,0.8429000000000001,0.1169,0.5402,1.3781,0.45170000000000005,0.6152000000000001,0.1168,0.254,0.27040000000000003,0.37470000000000003,5.5669,0.3049,2.5806,1.0876000000000001,0.0989,0.0621,2.6542000000000003,0.07540000000000001,0.0592,1.1964000000000001,0.13820000000000002,1.0363,0.48660000000000003,3.0129,0.0946,0.9029,0.0762,0.5054000000000001,0.9811000000000001,0.024800000000000003,0.08370000000000001,1.4997,0.3322,2.0555,0.6435000000000001,1.8182,1.4086,0.9107000000000001,0.4143,1.3558000000000001,0.20370000000000002,0.1889,2.0507,1.306,1.5922,3.7101,1.9195,0.6879000000000001,0.1282,0.012100000000000001,0.2763,0.6249,0.1155,1.6773,0.8323,2.5278,0.9137000000000001,1.8593000000000002,2.4077,0.0562,0.4228,0.8616,0.0514,1.6773,0.11670000000000001
,1.127,1.6062,0.6621,0.7031000000000001,0.6465000000000001,0.4017,0.09000000000000001,0.9592,1.747,2.0613,0.1014,2.1618,0.1632,1.7675,0.006500000000000001,0.081,0.0673,0.9064000000000001,0.6652,1.1575,0.3684,1.2077,0.27640000000000003,0.048,0.8500000000000001,1.7611,3.1355,1.8049000000000002,1.3546,0.0483,0.1496,3.2443,0.9742000000000001,0.26230000000000003,0.9991000000000001,0.0424,0.7746000000000001,2.6206,0.8822000000000001,2.095,1.3494000000000002,1.6824000000000001,0.0409,1.2001000000000002,0.557,2.4016,2.0307,2.4357,2.0340000000000003,0.08220000000000001,1.0158,1.264,0.24180000000000001,1.2579,2.0047,1.474,3.1727000000000003,1.1446,4.2251,0.5116,0.4893,1.5548000000000002,1.3348,0.6439,2.3307,0.9412,0.4001,0.1342,0.4949,0.12660000000000002,0.2516,0.1723,1.4924000000000002,0.1708,5.6442000000000005,0.5447000000000001,0.9827,0.9833000000000001,0.9157000000000001,2.1566,1.1406,0.007,0.039,0.4549,2.1379,1.9825000000000002,0.39840000000000003,0.052000000000000005,0.5177,0.0251,0.0205,0.1635,2.6769000000000003,1.0753000000000001,0.3683,0.097,0.2442,4.047000000000001,0.3163,0.7265,0.2553,1.1478000000000002,0.9801000000000001,0.1985,3.0860000000000003,0.9761000000000001,4.6404000000000005,1.9101000000000001,0.786,0.12350000000000001,0.1552,0.24450000000000002,0.0103,1.2715,0.5557,0.29150000000000004,2.1554,1.7936,1.3325,0.8795000000000001,0.8528,0.3045,0.6465000000000001,0.0492,0.6473,3.8731,0.38330000000000003,0.3674,0.6697000000000001,0.0405,0.1736,1.9772,0.0128,0.4373,1.4520000000000002,2.0740000000000003,0.5956,0.0718,0.39440000000000003,0.8839,0.36410000000000003,0.0195,0.5584,0.3778,1.9526000000000001,0.0868,0.1232,4.7090000000000005,1.3781,6.6946,0.0088,1.2997,0.034800000000000005,0.0974,0.1991,2.4081,2.3264,0.8036000000000001,0.18180000000000002,1.1958,0.1019,1.6453,0.3521,0.2755,2.202,0.0324,0.1835,3.0688,0.0834,0.2519,0.4163,0.07200000000000001,0.061200000000000004,0.16290000000000002,0.9718,0.6735,2.8409,3.196,0.010400000000000001,0.09970000000000001,0.30970000000000003,0.9604,0.07830000000000001,2.2188000000000003,0.32280000000000003,0.027100000000000003,1.2723,0.12480000000000001,1.0351000000000001,2.0259,0.5452,0.40340000000000004,1.3537000000000001,1.3433000000000002,2.2925,3.4998,0.13290000000000002,0.2238,0.2127,1.1328,0.5638000000000001,1.0606,0.3145,1.1197000000000001,0.0064,0.4562,0.0758,0.11270000000000001,0.5801000000000001,0.3608,0.11410000000000001,0.035500000000000004,0.2447,0.24630000000000002,0.1835,1.77,0.2674,0.3603,1.2688000000000001,1.6558000000000002,0.1359,1.0983,0.9244,0.6235,1.4464000000000001,2.2232000000000003,2.4039,1.4963,0.5906,0.7499,1.1440000000000001,0.0345,1.0158,2.4281,0.9979,2.0994,0.7565000000000001,0.06910000000000001,0.0876,0.07740000000000001,0.2165,0.6706000000000001,2.0646,3.4145000000000003,0.8197,0.3634,0.35760000000000003,0.7155,0.0565,1.673,0.6076,0.5961000000000001,0.3126,0.0206,1.8607,0.0781,0.054200000000000005,2.3083,0.1771,1.3324,5.065300000000001,0.5741,4.1422,0.047900000000000005,0.16540000000000002,0.1164,0.25170000000000003,0.42310000000000003,0.7194,1.6909,0.4369,0.1368,0.5733,1.4675,1.6800000000000002,0.6441,0.10110000000000001,1.7347000000000001,2.0353,0.7601,0.5945,0.7574000000000001,0.16620000000000001,0.7819,0.0947,0.5819,0.1178,0.4302,0.07050000000000001,1.1385
,1.522,0.431,0.1385,0.0427,0.1048,0.0325,0.8498,0.5109,0.44210000000000005,0.9285,1.5874000000000001,0.1635,2.3849,0.4408,0.009300000000000001,2.2451000000000003,0.11470000000000001,0.033800000000000004,0.0362,3.716,0.6715,0.19310000000000002,0.0626,0.27490000000000003,0.42300000000000004,1.0430000000000001,0.5923,1.4746000000000001,0.2975,0.8578,0.7424000000000001,0.2726,0.272,1.7926000000000002,0.5147,0.9836,0.43320000000000003,0.124,1.2688000000000001,0.063,0.0051,1.0926,0.2656,0.7731,0.006900000000000001,0.0733,0.5707,0.0432,0.25520000000000004,1.9995,0.2645,0.9560000000000001,0.0296,0.47550000000000003,1.9266,0.45470000000000005,0.2504,0.7042,0.7242000000000001,0.5046,0.041600000000000005,0.1024,0.5391,0.2288,0.2519,0.0339,1.3712,2.0698000000000003,1.1077000000000001,0.6317,1.169,0.4587,0.17020000000000002,0.5633,0.33390000000000003,0.995,0.4247,2.2594000000000003,0.6801,0.0077,1.3093000000000001,1.4896,1.5258,0.0089,0.5537000000000001,0.8506,1.0728,2.9574000000000003,1.2185000000000001,0.0757,1.0017,0.4404,0.42460000000000003,0.1626,0.4325,0.7496,2.3074,3.7039,3.1937,0.4652,2.427,0.6624,0.2381,1.2316,2.1802,0.0736,0.013900000000000001,0.5898,1.6063,0.1825,0.7989,1.1396,1.5859,0.11420000000000001,0.0567,0.6361,0.5670000000000001,0.008400000000000001,0.41700000000000004,1.9574,0.1306,2.4786,1.2833,1.5519,0.6601,0.1913,0.4248,2.7531000000000003,0.7961,1.8094000000000001,0.1897,0.1558,0.9295,1.5019,0.9495,3.1347,0.2227,1.0603,0.9869,0.1832,2.2356000000000003,4.0444,0.5584,0.1398,0.25570000000000004,1.0559,1.0737,0.48400000000000004,0.0059,0.3387,1.0376,0.313,1.6232,0.8845000000000001,1.3516000000000001,0.0085,0.9981000000000001,2.7219,0.7956000000000001,1.0625,5.776400000000001,5.5423,0.0868,0.7112,0.299,1.4718,0.5834,0.9755,1.5484,0.6547000000000001,1.5191000000000001,2.0123,1.8134000000000001,1.2650000000000001,0.6105,0.3093,1.5104,0.4698,1.5975000000000001,0.9129,0.0777,0.1301,0.4081,0.0635,1.3352000000000002,0.0985,1.3787,0.0801,0.07640000000000001,0.007,0.13140000000000002,0.1183,0.11120000000000001,0.6288,0.2992,0.31820000000000004,2.8027,0.7394000000000001,0.09630000000000001,1.6111,3.1253,0.8673000000000001,0.45120000000000005,0.8202,2.0852,0.059300000000000005,5.6832,5.6986,2.0401000000000002,0.7464000000000001,1.3666,0.1898,0.22490000000000002,0.7728,1.2035,1.0004,2.657,2.2051000000000003,0.1399,0.0077,2.4708,1.0983,0.12290000000000001,0.09380000000000001,1.3503,0.111,0.3063,0.22410000000000002,0.8275,2.5913,1.812,1.1348,0.5074000000000001,0.1844,2.696,0.0538,1.7214,0.3866,2.4246000000000003,4.8843000000000005,1.2175,0.336,0.0608,0.2301,0.2649,0.6792,0.5431,4.3147,0.48950000000000005,0.29660000000000003,1.4082000000000001,0.1784,1.4063,1.6391,0.1032,0.07730000000000001,2.3199,1.0569,0.1532,0.0784,1.0305,2.5528,0.9506,1.1287,0.4358,2.3819,0.7069000000000001,0.1102,3.9597,0.32130000000000003,0.0757,0.9185000000000001,0.6434000000000001,0.0296,0.2841,1.9372,1.9973,1.7347000000000001,0.0206,0.8857,0.19970000000000002,0.0207,0.1724,1.8117,2.7731000000000003,0.40340000000000004,1.0669,2.2583,0.012100000000000001,0.7423000000000001
,0.0057,1.5819,1.2469000000000001,1.8356000000000001,0.031200000000000002,2.3722000000000003,0.35150000000000003,0.42410000000000003,1.3585,1.6291,1.5874000000000001,1.0572000000000001,1.2916,0.2897,0.0734,0.2748,0.319,2.0226,0.2706,2.0499,0.3552,0.19310000000000002,0.28350000000000003,5.0295000000000005,0.7298,1.5084,0.616,0.6544,0.027100000000000003,0.0123,1.728,0.632,0.0417,1.0195,0.5707,0.12490000000000001,1.372,0.34490000000000004,1.2688000000000001,0.606,0.6429,0.1933,0.221,0.6336,1.9659000000000002,1.7708000000000002,2.8201,6.3246,0.1706,0.0115,0.31010000000000004,0.6309,0.0172,0.2826,0.0261,0.2609,0.0707,0.053200000000000004,0.21430000000000002,0.4328,1.6766,1.3927,0.3738,2.1872000000000003,0.8198000000000001,0.27240000000000003,0.10010000000000001,0.5851000000000001,0.5828,1.0408,0.3116,1.3717000000000001,3.8082000000000003,0.0779,0.4152,0.1774,1.227,0.065,1.0232,3.2769000000000004,2.0339,0.14070000000000002,0.029300000000000003,0.4449,0.0805,0.2189,1.0728,0.24080000000000001,1.2185000000000001,0.3159,0.2821,0.2434,0.2416,0.01,0.9984000000000001,0.19090000000000001,0.4163,0.5741,3.4372000000000003,0.1832,0.5097,0.0251,1.4595,1.2316,4.0278,0.2048,0.7956000000000001,0.1691,0.9305,0.2485,0.9550000000000001,0.052000000000000005,0.13670000000000002,0.7364,3.3555,1.4598,0.1207,0.7573000000000001,0.35150000000000003,0.0073,0.09820000000000001,0.09090000000000001,0.5025000000000001,0.36250000000000004,0.1063,0.5820000000000001,3.7008,0.2497,1.5094,1.0652000000000001,0.18430000000000002,0.21100000000000002,0.14170000000000002,0.5582,0.27890000000000004,0.7279,0.7233,2.7029,0.6316,0.6352,0.0235,0.5314,2.2561,1.0301,1.1360000000000001,0.11170000000000001,0.0344,2.0152,0.3407,1.5757,0.5517000000000001,6.0738,1.4513,0.8466,0.24050000000000002,1.2896,0.1744,0.1471,0.0308,1.0534000000000001,0.87,5.8377,0.8606,0.3748,0.4036,0.8457,0.535,0.6791,0.0317,1.4994,0.9058,0.0868,0.031900000000000005,0.0111,3.4035,3.5669,0.0241,2.3208,1.5376,0.9129,2.2203,0.20750000000000002,1.5374,0.0646,0.15330000000000002,3.5784000000000002,0.1436,1.3251000000000002,0.7042,1.9132,0.13140000000000002,0.1791,0.45830000000000004,0.10110000000000001,0.268,1.2830000000000001,0.3669,0.9875,1.7017,0.0146,1.0228000000000002,2.205,1.3002,1.3461,0.1719,0.5249,0.0845,2.1429,0.0337,0.2898,1.3666,3.1294,0.5118,0.6713,1.1986,2.2586,0.1338,1.0389000000000002,0.1646,1.0842,0.7638,0.35550000000000004,1.3662,1.9677,0.0644,1.0654000000000001,0.9465,1.8675000000000002,0.9278000000000001,0.016,1.2163000000000002,0.0944,0.0747,1.0053,1.2188,3.198,0.2671,1.8676000000000001,0.12390000000000001,0.2524,0.2964,0.2712,1.1525,0.4279,4.272600000000001,0.5382,0.2267,0.08660000000000001,0.6066,0.29660000000000003,1.4082000000000001,2.1597,1.2069,0.0196,0.8778,0.6224000000000001,0.27540000000000003,0.2082,1.5756000000000001,0.1365,0.4081,0.1582,0.22010000000000002,0.0194,0.0845,1.0467,0.7379,0.8607,0.8418,0.9152,1.5342,0.044000000000000004,0.08700000000000001,0.0568,1.2883,1.945,0.2189,1.7041000000000002,0.1333,0.4877,0.0325,0.41600000000000004,1.2951000000000001,0.7949,0.11900000000000001,0.4137,0.0872,0.4541,0.6734,0.23820000000000002
,1.5018,0.0083,1.9039000000000001,1.3656000000000001,1.9814,2.3722000000000003,1.0557,0.5109,0.2169,0.5276000000000001,3.3160000000000003,0.17830000000000001,1.2724,0.2897,0.32930000000000004,0.09290000000000001,1.6886,0.5482,0.2489,1.4228,0.5697,0.42410000000000003,0.9241,0.9794,0.7369,2.1625,0.1247,0.0528,0.6373,1.5205,0.052700000000000004,0.632,1.2406000000000001,1.0195,2.27,1.2953000000000001,0.0623,0.008700000000000001,4.3352,2.8659000000000003,1.9015000000000002,0.6933,0.036000000000000004,0.6336,0.0402,0.5741,0.737,0.9560000000000001,3.8717,0.9460000000000001,0.31010000000000004,0.6309,2.2135000000000002,0.012700000000000001,1.9736,0.2768,0.6127,0.5938,1.4457,0.0057,0.1494,1.1114,0.0076,0.17300000000000001,0.7904,1.3567,1.1726,0.058,0.3552,1.0318,0.5721,0.3433,0.6469,0.2617,0.10070000000000001,0.1827,0.2891,3.4298,0.24400000000000002,0.046700000000000005,0.807,0.6829000000000001,1.3937000000000002,0.7616,5.6321,1.9667000000000001,0.0693,0.5563,0.2053,0.2893,1.4288,1.1894,0.33390000000000003,0.9765,0.9984000000000001,0.6576000000000001,0.4163,0.6254000000000001,0.0149,0.3103,0.6745,8.1102,0.0645,0.12760000000000002,0.2391,0.9733,0.1572,2.1779,3.1743,0.0627,0.26380000000000003,0.0994,1.5897000000000001,0.7057,3.3555,0.0334,1.6013000000000002,1.2107,2.7562,1.3007,0.09820000000000001,4.9775,0.4333,0.3885,0.9364,1.1505,1.7366000000000001,0.6001000000000001,0.40340000000000004,0.0398,1.8535000000000001,0.049,0.1595,0.24100000000000002,4.990600000000001,0.0223,0.6325000000000001,0.12480000000000001,0.9596,0.6352,0.6001000000000001,1.2015,0.059000000000000004,1.0264,0.4595,1.3822,0.7855000000000001,0.4076,0.5855,0.3804,0.4228,1.4054,0.22240000000000001,0.6621,1.1280000000000001,0.3793,0.1671,0.2422,0.4582,2.1431,0.2629,0.9582,1.3834,0.7844,1.0634000000000001,0.38680000000000003,0.535,0.07970000000000001,5.791300000000001,0.2238,1.0711,2.3574,0.8682000000000001,0.6847000000000001,1.296,1.3945,0.6196,0.9299000000000001,0.195,0.6644,1.4585000000000001,1.1461000000000001,1.4341000000000002,0.4343,1.2544,1.2076,0.060000000000000005,0.37920000000000004,1.2579,0.11760000000000001,0.6917,1.4575,0.45830000000000004,0.9669000000000001,0.06760000000000001,2.0426,0.24380000000000002,0.26380000000000003,0.0473,0.16770000000000002,0.0555,1.108,1.7864,0.23320000000000002,0.021500000000000002,0.1241,0.3783,0.2273,1.8261,0.6365000000000001,0.3667,0.0309,0.029500000000000002,1.8317,1.7428000000000001,3.2556000000000003,0.0079,0.1254,0.5946,1.3726,0.029500000000000002,0.6386000000000001,1.3662,0.6185,1.3768,0.0978,1.4041000000000001,0.3786,0.3305,2.6479,2.0576000000000003,0.643,0.0371,1.0053,0.8839,0.3835,1.284,0.23750000000000002,0.2155,0.0082,0.2964,0.3277,4.2672,0.5865,4.4128,0.019200000000000002,0.0799,0.5447000000000001,0.4894,1.8914000000000002,1.0771,2.1597,0.083,2.0771,2.8888000000000003,0.2301,0.3224,1.7507000000000001,0.5013000000000001,1.4312,0.08900000000000001,0.8063,0.4143,0.6877,0.0356,0.055600000000000004,2.5504000000000002,0.07010000000000001,0.641,0.3821,1.1077000000000001,3.0032,1.3344,1.2089,0.16790000000000002,1.1803000000000001,0.005,1.7041000000000002,0.43660000000000004,1.2564,0.554,1.5055,1.8130000000000002,4.8926,0.42960000000000004,0.10010000000000001,0.0872,0.08320000000000001,0.5981000000000001,2.6177
,2.2721,0.5808,0.8495,1.2792000000000001,1.9814,2.5043,1.0557,2.0576000000000003,0.516,0.5276000000000001,1.6762000000000001,0.013900000000000001,1.8622,1.4787000000000001,0.0332,1.5527,1.6886,0.9212,0.30360000000000004,0.0441,2.9809,3.3637,0.9241,0.9714,1.4887000000000001,1.8564,1.2798,0.17950000000000002,0.016300000000000002,2.1154,0.052700000000000004,1.5455,1.5485,0.397,1.3021,1.2953000000000001,0.059800000000000006,0.2513,1.103,3.8767,1.0964,0.051800000000000006,0.0198,1.4637,1.0206,0.1211,0.1373,1.6769,0.5849,0.9084000000000001,2.169,1.1697,3.5286,1.7242000000000002,0.9895,0.773,1.1052,1.5847,0.0053,1.4744000000000002,0.3547,0.4207,0.14500000000000002,2.4801,0.341,3.2560000000000002,0.9487000000000001,0.0379,0.3373,0.034,0.10060000000000001,0.020300000000000002,0.6469,0.32730000000000004,3.1352,2.8621000000000003,0.1875,0.2963,1.9612,1.4737,3.0242,0.0109,1.9172,0.2928,2.1108000000000002,0.49860000000000004,1.1824000000000001,2.7082,1.4521000000000002,0.1365,2.7548,0.9876,0.0256,0.5945,0.0177,1.2944,3.1722,0.12350000000000001,0.9794,0.365,3.7802000000000002,0.9953000000000001,0.0965,1.8691,0.2391,0.0281,0.43270000000000003,4.7666,1.4196,4.4446,0.07490000000000001,0.0184,0.109,1.5655000000000001,0.8318000000000001,0.8584,1.6013000000000002,2.0029,0.6209,0.6674,3.1838,0.9899,0.6499,0.5431,3.4714,0.136,1.7366000000000001,0.6001000000000001,0.0402,0.10110000000000001,1.8535000000000001,0.6687000000000001,0.8401000000000001,0.2684,3.6263,1.2928000000000002,4.0732,0.6199,0.7146,3.3571,1.6643000000000001,1.1264,2.1121000000000003,1.1636,0.016800000000000002,1.5561,5.1288,0.36260000000000003,2.8248,3.0102,0.8539,1.7958,0.16240000000000002,1.2728000000000002,1.1280000000000001,0.029500000000000002,2.2642,2.2233,1.405,0.2666,0.5896,0.7243,1.0628,0.2725,0.9380000000000001,4.5362,0.30770000000000003,0.5630000000000001,0.0476,0.2238,0.6726000000000001,2.5547,0.8682000000000001,0.0523,0.6786,1.3945,0.0363,0.1232,3.273,0.42450000000000004,1.1717,1.1461000000000001,2.3076000000000003,0.4375,0.8982,0.0131,0.30310000000000004,2.1416,1.7964,0.32230000000000003,1.5372000000000001,4.0621,2.115,5.1586,0.0284,0.5601,0.0253,0.26380000000000003,1.9384000000000001,1.7020000000000002,0.6661,1.2983,0.0669,0.3599,0.2918,1.7989000000000002,2.5794,0.2199,0.0925,0.06280000000000001,1.3324,0.8002,0.37570000000000003,0.0551,0.378,1.8677000000000001,0.18780000000000002,1.6455000000000002,1.5042,0.023100000000000002,0.0756,0.42800000000000005,0.2913,1.1704,1.4260000000000002,2.6431,2.2369,0.059500000000000004,0.059500000000000004,0.0151,2.0576000000000003,0.2514,2.3609,0.4801,0.3023,3.6464000000000003,0.39630000000000004,0.2381,0.7276,4.3058000000000005,2.9546,0.662,0.1958,1.6477000000000002,2.3548,1.3197,1.1079,0.2079,0.3259,1.0671000000000002,1.7233,1.4263000000000001,1.2695,0.1184,0.9229,2.1536,0.1825,0.3405,2.3737,1.4126,0.4182,1.1043,0.6069,0.4269,1.032,0.216,0.22390000000000002,0.0063,0.059300000000000005,0.3821,1.1077000000000001,1.3325,1.3344,2.1438,1.6313,2.1782,1.0663,1.6404,0.1333,2.2016,0.554,1.5055,0.9384,0.9339000000000001,1.5202,3.5701,0.42650000000000005,1.4214,0.5981000000000001,0.49570000000000003
,0.7105,0.5808,0.8495,0.39830000000000004,0.5357000000000001,1.5938,1.9839,0.2627,2.0204,0.9580000000000001,1.4989000000000001,0.19790000000000002,1.8102,0.6707000000000001,1.341,1.986,0.1318,3.4772000000000003,0.30560000000000004,0.0689,4.2051,2.7931,1.5922,1.7354,0.997,0.1587,0.2218,3.6978,0.8504,2.1154,1.3653,1.4073,1.4472,0.2149,0.8589,0.5157,1.3631,0.08120000000000001,1.4251,1.5764,0.8520000000000001,0.49150000000000005,2.2,3.0157000000000003,0.1401,1.1358000000000001,1.1899,0.0471,0.7621,2.3099000000000003,0.7622,0.3567,3.5286,1.7242000000000002,0.0983,0.0931,0.1958,1.8451000000000002,0.0053,1.5083,0.3547,1.7512,2.3394,0.22060000000000002,0.341,2.0872,1.3543,0.9468000000000001,0.3373,0.006500000000000001,1.7206000000000001,0.29910000000000003,0.6366,0.184,0.9344,2.8621000000000003,0.1875,1.8439,1.9612,0.020800000000000003,3.0242,0.44820000000000004,1.9571,0.2928,1.8209000000000002,0.6722,1.9318000000000002,1.723,0.9410000000000001,1.8743,2.7548,0.14930000000000002,1.0232,0.4657,0.0177,1.1915,3.1425,0.12350000000000001,0.8408,2.5732,0.1075,1.0572000000000001,1.4894,2.6743,0.3765,2.6189,1.5511000000000001,1.0805,1.1073,3.5747,0.053000000000000005,0.8769,0.2995,2.0064,0.48660000000000003,0.21430000000000002,0.5453,0.4218,1.5635000000000001,3.8417000000000003,0.9353,1.3443,1.6202,3.7369000000000003,3.5293,0.0879,1.4339000000000002,0.0217,3.5156,0.060700000000000004,3.0584000000000002,0.1482,0.056100000000000004,2.0544000000000002,0.6943,2.5505,4.6596,0.3902,3.0353000000000003,3.258,0.1173,0.0913,1.3493000000000002,1.1636,0.8997,0.5257000000000001,3.1113,0.3128,4.2645,0.2791,0.8551000000000001,0.2691,1.9771,1.3854,2.2631,0.0858,1.6923000000000001,2.2233,1.405,1.5308000000000002,2.0769,4.724600000000001,2.1586000000000003,1.4575,1.3231000000000002,0.6222,0.5783,0.3385,3.6599000000000004,1.6868,1.3030000000000002,1.8842,1.1452,0.6955,0.1865,0.9326000000000001,2.2511,1.3567,3.592,1.6074000000000002,1.5559,0.7817000000000001,2.6743,0.4375,0.8982,0.0142,2.1461,1.0205,0.0448,0.9065000000000001,2.0629,1.9647000000000001,1.5843,1.1609,0.5182,0.3351,0.6972,1.1721000000000001,0.9223,1.7020000000000002,1.6842000000000001,1.1729,0.0669,1.7501,0.2918,1.7989000000000002,1.3646,2.3480000000000003,2.7590000000000003,1.1345,3.0663,0.81,0.29150000000000004,0.3665,2.1661,1.8677000000000001,1.2650000000000001,0.6542,0.3658,0.304,0.7596,1.1643000000000001,1.0887,0.069,1.8203,0.2993,2.178,2.3849,0.2447,0.39280000000000004,1.3477000000000001,0.1757,0.6449,0.4801,0.3023,1.2062000000000002,2.1733000000000002,0.0446,0.5808,2.5458000000000003,2.9546,0.3277,0.2982,0.3766,0.38780000000000003,0.4782,1.1031,0.2079,0.3259,1.0827,2.0016000000000003,0.14880000000000002,1.2695,0.22990000000000002,0.9351,1.7001000000000002,1.6964000000000001,0.3405,0.7702,2.1863,1.8621,0.057800000000000004,0.8249000000000001,0.1532,2.5854,1.7975,0.0267,0.2165,0.8617,0.8344,0.2109,1.3329,1.3514000000000002,2.1438,0.4801,2.1782,0.2627,0.1315,1.0208000000000002,2.4411,0.17550000000000002,1.8335000000000001,0.6525000000000001,0.9339000000000001,0.5062,1.3582,1.0674000000000001,1.3112000000000001,1.3864,0.49570000000000003
,0.3685,4.4955,2.7174,1.3624,0.4717,1.8915000000000002,0.2104,0.2725,1.417,0.9580000000000001,2.0517000000000003,0.2511,4.5793,0.2853,1.341,2.1896,0.6133000000000001,3.8123,1.9799,1.0714000000000001,1.2871000000000001,2.1677,2.3309,0.2107,0.997,0.7117,0.2218,3.302,1.389,0.36760000000000004,1.3653,1.1236000000000002,1.4472,0.913,0.8589,0.45930000000000004,5.4408,0.26430000000000003,0.3477,1.5764,1.1027,1.3645,2.2021,3.0157000000000003,0.1401,2.0539,0.2846,0.2697,2.1005000000000003,1.3946,0.0454,0.3567,0.2994,2.2952,1.2305000000000001,0.879,1.7465000000000002,1.5737,2.2386,1.083,0.2929,0.8651000000000001,4.7001,0.6331,0.9543,2.257,1.3543,0.9468000000000001,1.1694,1.6257000000000001,1.7352,0.2692,1.3373000000000002,0.5984,0.5743,3.3103000000000002,0.0137,1.0938,0.5205000000000001,0.20220000000000002,0.4621,0.14150000000000001,1.7786000000000002,1.9186,0.14500000000000002,2.3856,1.9319000000000002,0.6273000000000001,1.7047,0.6271,2.8222,0.15960000000000002,1.0285,0.4657,1.6106,1.4655,3.1425,1.5954000000000002,1.7018,0.9953000000000001,1.3187,1.1483,1.6491,2.2702,0.6214000000000001,1.2871000000000001,0.12000000000000001,1.1338000000000001,1.1073,2.7963,1.9113,0.5212,4.0309,0.443,0.6859000000000001,0.5664,0.7216,0.40030000000000004,1.5172,2.1709,0.11120000000000001,1.3209,1.6202,1.4462000000000002,2.6824000000000003,0.48350000000000004,0.3657,1.3708,1.9696,0.0245,1.4564000000000001,1.9255,1.0967,1.6137000000000001,0.6621,1.9512,0.787,3.1707,3.2931000000000004,0.307,2.1662,0.3562,1.4697,0.26480000000000004,0.8997,4.6317,3.7703,2.3701000000000003,1.9119000000000002,1.4396,1.9472,0.2691,3.6734,0.23020000000000002,3.331,1.3859000000000001,4.9606,0.4454,2.589,0.1948,1.5641,3.2659000000000002,0.9385,1.5526,1.1448,0.6222,0.5783,5.133500000000001,1.0471000000000001,1.3744,1.8303,1.8181,1.3615000000000002,0.6955,0.1865,1.6885000000000001,0.5334,0.0849,0.45370000000000005,1.6074000000000002,1.5559,0.32180000000000003,2.3381000000000003,1.722,2.0415,0.0142,1.5155,0.06810000000000001,0.25020000000000003,0.7296,2.0629,1.9647000000000001,0.9466,2.0449,1.8027000000000002,0.8959,0.6954,1.8118,0.0359,1.1025,1.3473000000000002,0.26980000000000004,0.27690000000000003,1.4162000000000001,0.0257,2.2346,0.1317,1.8662,0.7783,3.212,2.47,2.2034000000000002,0.6282,0.3665,1.8069000000000002,0.5121,2.4148,0.6542,1.4469,0.304,0.2635,2.9919000000000002,1.5043,0.1948,0.43460000000000004,0.032,0.0437,2.3801,2.0976,3.12,1.3672,0.9741000000000001,0.5272,1.2583,0.30970000000000003,1.4689,2.1733000000000002,0.8822000000000001,0.2635,3.2902,0.8409000000000001,0.17350000000000002,1.6353,1.2522,1.7165000000000001,0.4782,3.1649000000000003,1.1218000000000001,1.5916000000000001,3.769,1.6107,0.20700000000000002,1.9368,1.8569,0.5031,1.7825000000000002,1.6964000000000001,1.1289,1.5216,0.2727,0.0494,1.0626,2.1238,0.32230000000000003,1.7406000000000001,1.3668,0.1715,0.9971000000000001,3.6990000000000003,2.5302000000000002,0.5988,2.3512,1.4637,0.013600000000000001,2.2399,1.4577,3.9729,1.2633,1.2758,2.4411,0.061900000000000004,0.3209,0.3042,1.9543000000000001,1.3599,2.1137,5.8356,0.1207,0.046,1.246
,0.2091,0.5929,0.8002,1.3624,1.4888000000000001,0.9523,1.5150000000000001,0.1733,1.5369000000000002,0.042100000000000005,1.9955,0.2511,0.8099000000000001,4.1299,3.9502,2.2718000000000003,0.137,3.7926,1.5948,1.2554,2.1205000000000003,2.3473,2.3309,1.7459,1.1896,1.1568,0.6976,1.1814,0.060500000000000005,0.0528,0.14600000000000002,1.1236000000000002,1.9921000000000002,0.913,2.9658,0.45930000000000004,5.4339,0.26430000000000003,5.814100000000001,0.14600000000000002,2.0027,2.049,0.19790000000000002,3.9436,1.8895000000000002,1.6793,0.2846,0.0495,2.0888,1.5516,0.5217,0.2983,0.28290000000000004,2.7289000000000003,2.2585,2.2073,1.0218,0.5652,0.5574,0.41150000000000003,0.5729000000000001,0.8651000000000001,3.4322000000000004,0.5093,0.30210000000000004,2.257,0.46430000000000005,0.9965,1.372,1.6257000000000001,0.665,0.0159,2.3419000000000003,2.7737000000000003,0.7256,2.3202000000000003,3.9528000000000003,0.8956000000000001,0.5205000000000001,1.9279000000000002,0.3567,0.798,0.4148,1.9186,0.28650000000000003,5.217700000000001,2.2059,6.2728,1.7047,0.6271,0.09050000000000001,1.2417,0.30560000000000004,2.5984000000000003,1.0381,1.3084,0.2917,0.08710000000000001,1.6340000000000001,2.2002,2.8764000000000003,1.4807000000000001,2.4415,0.9413,0.6214000000000001,1.2871000000000001,3.7445000000000004,1.202,1.0712000000000002,2.7963,0.308,1.5769,0.7137,0.6818000000000001,1.9001000000000001,1.0510000000000002,2.0321000000000002,0.40030000000000004,1.5172,0.507,2.593,3.5106,1.1633,1.05,1.4694,1.2446000000000002,1.2617,0.7918000000000001,1.4409,1.1089,1.2422,1.9066,1.0967,0.2514,2.4136,0.0206,0.1947,1.0581,3.5014000000000003,1.743,2.2110000000000003,0.2902,1.2342,0.26480000000000004,2.2084,0.6005,1.9899,2.3912,1.9119000000000002,1.4161000000000001,1.9472,3.9241,1.8923,0.9372,1.1662000000000001,1.3859000000000001,1.1404,3.5152,2.8051,0.1948,1.9247,1.5752000000000002,0.5292,1.5526,3.0276,1.5131000000000001,2.2015000000000002,0.0668,2.0374,0.9142,1.3030000000000002,0.0703,0.10070000000000001,0.6354000000000001,2.1165000000000003,2.992,4.5958000000000006,1.2073,0.45370000000000005,0.9760000000000001,1.3724,1.066,1.0163,1.693,0.1342,0.928,2.1461,0.06810000000000001,0.2278,0.7296,0.23340000000000002,1.1260000000000001,0.2485,2.0449,1.8027000000000002,0.8242,0.0102,1.0635000000000001,1.7770000000000001,1.4916,0.9784,0.1366,0.27690000000000003,1.4162000000000001,0.0257,2.2346,0.007200000000000001,1.5884,0.049,2.5961000000000003,0.24830000000000002,0.7222000000000001,1.1785,2.7998000000000003,1.3573000000000002,0.06620000000000001,2.4148,1.5044000000000002,1.4356,0.30260000000000004,0.2635,2.4121,1.1461000000000001,2.0009,1.4644000000000001,0.0258,0.5197,1.1046,0.6483,0.09290000000000001,1.0378,0.051000000000000004,1.6372,2.0053,0.8114,0.6186,1.3873,0.8822000000000001,0.2635,0.2134,0.0082,4.2428,0.09230000000000001,1.2522,2.6683000000000003,0.20040000000000002,1.0189000000000001,1.3933,0.5593,0.7006,0.9335,2.6806,0.2827,1.0706,0.1202,0.1307,0.5338,0.0269,2.5918,0.35810000000000003,0.9831000000000001,0.5386000000000001,2.1238,0.4041,0.9593,1.8656000000000001,2.0808,1.1488,1.3337,0.0068000000000000005,0.2388,0.8389000000000001,0.1502,1.6591,2.2399,1.9367,3.9729,1.2427000000000001,1.2758,0.7947000000000001,0.0683,0.0726,0.3715,1.9543000000000001,0.5062,2.1137,0.8479,2.0834,1.5221,0.1774
,0.2091,0.463,1.1729,1.5869,1.4637,1.629,0.2672,2.2714000000000003,1.8976000000000002,1.3104,2.5324,1.4613,0.894,4.2473,3.9523,2.0379,0.1862,2.9906,2.4385000000000003,0.7052,2.1344000000000003,2.3473,0.2506,0.0239,1.5585,1.1568,0.17830000000000001,2.9078,2.2631,0.2508,1.0428,4.3426,0.3629,1.6897,1.5752000000000002,0.0687,0.6967,2.6055,2.2338,0.7447,2.0027,1.3645,0.37920000000000004,1.1472,4.6387,2.1273,2.5002,0.5429,1.4295,0.1221,0.5217,5.2781,0.09290000000000001,5.2039,2.0831,2.2073,1.8448,0.1741,2.2914000000000003,0.41150000000000003,0.0227,2.4328000000000003,0.1303,0.0995,2.0176000000000003,0.14600000000000002,0.44630000000000003,1.4315,1.372,1.7457,3.8680000000000003,1.4857,2.3419000000000003,3.1331,1.2456,0.2151,1.7028,0.8956000000000001,0.027700000000000002,0.668,1.8576000000000001,0.798,0.4148,8.8579,1.9277000000000002,5.1718,0.0105,2.5354,1.5443,0.5436,0.0476,0.18680000000000002,0.30560000000000004,3.689,2.0599000000000003,0.5565,0.38970000000000005,1.8254000000000001,0.1913,2.2002,2.8764000000000003,0.6529,1.6491,3.9957000000000003,0.5596,0.4098,0.12000000000000001,0.009600000000000001,0.4685,4.3931000000000004,1.1874,0.3281,0.09090000000000001,1.4951,1.8028000000000002,1.848,0.8593000000000001,0.44830000000000003,0.2669,0.0201,3.0273000000000003,1.6129,2.853,2.3325,1.5785,0.0239,0.6379,2.0768,1.7575,0.4883,0.6196,1.7449000000000001,0.5199,2.3517,0.79,3.8889,2.2031,0.030500000000000003,3.5173,0.09580000000000001,0.0653,1.4811,1.2342,0.0599,1.0033,0.7187,2.0055,2.3912,4.188400000000001,1.3821,2.3689,3.9280000000000004,3.6813000000000002,1.4313,2.8259000000000003,2.2786,1.4613,0.0567,0.2731,1.1485,1.8721,1.5639,0.1638,2.1085000000000003,3.3547000000000002,1.2208,0.4937,1.2151,2.863,1.9342000000000001,1.3899000000000001,1.9393,2.2846,0.6121,2.3687,2.992,4.5958000000000006,6.024,0.5924,1.7851000000000001,2.4558,1.066,1.0163,0.5679000000000001,0.1365,1.6752,0.4012,0.0076,1.4764000000000002,1.993,2.0035000000000003,1.8221,1.9300000000000002,0.3582,0.7078,5.5342,0.0102,1.5751000000000002,1.7770000000000001,2.4759,0.9784,0.1366,0.1983,1.0665,1.4233,2.9576000000000002,0.3295,0.5479,1.6607,3.0749,0.0434,0.7222000000000001,3.7964,0.3215,0.9305,5.79,0.07640000000000001,2.3942,6.891,0.4562,0.028800000000000003,1.1513,0.6124,2.0009,1.4644000000000001,0.0258,0.5197,1.1046,0.3415,0.3951,0.3488,1.5657,1.9253,2.2293000000000003,1.2665,0.33640000000000003,1.3878000000000001,2.6467,1.5863,0.464,2.7769,2.1244,4.526,1.3412000000000002,0.454,0.20040000000000002,3.2629,2.1184000000000003,0.5593,1.3374000000000001,0.7058,1.7163000000000002,0.4164,0.6131,1.2166000000000001,1.5115,1.0494,0.331,0.3383,0.35810000000000003,0.7706000000000001,0.8215,0.3577,2.3023000000000002,3.0631,0.19940000000000002,1.2467000000000001,1.2627000000000002,1.3337,0.6164000000000001,0.2388,0.8389000000000001,1.6520000000000001,1.5351000000000001,1.2099,0.3126,1.5852000000000002,1.7565000000000002,0.0053,1.8274000000000001,4.8100000000000005,0.0446,2.2242,0.1617,1.5965,1.5888,5.684200000000001,2.0834,1.5708,1.2094
,0.10010000000000001,0.2187,1.1487,0.22690000000000002,3.9857,0.0078000000000000005,1.6413,1.3656000000000001,0.7503000000000001,1.5786,0.5879,1.4562000000000002,0.894,7.3033,7.1005,1.2571,0.1862,1.826,2.5216000000000003,1.4444000000000001,1.3985,0.4259,4.8768,0.0094,0.12190000000000001,0.9395,1.6817,0.5936,0.085,0.2508,1.4704000000000002,6.0899,0.068,1.6897,1.6808,0.1995,0.9949,1.9278000000000002,0.5595,1.0326,2.0467,0.20040000000000002,0.3798,1.1598000000000002,2.4745,3.4204000000000003,1.5212,0.9003,1.0736,0.0086,1.9059000000000001,3.1013,0.1114,1.754,0.36760000000000004,3.3107,1.6876,1.5752000000000002,2.74,1.8647,1.7704000000000002,1.3053000000000001,0.7598,0.7069000000000001,2.0176000000000003,1.0058,0.7782,1.1382,0.0303,1.5369000000000002,3.0531,1.4857,0.48460000000000003,2.6022000000000003,0.0204,2.0744000000000002,4.3632,2.0321000000000002,1.4134,4.1832,1.7403000000000002,1.7303000000000002,0.1636,4.9623,2.8602000000000003,0.9562,1.3741,1.1156000000000001,1.0327,1.0334,1.3725,0.18680000000000002,1.5791000000000002,1.8886,2.0599000000000003,0.5565,1.1602000000000001,1.3218,1.7261000000000002,0.2444,0.8909,1.5187000000000002,1.7169,4.0057,0.0932,0.4098,1.1526,0.5650000000000001,0.4685,1.2934,1.1874,1.8498,2.2047000000000003,1.4951,0.5775,1.848,1.8821,0.2894,1.8760000000000001,1.2327000000000001,1.8895000000000002,0.234,0.1379,0.8066,0.9388000000000001,0.125,0.2283,1.473,1.3774,0.5002,0.46830000000000005,3.221,1.8391000000000002,0.8431000000000001,0.1824,6.6284,1.9071,2.2484,1.7331,0.0053,2.1435,0.011300000000000001,1.9011,4.6676,0.0502,0.7187,0.2948,1.4588,1.0405,0.4299,2.8898,1.5759,0.5124000000000001,0.8083,2.8259000000000003,2.2406,2.1259,2.0111,0.2731,1.1485,1.8307,0.077,1.5385,2.1,0.6980000000000001,1.6168,0.4937,1.2223000000000002,0.48360000000000003,0.8629,0.4907,2.4593000000000003,0.1647,0.1721,2.3687,1.1311,4.6424,1.5114,1.905,1.3334000000000001,0.17250000000000001,1.3572,1.5215,0.5679000000000001,1.7756,0.9880000000000001,0.4012,1.352,1.4764000000000002,0.909,1.0137,0.8765000000000001,1.9300000000000002,0.2034,2.8480000000000003,5.5374,2.4208000000000003,1.5751000000000002,1.6445,1.913,1.4745000000000001,1.4807000000000001,1.2975,1.5347000000000002,1.5813000000000001,0.005200000000000001,0.6162000000000001,0.3264,0.7140000000000001,1.0905,1.5813000000000001,0.0453,3.7964,0.8108000000000001,0.8973000000000001,2.1482,0.2707,2.3942,0.6197,0.47840000000000005,1.1339000000000001,1.1513,1.1837,1.0656,1.2033,0.502,0.8663000000000001,1.8866,2.2373000000000003,2.8858,0.3685,0.0175,1.3506,0.3527,0.8114,0.33640000000000003,0.06960000000000001,2.4131,1.5983,0.2394,1.3090000000000002,4.839300000000001,4.6530000000000005,1.3414000000000001,0.0385,0.0517,2.1288,1.6434,0.006,0.41650000000000004,3.5624000000000002,2.7898,1.0188000000000001,0.32580000000000003,1.2166000000000001,1.8887,2.4398,1.3063,0.3383,3.6817,0.7706000000000001,1.9228,7.8108,0.2626,1.3998000000000002,0.5339,0.6598,0.9277000000000001,1.4519,0.23870000000000002,0.28900000000000003,4.8025,0.9529000000000001,1.7828000000000002,0.2457,1.8038,1.1801000000000001,2.1413,0.7903,1.8378,0.5017,0.0446,3.4833000000000003,0.0471,1.0243,1.5906,4.4853000000000005,2.6037,1.5708,1.2094
,0.10010000000000001,2.0576000000000003,2.1434,1.0236,0.7230000000000001,0.7387,1.6483,0.0076,0.37970000000000004,0.0149,0.8300000000000001,1.3918000000000001,2.3094,2.0352,0.1958,1.2571,1.4988000000000001,0.404,2.1557,1.2528000000000001,0.2852,0.46730000000000005,0.7679,0.3688,0.7414000000000001,0.9132,1.6361,0.5019,0.7834,2.3398000000000003,1.1024,1.6384,0.8696,1.7084000000000001,0.0644,0.9038,0.3103,1.9278000000000002,0.9587,1.6828,0.6855,1.5496,2.5321000000000002,0.0385,1.9686000000000001,0.8249000000000001,0.12710000000000002,0.6542,1.0993,1.1702000000000001,2.7969,0.32480000000000003,1.0128000000000001,3.1086,0.763,0.06910000000000001,2.629,1.5752000000000002,0.65,2.0053,1.7704000000000002,1.3053000000000001,0.7598,0.7069000000000001,1.6027,2.2112000000000003,0.0813,2.0481000000000003,0.9277000000000001,0.7504000000000001,1.6178000000000001,1.3777000000000001,0.058300000000000005,2.6022000000000003,0.0932,0.7439,0.3014,5.705,2.2246,2.6864000000000003,0.2813,1.7022000000000002,1.7192,1.9201000000000001,2.8602000000000003,3.6213,0.9587,1.1829,0.0966,2.0047,0.8493,0.32180000000000003,4.5981000000000005,0.44170000000000004,1.6517000000000002,1.2575,3.8381000000000003,0.9493,2.2789,1.9432,0.0112,1.3032000000000001,2.5123,4.0057,0.0143,1.4868000000000001,0.0476,0.5650000000000001,1.2052,1.0372000000000001,1.5279,1.8498,0.7107,1.4389,0.5775,2.5314,0.4693,0.8835000000000001,0.3794,1.2626000000000002,1.8895000000000002,2.4015,0.1379,0.8066,0.9388000000000001,0.0368,0.2283,0.2701,1.5085000000000002,5.8398,1.3655000000000002,1.2966,1.8391000000000002,0.8431000000000001,0.030000000000000002,0.306,1.2687000000000002,2.2484,1.7331,1.1356000000000002,1.9795,2.0172,0.6992,2.9373,1.4654,0.2864,0.9665,1.9918,0.7214,1.4877,0.9935,0.16110000000000002,0.4812,1.4313,0.9232,0.8071,0.0717,1.8386,2.4503,0.6593,0.4107,1.1214,2.4166000000000003,2.0253,0.622,0.4922,0.48710000000000003,0.7008,0.1635,0.8629,0.20700000000000002,1.7117,1.4772,0.6017,0.5613,0.07150000000000001,1.6665,1.4664000000000001,1.9602000000000002,0.0536,0.9848,2.5956,2.1431,0.6517000000000001,1.1569,1.0658,1.4445000000000001,1.4635,1.0121,0.33630000000000004,1.0137,4.0664,1.0099,1.5943,1.7682,1.1225,1.0904,1.8146,0.9262,0.3095,0.0131,1.5983,1.2975,0.6914,0.731,0.0415,0.1159,1.5984,1.9699,1.1581000000000001,1.5813000000000001,0.0453,1.9242000000000001,0.8108000000000001,1.9661000000000002,1.1164,2.5372,1.6017000000000001,0.9179,1.7758,0.9611000000000001,1.0189000000000001,0.3815,1.6983000000000001,1.4702000000000002,1.7745000000000002,1.8484,0.1212,4.6240000000000006,2.8858,2.6311,0.0175,2.2985,0.74,0.5721,0.3753,1.2491,3.6552000000000002,1.0658,0.49670000000000003,1.4955,2.1751,7.9592,2.3863000000000003,2.0654,1.2904,0.4887,1.4187,1.8336000000000001,1.5892000000000002,3.8576,0.7068,0.37970000000000004,0.44220000000000004,0.2214,1.8887,0.7902,1.2227000000000001,2.1344000000000003,2.1974,1.8806,1.9153,0.4423,1.6164,1.3998000000000002,0.4999,0.6598,0.9277000000000001,4.7574000000000005,3.1870000000000003,0.3342,0.38880000000000003,0.049,0.38420000000000004,4.9417,0.9296000000000001,2.3746,0.35750000000000004,0.0253,0.5047,2.0736,2.0846,0.4476,4.7198,0.46380000000000005,0.014100000000000001,1.1849,2.1407000000000003,0.6202000000000001,0.1097
,1.4108,0.0351,2.1434,0.0162,0.1854,1.5482,2.1245000000000003,3.076,0.37970000000000004,0.42860000000000004,0.0364,1.3918000000000001,1.7653,2.0352,0.4081,1.093,2.2994,0.032100000000000004,0.1004,1.5076,2.1936,0.46730000000000005,0.2778,0.099,0.7693,1.7372,0.4617,1.9129,0.7834,2.2651,1.1024,1.8734000000000002,0.8696,0.5401,0.7998000000000001,0.9038,1.8613000000000002,0.7662,0.25520000000000004,1.5433000000000001,1.9455,0.6832,3.2742,1.5303,1.9686000000000001,0.8249000000000001,0.6075,1.707,0.5143,1.1702000000000001,2.7969,0.18580000000000002,0.9926,0.2565,0.763,2.3725,1.0013,1.8403,1.2586000000000002,1.705,1.3911,1.0726,1.0856000000000001,7.1264,0.1771,0.4309,0.0813,3.2271,0.10200000000000001,0.40890000000000004,0.18530000000000002,0.6287,0.058300000000000005,1.2503,0.0932,1.3876000000000002,1.068,0.6292,2.5436,0.11800000000000001,1.5177,0.3284,1.8464,1.141,0.5765,1.0824,1.6309,1.9613,2.1842,2.0047,2.7246,1.6877,4.5981000000000005,0.7497,1.6289,1.2573,1.6892,0.9493,2.2789,1.5030000000000001,4.8098,4.507000000000001,0.6931,0.25170000000000003,0.0064,0.7629,0.12040000000000001,0.5652,1.3288,1.0330000000000001,4.1478,0.5024000000000001,0.7107,1.1397000000000002,0.3433,1.3229,0.7611,1.0227,0.2348,7.2217,1.7892000000000001,1.2870000000000001,3.1882,1.1176000000000001,0.3976,0.0368,0.5974,2.1784,1.5085000000000002,0.9641000000000001,1.3655000000000002,1.2966,1.3238,1.0931,2.9850000000000003,0.0616,0.3244,0.8819,0.0309,1.1356000000000002,0.5549000000000001,2.0172,0.7818,0.0112,1.4654,0.0361,2.3241,1.9872,0.3151,1.6827,0.3523,0.545,0.34190000000000004,2.333,0.2571,1.7463000000000002,0.3855,1.7233,1.9617,1.1976,0.4107,2.4938000000000002,2.3000000000000003,2.9091,2.3093,0.934,2.4906,2.636,0.0292,0.2909,0.20700000000000002,0.1741,3.2077,1.7855,0.5613,2.1891000000000003,1.1757,1.4664000000000001,1.8116,0.9786,0.9848,2.5956,1.2573,1.4163000000000001,1.2271,2.8724000000000003,0.3965,1.7248,1.0121,0.4183,3.0146,4.058,1.3105,0.6319,0.9235000000000001,0.4545,0.7956000000000001,5.2614,0.9268000000000001,0.3472,2.2172,0.025400000000000002,0.4671,1.4611,1.6007,0.0415,2.3305000000000002,2.7728,2.4185000000000003,1.4076,3.0646,0.8163,0.21730000000000002,1.5118,1.9657,1.0966,1.1272,0.2316,1.9929000000000001,1.8926,0.36760000000000004,1.1099,1.613,0.5955,1.4702000000000002,1.5989,1.5527,1.4241000000000001,1.9180000000000001,4.0124,0.11510000000000001,1.3652,0.3957,1.9945000000000002,0.0114,1.5087000000000002,2.0196,0.871,1.8463,0.6697000000000001,0.036000000000000004,2.1751,4.5438,1.1206,2.3203,0.9313,1.3056,0.7529,0.2574,1.5892000000000002,2.2781000000000002,1.2848000000000002,1.8537000000000001,0.35800000000000004,0.2214,1.1863000000000001,0.5464,1.5862,1.3964,2.1974,0.8230000000000001,2.3931,0.4423,1.6112000000000002,0.46080000000000004,0.7706000000000001,0.1787,0.3733,0.1845,0.4571,0.9536,2.0635,1.8049000000000002,0.9209,1.1644,0.3166,1.6635,0.2134,1.2402,7.6233,2.0736,2.1035,0.4672,4.5219000000000005,3.4233000000000002,5.6724000000000006,1.1945000000000001,0.9828,1.568,1.2107
,1.9083,0.0351,0.1655,1.4824000000000002,0.1854,1.5482,0.3995,1.7557,2.7137000000000002,1.9676,0.6588,1.7476,1.3023,0.043500000000000004,0.5352,0.3533,1.8483,0.0308,1.6605,1.9517,1.3161,4.941,0.2778,1.6459000000000001,0.9507000000000001,0.0516,1.5743,1.9129,0.6771,5.5734,1.7538,0.11180000000000001,3.5242,1.3612,0.7998000000000001,1.2151,2.3464,2.2716000000000003,0.25520000000000004,1.5433000000000001,0.36810000000000004,0.6832,1.1386,1.1189,0.31420000000000003,0.7326,1.55,1.707,0.5225000000000001,2.7612,2.8089,2.3674,1.2381,0.15610000000000002,1.5903,0.23320000000000002,1.0013,1.8403,1.9973,1.7550000000000001,2.2393,0.1066,1.0856000000000001,0.48310000000000003,3.1625,0.188,1.4982,3.2271,2.222,0.40890000000000004,1.1497,7.0412,0.0181,2.4147000000000003,1.3754,1.3876000000000002,1.068,2.4404,3.7834000000000003,0.5216000000000001,0.0879,0.41440000000000005,0.9821000000000001,1.1518000000000002,0.8214,1.6851,0.1144,1.9613,1.5033,1.5771000000000002,1.1573,0.37170000000000003,0.8985000000000001,0.7045,1.6835,1.1623,0.258,0.676,0.0077,2.3355,0.11420000000000001,0.7907000000000001,0.6931,0.0926,0.5136000000000001,3.2504,0.12040000000000001,2.2411000000000003,2.6242,3.2315,2.0203,1.4902,0.9613,1.1397000000000002,1.7363000000000002,0.6137,0.1004,1.3227,1.1158000000000001,3.1547,4.8305,1.2870000000000001,2.4971,1.1176000000000001,4.4306,3.1287000000000003,0.8480000000000001,2.1631,1.1738,0.9641000000000001,0.3657,1.4564000000000001,0.054900000000000004,1.0931,0.31,1.9057000000000002,1.72,1.0275,1.6003,1.1373,0.2686,0.8177000000000001,3.7527000000000004,1.0456,3.4043,0.4345,1.4721,2.3373,0.6256,0.1442,2.6388000000000003,3.5724,0.5228,4.4453000000000005,0.2571,0.23950000000000002,0.3855,0.6008,5.7027,1.1976,1.8317,1.7302000000000002,3.2943000000000002,0.4525,0.9961000000000001,0.6712,1.2205000000000001,1.2626000000000002,0.7652,0.41900000000000004,2.8679,0.38280000000000003,3.2077,2.2496,1.7258,1.3573000000000002,1.0868,1.3116,0.28300000000000003,0.0892,0.5899,1.3966,0.2369,2.0259,2.3725,1.5892000000000002,1.1129,1.7248,0.3146,0.4183,0.3426,1.5670000000000002,5.029100000000001,0.6319,1.5734000000000001,0.5196000000000001,0.9737,1.4564000000000001,1.0213,1.3318,0.5638000000000001,0.7658,0.4671,0.0284,1.6007,0.0504,2.3389,0.0128,2.4185000000000003,1.5944,2.0704000000000002,0.8163,0.4605,0.9737,0.24930000000000002,0.0872,3.5892000000000004,0.9893000000000001,1.9929000000000001,1.81,0.3679,0.011600000000000001,0.2543,0.06520000000000001,0.9856,1.5984,1.0983,1.4465000000000001,1.9180000000000001,2.486,0.11510000000000001,1.7654,0.3957,1.9945000000000002,2.7387,2.1775,0.5981000000000001,1.1307,1.8457000000000001,2.0163,0.6297,1.0951,1.5117,1.1300000000000001,2.3203,2.3939,2.5679000000000003,3.1804,0.9239,0.8864000000000001,2.7753,0.7347,7.2405,1.3096,1.1235,0.41490000000000005,1.5978,2.1870000000000003,1.0323,4.0920000000000005,0.8230000000000001,1.5794000000000001,1.8401,0.8223,2.8377000000000003,1.2667000000000002,1.1598000000000002,0.6137,0.3548,0.6907,0.8401000000000001,2.0457,1.169,0.006200000000000001,0.3065,0.8247,1.5307000000000002,1.2222,3.2044,0.8089000000000001,0.065,0.1027,1.2585,1.6129,3.4059000000000004,3.2173000000000003,0.49760000000000004,0.0961,1.2759,1.5919
,0.9234,1.1191,5.878900000000001,1.0386,2.2139,1.5795000000000001,0.3995,1.8777000000000001,0.5115000000000001,1.9634,0.6588,1.0037,1.5379,0.9,1.0786,1.2723,1.8483,1.2931000000000001,0.1216,1.9517,4.7134,0.5698,1.6091,2.2819000000000003,2.4386,1.0076,2.7334,0.08120000000000001,0.6771,0.1068,0.802,0.3856,0.1539,2.5833,2.4604,1.3404,0.0417,0.5345,1.4645000000000001,0.1341,0.36810000000000004,1.3169,1.1386,2.3232,0.31420000000000003,0.7210000000000001,0.2384,1.2711000000000001,3.4225000000000003,1.3072000000000001,1.1225,0.5912000000000001,1.2332,0.015700000000000002,1.5903,0.23320000000000002,0.4717,1.9466,1.9096000000000002,1.6355000000000002,2.2856,1.1135000000000002,2.213,4.4242,2.2663,1.1508,1.7195,1.2007,2.6549,1.2199,0.5574,1.3777000000000001,0.33080000000000004,0.1038,1.5024000000000002,0.0442,0.55,2.4404,0.5428000000000001,2.6922,1.2845,1.0170000000000001,1.7167000000000001,2.8885,0.046900000000000004,1.6851,1.3674000000000002,0.2136,0.4565,0.9338000000000001,0.6928000000000001,1.6256000000000002,0.3272,0.7045,2.4161,1.1623,0.258,0.7647,0.0201,0.0478,0.7105,0.09820000000000001,1.4211,2.0042,0.8264,0.7331000000000001,3.1635,0.6719,3.564,1.0574000000000001,0.8123,1.4902,0.9613,0.6953,0.5117,1.1767,0.0516,2.8785000000000003,1.232,1.7606000000000002,2.5624000000000002,1.8442,1.2972000000000001,0.4494,1.0172,1.6813,0.9710000000000001,1.9362000000000001,0.0534,1.3116,0.3345,1.4564000000000001,2.0706,0.2953,0.30920000000000003,0.6665,0.7765000000000001,0.0721,0.7697,0.2579,1.6091,0.7105,0.8563000000000001,0.32030000000000003,0.2758,0.4345,1.4721,0.013300000000000001,0.6307,0.1442,2.6388000000000003,4.5284,0.5228,0.5942000000000001,0.1272,0.1544,2.338,0.3446,1.6572,1.2041,0.0148,0.0917,0.0367,0.0671,0.7267,0.6712,1.4704000000000002,2.6491000000000002,1.0497,1.1738,1.5546,0.38280000000000003,0.06420000000000001,1.1074000000000002,1.2432,1.088,0.0663,0.35150000000000003,0.9972000000000001,1.2665,0.2416,0.005,0.3684,0.8771,2.2516000000000003,1.1432,0.0195,0.20550000000000002,2.9558,2.0965000000000003,1.5744,0.010400000000000001,0.0309,0.0449,1.9455,0.3295,0.9737,0.9769000000000001,0.6518,0.4446,1.6879000000000002,0.42550000000000004,3.3974,0.9258000000000001,1.6535,2.0822000000000003,1.9892,2.5328,1.6948,1.5944,4.8475,0.40340000000000004,0.5343,1.4227,1.22,0.0872,0.7458,0.9893000000000001,2.4359,1.81,4.5309,1.8203,0.3468,0.9624,1.6046,0.3312,0.1406,1.2874,0.14930000000000002,0.9241,3.7095000000000002,0.8001,1.6412,1.5571000000000002,3.4290000000000003,2.1729000000000003,0.452,1.5974000000000002,0.3754,2.5794,1.8153000000000001,1.1137000000000001,0.6656000000000001,1.9916,1.5175,1.7910000000000001,2.2917,3.1804,1.7966000000000002,1.1355,2.7753,0.7347,0.5692,1.0338,0.755,0.4637,0.5197,0.027800000000000002,0.45320000000000005,0.1458,0.7602,1.0314,1.9576,0.8223,2.0714,1.2667000000000002,1.4165,1.7769000000000001,0.3548,2.3770000000000002,0.33190000000000003,1.2214,0.9946,0.006200000000000001,1.8788,0.0669,1.5482,1.2222,1.2750000000000001,0.5119,0.065,2.1798,1.2585,0.16160000000000002,0.4183,3.5529,2.3561,1.7697,2.0047,1.7215
,0.9234,3.3574,1.4087,1.0386,2.2073,0.8794000000000001,0.9493,2.1086,0.5115000000000001,1.1873,0.5577,0.4743,5.433400000000001,0.1029,0.0947,0.0641,2.1845,1.8077,1.0816000000000001,0.6233000000000001,0.0134,2.8512,2.3434,1.0161,1.5176,0.47090000000000004,1.85,0.08120000000000001,2.1884,1.2759,0.802,0.3856,1.6637000000000002,0.0862,0.0514,0.1705,0.09290000000000001,0.11,1.7264000000000002,0.34840000000000004,0.2131,1.8894000000000002,1.6198000000000001,0.3214,0.41450000000000004,1.6418000000000001,0.2384,1.8795000000000002,1.1988,1.9341000000000002,1.3126,0.3864,2.4665,0.7237,1.6539000000000001,1.46,0.4077,0.30210000000000004,2.0796,1.2162,0.5429,0.0285,0.46280000000000004,1.5967,0.16570000000000001,0.188,1.0323,1.0647,1.4644000000000001,1.2106000000000001,0.5574,0.0373,0.1193,1.1784000000000001,0.1267,0.5044000000000001,1.9066,0.8887,0.1758,2.237,0.4297,1.0170000000000001,0.9577,1.0431000000000001,2.8266,7.489800000000001,2.0429,0.2817,0.4565,0.9338000000000001,1.869,2.5919000000000003,0.0623,0.1588,0.025,0.3128,1.3391,0.6007,1.8818000000000001,0.513,0.7089000000000001,1.5461,0.8297,0.882,3.7929000000000004,0.3406,3.1635,4.7925,2.0553,0.8359000000000001,0.683,4.9817,0.0252,2.2524,2.6590000000000003,5.0608,1.61,2.5402,0.2521,0.2516,1.2716,0.021500000000000002,2.3123,0.4494,0.8764000000000001,1.6813,0.9710000000000001,1.9362000000000001,1.9221000000000001,1.3116,0.4183,0.0809,2.249,1.4363000000000001,0.6253000000000001,0.387,1.9001000000000001,0.154,1.0601,1.0889,1.6167,0.42310000000000003,0.3299,0.9992000000000001,0.8061,2.5535,2.0053,6.5201,1.5823,1.9063,0.0545,0.8823000000000001,4.0418,0.2199,1.6221,1.423,2.338,0.2023,1.1768,0.5743,1.2183000000000002,2.0915,2.33,2.8782,0.7267,0.9123,1.1469,0.3129,1.0497,1.1738,3.7001000000000004,1.9486,0.06420000000000001,0.7596,1.5,1.233,0.1263,1.2215,1.6024,1.3345,1.4265,0.4854,0.35650000000000004,0.8771,0.7424000000000001,0.2388,8.8239,0.23950000000000002,3.0117000000000003,0.8894000000000001,0.10840000000000001,0.5221,2.1596,0.4385,1.9455,2.7809,6.567900000000001,1.1218000000000001,0.773,1.2286000000000001,0.3093,0.42550000000000004,1.6360000000000001,0.9258000000000001,2.0226,1.8139,0.3614,0.046,1.1487,0.47600000000000003,0.5438000000000001,1.2419,1.1172,0.23470000000000002,1.22,0.687,0.4307,1.7048,1.1640000000000001,0.3986,3.5422000000000002,0.23820000000000002,0.019,0.5887,2.2163,0.3312,2.1745,1.2264000000000002,0.44020000000000004,0.25070000000000003,0.25420000000000004,0.8001,1.4457,0.038200000000000005,1.1598000000000002,1.4093,0.6795,5.8833,0.3632,0.5714,1.639,1.9873,0.3779,0.9732000000000001,1.5175,0.9102,0.649,0.7696000000000001,1.7966000000000002,1.1355,0.30860000000000004,2.8966000000000003,0.5692,2.8441,0.4409,0.7083,0.5197,1.4713,0.45320000000000005,0.4535,2.1009,1.6419000000000001,1.8343,0.2881,0.9071,0.9119,1.3085,0.8077000000000001,0.7827000000000001,1.9423000000000001,0.33190000000000003,0.1135,0.9946,3.7571000000000003,1.4042000000000001,3.4735,0.1942,0.0309,0.9296000000000001,0.1705,1.693,1.468,1.7758,0.5495,0.5241,0.8388,1.4943,0.3426,0.37470000000000003,1.7215
,1.3507,3.3574,0.8433,0.5932000000000001,0.020800000000000003,1.8161,1.2241,0.9279000000000001,1.8587,1.1848,0.5577,1.0430000000000001,5.4782,0.1539,1.6459000000000001,0.6164000000000001,0.1396,2.1567000000000003,0.0395,0.1022,1.727,2.1854,1.2771000000000001,2.5208,2.8184,1.7249,1.6562000000000001,0.9316000000000001,1.9477,0.9901000000000001,1.081,0.1194,0.7808,2.8152,0.0514,2.2831,0.9626,6.563400000000001,1.8308,5.038200000000001,0.2064,0.5996,0.2614,0.16840000000000002,0.4158,1.5144,0.8897,1.8795000000000002,1.2395,1.9736,0.2564,0.8256,2.4136,0.7237,4.0099,0.7527,0.0758,0.30210000000000004,5.3598,1.2379,0.2738,0.0083,1.28,1.2223000000000002,0.4268,0.1517,2.3014,2.173,1.3518000000000001,0.5928,3.9687,0.6124,1.5599,0.0219,1.3522,0.2726,0.4742,1.5905,1.5352000000000001,2.237,0.4297,2.3674,1.3840000000000001,1.0579,2.5216000000000003,2.0831,2.0429,0.4521,1.8908,2.0296000000000003,0.14980000000000002,2.5919000000000003,4.4447,0.0668,1.8065,0.2099,0.9820000000000001,1.3105,1.6379000000000001,1.9821000000000002,1.4732,0.0183,0.8117000000000001,0.33290000000000003,2.2943000000000002,2.2347,1.8122,4.7925,1.0205,1.3711,0.9888,0.8838,1.5015,2.4302,2.24,5.3238,1.6027,1.3322,0.2521,0.2516,1.9134,0.7173,2.3123,0.011000000000000001,0.0614,0.0646,0.9948,0.038400000000000004,2.2222,1.9641000000000002,1.4893,2.3941,3.8994,1.2284000000000002,0.0876,0.5588000000000001,1.9001000000000001,0.154,1.7124000000000001,4.1574,0.8115,0.42310000000000003,0.0269,0.1448,0.8193,2.2030000000000003,2.0053,2.5458000000000003,2.2802000000000002,2.2882000000000002,0.2735,0.5035000000000001,5.4154,0.14350000000000002,0.6465000000000001,1.423,1.6449,0.8242,0.5421,2.5842,0.4072,2.0915,2.0261,1.1756,1.1687,0.9123,2.1561,1.0494,0.7923,0.3771,1.5206000000000002,1.1715,0.25170000000000003,0.7596,0.1168,4.205900000000001,0.1254,2.5751,1.6024,0.7376,1.1744,0.595,1.9733,2.2015000000000002,0.778,0.8676,5.9781,0.9485,1.6453,2.0912,0.4262,0.5221,0.1102,0.7494000000000001,3.2406,2.0973,1.314,0.38370000000000004,2.7465,0.3173,0.0463,1.5231000000000001,2.3211,4.61,0.1265,0.035,0.3614,0.046,1.0170000000000001,6.2418000000000005,0.2792,1.2419,1.4327,0.23470000000000002,0.4747,0.3552,0.17300000000000001,0.0234,1.3431,0.4456,1.5219,1.2403,0.019,1.2048,2.1284,1.472,2.1745,0.1071,1.8474000000000002,0.30910000000000004,1.4095,1.4134,1.8303,1.062,0.39690000000000003,0.27080000000000004,0.1101,5.6882,4.313400000000001,0.4073,1.4601000000000002,0.0907,1.5194,2.1051,0.18760000000000002,1.855,0.0695,1.2692,0.8896000000000001,1.1219000000000001,0.0154,0.1567,0.05,2.0141,3.1227,1.9562000000000002,0.8436,0.027800000000000002,0.11280000000000001,2.2242,2.1009,1.6891,0.41490000000000005,2.7178,0.8557,0.8959,1.8062,0.0269,2.9219,0.1476,0.23320000000000002,0.1135,1.2027,3.6582000000000003,1.4042000000000001,0.124,0.5325,1.0045,0.9296000000000001,0.0086,1.7048,1.468,1.7758,2.0047,1.5203,1.7712,1.1594,0.16090000000000002,3.0893,0.24960000000000002
,1.5199,0.0318,0.532,0.6164000000000001,0.0119,1.0838,3.5533,0.9279000000000001,1.4507,2.6937,3.0254000000000003,0.7972,0.4173,2.935,3.9087,0.6164000000000001,0.4032,0.3609,1.4771,1.8974000000000002,1.727,1.8401,3.3587000000000002,2.5208,1.2519,0.8771,1.6562000000000001,0.9316000000000001,0.7437,2.1565000000000003,0.47250000000000003,0.1194,1.5632000000000001,1.1788,1.9387,2.3071,2.7104,7.525,2.3949000000000003,1.4102000000000001,0.9932000000000001,0.066,0.13340000000000002,0.18280000000000002,0.1188,2.8157,0.8897,1.8065,1.2395,2.9346,0.2564,1.2125000000000001,2.4136,3.0035000000000003,3.5446,0.3264,0.0758,2.1655,2.0179,2.2885,0.4187,2.8331,1.6015000000000001,0.1706,0.0782,0.22970000000000002,1.0825,1.2758,1.7725000000000002,0.0364,3.9687,0.3059,2.5486,1.854,1.2439,1.4143000000000001,2.1817,1.9773,1.3658000000000001,0.74,0.42910000000000004,0.1375,1.3840000000000001,0.7150000000000001,6.0251,2.2579000000000002,6.3913,0.4521,1.8634000000000002,0.8937,1.9669,1.0859,2.1295,2.4929,1.8450000000000002,1.7745000000000002,1.8508,0.6352,1.1355,4.1484000000000005,0.44060000000000005,2.007,4.4341,2.7168,3.4076,0.44880000000000003,1.2733,0.0697,1.2316,1.3456000000000001,0.09960000000000001,1.6307,1.5015,0.49520000000000003,2.5046,0.9299000000000001,2.5402,1.3322,1.4425000000000001,1.9844000000000002,0.23870000000000002,5.5726,0.24960000000000002,6.8293,1.5841,0.0646,0.9948,1.7521,1.6835,1.0623,1.4893,0.9651000000000001,1.7118,0.20720000000000002,0.0876,1.1098000000000001,1.2573,0.9867,0.14700000000000002,1.2731000000000001,2.1793,1.6507,2.5177,0.1448,1.1978,2.2030000000000003,2.1829,1.4513,2.2802000000000002,0.15230000000000002,1.5027000000000001,0.0524,5.4659,3.4320000000000004,0.9799,1.2812000000000001,1.0462,0.8242,0.5333,3.7094,0.2687,1.6178000000000001,1.6815,1.1836,1.0593000000000001,0.3829,0.6307,1.0494,1.3129,2.4754,4.1483,1.1715,1.8958000000000002,0.1663,6.7343,0.1231,0.2904,2.5751,1.0053,0.7376,1.1744,1.2815,1.9733,2.188,0.0142,1.2236,2.6609000000000003,1.0839,0.4796,2.0912,0.4262,0.0099,0.49000000000000005,0.754,0.4224,2.0433,1.5209000000000001,0.38370000000000004,0.33480000000000004,1.2286000000000001,0.234,1.4149,1.8335000000000001,0.506,1.2014,1.5463,0.9262,5.6483,0.5609000000000001,0.6021000000000001,4.055000000000001,0.0161,3.9982,0.0193,2.4036,0.3552,1.3933,0.755,2.4448000000000003,3.7243000000000004,1.5219,1.5328000000000002,0.055,0.9343,1.5484,0.19940000000000002,1.7491,0.6271,1.095,1.3371,0.25420000000000004,1.4134,1.8303,1.8385,1.1598000000000002,1.4280000000000002,0.09480000000000001,0.8317,1.8714000000000002,1.8938000000000001,0.2938,0.8786,1.8792,2.1051,0.32170000000000004,1.855,0.0256,4.010400000000001,1.0994000000000002,0.1767,1.8058,0.5161,0.752,2.0697,2.0137,0.7083,0.3397,1.5498,1.2174,2.1744,0.0651,0.2728,0.2928,1.32,1.5981,0.8959,1.8290000000000002,2.0897,0.0415,0.42100000000000004,0.23320000000000002,1.1023,1.4448,0.0164,5.5572,1.0034,1.6273,1.9249,1.056,2.4456,0.1854,1.3245,0.0679,0.643,0.6358,0.0373,1.1638,2.0324,1.4743000000000002,0.891
,0.8178000000000001,0.0318,0.6759000000000001,4.8794,1.7745000000000002,0.7224,1.5110000000000001,3.4261000000000004,2.5678,2.6937,3.3703000000000003,1.7078,0.33530000000000004,1.6302,1.0105,1.7983,0.4032,0.3614,1.7109,1.6762000000000001,1.0821,1.5709000000000002,2.1775,0.4838,3.2127000000000003,0.1486,1.6391,1.2709000000000001,1.0448,3.0767,2.222,1.3154000000000001,1.5632000000000001,0.18100000000000002,1.9387,1.2446000000000002,3.7028000000000003,1.2011,2.3949000000000003,1.4627000000000001,0.9756,1.5992000000000002,0.0781,1.4504000000000001,0.11570000000000001,0.393,1.9183000000000001,0.8921,1.2303,2.9346,3.8011000000000004,1.4334,1.5483,3.0035000000000003,0.17200000000000001,1.4991,0.6818000000000001,0.9853000000000001,2.7851000000000004,2.2885,0.4187,3.0048000000000004,0.0161,0.0146,0.0782,0.7439,2.0568,1.2758,0.42700000000000005,3.0366,1.9258000000000002,0.6226,3.2139,1.4304000000000001,1.327,1.3373000000000002,2.1817,0.06420000000000001,1.3658000000000001,0.0155,0.42910000000000004,0.15,1.5048000000000001,3.1244,0.8895000000000001,1.0535,0.8222,1.7627000000000002,1.7954,0.3497,1.5895000000000001,0.9993000000000001,1.6981000000000002,2.4929,0.4016,1.2048,0.0431,0.0162,1.2084000000000001,4.162100000000001,1.1485,0.0918,4.6847,1.0083,0.020800000000000003,0.44880000000000003,2.5977,1.3832,1.2316,1.3456000000000001,2.4585,2.0596,0.10890000000000001,0.5686,0.8149000000000001,2.2167,2.8426,1.1553,2.2924,0.018500000000000003,1.6849,1.6996,0.3145,1.2082000000000002,1.5813000000000001,3.6794000000000002,1.7618,0.5629000000000001,1.6835,0.1116,3.3709000000000002,0.6726000000000001,0.8187000000000001,0.6945,1.7319,1.7726000000000002,0.5631,0.9939,0.14700000000000002,1.2731000000000001,0.4791,1.4177,2.5177,2.1341,1.0694000000000001,1.6243,0.5554,0.5196000000000001,2.7074000000000003,3.8451,1.8952,1.6643000000000001,1.9632,3.4320000000000004,0.0201,2.6083000000000003,0.0405,1.6589,0.5333,2.1969000000000003,0.2687,3.064,1.6815,3.0285,1.5696,1.8425,0.6307,0.9874,0.2767,2.483,1.2857,1.4389,0.268,0.44930000000000003,1.5688,1.5032,1.6161,0.23820000000000002,0.1253,2.1927000000000003,1.3099,0.8391000000000001,1.0161,1.5681,0.0142,0.2997,3.5833000000000004,0.6477,1.5085000000000002,0.7984,1.1253,2.0252,0.49000000000000005,1.8237,0.4224,2.0433,7.4573,1.8665,0.7697,0.09390000000000001,0.234,0.6918000000000001,0.9293,1.6727,0.9523,1.5463,3.4687,1.6453,0.5609000000000001,2.4285,4.055000000000001,2.6433,0.1145,0.7906000000000001,0.9752000000000001,0.9908,1.3933,1.061,0.1012,0.1822,2.0641000000000003,1.5467,2.592,0.9292,0.42960000000000004,0.4792,1.1728,0.2068,0.3195,2.8498,0.65,0.3441,0.9972000000000001,1.5126000000000002,0.6675,0.8811,0.1317,0.733,1.8714000000000002,1.363,2.0952,0.2376,1.5647,3.3273,2.1177,1.6697000000000002,0.18000000000000002,1.9545000000000001,1.1266,0.5991000000000001,0.2472,1.06,0.8985000000000001,0.23020000000000002,1.1498000000000002,0.18460000000000001,1.0399,0.1148,2.3859,0.0459,0.2596,0.2728,0.29100000000000004,0.8998,1.5981,2.3111,0.18330000000000002,1.59,3.7037,1.5895000000000001,1.2911000000000001,1.1023,0.0673,1.0703,5.1252,1.0034,1.5218,1.3456000000000001,2.0238,2.4456,0.1854,1.2625,1.419,0.2887,4.6821,0.7022,1.3461,1.4639,3.6098000000000003,1.8087000000000002
,0.8178000000000001,3.0559000000000003,0.3592,5.1601,1.2708000000000002,1.5924,1.5110000000000001,1.3139,0.7035,2.0127,3.7009000000000003,1.2409000000000001,2.181,1.6302,0.3488,2.8289,1.3383,3.0989,0.23900000000000002,1.697,1.0821,0.0558,1.6694,1.1569,2.5443000000000002,1.4240000000000002,0.134,0.6036,1.7736,0.33130000000000004,3.1637,0.0926,0.28400000000000003,0.2918,1.1988,1.339,0.4002,0.9403,0.33640000000000003,1.0050000000000001,1.0247,1.5992000000000002,2.9233000000000002,1.4504000000000001,0.6279,0.0591,1.5305,0.3875,0.38730000000000003,0.17120000000000002,0.9226000000000001,4.1001,0.6655,2.0218000000000003,1.5023,0.381,0.8276,1.0129000000000001,2.9376,0.2535,1.4554,3.0859,0.39540000000000003,1.1546,0.0184,0.7439,2.0568,0.5907,2.6116,0.35810000000000003,0.5608000000000001,0.4451,0.3652,1.4368,0.549,0.5288,1.1257000000000001,0.0366,0.19260000000000002,0.008,1.8845,2.4217,0.7035,4.3209,3.6580000000000004,2.6430000000000002,3.3622,1.5984,1.0579,1.5833000000000002,0.3367,0.9668,1.6762000000000001,5.7435,2.4089,2.4959000000000002,0.7048,1.2165000000000001,1.0217,0.4635,0.8655,1.3389,1.4346,0.8407,1.5668,0.6378,0.43660000000000004,0.4449,0.9479000000000001,1.0443,0.796,0.6329,0.132,0.5686,0.5381,2.5014000000000003,0.0998,1.0472000000000001,2.2924,1.4118000000000002,1.6858000000000002,2.1491000000000002,0.3145,1.7168,1.6855,0.1129,2.5144,1.1618000000000002,1.3573000000000002,0.9375,0.4496,1.8948,0.2424,1.4256,1.8961000000000001,1.7726000000000002,1.1807,0.9476,0.0883,2.0924,1.4852,1.4767000000000001,2.13,1.6402,1.1077000000000001,2.1149,1.1475,0.5196000000000001,1.2995,3.8451,0.10260000000000001,1.3172000000000001,1.4166,1.4441000000000002,0.9214,1.3709,0.0405,2.8163,0.5128,2.8162000000000003,2.0643000000000002,2.8392,0.8569,3.0471000000000004,2.3848000000000003,0.45640000000000003,1.2794,0.9874,0.2752,1.8785,1.2857,1.7995,1.7969000000000002,2.116,0.1699,0.5644,0.2904,0.23820000000000002,2.3715,2.3746,0.233,1.6374000000000002,2.6128,1.5681,0.4052,0.2997,0.1817,6.4827,1.5085000000000002,2.1307,1.9045,1.467,3.0767,1.2691000000000001,0.0716,3.1889000000000003,5.4328,1.5321,2.4299,0.46950000000000003,2.8066,2.6609000000000003,0.1501,0.43370000000000003,0.9523,0.9095000000000001,2.0104,1.3784,1.9891,0.16290000000000002,2.5246,1.3848,2.7203,4.1031,1.1222,3.1183,0.2732,3.1019,1.6960000000000002,0.1822,1.8748,1.0334,2.592,1.3474000000000002,0.1821,0.3241,0.008400000000000001,0.2068,0.3195,2.8498,1.2372,1.4016,0.734,3.7795,0.6795,5.7170000000000005,0.7120000000000001,0.0164,1.7221000000000002,1.7904,1.5471000000000001,1.5248000000000002,0.0307,1.526,0.7119000000000001,0.7250000000000001,3.4571,1.0802,1.0994000000000002,1.2494,3.0771,2.2764,1.6166,0.23020000000000002,1.2376,0.0201,1.5377,1.5449000000000002,2.3859,0.0459,0.2596,1.443,0.3095,3.4516,1.9042000000000001,0.381,0.18330000000000002,2.5996,3.7037,1.5895000000000001,2.136,0.8919,2.9061000000000003,1.5443,0.168,2.7543,1.1014000000000002,0.6291,2.0926,0.0858,0.0061,0.9124,1.165,1.483,0.3975,1.9006,1.3461,1.4175,0.539,0.7435
,1.8572000000000002,2.6827,0.2781,6.2127,1.2708000000000002,1.596,0.27790000000000004,1.1103,1.4803000000000002,2.3797,1.3964,1.2409000000000001,2.1861,1.4854,1.7890000000000001,1.1055000000000001,1.1611,3.0989,0.23900000000000002,1.8788,2.3583000000000003,1.6643000000000001,0.9173,2.3752,2.5306,0.1651,0.6833,0.0354,0.012400000000000001,0.46040000000000003,2.9065000000000003,1.8537000000000001,0.5649000000000001,0.6037,0.7305,2.504,1.3998000000000002,0.9775,3.2606,1.7643,0.9378000000000001,0.3498,2.9233000000000002,1.4579,2.1677,0.0591,1.8310000000000002,0.41700000000000004,2.6028000000000002,1.6909,0.17880000000000001,2.3361,1.8762,0.1799,1.3439,3.3800000000000003,0.3382,2.1615,0.4605,0.2535,2.2373000000000003,3.3522000000000003,0.8912,1.1546,0.0184,0.3337,1.4672,0.1226,2.6116,1.336,2.2627,0.4451,0.3652,1.1609,1.6702000000000001,2.3972,0.33080000000000004,1.2986,1.5021,1.9108,2.0115000000000003,2.4217,1.8069000000000002,0.0944,1.1364,0.5771000000000001,1.5495,0.2061,1.0579,0.7332000000000001,0.24330000000000002,0.26890000000000003,1.808,0.3553,0.1149,2.9745,0.2723,1.2168,1.5388000000000002,2.1066000000000003,3.0357000000000003,1.3865,4.9819,0.0591,1.5668,0.8838,0.49010000000000004,1.2271,2.5184,0.3569,0.796,0.7091000000000001,1.4566000000000001,0.2275,0.7072,1.7467000000000001,0.0998,0.08600000000000001,0.66,1.4118000000000002,1.8658000000000001,1.5122,2.3357,1.2084000000000001,0.1032,1.5498,1.7124000000000001,0.6541,0.5896,0.9219,2.2629,0.057800000000000004,1.0983,1.0545,1.8961000000000001,3.6852,1.1807,4.2257,1.4757,0.24630000000000002,3.0408,1.482,0.0476,1.6402,1.5813000000000001,0.9642000000000001,0.8585,1.4806000000000001,1.2986,0.5669000000000001,0.9851000000000001,0.909,2.2066,1.1438000000000001,0.5617,1.2089,0.057100000000000005,3.2887,0.5128,2.9157,2.946,1.2705,0.016800000000000002,1.0336,0.8340000000000001,2.2484,1.2794,1.574,0.4087,0.45130000000000003,0.8594,1.2707000000000002,1.0139,2.116,0.0158,1.7211,1.4666000000000001,1.0254,2.8793,1.2199,1.9863000000000002,3.9633000000000003,3.3648000000000002,0.7286,0.4052,0.0611,1.7841,4.853000000000001,1.1104,1.9215,1.9209,1.2114,1.7911000000000001,1.2691000000000001,3.9106,0.8077000000000001,0.5275000000000001,1.5321,2.6183,0.46950000000000003,0.9948,3.842,0.48750000000000004,0.43370000000000003,0.5654,1.8621,0.499,0.1787,0.7698,0.8394,1.5048000000000001,3.9097000000000004,1.4564000000000001,4.1021,1.2854,3.6779,0.2732,1.3149,1.6960000000000002,0.1337,1.5823,1.0334,0.8183,1.6334000000000002,2.1816,1.2006000000000001,0.008400000000000001,1.431,0.020300000000000002,0.010700000000000001,1.2372,0.17450000000000002,1.9197000000000002,0.6191,0.9145000000000001,0.1119,3.7216,1.9282000000000001,0.4944,0.9568000000000001,1.8432000000000002,1.5313,0.6527000000000001,1.6381000000000001,0.11130000000000001,1.0866,3.6112,0.6065,3.0643000000000002,1.073,0.195,2.2764,1.4534,1.6153000000000002,1.2376,1.5677,1.5377,1.5449000000000002,0.7348,2.053,0.3695,2.1995,3.2063,2.8942,0.1751,2.7598000000000003,0.32980000000000004,2.5996,1.7723,0.25220000000000004,1.6841000000000002,3.1907,2.5328,1.1975,1.4195,1.5072,1.1014000000000002,1.4894,4.0457,2.6115,1.0953000000000002,0.3168,1.4861,1.4722000000000002,2.2837,1.9006,0.0222,0.3215,0.6132000000000001,1.3880000000000001
,6.6189,2.2701000000000002,3.4087,0.5628000000000001,1.3432000000000002,1.0625,1.1194,1.1720000000000002,1.8656000000000001,0.6752,0.4655,2.1151,2.0469,0.067,1.377,1.6946,0.4385,1.383,0.6393,0.3997,1.4087,1.6643000000000001,3.1588000000000003,0.0324,0.41960000000000003,0.1651,0.32330000000000003,1.0263,1.2534,1.6124,0.0936,1.8537000000000001,1.7021000000000002,0.6037,2.9137,2.504,1.0838,1.4893,5.5342,0.6779000000000001,0.35300000000000004,1.5355,2.3061000000000003,1.8871,2.6486,1.9257000000000002,2.0671,0.41700000000000004,0.1857,0.8445,0.5802,2.3361,1.9105,1.1955,0.3393,3.3800000000000003,3.5111000000000003,1.8493000000000002,0.4314,0.0671,1.5568000000000002,1.5124,0.8912,0.4716,2.0341,2.1401,1.7948000000000002,0.044500000000000005,1.0388,0.7080000000000001,1.9816,0.3185,3.8364000000000003,0.5761000000000001,1.6702000000000001,0.7433000000000001,2.4979,0.9901000000000001,1.6300000000000001,0.5016,2.0115000000000003,2.3188,2.4227000000000003,0.1689,1.9989000000000001,0.4161,1.2910000000000001,2.0069,0.049,0.1913,0.24330000000000002,0.26890000000000003,0.185,0.51,0.0579,1.8252000000000002,0.8533000000000001,1.8618000000000001,0.23020000000000002,1.4775,0.5860000000000001,2.9889,0.9851000000000001,1.1932,0.36200000000000004,0.8865000000000001,1.7681,1.1246,6.333200000000001,0.8765000000000001,1.1478000000000002,1.0701,4.4609000000000005,0.5375,0.5949,0.6709,5.8474,0.5638000000000001,1.0604,0.0376,4.154,0.5097,2.2778,1.2084000000000001,1.1448,1.5498,1.3237,0.5574,1.393,0.9219,2.2392000000000003,1.2009,0.0327,1.599,3.3871,4.0023,1.2024000000000001,4.5522,1.4757,0.0195,1.4852,0.0308,2.9419,0.1062,0.19690000000000002,0.5312,0.231,0.36100000000000004,0.36610000000000004,0.86,3.1447000000000003,2.4501,1.1820000000000002,0.7375,0.8548,0.262,1.7978,3.2887,1.1805,0.8273,0.8553000000000001,2.0892,0.12050000000000001,1.9503000000000001,1.4605000000000001,2.2484,1.2685,0.5324,0.4087,0.45130000000000003,1.3483,1.8002,1.0139,0.4151,1.1222,1.7211,3.8148,3.1491000000000002,1.6178000000000001,1.9352,2.5500000000000003,1.235,0.5700000000000001,2.7857000000000003,2.1529000000000003,0.0611,2.2835,0.1638,5.7883000000000004,0.2528,2.5348,1.5499,1.1804000000000001,0.5279,3.9106,1.5243,0.1327,0.49050000000000005,1.1684,3.5975,0.9948,2.7069,0.48750000000000004,0.3326,3.8455000000000004,1.8621,0.4938,1.4256,0.3234,0.8394,2.5559000000000003,0.1771,0.36460000000000004,1.0248000000000002,1.1963000000000001,3.0401000000000002,1.0991,1.399,0.301,0.0819,0.6618,0.8726,0.023,1.6334000000000002,2.1816,2.0904000000000003,0.7702,1.0304,2.1689000000000003,1.0233,0.2679,0.6025,0.37820000000000004,0.6191,0.4536,0.5463,0.7688,1.0677,0.30110000000000003,0.2494,3.1318,1.9796,1.8298,1.7084000000000001,1.1132,0.7237,2.0991,0.0211,1.468,1.073,0.9229,1.389,0.0713,1.6153000000000002,2.1846,1.5677,1.2892000000000001,0.2217,2.9215,2.053,4.4004,0.7165,3.2063,2.8942,0.17880000000000001,0.3682,0.32980000000000004,1.2019,1.6008,0.262,1.6841000000000002,3.1907,1.992,1.6421000000000001,1.2814,1.5072,1.667,1.5138,0.058300000000000005,1.4091,0.1207,0.8675,1.7404000000000002,0.0085,2.2837,0.11130000000000001,0.2967,2.3131,0.0345,1.2028
,0.053000000000000005,1.3828,0.4121,1.2725,0.3002,0.3271,0.27790000000000004,1.1720000000000002,2.3741000000000003,3.3635,0.9938,1.9024,0.8512000000000001,0.5317000000000001,1.3804,1.6946,0.44160000000000005,1.7191,0.6393,1.0587,2.12,0.8835000000000001,0.0694,1.247,0.41960000000000003,1.7075,0.32330000000000003,1.1207,1.1759000000000002,0.10940000000000001,1.3907,2.0678,0.2288,1.3051000000000001,0.19310000000000002,0.9943000000000001,0.0777,2.8945000000000003,5.6290000000000004,1.0412000000000001,0.2908,0.9599000000000001,2.3191,0.402,3.2135000000000002,3.8916000000000004,2.7915,1.3054000000000001,0.1857,0.5639000000000001,0.5802,1.0983,1.4887000000000001,0.1285,1.0104,4.0535000000000005,3.116,1.0066,0.9741000000000001,0.0708,1.5674000000000001,1.5051,0.09140000000000001,0.40190000000000003,2.1944,0.8963000000000001,0.9855,1.7413,0.41250000000000003,0.2751,2.8281,0.5975,3.826,0.11660000000000001,2.6188000000000002,0.7433000000000001,0.0852,0.0745,0.39430000000000004,0.9472,0.7377,2.0352,3.1187,0.1056,1.0784,0.1018,1.2910000000000001,2.0069,2.9239,0.9084000000000001,1.5072,2.6824000000000003,0.0711,0.10400000000000001,6.426900000000001,0.9618000000000001,1.7196,1.8618000000000001,1.6115000000000002,0.0509,1.9555,1.5157,0.42900000000000005,1.3495000000000001,0.1535,1.5026000000000002,0.298,1.2644,7.432300000000001,1.7116,2.5088,0.06420000000000001,2.669,0.2275,0.5949,0.6709,7.894100000000001,1.7892000000000001,0.3161,1.5367000000000002,3.0994,0.5097,1.1928,2.025,1.1448,0.1312,0.18230000000000002,0.18480000000000002,0.9550000000000001,0.1912,2.2392000000000003,1.1055000000000001,1.1108,1.599,5.437200000000001,0.1206,0.36410000000000003,1.6929,1.0727,1.5584,2.2708,0.3089,0.5780000000000001,0.0488,1.1144,0.042100000000000005,0.21250000000000002,1.4483000000000001,1.0213,0.0604,2.8416,0.9628000000000001,0.057300000000000004,0.7375,2.6724,4.9004,1.1737,0.25730000000000003,0.021400000000000002,0.33190000000000003,0.2029,2.5777,0.32170000000000004,1.9503000000000001,1.7714,0.2745,2.9431000000000003,2.4496,1.0432000000000001,0.042800000000000005,0.9422,0.9989,1.9164,0.3748,1.1222,0.36160000000000003,0.4269,1.7965,0.43810000000000004,0.019100000000000002,2.0308,1.4285,2.656,0.2597,4.9059,1.3944,2.7415000000000003,5.7757000000000005,6.5995,1.8939000000000001,2.5348,0.5368,1.1804000000000001,0.8516,1.4376,1.29,0.2831,1.0364,1.1684,1.9308,0.7327,2.7069,0.1889,2.0660000000000003,0.3985,1.0526,1.1662000000000001,3.0176000000000003,1.8862,0.1368,0.3561,1.7769000000000001,0.251,1.0248000000000002,0.6408,3.1039000000000003,0.595,0.3463,0.301,0.30970000000000003,0.6988000000000001,1.0936000000000001,0.023,1.9004,1.6351,1.9785000000000001,0.3552,1.0304,0.7367,0.2992,0.07440000000000001,1.3671,0.13870000000000002,1.8736000000000002,2.8188,1.1205,4.0909,1.0597,0.2682,0.9386,0.3597,1.9796,0.48100000000000004,0.14850000000000002,2.013,3.2680000000000002,0.31010000000000004,0.8178000000000001,0.8084,2.5995,1.4300000000000002,1.389,0.301,0.2454,0.9162,1.0397,0.3466,1.7506000000000002,0.9169,3.2319,0.2141,3.3252,2.0328,0.1406,1.6027,0.6747000000000001,0.2268,0.7267,0.0952,0.9966,0.3141,1.7425000000000002,1.6900000000000002,0.7391000000000001,1.1239000000000001,1.8399,0.5036,1.5138,3.0954,0.9916,0.7053,0.8675,0.9999,0.0085,2.5441000000000003,0.11130000000000001,1.4068,2.3649,1.3015,0.4287
,0.053000000000000005,1.4612,0.34440000000000004,2.1657,0.3002,0.3271,0.6413,4.2464,2.3741000000000003,0.27790000000000004,0.6171,0.9380000000000001,2.0629,0.5181,2.2597,1.8071000000000002,0.44160000000000005,0.1433,1.2371,0.7336,0.062,1.327,4.256,1.4867000000000001,0.111,1.7075,0.8728,0.7453000000000001,2.063,1.2388000000000001,1.3907,1.4454,1.6045,1.3057,0.2901,0.34450000000000003,0.1003,2.6193,0.383,0.1956,1.2502,8.0973,3.0121,0.4374,2.2925,4.0051000000000005,0.013300000000000001,1.3791,1.4987000000000001,1.9899,0.27590000000000003,1.2395,0.059300000000000005,1.5083,1.0442,12.302200000000001,3.116,0.3567,1.373,3.6582000000000003,1.2442,0.4471,2.0294000000000003,1.4738,1.6218000000000001,1.1999,1.4848000000000001,1.4244,0.6862,1.3113000000000001,2.8841,0.5975,1.2416,3.2502,0.1399,0.1504,1.8402,1.4595,0.8203,0.9472,0.2934,1.8947,2.3326000000000002,0.1056,0.6086,0.24910000000000002,0.015700000000000002,1.1206,1.0763,1.3508,1.5072,3.7582,0.45780000000000004,1.8607,0.41450000000000004,2.2822,1.7196,0.6774,0.2222,1.4157,1.9459000000000002,1.5157,0.07300000000000001,0.7917000000000001,0.1535,1.5026000000000002,0.298,1.4827000000000001,1.1738,0.8765000000000001,2.5706,0.06420000000000001,2.3502,0.5375,1.3026,0.3352,0.7099000000000001,2.6119000000000003,1.2161,0.2847,0.3991,0.0354,1.2725,1.2968,2.2913,1.6860000000000002,1.3865,0.3607,0.2574,2.0344,2.1248,2.1623,1.1108,0.3587,0.7296,1.3708,1.5016,0.044000000000000004,1.2555,1.5584,0.3885,1.1333,1.3382,0.374,1.1037000000000001,1.6738000000000002,1.0653000000000001,1.4483000000000001,0.25570000000000004,1.4074,2.366,1.8236,0.0236,1.7196,2.7353,4.890000000000001,2.1882,2.0648,0.021400000000000002,1.9163000000000001,1.4197,0.7626000000000001,0.32170000000000004,1.5201,1.7714,1.6417000000000002,1.0743,2.4496,0.7169,0.3946,0.3498,0.1854,0.1768,0.3748,0.3564,1.9156000000000002,0.5322,2.1973000000000003,0.1149,1.0013,2.0308,3.0063,0.9686,0.1943,1.8457000000000001,1.0857,1.3101,5.7757000000000005,0.07200000000000001,1.8958000000000002,0.9674,2.4806,0.4333,1.2950000000000002,0.4157,0.7281000000000001,0.2831,1.2854,2.6765000000000003,1.536,0.0308,0.6366,2.3255,2.0660000000000003,1.7905,0.2281,0.037200000000000004,3.0176000000000003,5.0117,0.1368,0.9386,0.21530000000000002,0.1371,3.8942,0.3064,0.012,1.2755,1.3210000000000002,0.112,4.595400000000001,0.6705,0.0198,0.1562,1.083,1.2235,0.46330000000000005,0.222,3.4699,0.6177,0.299,2.6513,1.7621,1.4893,1.8154000000000001,2.8188,1.7831000000000001,4.025,1.3273000000000001,0.4524,0.9386,0.6457,1.3109,0.46590000000000004,0.14850000000000002,0.1017,0.3985,1.3943,0.6984,0.0361,2.4945,2.0676,0.5112,1.7531,0.759,0.026600000000000002,1.4076,0.47150000000000003,0.2217,0.2204,0.53,0.2024,3.3252,2.0328,2.0466,1.0535,2.2852,2.6034,0.36260000000000003,1.479,0.19640000000000002,0.7429,2.2327,0.09820000000000001,0.38730000000000003,1.1239000000000001,0.8973000000000001,1.933,0.16970000000000002,3.3524000000000003,2.1073,2.2211000000000003,3.2043000000000004,0.1913,1.9037000000000002,0.2129,0.3034,1.0413000000000001,1.0652000000000001,1.7752000000000001,2.7622
,1.4065,1.2605,0.34440000000000004,2.0444,0.4328,1.6708,2.165,1.5907,0.2277,0.4287,1.8873000000000002,0.7865000000000001,1.2734,1.9984000000000002,2.2597,0.8605,7.913200000000001,2.7765,1.3359,0.7343000000000001,1.0354,0.9732000000000001,1.4763000000000002,0.6585000000000001,0.111,1.222,0.2793,1.4056,2.0837,1.2388000000000001,0.2495,0.3317,1.6045,2.9327,0.2901,1.8053000000000001,1.4926000000000001,0.5436,1.4782000000000002,7.627000000000001,0.8506,2.741,0.20090000000000002,0.4374,1.2512,0.4549,0.013300000000000001,1.6701000000000001,1.4987000000000001,2.5811,2.7135000000000002,0.15280000000000002,1.1498000000000002,1.5116,2.1697,1.3571,0.20170000000000002,3.435,0.7675000000000001,1.5648,1.2442,4.7188,1.6833,1.6820000000000002,0.9277000000000001,1.1999,1.0883,1.0638,0.6164000000000001,1.3113000000000001,0.25,2.454,0.13470000000000001,3.2502,2.1803,2.9225000000000003,0.51,4.4682,0.0555,0.39930000000000004,2.4361,1.1739000000000002,5.1416,1.6501000000000001,2.9945,1.6709,0.0176,1.1206,1.0763,0.9084000000000001,2.5023,1.4196,1.3878000000000001,1.0441,0.41450000000000004,0.2616,2.1172,1.5127000000000002,0.0632,0.7533000000000001,1.5155,0.7699,1.4079000000000002,0.2003,1.5449000000000002,1.8996000000000002,0.39430000000000004,1.4982,1.1738,0.1849,0.34240000000000004,2.3771,0.1757,1.7598,1.3026,1.4231,0.7250000000000001,2.8579000000000003,1.2161,1.3753,3.2164,2.4463,4.5422,0.7063,0.7142000000000001,0.3919,1.3865,0.3607,0.4606,1.8528,0.1072,2.1623,2.2777000000000003,0.5529000000000001,0.5736,1.9883000000000002,1.1781000000000001,0.3247,1.4903000000000002,0.1462,1.9583000000000002,0.4767,1.3482,0.374,2.0995,1.4998,1.5314,0.7595000000000001,0.2301,1.7345000000000002,1.5574000000000001,3.1417,0.0236,0.47550000000000003,4.8727,1.5450000000000002,2.2194000000000003,2.1584000000000003,2.9848000000000003,0.5893,1.3347,1.6524,3.3624,1.8871,0.0887,1.0235,0.9861000000000001,4.584700000000001,0.7169,2.7345,0.3498,0.1854,1.3515000000000001,0.4388,0.0623,0.0388,0.5322,0.3382,0.1519,1.0013,2.1752000000000002,0.7963,1.7482,0.19060000000000002,1.6269,1.0857,0.10880000000000001,2.1390000000000002,0.0789,0.2167,0.0325,0.1588,0.4932,0.6717000000000001,1.4516,0.26380000000000003,2.1228000000000002,1.4774,0.2713,1.536,2.3869000000000002,0.6847000000000001,2.3255,0.5801000000000001,0.9117000000000001,2.5029,0.46430000000000005,0.0126,1.0216,1.1688,0.0097,1.7769000000000001,0.8966000000000001,0.6126,0.3064,2.9059,2.9781,1.3210000000000002,0.112,2.2467,0.4716,0.0198,1.3915,0.5207,0.6646000000000001,1.0422,1.2881,0.2311,0.048100000000000004,0.48360000000000003,3.4397,0.9772000000000001,1.4893,2.1042,8.58,1.2757,0.4728,0.2508,0.5052,0.7246,0.9138000000000001,1.8972,2.637,1.7732,3.4481,0.3985,2.1707,0.0253,1.5175,1.5033,2.0676,0.5342,1.7531,1.1959,0.2626,1.374,1.6247,1.1586,0.1446,0.5256000000000001,2.4181,1.6017000000000001,1.2489000000000001,0.7101000000000001,0.9119,0.3801,1.1521000000000001,0.2606,2.2329000000000003,0.36000000000000004,0.9314,1.0988,0.2561,0.26830000000000004,0.14100000000000001,0.053200000000000004,0.4728,0.16970000000000002,0.5336000000000001,0.9743,2.2211000000000003,3.1295,0.0818,1.9037000000000002,1.4655,2.0020000000000002,1.2922,1.0652000000000001,1.7752000000000001,2.1885
,0.1177,0.2172,1.0530000000000002,0.5925,1.4496,1.6708,0.3582,1.8768,0.2277,0.4287,1.8873000000000002,0.7865000000000001,0.4823,1.3993,4.2626,0.06770000000000001,2.1411000000000002,2.565,0.2144,0.7674000000000001,0.5138,1.0025,1.3964,0.6585000000000001,0.6641,0.9309000000000001,0.9111,1.8276000000000001,2.0837,0.8335,0.88,0.09050000000000001,0.9787,1.82,1.5193,0.8255,6.0322000000000005,1.9194,0.2889,7.6272,0.8506,0.9282,2.0976,0.8348,1.2512,1.2482,2.1129000000000002,2.6793,2.116,2.4197,2.7135000000000002,0.15280000000000002,2.3095000000000003,1.4439,1.5689000000000002,1.2478,0.20170000000000002,1.2675,0.7675000000000001,4.0086,1.2573,1.308,1.2385000000000002,0.3612,3.4862,1.4813,0.4303,0.3325,1.7466000000000002,0.8428,0.4202,1.8311000000000002,1.4372,0.554,0.34240000000000004,2.9225000000000003,0.0176,1.6299000000000001,1.1055000000000001,0.16540000000000002,1.5141,3.7508000000000004,1.1705,2.8549,0.4066,0.2353,1.064,3.1096000000000004,1.9719,2.4508,0.9192,1.2015,0.09480000000000001,0.19010000000000002,0.3734,0.6518,0.5,0.4999,0.0632,1.8885,2.1819,0.6674,1.6634,1.4993,1.9047,0.8446,0.48760000000000003,0.4703,2.5010000000000003,2.0417,0.301,2.3771,0.1626,1.6743000000000001,1.9075000000000002,1.1352,0.7262000000000001,2.8579000000000003,1.1318000000000001,1.3104,0.6806,2.5457,2.5914,0.4045,0.7142000000000001,0.3919,0.01,0.7357,1.7016,1.1332,0.3272,1.0248000000000002,3.1247000000000003,1.4708,0.46130000000000004,0.2594,0.1282,0.3247,1.4903000000000002,1.1588,1.024,0.4767,1.1589,3.7506000000000004,2.0995,0.8570000000000001,1.5314,0.7503000000000001,0.1495,0.3388,1.7028,2.5648,1.1928,0.6173000000000001,0.5642,6.3283000000000005,1.7668000000000001,3.012,2.0143,0.5893,1.3347,1.6321,3.9312,1.3652,0.8703000000000001,1.4169,0.9864,0.014400000000000001,1.0299,2.8941000000000003,0.3895,3.0567,0.8846,0.4445,1.7037,1.4589,0.5015000000000001,5.8154,0.1519,2.0343,0.6762,0.7963,1.7482,1.0566,0.8941,0.4319,4.069100000000001,1.6233000000000002,1.2293,0.2531,0.9810000000000001,1.1024,2.9481,4.7024,0.0068000000000000005,0.535,0.1535,1.4774,0.8838,0.7703,2.3869000000000002,1.719,0.6242,0.1316,0.1666,0.5094000000000001,0.4187,0.026500000000000003,1.0188000000000001,0.38020000000000004,1.093,0.9622,1.7476,0.3926,1.7046000000000001,0.1272,2.9781,0.0143,2.5718,0.1279,0.4716,2.1203000000000003,1.0517,1.2212,0.916,1.0422,0.0135,2.9290000000000003,1.9748,0.48360000000000003,0.42200000000000004,0.9670000000000001,0.9974000000000001,2.0609,0.2866,0.5334,4.463,2.7501,2.085,0.7262000000000001,0.9138000000000001,1.1597,2.6251,0.4675,1.03,0.167,1.7357,3.3261000000000003,1.3493000000000002,0.5617,1.8823,3.7113,0.21780000000000002,4.1664,0.2626,2.0792,1.6247,2.0357000000000003,2.1248,0.3934,2.3553,1.6356000000000002,0.6262,0.09340000000000001,1.0535,0.058600000000000006,0.9116000000000001,2.6529000000000003,0.1318,0.9258000000000001,1.9195,0.1366,1.4707000000000001,1.7178,1.2258,0.12430000000000001,0.8902,0.468,0.5336000000000001,0.9743,1.2961,1.6492,4.385400000000001,1.3639000000000001,0.1262,1.1706,3.0374000000000003,1.3482,1.6586,1.3603
,1.2119,0.43970000000000004,1.0530000000000002,0.8744000000000001,2.6606,1.2902,0.3582,2.1034,2.1728,1.2189,1.7417,0.15230000000000002,1.1036000000000001,1.3993,0.5931000000000001,0.056400000000000006,3.4686000000000003,2.9791000000000003,0.2144,0.7674000000000001,1.5967,1.4469,1.3964,0.0733,1.4608,0.6983,1.9605000000000001,2.1848,0.2775,3.6557000000000004,2.0933,0.8187000000000001,1.0674000000000001,1.4228,1.5193,0.022000000000000002,4.6184,1.9194,2.3120000000000003,0.0369,0.5891000000000001,1.1041,0.038200000000000005,2.3913,0.8346,4.1735,0.34550000000000003,2.7288,1.2619,1.9844000000000002,2.0522,0.27390000000000003,0.16290000000000002,0.5780000000000001,2.1125000000000003,4.1952,1.1479000000000001,1.2675,0.3472,0.2697,3.818,0.9571000000000001,0.24980000000000002,1.4141000000000001,3.4862,1.4813,0.35400000000000004,1.9201000000000001,0.6001000000000001,0.1288,0.24600000000000002,1.4505000000000001,5.449400000000001,1.3522,1.8783,1.4618,1.6592,1.6299000000000001,1.3939000000000001,1.6402,0.6508,3.7548000000000004,0.1698,3.8663000000000003,2.9945,0.2353,1.7020000000000002,1.1211,0.7103,0.5859,1.4020000000000001,1.3227,1.3723,0.7609,0.7909,1.9335,1.1687,0.4999,1.3252000000000002,1.1944000000000001,0.799,1.4391,2.3766000000000003,1.1686,0.9463,1.7313,0.6034,0.1486,1.3563,2.1668000000000003,0.4823,3.9831000000000003,0.8888,0.3839,1.1783000000000001,0.4359,0.5133,0.9355,0.8341000000000001,0.48960000000000004,1.139,4.758500000000001,0.28600000000000003,0.4133,1.5675000000000001,1.851,0.5219,0.7357,3.1774,0.8944000000000001,1.8252000000000002,0.0567,4.689900000000001,1.2007,0.1791,0.09970000000000001,3.7191,0.4807,3.1129000000000002,1.0217,0.5023,0.7689,2.9966,0.7547,3.7779000000000003,3.0079000000000002,2.6518,1.1526,1.1780000000000002,3.62,1.7028,0.0693,1.8251000000000002,2.3246,2.3813,0.6571,1.1953,0.6393,2.0143,0.21660000000000001,0.3952,1.6524,4.6748,0.0177,0.0196,2.0847,1.3943,0.0143,1.2993000000000001,0.6223000000000001,0.5331,3.0567,1.6687,0.4445,1.7138,1.4589,0.924,0.3552,0.3926,1.2316,0.2525,1.9239000000000002,0.8916000000000001,2.0738000000000003,0.9852000000000001,0.4319,4.1459,0.8518,1.2293,6.0669,0.9566,1.1024,0.9600000000000001,1.4826000000000001,0.114,0.535,0.1535,0.32580000000000003,1.4866000000000001,2.541,1.2096,0.47040000000000004,0.6207,0.28240000000000004,1.3563,0.1932,0.9358000000000001,4.919300000000001,1.6568,1.9748,0.9029,0.37210000000000004,1.3017,1.0156,1.9123,2.5412,5.3061,0.8297,2.2866,0.0786,1.9652,0.9406,0.8362,0.1386,1.9481000000000002,0.299,4.0999,2.748,2.0063,1.6539000000000001,1.2762,3.0028,1.0097,1.7388000000000001,0.006,0.8052,0.3846,0.0845,2.0783,1.3035,1.8921000000000001,1.0751,0.7034,0.4675,1.2141,0.7094,1.7236,4.6879,0.9677,2.1087000000000002,0.741,0.5002,0.015300000000000001,1.4183000000000001,3.6001000000000003,0.7355,0.6859000000000001,4.0481,1.7827000000000002,0.3934,1.323,1.1435,0.7375,1.5450000000000002,2.2362,1.5823,0.9468000000000001,2.3816,0.4806,0.9258000000000001,1.2296,2.0131,1.4707000000000001,1.6771,2.2562,1.352,0.19340000000000002,2.3381000000000003,0.1321,1.8942,0.365,1.4865000000000002,4.385400000000001,1.3639000000000001,0.1262,1.108,0.7225,1.0777,0.2989,1.3603
,1.2119,0.045200000000000004,0.9267000000000001,1.1199000000000001,2.6606,1.7376,0.9988,1.8964,1.5498,0.6675,0.5375,1.0992,0.1627,0.4121,0.5931000000000001,1.895,3.4686000000000003,3.1647000000000003,2.2612,1.5992000000000002,1.6006,0.1588,0.4958,2.8866,1.4608,5.8678,0.7066,2.1848,1.5695000000000001,0.024,1.9060000000000001,0.7412000000000001,0.9911000000000001,0.5405,2.0473,0.219,4.639,0.914,1.2730000000000001,1.1119,0.5891000000000001,0.1398,0.1888,0.8618,3.6176000000000004,0.5673,0.4575,1.4942,1.2619,2.2824,2.5898000000000003,2.9237,3.1821,1.1604,0.278,0.4884,1.0376,0.0833,0.117,1.0977000000000001,1.8323,1.4144,0.8468,0.037200000000000004,3.0848,2.5438,0.35400000000000004,2.0968,0.2891,1.3569,2.4093,1.4508,6.407,1.3796000000000002,0.17930000000000001,0.5425,0.617,1.7614,1.3939000000000001,2.1428000000000003,1.9133,0.0328,0.1698,1.9366,0.1575,2.126,1.0981,0.5734,0.5145000000000001,0.5859,0.31420000000000003,0.4899,1.7658,0.49100000000000005,1.2494,1.9335,2.8383000000000003,4.5701,1.335,2.145,0.225,1.959,2.3267,0.8190000000000001,0.9463,0.059500000000000004,2.2836000000000003,1.3190000000000002,0.2054,0.24250000000000002,0.007,0.3128,1.8247,0.019200000000000002,1.5438,1.7878,1.8880000000000001,0.9355,0.2033,1.2436,0.8429000000000001,3.7779000000000003,0.06430000000000001,4.0479,0.162,0.5650000000000001,0.1638,0.0152,0.1951,1.441,1.8252000000000002,0.0567,0.1822,0.09960000000000001,1.2663,0.07490000000000001,6.1355,0.6781,1.3398,1.1456,0.5023,0.9535,0.1786,0.8087000000000001,1.1754,1.8917000000000002,1.4844000000000002,2.4703,1.4778,0.8235,0.4238,0.5185000000000001,2.0575,0.0098,2.3778,0.637,2.2307,0.0055000000000000005,4.3331,0.2106,4.2967,0.7636000000000001,0.2929,0.0177,0.13470000000000001,0.6114,1.3943,0.2531,0.31270000000000003,0.6223000000000001,1.6078000000000001,1.1552,1.7349,0.6548,0.7074,0.0572,1.3342,1.3739000000000001,0.046200000000000005,0.2217,0.2525,0.5028,0.8916000000000001,2.142,1.0614000000000001,7.072900000000001,4.1459,0.2725,1.6485,0.29510000000000003,0.5867,2.6539,1.5295,0.31720000000000004,1.1764000000000001,4.8677,1.9409,1.6263,0.3856,3.5268,1.2158,1.6940000000000002,1.7485000000000002,0.28240000000000004,1.3563,0.1107,0.06330000000000001,0.29510000000000003,1.4020000000000001,1.9748,0.9029,0.026000000000000002,0.9493,1.1806,2.9028,0.08370000000000001,2.3253,0.9861000000000001,0.3078,0.4214,2.0692,3.5486,0.4253,1.6835,1.1589,0.9868,1.8936000000000002,0.1409,0.9592,1.5556,1.2762,6.7845,0.0291,1.7388000000000001,0.9422,0.8052,0.3846,2.0002,1.9465000000000001,0.3317,1.7851000000000001,1.3649,1.3571,0.12440000000000001,1.2141,0.2139,1.5579,3.9702,1.4051,0.3598,0.008,0.5701,0.016,0.25470000000000004,3.8371000000000004,0.5846,0.2446,0.4035,1.7827000000000002,3.7766,0.0906,1.1536,2.8299000000000003,0.3613,1.2979,0.010100000000000001,1.6158000000000001,2.1129000000000002,0.5872,2.6761,1.2074,0.39990000000000003,0.9409000000000001,0.4404,1.2258,5.3083,0.19340000000000002,2.3305000000000002,4.6318,0.17750000000000002,0.19990000000000002,1.7735,0.1429,0.9486,0.3038,1.1199000000000001,0.7225,0.6383,0.021,0.0143
,1.5592000000000001,1.0114,1.2498,1.1603,4.4634,0.3714,1.2511,1.4816,1.323,1.9501000000000002,0.5375,0.32980000000000004,2.5867,0.6297,1.0082,0.8337,1.1817,2.9519,0.8854000000000001,1.6997,2.2155,0.08320000000000001,0.4958,0.08510000000000001,0.914,1.745,0.7066,1.5036,1.5549000000000002,3.1452,1.6208,1.5422,1.1946,1.3931,0.3558,2.2988,1.5946,0.0629,1.2793,3.1857,1.1275,2.0304,0.0183,0.8544,0.277,0.5673,0.4575,0.1279,0.2526,1.0392000000000001,2.6606,2.9458,3.1821,1.4415,1.518,0.5013000000000001,1.1294,2.3094,0.059500000000000004,0.7566,1.6081,2.0558,2.6095,1.538,1.2637,1.7472,0.018600000000000002,2.0968,1.2263000000000002,1.3569,0.5577,2.6273,0.266,0.4328,0.17930000000000001,1.1795,0.8135,1.8885,0.1451,2.1428000000000003,1.5609000000000002,1.3965,0.3457,1.7721,0.7653000000000001,2.9037,2.2237,2.3789000000000002,2.2826,2.0642,1.8019,0.4899,0.0081,3.5759000000000003,1.2568000000000001,2.9555000000000002,3.2471,1.1264,2.7174,0.023,0.225,1.959,0.2718,0.8190000000000001,0.7703,0.9668,1.554,0.6145,0.6729,0.46290000000000003,0.07930000000000001,0.3128,2.4673000000000003,0.024200000000000003,2.7376,0.1432,0.41390000000000005,1.2548000000000001,0.44220000000000004,1.2436,0.8429000000000001,1.9600000000000002,0.06430000000000001,1.6038000000000001,0.24080000000000001,0.0785,1.0311000000000001,0.0152,2.5605,1.8653000000000002,0.0345,1.4749,0.40540000000000004,0.09960000000000001,0.8211,1.2455,0.0341,0.4384,0.8028000000000001,0.042,0.666,1.3804,0.0641,1.9716,0.025400000000000002,1.8917000000000002,1.3837000000000002,0.23220000000000002,0.2147,0.27090000000000003,1.1545,0.5185000000000001,1.5984,4.830900000000001,1.794,1.2186000000000001,0.7393000000000001,0.09680000000000001,4.2881,1.1726,0.4717,0.7524000000000001,0.0122,0.3502,1.1347,1.0441,1.7681,2.2013000000000003,1.2049,2.1512000000000002,1.6078000000000001,0.3111,0.8385,10.5488,0.7074,2.2865,1.3342,0.0533,1.5333,1.3348,5.021,0.5028,0.5873,1.8687,0.7125,2.4434,0.8696,0.7059000000000001,2.3252,0.29510000000000003,1.9400000000000002,0.5881000000000001,0.7299,2.7542,0.311,0.2611,0.2336,1.5618,0.3856,0.3664,1.5878,0.43260000000000004,0.3244,0.2833,1.4454,1.0324,2.097,0.29510000000000003,1.4020000000000001,0.3851,1.3504,0.026000000000000002,2.1949,0.9816,3.2139,0.2204,2.1342000000000003,0.5912000000000001,0.3078,0.5501,1.7589000000000001,1.3109,5.763,1.6853,2.8922000000000003,0.9838,1.8936000000000002,1.4151,1.3004,0.32280000000000003,2.1443000000000003,0.5871000000000001,1.0304,0.5579000000000001,0.4733,0.39440000000000003,0.46130000000000004,0.9211,1.3558000000000001,1.3035,2.2491000000000003,0.2616,0.33290000000000003,2.279,2.9757000000000002,0.4642,0.077,0.6783,0.9677,2.0282,2.269,1.2486000000000002,0.8323,0.2474,0.29460000000000003,0.5846,0.2446,0.4035,3.6977,2.3733,0.3507,0.4232,1.2476,0.7218,0.5165000000000001,0.010100000000000001,0.13720000000000002,1.1111,1.0033,1.3663,0.43360000000000004,0.2975,0.1257,1.0739,1.8915000000000002,5.3083,2.1987,2.3299000000000003,1.9649,1.2537,4.2097,0.42160000000000003,1.1002,0.6011000000000001,2.0697,1.1199000000000001,0.39940000000000003,2.4165,0.9672000000000001,1.848
,2.1188000000000002,0.3905,2.197,0.0849,0.403,0.3714,1.2511,4.3079,1.8295000000000001,0.2773,0.2346,2.9862,2.1991,2.5751,1.0736,0.8337,2.0568,0.5701,2.2612,2.1718,2.2155,0.1413,2.0371,1.6001,0.32280000000000003,0.5983,3.7190000000000003,1.4254,1.2044000000000001,3.0479000000000003,1.5583,2.3074,2.0164,1.3931,1.3447,3.4064,1.5946,3.3838000000000004,1.1225,2.3421000000000003,6.5463000000000005,2.0304,3.1203000000000003,1.4657,0.4148,0.8666,0.5766,2.0504000000000002,2.2264,2.5539,0.19590000000000002,0.0912,0.3189,1.5213,1.518,0.5013000000000001,0.1046,2.2496,0.43670000000000003,1.3229,1.0050000000000001,2.0558,6.388,1.538,0.7071000000000001,0.3467,0.5492,0.8239000000000001,1.7732,0.6821,2.1032,2.8506,0.9716,0.0978,0.7199,5.7565,0.8135,2.0599000000000003,0.8873000000000001,1.1882000000000001,1.5609000000000002,1.8322,0.19540000000000002,0.769,0.7682,2.0423,2.2237,1.4733,1.6597000000000002,2.0919000000000003,1.8019,0.0565,0.3619,1.7541,1.6634,0.133,3.0104,0.0594,0.5658000000000001,0.023,0.5242,2.1081000000000003,0.8281000000000001,1.3958000000000002,1.1966,1.1607,0.8161,0.45380000000000004,0.3452,0.7623000000000001,1.9643000000000002,2.0843000000000003,2.4673000000000003,3.9804000000000004,1.1397000000000002,1.1879,1.9191,0.9803000000000001,0.44220000000000004,0.9057000000000001,1.1035000000000001,0.5246000000000001,0.9526,1.6038000000000001,0.019100000000000002,0.2273,0.9497000000000001,1.3772,0.153,1.1993,0.0747,2.7215000000000003,1.2265000000000001,3.2275,0.8224,2.1146000000000003,0.29100000000000004,1.586,1.3635000000000002,0.4194,0.7786000000000001,1.3804,0.9872000000000001,1.9716,0.5291,0.3312,1.685,0.0425,0.2147,1.7402000000000002,0.1401,1.4792,1.3607,4.745,0.35050000000000003,0.468,0.5682,0.403,0.2083,0.931,0.3196,0.0369,2.2953,1.5915000000000001,0.6901,0.41300000000000003,1.7626000000000002,1.747,1.2049,0.7268,1.2748000000000002,0.384,0.8385,1.61,0.6886,2.0217,0.0978,0.6547000000000001,1.5333,1.3348,2.2377000000000002,1.3621,0.1405,1.0404,0.7125,0.6841,0.23040000000000002,1.8251000000000002,0.6763,0.8252,2.9196,2.8365,1.3753,2.8583000000000003,1.2782,2.2934,0.2336,0.5361,2.6672000000000002,0.0771,0.7633000000000001,0.43260000000000004,0.3244,1.6177000000000001,2.2315,1.0324,2.097,0.2881,0.38530000000000003,1.705,1.3274000000000001,0.2569,0.9316000000000001,5.508500000000001,3.2139,1.2046000000000001,1.1947,0.5912000000000001,0.2165,1.5344,2.2119,1.3525,1.1740000000000002,1.3492,0.6612,2.5603000000000002,0.6761,1.7298,1.3004,1.2523,0.5718,1.2765,0.0745,0.2199,1.0718,0.5431,1.8105,1.9443000000000001,0.9005000000000001,2.1804,0.006,0.2616,1.7966000000000002,0.49710000000000004,0.20070000000000002,0.3136,0.333,0.4299,1.2681,1.5286000000000002,1.1017000000000001,4.3661,1.5129000000000001,0.8673000000000001,1.2816,0.4464,0.8029000000000001,2.7186000000000003,1.6955,0.5877,0.7023,2.9396,1.1547,1.5875000000000001,1.1692,1.1687,1.6629,0.7288,0.7333000000000001,1.5076,0.43360000000000004,0.8792000000000001,1.2441,0.4404,0.276,0.2374,0.93,0.0103,0.9284,1.0284,2.3262,0.09860000000000001,1.7602,0.8288000000000001,2.3343000000000003,1.7965,0.0344,2.254,0.9672000000000001,1.3083
,2.3164000000000002,3.0686,2.2099,0.0849,2.9052000000000002,2.5597000000000003,0.18580000000000002,4.3079,1.6228,0.5692,0.3643,3.2773000000000003,0.3796,0.8537,2.462,1.0939,0.18100000000000002,0.0723,0.7572,1.0490000000000002,2.2718000000000003,2.3848000000000003,1.117,1.6001,0.039400000000000004,0.5983,3.7519,0.894,0.042800000000000005,3.0479000000000003,2.9969,2.3074,3.3846000000000003,1.8916000000000002,0.2087,1.1526,0.8946000000000001,0.5564,2.0828,0.9856,2.8169,0.25570000000000004,0.4499,1.8679000000000001,0.3002,1.5997000000000001,0.5766,2.0504000000000002,3.8049000000000004,1.4576,2.0265,0.023,1.1635,0.0238,0.10400000000000001,0.8560000000000001,2.3049,2.6233,0.17400000000000002,1.0104,0.11750000000000001,1.8726,2.6528,2.0856,0.4388,1.4284000000000001,1.4168,1.0686,2.7168,2.0851,0.20120000000000002,1.2627000000000002,1.8257,1.4003,0.7199,1.4060000000000001,0.1721,2.1618,0.8873000000000001,5.7226,0.556,4.2569,2.0192,1.0011,0.2258,0.5417000000000001,0.2882,0.4899,1.5614000000000001,1.9334,1.7605000000000002,0.0661,0.3619,2.9026,1.6634,0.1444,2.66,0.0407,0.5658000000000001,0.8357,0.33640000000000003,0.033600000000000005,1.0328,1.3958000000000002,0.3619,1.1607,0.08310000000000001,5.2936000000000005,1.8465,6.2369,0.8310000000000001,3.6611000000000002,0.1951,4.1136,0.3277,0.039400000000000004,0.9196000000000001,0.0431,0.009600000000000001,0.9178000000000001,0.6171,1.0953000000000002,0.7667,1.5730000000000002,1.2878,0.2273,0.9793000000000001,1.8038,2.2366,1.441,0.0567,1.5193,1.2265000000000001,1.3044,1.3844,0.48140000000000005,2.4651,0.47750000000000004,1.4777,0.4194,0.4801,0.2029,2.6761,0.1421,0.5291,0.32180000000000003,0.5846,3.3717,0.36910000000000004,1.7402000000000002,2.193,0.8507,1.8054000000000001,3.4524000000000004,0.11420000000000001,0.0068000000000000005,0.0454,1.9163000000000001,0.4746,1.4708,1.5929,1.3488,2.2969,1.3028,1.2642,0.5432,1.8019,2.3999,1.1391,1.4416,1.7175,2.2786,0.2964,3.4499,0.9023,0.804,0.9037000000000001,0.6547000000000001,0.9994000000000001,1.5982,1.5272000000000001,0.1736,0.0103,1.0404,2.6368,0.9410000000000001,0.0329,1.9345,0.021,0.3987,1.5384,2.855,2.9283,2.3752,0.23450000000000001,0.45530000000000004,1.2091,1.2116,0.45780000000000004,0.9875,0.153,0.5464,1.0738,0.2918,0.8125,0.4324,2.5646,0.35000000000000003,1.6805,2.9909000000000003,0.36260000000000003,0.08750000000000001,0.9316000000000001,0.9098,1.1853,1.2046000000000001,0.1071,0.5827,0.1762,1.5489000000000002,1.1381000000000001,1.0878,1.804,0.6684,1.2918,0.9838,0.7298,0.4621,0.2432,1.2523,0.9835,0.053500000000000006,0.0745,1.5058,1.4515,0.5431,1.6856,1.6738000000000002,1.8318,1.9978,1.3109,0.1379,1.1487,0.49710000000000004,0.20070000000000002,1.0114,1.8905,2.0903,1.8199,1.5286000000000002,1.1017000000000001,2.8946,1.5944,0.8657,1.0748,1.4115,0.38430000000000003,2.4443,0.6339,0.18760000000000002,1.0356,0.6795,1.1547,1.2062000000000002,1.1692,2.3357,1.6629,0.7032,0.9471,4.8573,1.2189,3.5352,1.8800000000000001,1.1552,1.9333,0.0448,0.7856000000000001,1.185,2.7363,1.0284,1.5611000000000002,1.7786000000000002,0.2746,1.8325,2.3343000000000003,1.7965,1.1721000000000001,2.254,1.7397,1.6387
,1.1121,2.6299,3.0673000000000004,0.0873,0.3507,0.0745,0.1874,2.8760000000000003,0.0888,1.2621,0.0362,1.9389,0.3796,0.8537,0.17270000000000002,2.3407,0.38620000000000004,0.38670000000000004,0.47700000000000004,1.2001000000000002,1.2745,2.3848000000000003,0.5448000000000001,1.1945000000000001,1.0732000000000002,1.4132,1.7441,1.2446000000000002,1.3791,2.3023000000000002,3.8691,1.6931,0.171,4.0754,0.6316,1.6076000000000001,0.5929,0.8561000000000001,0.9404,0.4554,1.9031,0.31570000000000004,3.3089,1.8679000000000001,2.1013,1.3542,1.4671,1.4949000000000001,0.9853000000000001,0.6778000000000001,0.23700000000000002,2.222,0.17500000000000002,0.23620000000000002,3.2375000000000003,0.47750000000000004,1.0664,2.2496,2.1751,0.8865000000000001,1.4187,0.2612,0.5797,1.4958,1.4198000000000002,2.2188000000000003,1.4456,3.5949,4.1849,4.4401,0.20980000000000001,1.2725,3.5512,1.3864,0.0383,1.6380000000000001,0.1399,0.2393,1.8156,1.1641000000000001,0.6315000000000001,0.2864,2.0192,1.0011,0.3216,1.2459,1.3826,0.058100000000000006,0.4345,1.067,1.6143,1.1559000000000001,1.1743000000000001,0.2998,4.7202,1.2714,0.8916000000000001,1.9549,1.36,0.9697,0.6315000000000001,0.21330000000000002,2.6236,0.9781000000000001,0.20670000000000002,0.3421,2.2018,5.2719000000000005,4.827500000000001,0.005,0.5437000000000001,2.1211,0.6227,4.1136,0.2954,2.0354,0.8212,0.019700000000000002,0.009600000000000001,1.8498,1.2227000000000001,1.0953000000000002,1.6454,1.5730000000000002,1.2808000000000002,1.2203000000000002,0.3075,3.7932,3.8587000000000002,2.2997,0.0567,1.8765,0.6719,1.0090000000000001,1.0393000000000001,2.9216,0.0073,0.48500000000000004,3.2235,1.9803000000000002,0.1076,0.0476,2.6761,1.8735000000000002,0.9028,0.32180000000000003,3.2357,3.3717,1.8239,0.3362,2.3848000000000003,0.129,1.2474,1.7718,0.005,0.0724,1.0549,0.343,1.2764,1.4708,1.5929,1.3488,0.9264,1.8948,1.3382,1.3113000000000001,1.8995000000000002,0.3327,1.4566000000000001,1.5434,0.9355,2.2938,2.1544000000000003,1.8135000000000001,1.1989,1.0344,0.9037000000000001,0.1519,0.9963000000000001,0.4922,0.3508,1.3621,0.9559000000000001,1.6353,1.8099,0.2811,1.9335,0.47890000000000005,1.6653,2.8901000000000003,2.9196,2.0339,2.9255,0.9001,0.6949000000000001,0.44670000000000004,1.1107,2.6792000000000002,1.5368000000000002,0.9875,1.7182000000000002,0.023100000000000002,0.0064,2.4336,1.0468,2.1013,2.0138000000000003,0.8879,1.6805,0.39,0.0645,2.383,0.3919,2.095,1.3104,0.323,1.1519000000000001,0.16010000000000002,1.4231,0.25120000000000003,0.10600000000000001,1.6846,1.804,0.6684,0.8236,0.1203,0.7427,1.3341,0.2432,0.018500000000000003,2.0745,0.6726000000000001,2.1053,0.6919000000000001,2.0948,1.1846,0.2412,0.992,2.839,1.7602,1.3109,1.0371000000000001,1.1487,0.9239,0.3315,1.0114,1.8119,2.3945000000000003,1.6061,0.0079,5.6646,3.6334,0.0821,1.106,1.1103,0.7621,1.7121000000000002,0.9961000000000001,0.6339,0.18760000000000002,1.8949,1.9657,2.3561,1.2062000000000002,2.3084000000000002,2.3357,1.9360000000000002,5.1322,1.5224,0.0053,0.182,3.2889000000000004,1.8800000000000001,2.0918,1.2451,0.562,0.7136,1.3036,0.0584,1.4826000000000001,0.7308,0.6589,3.8836000000000004,0.051300000000000005,1.6311,0.0114,0.30160000000000003,1.0051,0.46380000000000005,1.6426
,0.6085,1.1906,2.7529000000000003,1.2666000000000002,0.3507,0.0745,2.0051,0.4384,0.1572,1.2621,1.1434,1.653,0.065,1.4448,2.462,1.0162,1.5915000000000001,1.7253,0.6942,1.3561,0.6278,2.0058000000000002,0.4441,1.1945000000000001,0.6819000000000001,1.4132,0.5743,1.5891000000000002,1.8349000000000002,1.0550000000000002,0.3331,4.0583,1.7785000000000002,1.447,0.6275000000000001,2.0373,1.2194,0.8561000000000001,2.088,0.0367,0.8202,1.5570000000000002,1.5565,1.9465000000000001,0.8918,0.3514,0.32370000000000004,0.1768,1.7652,0.6778000000000001,0.4153,0.8476,0.8342,0.23620000000000002,1.0974000000000002,1.0489,0.010400000000000001,1.2876,2.1751,0.8865000000000001,5.0712,0.2612,2.4176,0.2088,0.623,2.1377,1.4456,2.8898,0.9498000000000001,4.0173000000000005,0.20980000000000001,0.7092,6.6711,0.48950000000000005,0.371,1.0801,0.7562,0.2393,3.2292,0.2489,1.2975,0.19640000000000002,1.2079,0.33480000000000004,0.3216,0.5417000000000001,0.0448,0.3171,0.4345,1.067,0.7035,1.1559000000000001,1.1743000000000001,1.4012,0.41450000000000004,1.2714,1.5447000000000002,1.8686,0.9929,0.9697,4.3787,1.4554,0.4041,0.5202,1.3039,0.2192,0.8782000000000001,2.9018,5.3998,0.005,1.2851000000000001,1.3088,0.6227,0.2127,0.030000000000000002,1.6474,0.061900000000000004,1.3886,0.1269,1.2114,1.4012,0.0468,1.6454,0.796,1.2395,1.1502000000000001,0.3075,3.1038,4.119,1.3206,0.0908,0.7807000000000001,2.5805000000000002,1.0090000000000001,2.7463,2.9216,0.44880000000000003,1.7186000000000001,2.0538000000000003,0.386,1.1891,0.2029,1.5462,1.2654,2.5868,1.5858,3.2357,0.1217,1.8239,0.158,1.0157,0.5009,1.3143,0.6392,0.4922,2.1245000000000003,1.1855,0.343,0.8835000000000001,1.6106,1.5348000000000002,1.55,0.8139000000000001,2.1989,1.1293,1.3875,2.6371,0.3327,1.778,0.304,0.21350000000000002,2.6381,2.1544000000000003,1.8135000000000001,1.2862,0.37310000000000004,2.4057,1.5070000000000001,0.9593,0.8256,0.4005,2.073,0.1228,0.0796,1.8099,4.2563,0.436,2.6358,0.9085000000000001,0.7538,0.16,1.9116000000000002,0.25,0.4645,1.4908000000000001,3.677,0.6682,1.1725,1.5368000000000002,1.3244,0.27640000000000003,1.6064,0.6899000000000001,1.1045,1.314,0.52,0.31070000000000003,0.8936000000000001,0.4434,0.39,2.4769,2.383,0.060200000000000004,1.701,0.094,1.3465,1.0869,0.9510000000000001,1.419,0.25120000000000003,0.27240000000000003,1.6846,0.7622,1.5927,0.633,0.8955000000000001,0.4665,1.3341,2.2046,0.8284,1.3293000000000001,1.1533,2.1053,0.6919000000000001,0.2989,1.4334,1.0174,0.9501000000000001,1.0852,1.7678,1.6534,0.0118,1.6542000000000001,1.8008000000000002,0.535,1.0561,0.7896000000000001,0.9003,1.8633000000000002,0.20400000000000001,0.0376,1.3090000000000002,0.41040000000000004,1.6238000000000001,2.5268,0.2772,1.1673,0.2514,0.6319,0.4988,4.1902,1.7698,2.23,2.234,1.8494000000000002,0.2641,1.9354,3.0327,0.0878,0.0053,1.278,0.009300000000000001,1.0334,0.0998,1.2451,0.562,0.07010000000000001,0.6782,0.0053,1.4826000000000001,0.5869,1.6681000000000001,0.2898,1.0647,2.8995,1.6062,0.30160000000000003,0.3931,1.5005000000000002,0.5281
,0.2416,9.4435,2.8466,2.0919000000000003,1.7245000000000001,0.3512,3.6162,0.4806,0.27490000000000003,0.7637,1.6028,2.0602,0.5972000000000001,1.4448,0.1726,1.0162,1.5917000000000001,0.24780000000000002,1.478,1.3561,0.8338,2.0998,4.3985,0.7744000000000001,0.6819000000000001,0.0188,0.5079,0.1626,1.7573,0.1791,2.0983,1.7883,0.24200000000000002,0.3529,2.012,2.0373,0.5474,1.3757000000000001,0.25930000000000003,0.2068,0.4827,2.1091,1.5565,1.9596,0.8918,0.2543,0.3093,0.0575,1.04,0.0054,0.4153,0.8476,0.2001,2.4250000000000003,0.8837,1.0489,1.463,1.2876,1.7098,1.1435,3.4218,0.4207,2.3578,0.07400000000000001,0.0604,1.2654,1.4331,1.1592,0.9498000000000001,1.7383000000000002,2.8541000000000003,0.3622,6.6711,2.6409000000000002,0.31920000000000004,1.0002,0.5212,3.1978,1.5969,0.045700000000000005,1.2975,1.8975000000000002,1.889,0.33480000000000004,0.1179,1.1421000000000001,0.9078,2.0135,0.126,1.3409,0.2659,0.7083,1.6554,0.463,3.5066,0.8654000000000001,0.6242,1.2510000000000001,1.5377,2.4201,1.4629,1.486,0.0893,0.12490000000000001,0.8221,1.2756,0.8782000000000001,0.7134,0.615,1.4113,1.2851000000000001,1.2599,0.34190000000000004,0.2127,1.3103,0.040400000000000005,1.1793,1.3803,3.0098000000000003,2.4387000000000003,1.2227000000000001,0.4441,0.32880000000000004,2.363,1.2395,2.9497,0.8430000000000001,1.1339000000000001,1.4117000000000002,2.4657,0.7077,3.0931,0.7633000000000001,5.055400000000001,1.7708000000000002,1.5865,1.667,1.7186000000000001,2.0538000000000003,3.5027000000000004,1.5002,7.051500000000001,2.1104000000000003,3.4004000000000003,0.29550000000000004,0.17700000000000002,2.8636,2.0753,2.0031,2.4218,0.4106,0.5009,1.4112,0.9886,1.7248,2.1286,1.1855,1.7165000000000001,0.9117000000000001,1.1536,0.7655000000000001,1.1189,0.9544,2.242,1.1293,0.5547000000000001,0.5484,0.4672,0.2031,0.49710000000000004,0.21350000000000002,0.554,0.6177,2.8457000000000003,2.0953,2.2211000000000003,0.0533,1.5070000000000001,0.7738,2.4015,0.04,1.6353,1.1780000000000002,1.3427,0.27340000000000003,3.9767,2.7822,0.40240000000000004,0.9085000000000001,6.2250000000000005,0.3603,1.4283000000000001,0.2151,1.9446,2.541,3.677,0.8043,1.1725,1.4380000000000002,1.4138000000000002,1.3535000000000001,1.1673,0.6899000000000001,1.1045,1.314,1.4706000000000001,0.31070000000000003,0.1371,0.1819,1.969,0.3557,0.923,0.060200000000000004,0.7991,2.1489000000000003,0.2417,0.16740000000000002,1.6471,1.8185,3.0633000000000004,2.0659,1.893,1.5373,1.2748000000000002,0.633,1.6994,1.4741,0.0653,0.8743000000000001,1.2837,1.2473,1.947,1.7423000000000002,0.0366,0.2989,1.1924000000000001,1.3433000000000002,1.2844,3.6828000000000003,0.0845,0.43470000000000003,0.0118,3.3088,0.9239,1.5857,2.9298,0.7896000000000001,0.3199,4.2584,0.16770000000000002,2.0338000000000003,1.3090000000000002,0.41040000000000004,1.6238000000000001,2.2542,1.4238000000000002,0.5669000000000001,1.068,0.30260000000000004,1.2656,4.2053,0.37520000000000003,0.16670000000000001,1.1975,1.2868000000000002,0.2641,0.021500000000000002,0.6231,0.0878,0.5555,1.202,1.6867,3.0976000000000004,0.0998,0.19890000000000002,1.2652,1.8365,3.459,1.7345000000000002,0.0613,0.5869,0.5045000000000001,2.0335,1.7266000000000001,0.8320000000000001,2.3124000000000002,1.31,0.3931,1.5005000000000002,1.4751
,0.2416,6.5305,0.4766,1.9979,0.2364,1.7939,1.9996,3.0303,0.27490000000000003,3.5616000000000003,0.0351,1.7442,1.0259,0.4113,0.7486,2.7528,0.2811,1.7878,1.7438,0.1792,0.38830000000000003,4.3180000000000005,4.4076,0.7807000000000001,2.3488,0.5028,0.008,1.1324,1.7514,0.5658000000000001,0.3518,0.09970000000000001,0.24200000000000002,0.1034,2.012,0.797,1.5439,3.3796000000000004,2.3154,0.5571,1.9616,0.5808,0.0057,0.9265,0.11120000000000001,0.2543,1.1204,0.4768,1.04,1.3227,1.4443000000000001,0.8472000000000001,1.8783,2.4323,0.551,0.0212,6.0015,0.8657,0.1841,1.1435,0.2321,0.864,1.9087,2.1297,1.3998000000000002,1.2654,5.1862,0.6442,2.6834000000000002,2.1397,2.8541000000000003,7.672700000000001,0.4889,0.7514000000000001,0.4299,0.08020000000000001,0.37170000000000003,1.4318,1.0589,0.3889,0.8879,0.27140000000000003,1.5211000000000001,1.8751,1.685,1.1421000000000001,0.9078,0.9093,0.18910000000000002,0.6683,0.12510000000000002,3.1382000000000003,2.4214,0.1822,1.0445,1.8524,0.6242,2.1453,2.6088,2.7838000000000003,1.6319000000000001,0.3461,0.20470000000000002,0.7852,1.7148,1.2756,5.8929,0.7134,0.615,0.6466000000000001,2.6997,0.2126,0.2172,0.3639,1.3103,0.2988,1.1502000000000001,2.0339,3.7227,1.3782,0.051500000000000004,0.14500000000000002,0.32880000000000004,2.1204,1.2357,2.9497,0.20570000000000002,0.38780000000000003,0.8375,1.2235,2.4056,0.2937,0.1968,2.4156,1.7708000000000002,1.5807,1.5552000000000001,4.3236,0.0877,2.0229,1.5002,1.4678,1.2383,3.4915000000000003,1.2386000000000001,0.17700000000000002,0.34950000000000003,2.0753,0.9946,2.4218,0.4106,0.1892,2.7165,0.9886,1.7248,1.4537,0.8706,0.48210000000000003,1.4115,0.2081,0.5177,0.7191000000000001,1.0949,2.0043,1.1759000000000002,0.9490000000000001,0.733,1.3683,1.8058,0.49710000000000004,0.2849,1.7786000000000002,2.8258,0.6103000000000001,2.0877,0.8688,0.0533,0.17070000000000002,1.4206,0.6983,1.7106000000000001,1.0510000000000002,1.4874,3.3604000000000003,1.4822,0.12510000000000002,1.6521000000000001,1.245,3.0054000000000003,6.242100000000001,1.492,1.0607,0.2151,0.3537,1.8557000000000001,0.2886,0.7337,0.7576,2.8641,0.3912,2.2155,1.1037000000000001,1.0805,0.618,3.0222,2.1981,2.3665000000000003,1.1509,2.8373,1.969,0.3557,1.0924,0.049600000000000005,1.1532,2.3097000000000003,0.20620000000000002,1.342,1.1124,1.8185,0.7481,1.0786,0.2071,1.3474000000000002,1.2748000000000002,1.7455,1.238,3.7207000000000003,0.4501,3.3561,1.2277,1.2473,1.8091000000000002,0.47850000000000004,0.5137,4.7851,1.4748,1.0019,1.2844,2.9876,1.105,0.3417,1.0413000000000001,1.2464,0.0367,0.2156,2.1878,0.6735,0.043300000000000005,0.774,0.16770000000000002,0.0063,1.7171,1.5759,0.0173,4.086,1.8792,1.6967,1.3664,0.0714,0.5654,0.29410000000000003,1.9101000000000001,0.1072,1.6161,1.6383,1.4057000000000002,2.0625,1.9199000000000002,0.17830000000000001,2.4269000000000003,2.1926,4.4743,0.3991,1.3191000000000002,0.19890000000000002,0.6555000000000001,0.07010000000000001,1.8596000000000001,1.7345000000000002,1.1935,4.6637,2.04,2.1426000000000003,4.580900000000001,0.196,0.23800000000000002,1.31,0.0263,1.6493,1.4751
,1.9678,2.8102,0.4766,1.9979,1.2329,0.9568000000000001,1.9996,1.5455,0.1252,2.0913,1.2855,1.0779,1.0259,4.8794,3.6323000000000003,0.0587,0.6654,1.7878,1.9243000000000001,0.1792,0.08310000000000001,1.4238000000000002,0.7147,4.118,0.218,1.979,1.063,1.1324,1.1928,0.38330000000000003,0.8392000000000001,0.42160000000000003,0.07060000000000001,0.1034,1.246,0.8074,0.8175,3.3796000000000004,1.7368000000000001,1.3916000000000002,3.3849,0.7351000000000001,0.0057,1.2628000000000001,0.11120000000000001,2.7141,2.3035,9.696200000000001,1.2049,0.3442,1.2782,0.1037,0.678,6.2039,1.6571,2.2942,0.1648,0.233,3.8793,1.493,0.2321,0.23820000000000002,1.5641,1.7713,1.3998000000000002,0.3322,2.9489,1.4137000000000002,1.8417000000000001,2.4325,1.2576,6.7106,0.0419,0.6874,1.2501,2.6266000000000003,0.37170000000000003,1.4318,0.0925,1.2610000000000001,0.2771,0.1192,0.5683,0.0738,1.2179,0.1573,4.0765,0.9093,2.8078000000000003,0.6683,1.4360000000000002,2.0044,1.7850000000000001,0.1822,0.5661,2.3088,3.7141,2.1453,1.806,0.7474000000000001,1.6319000000000001,1.8552000000000002,0.20470000000000002,0.5292,1.7148,0.07880000000000001,5.8929,1.5408000000000002,1.6068,1.1995,1.9163000000000001,0.24760000000000001,0.2172,0.6581,2.2984,2.0807,0.5104000000000001,1.2208,1.1677,1.6387,3.0233000000000003,2.6998,2.4342,0.1902,1.1492,2.4164000000000003,1.1409,0.19160000000000002,1.5142,3.4537,0.5624,0.217,1.5446,1.0277,0.12190000000000001,0.6965,1.0909,2.5652,0.5690000000000001,2.0984000000000003,1.8617000000000001,1.5186000000000002,2.1486,0.9125000000000001,0.6275000000000001,1.4122000000000001,0.34950000000000003,2.1253,0.2842,0.5884,1.3096,1.877,0.1512,1.1287,1.1473,1.7223000000000002,1.093,3.4493,0.049,1.6614,2.4598,0.18710000000000002,1.8643,2.0043,0.6742,0.17270000000000002,0.733,0.1824,2.2743,0.6315000000000001,0.2846,0.46340000000000003,2.8258,1.7981,1.5084,0.8688,0.2426,0.17070000000000002,1.8233000000000001,0.734,1.7106000000000001,0.3617,4.2490000000000006,0.28,0.5776,4.8159,1.6982000000000002,0.7671,0.9825,0.0279,1.0104,5.3299,1.0369000000000002,0.6568,1.5787,1.4584000000000001,0.49150000000000005,1.1392,0.1061,1.1067,2.9735,1.1037000000000001,1.7063000000000001,1.1547,3.8151,1.278,1.6801000000000001,0.6427,2.7184,1.8787,0.1951,2.6675,3.5921000000000003,3.4447,0.1038,0.4778,1.2103000000000002,1.1124,2.1593,0.5251,1.0786,1.3304,1.3474000000000002,1.3535000000000001,1.7455,1.2055,3.1298000000000004,0.7067,1.4231,1.4947000000000001,1.8942,0.1288,1.0964,1.0114,4.631,1.6426,0.3773,0.3307,1.4111,1.4732,1.8313000000000001,1.0413000000000001,0.4418,0.0367,1.5857,2.1878,1.4105,1.4356,0.774,1.2934,0.0063,0.7148,1.7021000000000002,1.0584,0.37170000000000003,1.8823,0.0876,0.9614,0.0714,1.0637,1.6448,0.9169,0.0722,1.6161,0.373,0.9087000000000001,0.9567,1.9199000000000002,2.4519,1.8365,2.3258,0.1814,3.0383,1.6176000000000001,0.06470000000000001,3.076,1.3485,3.4319,1.024,1.4223000000000001,1.4122000000000001,1.9771,1.5105000000000002,0.7079000000000001,0.2702,1.4883000000000002,1.4584000000000001,3.1408,1.6655,2.8739000000000003
,0.48210000000000003,1.496,1.3947,0.0945,1.2251,0.3508,0.3771,0.33540000000000003,4.6311,0.8488,1.2855,0.0896,0.321,2.0423,1.3609,0.0587,3.0891,1.6122,2.2576,0.2766,0.3673,0.3987,0.09620000000000001,1.5438,0.0568,1.979,0.6394000000000001,0.6543,1.1928,0.009300000000000001,1.6423,0.1716,1.6058000000000001,1.3799000000000001,1.0352000000000001,1.5194,1.8290000000000002,0.0256,1.9180000000000001,1.3916000000000002,0.441,0.1303,4.6905,0.9064000000000001,1.2415,0.4253,2.3035,6.7037,2.4611,0.3442,1.1977,1.7352,1.1402,6.1898,1.6571,0.9464,0.4817,2.0549,2.7127000000000003,0.0262,0.48860000000000003,0.0526,1.5956000000000001,1.7713,7.9976,0.39990000000000003,3.6191,0.923,0.4375,2.2028000000000003,0.9831000000000001,1.3479,2.3538,0.9117000000000001,1.2501,2.6266000000000003,1.6680000000000001,1.2348000000000001,2.146,1.2610000000000001,0.2771,1.5547,0.7048,3.5548,0.4339,1.8948,0.3175,0.5713,8.2848,0.42500000000000004,1.4360000000000002,1.5123,0.5141,0.8323,0.4894,0.3023,1.3113000000000001,0.3229,1.806,4.0478000000000005,1.0651000000000002,0.3774,0.8601000000000001,0.7141000000000001,0.0373,0.07880000000000001,0.29510000000000003,1.9186,1.2155,1.1995,0.2126,0.3811,4.6363,1.2478,2.5449,1.2963,0.49450000000000005,2.0339,2.3734,1.6387,2.4184,1.7342000000000002,1.5463,1.2343,0.374,1.631,0.5866,0.314,1.5142,3.4537,1.2594,1.9248,2.0216000000000003,0.41800000000000004,1.941,0.16440000000000002,0.6569,0.12010000000000001,0.336,1.5574000000000001,1.8617000000000001,0.0078000000000000005,0.3251,0.9125000000000001,1.5456,1.4122000000000001,0.21130000000000002,1.2266000000000001,0.2842,1.3018,1.5207000000000002,4.4151,1.0958,0.26890000000000003,1.0518,1.7223000000000002,1.093,4.057300000000001,3.9502,0.2081,0.015000000000000001,0.187,1.9476,0.0613,1.6114000000000002,0.9490000000000001,0.1663,1.7858,2.2776,1.6948,1.239,1.7696,2.1305,0.2112,1.5084,2.7451000000000003,1.3898000000000001,2.6881,3.8125,0.5558000000000001,1.4615,0.4984,2.4742,1.2989000000000002,1.1019,0.5143,0.5118,0.0074,2.3361,0.6419,0.7185,1.0199,1.9118000000000002,0.6568,1.7576,1.742,2.1307,0.2806,1.349,1.1067,1.4753,1.8009000000000002,1.5109000000000001,0.2987,1.0029000000000001,1.278,0.0475,0.8094,1.5299,1.0627,2.121,0.0637,0.7668,1.9836,0.5011,2.5798,0.37970000000000004,1.5599,1.2855,1.7404000000000002,1.1196000000000002,1.1716,0.8233,2.5251,0.0634,0.757,1.0926,0.7067,1.4231,0.9984000000000001,2.3932,2.4815,1.7261000000000002,3.9546,0.3274,0.6604,0.3773,2.3822,0.532,1.1457000000000002,1.8313000000000001,0.3038,2.2682,0.2753,0.1023,0.6417,0.6408,0.798,2.0261,1.7117,0.6216,1.0528,1.7021000000000002,2.1934,1.8210000000000002,1.4389,1.485,0.9614,0.3165,1.0637,2.448,0.47740000000000005,2.2984,2.3129,0.652,1.8829,0.07,0.6315000000000001,1.3734000000000002,1.3743,0.8891,3.9284000000000003,0.2005,1.6176000000000001,0.06470000000000001,1.6055000000000001,1.3485,3.4319,0.4923,0.35000000000000003,0.3985,1.55,0.7039000000000001,0.7079000000000001,0.17700000000000002,0.5173,0.6928000000000001,3.1389,1.4192,0.2969
,0.48210000000000003,0.468,0.1434,0.6205,0.7882,0.9568000000000001,0.3771,2.3157,4.6311,0.4798,2.8005,0.0896,2.9309000000000003,2.3245,1.2713,0.28500000000000003,1.0577,0.403,2.2584,0.007500000000000001,2.4821,0.1772,0.7147,0.11470000000000001,0.0568,2.1903,3.0674,0.0601,1.3016,0.7462000000000001,1.6423,1.7003000000000001,1.4763000000000002,1.4426,1.8352000000000002,1.5194,1.3336000000000001,2.041,0.7947000000000001,0.9054000000000001,0.5298,0.9490000000000001,2.1843,1.1516,1.53,0.09920000000000001,0.2755,0.43160000000000004,0.4874,1.0389000000000002,1.462,0.1832,0.4999,1.7644000000000002,1.0121,0.5877,0.4817,2.0549,0.30460000000000004,8.1866,0.4708,2.1499,0.34550000000000003,0.059500000000000004,1.5028000000000001,3.7374,0.6656000000000001,2.3358000000000003,0.3451,0.2247,0.3516,2.9897,0.2751,1.9324000000000001,0.6499,1.7925,1.6033000000000002,0.1343,2.8676,0.8201,4.3908000000000005,0.0431,0.7048,0.5900000000000001,0.2513,0.2772,0.3175,0.5713,0.4248,0.1048,0.4068,1.4099000000000002,0.07640000000000001,2.7801,0.08750000000000001,1.5442,1.5118,0.3286,1.6892,1.7839,2.1498,4.0067,1.8156,1.234,1.0490000000000002,1.6828,3.1223,1.2870000000000001,1.0758,1.2108,0.7599,0.49410000000000004,0.5566,0.4933,1.4079000000000002,1.6300000000000001,1.3166,0.9232,0.8366,0.2715,0.16690000000000002,0.8012,0.030600000000000002,1.2343,0.3366,1.7363000000000002,0.5889,1.5975000000000001,1.5090000000000001,0.025500000000000002,1.7578,1.9248,2.0216000000000003,4.2141,1.9555,0.7461,0.7260000000000001,1.6984000000000001,0.336,2.4011,2.0105,1.8475000000000001,0.3251,0.9769000000000001,1.5456,0.5571,4.355,0.5367000000000001,1.6123,0.06280000000000001,0.9988,0.8984000000000001,1.0958,2.8918,0.2192,2.721,1.857,1.4777,0.539,0.18080000000000002,0.015000000000000001,2.5871,1.496,3.8215000000000003,0.6742,0.17270000000000002,1.5012,0.8397,1.7537,0.8256,1.3799000000000001,1.193,2.1702,0.4602,0.1155,2.7451000000000003,0.7031000000000001,2.6881,3.8125,2.6790000000000003,0.07970000000000001,0.5643,2.2855000000000003,1.8183,1.1019,0.5143,0.24500000000000002,0.0074,2.3361,2.3012,1.0015,0.8645,3.0062,0.2805,1.0742,0.1807,2.1005000000000003,2.3235,1.4618,2.0729,3.6465,1.7953000000000001,1.7306000000000001,0.12010000000000001,1.0029000000000001,1.2962,0.0213,0.7422000000000001,0.6447,0.7252000000000001,1.8351000000000002,0.5544,3.1359000000000004,1.9836,0.6111,0.9729000000000001,0.014100000000000001,1.5599,0.5734,1.7404000000000002,1.014,0.1925,0.36660000000000004,0.1419,0.023100000000000002,1.7637,0.3554,1.4254,1.0799,0.0911,1.4279000000000002,2.4794,2.4664,2.508,0.3274,0.8965000000000001,1.2637,1.6104,0.0175,1.2172,1.6174000000000002,0.7595000000000001,2.2682,2.9235,0.3891,0.3804,0.0432,2.0989,0.031200000000000002,0.5507000000000001,1.8117,2.3737,1.4537,1.1385,0.1174,1.4389,1.485,3.2548000000000004,0.7199,0.6872,0.0298,0.28190000000000004,2.2984,0.0281,1.0150000000000001,1.3602,0.4025,0.8622000000000001,3.8154000000000003,1.3743,0.8647,2.9477,0.8989,2.3133,2.3106,0.34390000000000004,1.9732,0.6739,1.0401,0.35000000000000003,0.5926,0.935,0.7039000000000001,0.9765,2.2111,1.8042,0.6928000000000001,0.7625000000000001,0.36160000000000003,1.4453
,1.8062,2.2625,0.0159,0.6205,0.6009,1.5198,0.7406,0.8288000000000001,1.4594,1.3141,2.8275,1.4217,3.2824,1.2948000000000002,2.1693000000000002,1.3418,0.337,0.2686,1.2238,1.8405,1.074,0.9112,1.2274,0.009600000000000001,1.7803,0.0135,1.0491000000000001,1.842,1.6732,0.7462000000000001,0.0724,1.9979,1.4763000000000002,1.2034,0.3251,4.5523,1.3336000000000001,2.5500000000000003,0.9936,1.504,1.3232000000000002,0.9642000000000001,1.8006,0.2659,2.1814,5.7769,2.072,0.43160000000000004,0.9496,1.0923,1.462,0.48860000000000003,0.4999,3.5213,1.0121,2.3758,2.6567000000000003,1.3412000000000002,0.01,0.7789,0.4708,2.1201000000000003,0.6815,0.3875,2.0079000000000002,0.39990000000000003,1.0953000000000002,1.7098,0.3619,0.0636,1.8812,0.3378,2.9850000000000003,1.9324000000000001,0.6499,3.2920000000000003,3.3346,1.9723000000000002,0.6363,1.0002,0.2743,1.5876000000000001,0.3321,0.9782000000000001,3.5739,0.2772,1.3606,0.0574,0.3436,2.9501,1.6204,0.3417,1.2214,1.7737,0.8370000000000001,2.1588000000000003,1.5063,0.0061,1.1384,1.5356,2.1498,0.0925,1.3852,1.234,2.8292,0.9062,0.44580000000000003,0.8646,0.5229,0.5905,3.0251,2.5453,0.057600000000000005,0.4933,0.4731,0.68,1.3166,0.4862,0.8312,4.4898,0.9634,0.3564,4.605300000000001,1.0545,0.3366,0.25630000000000003,2.7654,0.38670000000000004,2.3707000000000003,0.6638000000000001,1.7578,2.6787,0.038900000000000004,2.6641,0.0187,0.3385,0.6722,0.7003,0.009000000000000001,2.4011,1.3351,1.5394,1.8016,0.298,0.1061,0.6903,0.8382000000000001,3.2842000000000002,4.1973,2.0797,0.9988,0.33230000000000004,1.0952,2.4052000000000002,0.2192,1.5795000000000001,1.0219,0.013600000000000001,2.2571000000000003,0.4199,1.3029000000000002,2.3993,1.4655,1.3672,3.6995,0.09910000000000001,1.6932,0.8397,0.0736,0.8256,0.1751,1.2183000000000002,0.23120000000000002,0.641,0.11280000000000001,0.2139,0.8417,1.5808,0.5810000000000001,0.5219,1.2614,1.8463,1.6339000000000001,1.9872,0.3448,1.0374,0.0199,0.379,2.0659,0.48610000000000003,1.0721,0.0195,2.783,1.2473,0.8023,0.6476000000000001,2.1005000000000003,2.2293000000000003,0.8117000000000001,3.2044,5.1930000000000005,3.027,0.8499,0.9019,0.20020000000000002,1.2962,3.4535,0.7422000000000001,2.1013,2.9839,2.0243,0.5774,2.7312000000000003,0.0236,0.2854,1.5594000000000001,3.6557000000000004,2.0501,5.2410000000000005,0.4101,2.0700000000000003,0.1925,0.36660000000000004,0.3956,1.3147,1.7637,0.3554,1.8759000000000001,0.4158,0.0286,1.6663000000000001,0.8619,3.2615000000000003,1.6223,1.8209000000000002,0.8965000000000001,0.4955,0.4168,0.18710000000000002,1.2172,0.0205,0.771,1.1715,1.6095000000000002,0.9964000000000001,2.3819,0.776,0.798,0.2233,0.7888000000000001,1.8173000000000001,0.7655000000000001,0.0173,0.3528,0.1174,4.4753,2.3302,0.7061000000000001,2.3898,2.3681,1.9885000000000002,1.2504,0.329,1.9155000000000002,1.032,1.5934000000000001,0.9774,0.8309000000000001,3.7436000000000003,1.1864000000000001,0.3095,0.9584,0.39390000000000003,1.4772,2.8653,0.1298,1.9732,1.6459000000000001,1.0401,0.527,1.6520000000000001,1.1761000000000001,0.8126,0.9686,0.8782000000000001,0.20750000000000002,0.0519,0.9116000000000001,0.0952,1.4562000000000002
,3.5679000000000003,5.4895000000000005,1.4606000000000001,2.25,1.3756000000000002,1.0172,1.0853000000000002,0.5639000000000001,2.0213,1.4844000000000002,1.7046000000000001,1.4217,3.2824,0.3382,2.7735000000000003,0.42050000000000004,1.1945000000000001,2.2095000000000002,1.1734,2.7922000000000002,1.074,1.1784000000000001,1.4173,6.1898,2.1257,0.0135,1.2022000000000002,1.842,0.27290000000000003,1.4049,0.5069,3.9115,1.4722000000000002,1.2034,1.3489,2.8198000000000003,4.1343000000000005,1.8995000000000002,1.9373,1.5123,1.7691000000000001,1.2409000000000001,1.8006,0.2933,2.2855000000000003,7.931500000000001,1.7160000000000002,4.1216,0.9496,1.0923,0.8513000000000001,0.48860000000000003,1.9503000000000001,2.1923,1.9217000000000002,0.1806,2.6567000000000003,1.37,0.8165,2.5605,0.2919,0.14400000000000002,0.6815,0.23720000000000002,2.0079000000000002,1.1367,2.8578,3.1296,2.7921,0.0636,0.9008,0.020200000000000003,1.2770000000000001,1.7448000000000001,0.0119,3.1057,3.1807000000000003,2.3048,1.4722000000000002,2.6408,5.3664000000000005,1.5876000000000001,0.012,0.9782000000000001,0.382,1.3462,0.17250000000000001,1.1785,1.6441000000000001,0.055200000000000006,1.5335,3.5170000000000003,0.7962,1.7737,0.8370000000000001,2.1588000000000003,0.8434,0.197,0.0912,0.0655,0.7128,0.1804,0.0342,1.5047000000000001,1.8272000000000002,0.9208000000000001,1.1415,2.0512,0.2837,0.2484,3.3026,2.5453,0.057600000000000005,0.9402,1.6538000000000002,2.1324,0.925,1.4208,0.7538,2.2254,1.8736000000000002,0.3564,1.9848000000000001,0.6995,3.3715,0.0713,2.4006000000000003,0.623,1.5344,0.039,1.2804,1.6485,1.6566,0.8509,2.7988,0.040400000000000005,0.10210000000000001,0.17170000000000002,1.4260000000000002,3.1466000000000003,2.6823,0.6576000000000001,1.097,1.6357000000000002,2.6617,0.0229,0.5766,0.11420000000000001,0.0051,0.44380000000000003,1.9724000000000002,1.1154,1.7691000000000001,0.5014000000000001,2.4237,0.0891,0.31170000000000003,1.2721,0.19290000000000002,1.7508000000000001,2.1434,0.22460000000000002,0.34640000000000004,0.2258,3.5266,0.2172,0.5252,0.3209,0.1965,0.4395,2.5799000000000003,1.8041,1.1195000000000002,0.641,0.3029,1.8980000000000001,0.8417,0.2124,1.9539000000000002,2.6790000000000003,0.3211,1.5166000000000002,1.6339000000000001,1.9872,1.7086000000000001,1.0675000000000001,0.8541000000000001,1.5201,1.4197,0.0055000000000000005,1.0673000000000001,0.0195,0.0252,7.1569,0.1432,1.2791000000000001,0.36000000000000004,2.3235,1.1764000000000001,1.9565000000000001,0.1593,0.9449000000000001,0.8499,0.9019,2.0536000000000003,0.4817,0.36960000000000004,1.7739,2.6659,1.3787,0.7155,0.5774,0.462,2.1887000000000003,1.8150000000000002,1.5594000000000001,0.6549,0.40890000000000004,0.30720000000000003,0.4101,2.1965,10.7711,0.14930000000000002,0.19720000000000001,2.4661,1.7254,0.6834,2.4198,0.7782,0.0286,1.645,0.8619,3.7282,0.7387,0.8765000000000001,3.3911000000000002,0.4955,4.7643,0.18710000000000002,7.1431000000000004,0.62,0.1422,1.1715,1.6095000000000002,1.9415,1.8408,3.2078,0.9525,2.4163,0.46030000000000004,0.7923,0.7655000000000001,4.369,0.3528,1.727,2.8676,1.1821000000000002,0.6365000000000001,2.3898,1.1015000000000001,1.9885000000000002,2.3503000000000003,0.1487,1.0221,0.1935,1.9095000000000002,6.0273,1.9732,1.9606000000000001,0.082,0.36250000000000004,2.3249,0.8989,1.5823,1.1785,1.9143000000000001,0.0053,2.4409,1.0765,2.125,0.48100000000000004,1.1761000000000001,0.1202,0.2293,0.8782000000000001,0.20750000000000002,1.7156,0.1889,0.33640000000000003,1.4562000000000002
,3.5679000000000003,0.44,1.4606000000000001,0.5953,1.6236000000000002,0.4898,0.5263,0.5742,3.474,0.4042,1.8377000000000001,1.1087,0.30010000000000003,0.8231,3.6748000000000003,0.42050000000000004,0.9968,0.9001,0.28090000000000004,2.7922000000000002,0.18080000000000002,0.4238,0.2665,6.9236,1.5321,0.1316,2.3782,1.8880000000000001,0.27290000000000003,4.4594000000000005,1.8442,1.3603,1.3794,0.0238,1.3489,1.3231000000000002,1.3483,0.8452000000000001,0.0117,1.0798,1.733,1.2409000000000001,0.3518,0.3005,0.0112,1.2108,2.819,1.6323,0.0205,0.0244,1.8597000000000001,1.0569,2.5235000000000003,1.3013000000000001,2.186,2.2464,1.405,1.2876,1.9160000000000001,2.5605,1.4275,1.1537,0.2147,1.3384,0.1052,1.4014,1.7833,3.1296,1.6253,0.5948,0.9008,0.020200000000000003,0.5094000000000001,1.7448000000000001,5.865200000000001,2.6208,0.1422,5.0854,1.4722000000000002,0.7358,0.2707,0.1194,1.0083,0.028,0.8675,2.5086,0.0233,1.1785,2.0188,1.0128000000000001,0.5007,1.6977,0.7983,0.2467,1.2284000000000002,0.28090000000000004,0.8434,0.197,1.1425,0.377,0.2927,1.9954,1.3852,1.7711000000000001,0.0682,0.8983000000000001,2.5593,0.4943,1.8815000000000002,0.2484,1.0567,2.1711,1.1951,0.9402,1.0759,0.8584,1.1791,0.9507000000000001,0.1207,0.7966000000000001,3.5937,1.2672,2.0009,1.1732,0.5,0.0713,2.4006000000000003,2.8484000000000003,0.3307,0.48510000000000003,0.1023,0.8949,1.4340000000000002,1.2145000000000001,1.2688000000000001,1.4821,1.9948000000000001,0.11320000000000001,0.0345,0.2063,0.019700000000000002,0.7385,2.0831,1.6357000000000002,1.2774,0.6458,1.6036000000000001,0.167,0.4989,2.4525,1.4935,1.397,1.7174,1.7177,3.3207,0.5252,1.1176000000000001,0.054700000000000006,1.1026,1.7508000000000001,1.7439,2.0128,0.8512000000000001,1.0151000000000001,3.8919,0.23270000000000002,0.23500000000000001,0.3397,0.1965,3.7557,0.0316,1.8041,0.38130000000000003,0.11710000000000001,0.3865,2.6502000000000003,0.4324,0.12240000000000001,1.2929000000000002,0.5219,0.3211,1.8948,2.0245,0.7467,1.7427000000000001,0.1211,0.8541000000000001,1.6560000000000001,1.0161,1.1869,1.2595,0.5287000000000001,0.9746,4.2468,0.7872,1.2791000000000001,0.36000000000000004,0.5245000000000001,1.4084,1.9565000000000001,0.764,0.18130000000000002,2.8037,2.5345,2.0536000000000003,0.018600000000000002,2.6956,0.24400000000000002,1.5255,1.8281,0.365,4.0059000000000005,0.312,0.3951,1.1431,1.7061000000000002,1.9400000000000002,0.3009,1.32,0.8468,1.3090000000000002,0.44880000000000003,1.691,1.3904,2.2207,1.0184,1.2788000000000002,3.8496,1.9532,1.8349000000000002,3.4795000000000003,3.5864000000000003,2.2119,0.4022,0.032100000000000004,1.2269,1.5968,4.4474,0.16570000000000001,1.7134,1.1300000000000001,0.9436,1.9453,2.4257,0.9967,0.44110000000000005,3.2078,0.4108,0.11330000000000001,0.46030000000000004,0.5041,1.4966000000000002,0.9806,3.8858,1.0937000000000001,0.8599,1.1821000000000002,0.6365000000000001,1.0330000000000001,0.0081,0.3453,2.3503000000000003,3.6949,1.0221,1.2443,3.4369,0.7925000000000001,0.0601,0.3325,0.8261000000000001,1.3563,2.0745,1.3496000000000001,1.6914,1.5691000000000002,1.9647000000000001,1.2786,2.6322,0.2983,1.2939,1.2247000000000001,0.37270000000000003,2.8965,0.060200000000000004,0.9549000000000001,0.0786,1.8001,2.3160000000000003,0.8232,1.0501
,0.0568,0.0055000000000000005,1.1156000000000001,0.39430000000000004,1.5757,0.0292,0.5263,0.5742,0.406,0.4042,0.308,2.1376,1.4249,0.8231,0.5535,0.30970000000000003,0.06770000000000001,1.1833,3.4366000000000003,0.4171,1.8545,2.1798,0.4126,0.4083,2.8089,0.15990000000000001,2.6479,4.4535,0.3942,0.0152,1.2825,0.4355,2.5412,1.6302,0.058600000000000006,2.0273,1.7106000000000001,0.8452000000000001,2.0596,0.8652000000000001,1.733,3.3699000000000003,0.14800000000000002,0.30660000000000004,1.9421000000000002,5.2519,1.3265,0.6683,0.5634,2.9252000000000002,1.5306000000000002,1.2539,3.3294,0.24020000000000002,1.1236000000000002,2.2464,0.7486,1.2876,0.5299,0.04,2.0162,1.1537,0.7488,2.2332,0.3926,0.38070000000000004,1.7833,1.4458,1.4484000000000001,1.9577,1.0624,0.8228000000000001,0.1801,1.8883,3.7494,0.2036,0.1422,5.0524000000000004,0.5578000000000001,1.4826000000000001,3.1655,0.5999,1.0522,1.5886,0.8675,2.5436,1.7046000000000001,2.3748,3.5875000000000004,1.0128000000000001,0.8072,1.6977,0.4394,0.7129000000000001,1.624,0.1773,2.0254000000000003,0.2844,1.5768,1.008,1.4897,3.8455000000000004,0.7143,1.8472000000000002,0.0727,1.6926,4.144,2.0651,0.1578,1.5995000000000001,0.667,1.762,1.1951,1.1797,2.41,0.8584,0.1855,1.6173000000000002,0.5818,1.2154,1.5541,2.1745,0.07200000000000001,1.8335000000000001,1.76,1.8519,4.2083,3.8798000000000004,1.2517,0.48510000000000003,1.4418,0.8949,1.4404000000000001,1.6655,0.6946,1.6676,1.4016,1.2223000000000002,3.3827000000000003,1.1796,0.3604,0.2253,0.18680000000000002,0.7897000000000001,1.3299,0.6458,0.227,0.8655,0.4989,1.4573,1.0359,1.397,0.0367,0.0712,0.7564000000000001,0.9139,0.7818,1.3338,1.1026,4.2889,1.7255,2.3298,2.0184,0.2954,1.7469000000000001,0.2597,0.23500000000000001,0.2715,0.6355000000000001,1.8299,0.0889,1.3251000000000002,3.2636000000000003,1.5612000000000001,0.3865,2.6159000000000003,1.9877,1.1928,0.1403,0.8698,1.1655,1.8948,0.267,0.7467,1.325,2.0380000000000003,1.0694000000000001,0.7617,0.11510000000000001,0.33990000000000004,1.6155000000000002,0.8361000000000001,0.7568,1.2588000000000001,2.0426,0.07100000000000001,0.2257,0.2852,1.4084,0.43620000000000003,0.9400000000000001,1.0613000000000001,1.0579,2.5418000000000003,0.2444,0.9659000000000001,2.6668000000000003,0.7833,1.5255,1.8904,0.365,2.4456,0.312,0.3481,1.1266,1.6945000000000001,1.4111,0.5516,1.32,1.3814,1.2938,0.44880000000000003,1.7997,1.3904,1.0295,5.918900000000001,0.8115,3.8496,0.3667,1.8349000000000002,1.5481,1.4301000000000001,1.0582,0.7387,0.2775,1.2269,0.7155,1.3442,1.5521,2.7545,1.1300000000000001,2.0416000000000003,0.1514,1.1793,0.9967,2.7957,1.4989000000000001,1.7297,1.9819,0.7767000000000001,0.1761,0.6275000000000001,1.0847,1.491,0.3235,0.8536,1.5792000000000002,0.3105,2.2647,4.3825,1.2381,0.4451,1.1639000000000002,1.6579000000000002,1.2443,0.319,0.8654000000000001,2.9254000000000002,0.0086,3.706,3.9407,0.5168,0.37060000000000004,0.0752,0.6787000000000001,0.4279,0.2592,0.0745,1.9788000000000001,0.9511000000000001,1.2247000000000001,1.893,1.4492,0.6985,1.04,0.9363,1.7981,0.9359000000000001,0.7317,0.7215
,1.5050000000000001,4.9839,1.1156000000000001,0.39430000000000004,1.5757,1.2236,2.1413,1.2128,0.3388,0.0941,3.387,0.9845,1.5325,1.2583,1.1465,2.4435000000000002,1.4796,1.0508,0.9666,1.4714,1.5183,0.9769000000000001,1.713,0.4083,2.7677,1.0543,1.1578000000000002,0.1568,1.4124,0.6957,1.546,1.2827,0.8937,1.6525,1.2143000000000002,1.4388,0.0853,1.9929000000000001,0.3705,0.8652000000000001,0.162,3.5475000000000003,3.0529,0.0383,1.9421000000000002,0.38530000000000003,1.4744000000000002,0.2383,0.3572,2.2029,1.955,1.2539,3.3294,0.0302,1.5213,1.243,0.20370000000000002,0.8037000000000001,0.8208000000000001,1.4168,0.7505000000000001,0.2838,3.1247000000000003,1.3686,0.0275,0.5976,0.036000000000000004,1.2272,0.1053,2.5005,0.39590000000000003,1.0248000000000002,0.1605,1.2355,1.7184000000000001,0.7402000000000001,0.17370000000000002,0.8221,0.5675,1.4826000000000001,1.9199000000000002,0.4126,3.7468000000000004,1.6605,0.8155,0.636,1.7046000000000001,0.5463,3.5875000000000004,1.4423000000000001,1.7011,0.6858000000000001,3.1569000000000003,1.3427,2.9071000000000002,0.8280000000000001,0.7435,1.4986000000000002,0.0913,0.8435,1.2307000000000001,0.0227,1.9546000000000001,0.8014,1.9995,0.3808,1.235,0.2599,0.45640000000000003,3.6752000000000002,1.8367,1.5277,0.5653,3.1446,1.0759,1.3996000000000002,1.967,0.042800000000000005,2.4922,1.587,1.1394,0.7984,0.457,1.8373000000000002,2.528,1.6531,0.896,3.8798000000000004,1.2517,3.1723000000000003,1.2464,0.5790000000000001,1.3940000000000001,0.6444000000000001,0.6946,3.9671000000000003,1.3938000000000001,1.2223000000000002,0.5418000000000001,2.1382000000000003,0.3604,0.2253,1.5022,0.538,1.3299,0.55,0.227,1.6069,1.8176,1.6962000000000002,0.35050000000000003,0.0674,2.3892,2.479,1.7107,0.1648,1.6960000000000002,1.3338,2.4167,0.4692,1.1029,2.4466,0.5942000000000001,0.619,0.006,0.7873,2.2633,1.0455,1.3499,2.1325000000000003,1.8771,0.40290000000000004,1.5179,0.6547000000000001,2.9846000000000004,0.0834,2.172,2.6734,0.4214,1.7327000000000001,0.07540000000000001,0.7668,0.267,1.3012000000000001,0.5609000000000001,2.0252,0.7633000000000001,4.1365,3.0755000000000003,1.8242,2.2295000000000003,1.9864000000000002,1.3405,1.5057,2.0426,1.2857,0.2257,0.4293,0.7058,1.2933000000000001,0.7193,0.9858,1.0579,0.4325,0.2444,1.0167000000000002,0.1438,0.7833,0.2295,1.0472000000000001,1.8375000000000001,1.9975,2.1925,1.238,4.2696000000000005,3.7582,2.8044000000000002,3.4450000000000003,5.3378000000000005,1.8021,0.4186,0.0969,1.7997,1.6216000000000002,1.0979,1.2416,1.6029,1.7338,0.4621,1.6827,1.2633,2.6982,2.2119,0.4022,1.1966,0.4923,3.5074,5.4284,1.5402,3.4704,0.7117,0.08080000000000001,1.0514000000000001,0.3831,1.8920000000000001,0.1389,0.0135,1.3755000000000002,1.9819,2.4703,1.2782,0.3377,1.0847,1.491,0.0659,0.6456000000000001,2.8495,0.0509,0.3417,2.0988,1.6336000000000002,0.36160000000000003,1.4691,1.4120000000000001,3.8647,0.006200000000000001,0.8654000000000001,2.6979,0.0086,3.706,3.9407,1.4332,0.17600000000000002,1.0558,2.1292,2.6056,4.0833,0.2672,1.372,0.0751,2.8392,4.0416,0.7922,1.6708,1.7766000000000002,0.9363,0.8741,2.2902,0.7317,1.4938
,1.4131,0.0055000000000000005,1.4411,3.7720000000000002,0.0253,1.2236,1.8519,1.7601,0.3388,0.9796,1.6474,0.3196,1.0042,1.2583,1.1465,2.4435000000000002,0.06520000000000001,1.1833,1.9349,1.7823,1.5183,3.8302,0.1477,1.8066,2.7677,1.0461,1.1166,1.1782000000000001,0.9341,0.7855000000000001,2.7641,1.2827,2.5543,0.36050000000000004,0.7441,1.2353,0.7515000000000001,0.09380000000000001,0.3705,3.4706,3.6377,0.1389,0.6642,2.1172,1.2839,0.1298,2.5335,1.2086000000000001,0.339,1.4463000000000001,0.13670000000000002,0.16540000000000002,1.512,0.6756,2.3799,1.243,2.6472,1.2909000000000002,0.1709,3.9089,0.6622,2.0519000000000003,1.3621,2.8252,0.0275,0.6940000000000001,2.0417,0.1768,0.7575000000000001,1.7224000000000002,0.6812,0.3242,1.5554000000000001,0.0981,2.2491000000000003,0.452,1.1384,1.8968,2.0288,1.2059,1.8112000000000001,1.9177000000000002,1.7191,1.0984,0.8155,0.1786,0.9586,1.6744,0.642,1.4423000000000001,0.8317,0.5339,1.7451,1.3427,2.9071000000000002,0.21350000000000002,0.7594000000000001,1.4955,0.41040000000000004,1.0817,0.6787000000000001,0.1102,1.9501000000000002,1.57,0.1907,0.0736,0.43860000000000005,2.4601,0.058600000000000006,3.6752000000000002,3.0349,0.3179,1.5264,0.7180000000000001,0.2132,1.0574000000000001,1.967,0.042800000000000005,1.5789,1.9517,1.1394,1.1105,0.457,0.5285000000000001,2.1804,0.11560000000000001,0.9054000000000001,0.0324,0.2889,0.219,1.2464,3.4167,0.24070000000000003,1.3611,0.7878000000000001,2.7252,0.8498,1.0291000000000001,2.6372,1.3827,2.6289000000000002,2.7089000000000003,1.6832,0.0551,1.0276,1.1868,2.3417,0.318,1.3008,0.5397000000000001,0.35050000000000003,1.6385,2.0623,1.0202,1.0654000000000001,1.3174000000000001,0.2179,0.6045,2.3663000000000003,1.8056,1.1029,1.2997,3.1223,0.4212,1.179,0.4587,1.1279000000000001,1.8136,1.3723,2.1325000000000003,1.8771,1.7786000000000002,5.5326,0.6547000000000001,1.4377,0.6844,2.172,1.0696,0.1265,1.0949,0.3123,1.1903000000000001,0.687,1.4654,0.096,2.8012,0.7633000000000001,4.1365,1.4813,0.094,0.0344,3.1898,1.0407,1.9461000000000002,0.4979,0.3135,1.1767,0.014,0.37170000000000003,0.7646000000000001,0.6861,1.3645,0.4354,2.1324,1.5249000000000001,0.8444,0.1438,1.2823,0.43920000000000003,0.0183,1.8375000000000001,0.6308,0.7568,1.1879,1.9329,1.3198,2.8044000000000002,0.1413,0.4312,1.2966,4.7679,0.0969,0.4293,2.0423,0.727,1.0130000000000001,1.6029,0.1927,1.0818,1.3735000000000002,3.1264000000000003,0.0718,0.0869,0.031400000000000004,0.1081,2.2747,2.8026,5.4247000000000005,1.5316,1.3707,1.0038,1.9792,1.2427000000000001,0.537,1.7556,2.4572000000000003,1.1219000000000001,1.3755000000000002,0.1963,2.7298,1.2782,0.3145,0.7219,2.5687,0.3895,0.2092,1.6087,2.0361000000000002,0.3417,2.0907,1.6606,1.8282,0.645,0.4511,1.477,1.1743000000000001,0.2325,2.1229,1.9805000000000001,3.2942,1.7779,1.8196,1.6594,2.9955000000000003,1.7208,0.4062,0.5003000000000001,0.609,0.0811,0.0751,0.1839,4.7625,2.7273,1.4294,1.591,2.3538,0.11,0.0579,1.1518000000000002,1.984
,1.7602,1.6264,1.8742,3.7776,0.34640000000000004,1.3496000000000001,2.1417,1.1968,0.7699,0.9796,1.6474,1.5445,1.9318000000000002,0.6734,1.2383,0.036500000000000005,8.2857,0.8769,1.9179000000000002,1.5422,3.7926,0.31980000000000003,0.784,0.9414,0.3919,0.4702,10.2445,0.7596,1.2442,0.29150000000000004,2.9890000000000003,1.8265,1.0570000000000002,0.36050000000000004,0.2403,1.8365,0.5743,0.1005,1.6900000000000002,1.1345,1.0527,1.0490000000000002,0.5674,1.6961000000000002,0.6536000000000001,0.2927,0.047400000000000005,1.5144,3.4098,1.7381,0.5132,0.7202000000000001,0.6661,1.5453000000000001,1.8611000000000002,1.8197,0.42110000000000003,1.0399,2.0496000000000003,0.5846,0.6622,0.3884,1.3621,0.4954,2.4435000000000002,4.0938,1.1426,1.3858000000000001,0.7575000000000001,0.0322,0.0137,1.3956000000000002,1.8413000000000002,0.6386000000000001,1.5745,0.9537,4.5153,1.3082,1.1403,0.054,1.9651,5.652,1.7191,1.0023,1.2453,0.1786,0.9648,2.5507,1.3896000000000002,1.7525000000000002,0.2159,0.6543,1.7451,1.5493000000000001,0.5967,1.399,2.6062000000000003,1.3524,1.8664,1.0817,1.3814,2.7847,4.4449000000000005,0.2594,0.1907,1.3065,0.5112,1.1978,0.5498000000000001,0.0901,0.3377,0.8520000000000001,0.5998,2.7361,0.385,2.4347000000000003,1.4114,1.196,1.6027,0.7787000000000001,1.7236,1.1105,0.24600000000000002,0.36410000000000003,2.1804,1.1215000000000002,1.8379,3.5097,1.9449,0.7058,1.2424,4.1376,2.3156000000000003,1.0523,0.1811,0.9168000000000001,0.8498,4.270700000000001,2.3655,0.33530000000000004,0.13090000000000002,2.7089000000000003,1.0734000000000001,1.5367000000000002,0.6135,0.0367,2.2039,0.41550000000000004,2.4815,0.5397000000000001,1.8805,0.27990000000000004,2.0485,2.7535000000000003,1.0654000000000001,1.3174000000000001,1.7630000000000001,0.6045,0.5148,1.3313000000000001,0.8114,1.3718000000000001,4.0298,0.191,0.49610000000000004,0.3659,3.4257,1.1174,1.3723,0.0261,0.6654,0.9751000000000001,1.169,0.21610000000000001,0.7926000000000001,0.5282,1.8576000000000001,1.2681,0.1265,1.4147,0.5154,1.2327000000000001,0.3373,0.0188,0.20750000000000002,1.1987,1.8493000000000002,0.1777,1.4813,3.4034,0.0344,3.1898,1.0407,1.1196000000000002,2.9793000000000003,0.6576000000000001,0.49150000000000005,1.8048000000000002,0.37170000000000003,2.1191,0.13770000000000002,1.3645,0.3443,1.4554,0.020900000000000002,1.5,0.30920000000000003,1.2823,1.9738,1.0,0.2429,0.6308,1.359,1.1879,1.9203000000000001,1.3548,2.0348,3.5969,3.2942,0.23670000000000002,0.8284,2.7796000000000003,1.3007,1.0217,0.0984,1.0565,0.554,0.6938000000000001,0.7949,0.4983,3.1264000000000003,0.9343,0.5698,3.0130000000000003,0.1615,4.7861,2.4452000000000003,0.47490000000000004,0.7545000000000001,0.061500000000000006,4.8136,1.2338,2.2192000000000003,2.3141000000000003,1.5872000000000002,1.437,3.3228,3.7592000000000003,0.7931,1.5259,1.5335,0.3145,0.8193,0.08660000000000001,0.2884,2.7855000000000003,0.22160000000000002,0.5563,0.2515,0.7196,0.14100000000000001,0.525,1.1914,0.7625000000000001,1.6953,1.1743000000000001,0.2494,0.32180000000000003,0.07100000000000001,0.8374,1.0535,4.3356,1.7744,0.1743,0.48960000000000004,0.4062,3.0488,0.0883,3.7444,2.2742,0.2962,1.1772,2.7273,1.4294,1.0778,1.5174,0.8595,0.0579,3.9608000000000003,0.9503
,2.1241000000000003,0.3003,0.9450000000000001,3.7776,0.11460000000000001,1.385,1.6381000000000001,1.1968,1.4232,1.0004,0.2812,1.484,0.299,0.8901,1.2417,0.9797,8.4063,0.1685,1.9179000000000002,1.5422,0.4204,1.3523,0.24830000000000002,1.0139,0.9109,3.0107,0.7044,1.7572,0.056600000000000004,0.2864,0.031100000000000003,0.3009,0.1529,1.4586000000000001,5.9598,0.1452,1.4433,1.7547000000000001,1.1593,0.9666,0.7516,6.7018,0.7994,0.3869,1.1777,0.2927,1.1806,1.5144,1.7992000000000001,0.49920000000000003,0.5132,1.1157000000000001,0.9616,3.9614000000000003,1.975,0.20450000000000002,0.42110000000000003,0.26880000000000004,2.0496000000000003,4.2519,0.32880000000000004,0.3884,1.3802,0.4954,0.5920000000000001,4.0938,0.3871,0.1743,0.1223,1.608,0.0137,0.8186,5.7327,0.0925,1.6418000000000001,1.6443,1.2453,1.3082,5.2471000000000005,0.3191,0.27340000000000003,4.1735,0.1252,1.0644,1.556,1.5371000000000001,1.9667000000000001,0.0274,0.4983,1.9356,0.7425,1.4535,1.5230000000000001,1.1909,1.7161000000000002,2.44,0.1068,0.9492,1.8664,2.0047,2.0658000000000003,1.2204000000000002,0.0397,0.9503,2.6954000000000002,2.0777,1.0825,1.1028,1.4363000000000001,0.0779,0.33030000000000004,0.8520000000000001,0.7488,0.0086,0.2631,2.2308,0.7549,1.6618000000000002,0.0051,0.7787000000000001,0.8619,1.4348,0.24600000000000002,0.6666000000000001,0.22080000000000002,0.057300000000000004,1.7374,3.0102,2.6108000000000002,2.3837,1.3029000000000002,0.0674,1.2886,1.0523,1.3682,1.9533,1.2889000000000002,0.5858,2.359,0.15510000000000002,0.0205,0.23040000000000002,1.7445000000000002,3.0936000000000003,0.2162,1.8371000000000002,0.6980000000000001,0.41910000000000003,2.4815,0.022500000000000003,0.014400000000000001,1.4359000000000002,1.0496,4.7129,2.0344,1.8062,1.7630000000000001,3.8686000000000003,1.2842,0.24600000000000002,0.9723,1.2709000000000001,2.4256,1.1277000000000001,0.5154,1.7768000000000002,3.4253,1.1174,0.3856,0.0261,0.33680000000000004,2.0685000000000002,1.0437,0.0057,0.26180000000000003,0.5282,0.6792,1.5054,0.38230000000000003,0.9480000000000001,0.5154,1.2327000000000001,0.9953000000000001,0.19990000000000002,2.7528,0.041,0.6035,0.3104,2.1239,0.10260000000000001,1.8118,0.8157000000000001,1.2682,1.8521,0.2373,1.4460000000000002,2.6267,1.8108000000000002,0.8147000000000001,0.0064,1.5809,1.8438,1.5876000000000001,1.4554,0.9185000000000001,1.5,1.7498,0.5352,2.5677000000000003,1.0,1.8297,0.8515,1.8962,0.281,0.3599,0.0719,0.47650000000000003,3.7453000000000003,1.552,0.2378,0.9028,2.7796000000000003,0.1155,0.48900000000000005,1.8466,0.46580000000000005,0.554,1.2023000000000001,1.8326,1.0665,0.0392,0.1414,0.334,1.372,0.3386,4.919700000000001,0.8091,2.5429,1.1301,1.121,1.4211,1.2338,3.3905000000000003,2.3141000000000003,1.0519,1.1619000000000002,1.8297,0.3028,1.5332000000000001,0.2325,2.0118,0.2682,4.4263,5.170100000000001,3.9345000000000003,3.1034,2.2558000000000002,2.5362,1.0149000000000001,1.3195000000000001,0.7439,0.454,2.8881,0.8998,3.7063,1.1691,0.1993,0.2627,0.07100000000000001,2.3954,1.2042000000000002,2.9988,1.7744,1.3524,0.48960000000000004,0.30670000000000003,1.3402,0.28550000000000003,3.7444,1.8896000000000002,2.3251,0.6910000000000001,0.25830000000000003,1.6554,1.4122000000000001,1.5174,3.5682,1.7556,2.2219,0.6624
,1.0815000000000001,0.3003,3.9783000000000004,0.5503,1.8088000000000002,0.005,0.8755000000000001,0.2039,0.2712,1.8911,4.7955000000000005,0.9559000000000001,0.299,0.159,0.0558,2.0551,1.3702,1.6116000000000001,0.0502,0.2204,0.8362,0.0893,3.3677,2.0474,0.3083,3.0107,1.8370000000000002,1.6178000000000001,1.4827000000000001,0.2864,3.0616000000000003,0.3786,0.1529,1.9792,1.5185000000000002,2.3011,1.4433,0.33,4.0456,0.5048,0.7516,2.3689,1.5771000000000002,0.4923,0.3043,0.6816,1.1806,0.20650000000000002,0.4681,0.6432,6.6081,0.6179,0.9888,1.9812,0.10490000000000001,0.5115000000000001,0.42360000000000003,2.9038,2.0692,3.6231,2.0237000000000003,1.1901000000000002,4.106,0.057800000000000004,1.6187,3.7053000000000003,1.5424,2.7463,0.1223,1.608,0.1376,0.8186,4.5738,0.09480000000000001,0.025500000000000002,1.6966,1.2453,1.1053,5.2471000000000005,1.8545,0.27340000000000003,0.9417000000000001,0.1252,0.9802000000000001,1.556,2.037,1.0403,0.025400000000000002,0.4983,0.8529,1.1963000000000001,0.48600000000000004,0.7719,0.9467000000000001,0.1637,1.853,0.1048,0.9492,1.5766,0.40040000000000003,1.5444,0.6462,0.32220000000000004,0.9479000000000001,1.6866,2.0777,0.7182000000000001,0.0205,2.0336000000000003,1.5513000000000001,1.0225,0.4747,0.6103000000000001,1.0811,0.3346,3.2291000000000003,0.9701000000000001,1.2528000000000001,2.0079000000000002,2.5601000000000003,0.9178000000000001,1.6385,2.2201,1.7930000000000001,0.5680000000000001,0.057300000000000004,2.1201000000000003,0.5014000000000001,1.2057,0.0397,1.0113,0.057800000000000004,1.2886,2.5876,1.3682,0.267,0.2044,3.5873000000000004,0.6927,2.1655,0.269,0.23040000000000002,1.7445000000000002,3.0936000000000003,0.5224,1.8371000000000002,1.5675000000000001,0.4832,0.7260000000000001,0.0105,0.9435,1.7282000000000002,1.1844000000000001,0.38880000000000003,2.2521,1.8062,1.9874,1.6707,0.6505000000000001,0.29050000000000004,0.3435,0.0816,0.006900000000000001,1.3263,0.7173,1.7768000000000002,0.07930000000000001,0.3729,2.7943000000000002,0.0952,0.33680000000000004,2.0685000000000002,1.0327,0.65,1.1715,0.8737,0.8724000000000001,0.6393,0.38230000000000003,1.2181,2.1486,0.2884,1.3743,4.0206,2.7502,0.9257000000000001,0.2639,1.5790000000000002,1.135,2.7967,1.7996,0.23390000000000002,1.562,0.8774000000000001,1.1853,1.4460000000000002,1.5837,0.1943,1.9623000000000002,0.9406,2.2814,0.6815,2.321,0.8795000000000001,0.8549,4.6963,3.4545000000000003,0.33190000000000003,2.9306,0.4904,0.0053,0.8477,1.8962,1.2147000000000001,1.8929,0.6645,0.43270000000000003,0.9576,0.5703,1.4140000000000001,0.9028,2.0340000000000003,0.1155,2.4737,0.6697000000000001,0.46580000000000005,1.7783,0.6241,1.8326,1.6051,3.1474,0.1414,0.334,1.372,5.043,0.2286,1.0302,1.5439,0.8201,1.121,1.4211,1.2101,3.3379000000000003,0.807,0.6971,1.1971,0.42110000000000003,0.3028,1.5332000000000001,0.2325,0.6981,0.3356,1.601,5.3181,0.0471,0.8685,2.9691,2.3787000000000003,1.5126000000000002,0.7892,0.33390000000000003,1.5372000000000001,3.7794000000000003,1.284,5.1493,1.1892,0.1993,0.0275,0.8076,1.3182,2.2112000000000003,2.0907,1.3962,1.3524,1.6708,0.4514,1.9614,1.7517,1.1600000000000001,2.2123,2.3251,0.6228,0.4415,0.9414,1.0966,0.2669,0.3154,0.24860000000000002,2.2219,0.1529
,0.0374,3.5608,1.3236,0.1696,1.8088000000000002,0.005,1.4169,0.2401,0.3058,2.0185,0.7099000000000001,2.3279,0.0196,1.9066,0.7529,1.3921000000000001,0.9223,1.1439000000000001,0.2172,0.24630000000000002,0.1726,0.0893,1.719,1.0628,0.1724,1.8857000000000002,1.6392,1.6178000000000001,1.4827000000000001,1.252,2.974,0.6168,3.407,3.8723,0.39080000000000004,0.528,2.4850000000000003,0.30920000000000003,1.5873000000000002,0.9666,1.5270000000000001,0.1779,0.1869,0.4923,0.7373000000000001,2.1669,1.3967,0.19890000000000002,0.4681,1.8444,0.0824,1.0672000000000001,2.1353,2.2015000000000002,0.18910000000000002,0.9278000000000001,0.42360000000000003,0.1877,0.8218000000000001,0.09620000000000001,1.4543000000000001,1.1306,2.2252,0.057800000000000004,3.4494000000000002,1.6917,1.5424,2.4145000000000003,1.0731,0.7889,2.379,1.8773000000000002,0.057100000000000005,0.7257,1.3755000000000002,0.8715,0.8936000000000001,0.3183,2.6469,1.0250000000000001,1.0219,1.0764,0.7156,1.985,1.0008000000000001,0.5802,1.4563000000000001,1.1879,1.3302,0.34390000000000004,1.1963000000000001,1.4709,0.7051000000000001,0.7343000000000001,1.1823000000000001,0.1479,2.8668,0.1605,1.5766,0.40040000000000003,0.5949,1.2431,0.3508,0.0051,1.1254,0.9165000000000001,3.3122000000000003,3.0293,0.0897,1.5642,1.0225,0.4747,0.46890000000000004,1.0811,0.3346,1.4664000000000001,0.9309000000000001,1.467,0.46690000000000004,3.0669,2.0236,2.7529000000000003,2.2355,1.7930000000000001,1.3733,7.3117,0.1433,0.5428000000000001,2.2663,0.3265,1.0669,0.1208,0.3612,0.504,0.8655,0.267,0.7376,1.7982,0.6927,2.6053,1.8788,0.1691,1.2869000000000002,0.1278,0.6294000000000001,1.7612,1.5352000000000001,0.1505,0.057100000000000005,0.8811,1.7323000000000002,0.7088,0.21250000000000002,0.0051,3.4074,7.2902000000000005,0.3895,0.7405,0.26380000000000003,0.29050000000000004,1.2718,0.45830000000000004,0.6113000000000001,1.5742,0.7190000000000001,0.8791,2.1684,0.3729,0.0925,1.1513,1.6516000000000002,2.3882000000000003,1.6339000000000001,0.8337,1.0782,2.7344,1.5897000000000001,0.32430000000000003,2.0002,1.2902,1.9640000000000002,0.42450000000000004,0.8634000000000001,5.3143,2.7964,0.3526,2.0026,4.7372000000000005,0.5701,0.3002,0.6706000000000001,0.23390000000000002,1.2758,1.8132000000000001,1.0257,0.1437,0.0853,0.1943,0.8521000000000001,0.9406,1.3472000000000002,2.4827,2.321,3.2838000000000003,1.0439,1.874,1.5278,1.1527,1.3926,0.2908,1.8355000000000001,2.0314,1.6518000000000002,1.2147000000000001,1.8929,0.5657,0.43270000000000003,0.2993,0.1499,1.0428,2.6469,0.13340000000000002,0.5542,2.4737,0.34590000000000004,0.0379,0.0189,0.6085,1.9579000000000002,1.6051,1.1877,0.6363,0.7311000000000001,0.543,1.3105,0.5311,1.0302,0.4621,0.4298,0.33690000000000003,0.0731,0.4904,1.718,1.3172000000000001,0.6971,1.179,0.42110000000000003,0.0082,1.3554000000000002,1.1324,0.6981,0.3356,3.0342000000000002,3.0059,0.7936000000000001,0.8685,2.4706,2.6025,2.7586,2.0427,1.7933000000000001,1.1852,0.3992,1.284,0.1331,1.0966,1.5246000000000002,1.0438,0.5356000000000001,0.19840000000000002,1.3214000000000001,2.0907,1.3962,1.4438,1.6708,0.6501,0.0548,0.2089,0.9507000000000001,1.3536000000000001,0.7018,1.8511000000000002,0.4415,1.2007,1.0966,0.038,0.3149,0.6233000000000001,0.8671000000000001,2.2133000000000003
,0.0852,0.3562,0.9053,1.8337,1.711,0.23620000000000002,1.6133000000000002,0.0756,1.5804,1.5658,0.7099000000000001,2.3279,1.685,1.9066,2.222,1.3921000000000001,0.918,1.1701000000000001,0.19990000000000002,0.9321,0.1751,1.2908000000000002,1.5796000000000001,0.5304,3.4921,3.9018,1.6392,1.3765,1.1686,0.07540000000000001,3.3187,1.8521,3.407,0.3221,0.37770000000000004,1.0349000000000002,2.7532,0.1013,2.036,1.0259,0.45020000000000004,0.1779,2.0580000000000003,2.4484,1.7699,1.8578000000000001,1.203,2.0918,0.7247,1.8705,2.0899,1.4217,0.4172,0.0114,1.6031,0.3408,0.058300000000000005,0.785,2.3484000000000003,2.0605,2.0843000000000003,3.3241,0.7117,1.7371,3.9823000000000004,0.9423,2.6075,1.6518000000000002,1.5162,0.5434,3.0547,0.7101000000000001,3.4212000000000002,1.9023,0.6339,0.8812000000000001,0.8849,2.4989,1.8884,1.0250000000000001,1.0219,1.5518,0.0056,1.985,0.08220000000000001,0.4143,2.8056,1.1879,1.9635,0.9008,2.7772,1.5074,1.6923000000000001,0.4933,0.47390000000000004,1.3977000000000002,2.8668,2.1544000000000003,0.38530000000000003,0.028900000000000002,0.5949,0.1368,0.33840000000000003,0.8273,1.7786000000000002,0.8574,2.0738000000000003,0.4409,0.3673,1.6002,0.5298,2.5182,0.2404,2.4109000000000003,2.3703000000000003,2.0632,1.1177000000000001,1.1794,0.4646,1.397,3.2975000000000003,2.9293,1.3107,1.7971000000000001,1.3733,0.9002,1.1998,0.5201,1.6589,0.3265,1.7452,0.2641,1.1856,1.8157,2.1996,0.6276,2.1026000000000002,3.5873000000000004,2.1143,0.0135,0.3593,2.2881,1.2165000000000001,1.4642000000000002,1.1368,1.4851,1.5352000000000001,3.4751000000000003,1.4943,2.6851000000000003,0.1796,0.7088,0.0974,0.0051,1.6526,1.6799000000000002,0.3895,0.3145,1.6317000000000002,1.3881000000000001,0.2024,0.45830000000000004,0.4853,2.6144000000000003,0.8192,1.6039,1.2832000000000001,1.0965,0.015300000000000001,1.1816,1.9245,1.1553,1.6339000000000001,0.048600000000000004,1.3242,0.1811,0.031200000000000002,0.3846,2.3817,1.957,3.2718000000000003,0.0189,0.9122,1.4741,2.5254000000000003,0.3526,2.0026,0.0937,1.9939,0.9201,0.9710000000000001,1.633,0.8169000000000001,1.4996,3.8461000000000003,0.1769,1.4838,0.3456,0.8521000000000001,0.5185000000000001,0.3705,2.4827,0.4441,0.43160000000000004,2.5835,1.874,0.519,1.109,1.3926,0.2016,1.8783,0.2746,1.1763000000000001,0.5247,0.8724000000000001,0.1855,1.1146,0.2993,0.5006,0.9627,4.6023000000000005,0.13340000000000002,0.33290000000000003,5.014200000000001,3.0827,0.0379,0.0189,0.40080000000000005,1.9579000000000002,1.1932,1.1187,3.4588,0.7218,1.1222,1.3105,0.10060000000000001,0.2441,1.3351,0.9288000000000001,1.7441,1.5509000000000002,0.3412,1.2168,0.41290000000000004,1.6611,1.179,0.1993,0.0826,2.1931000000000003,1.9397000000000002,1.8961000000000001,1.5258,3.0342000000000002,0.2864,1.5623,1.4975,1.4792,1.0626,0.4172,2.0427,1.7933000000000001,0.1358,0.6559,0.2929,0.1312,4.7912,0.7170000000000001,1.167,0.2761,1.0877000000000001,0.2182,0.0864,1.1032,1.6342,2.5947,3.8879,1.5629000000000002,1.6155000000000002,0.9507000000000001,1.3536000000000001,2.5477000000000003,0.08420000000000001,0.5383,0.399,0.4693,0.9113,0.0286,0.3749,0.6603,0.446
,1.3568,0.0424,0.33340000000000003,0.1738,1.711,0.23620000000000002,0.6559,0.24860000000000002,0.2661,0.3866,0.2713,1.5333,0.23570000000000002,0.2581,0.3468,0.4163,0.32130000000000003,1.0827,0.19990000000000002,0.2644,1.2157,1.2908000000000002,4.3125,0.1549,1.2533,1.6275000000000002,1.5815000000000001,1.1642000000000001,4.867900000000001,1.9594,1.1253,2.935,4.0958000000000006,1.6891,1.6161,1.0349000000000002,1.3887,0.5757,0.016,0.5870000000000001,1.9400000000000002,0.192,2.0580000000000003,1.6483,1.0296,0.89,0.7292000000000001,1.8828,1.3066,1.8705,1.5365,1.2242,0.4172,0.6584,1.6031,0.5494,0.2296,1.2618,2.7187,1.9753,2.5867,3.2721,0.3824,1.6372,0.3551,0.9423,1.6987,1.0686,1.4976,1.6449,0.1612,4.2321,0.6815,1.4874,1.7185000000000001,0.8316,0.5145000000000001,0.9431,0.0142,0.036500000000000005,0.9510000000000001,1.5518,1.5032,1.6559000000000001,1.2716,0.4143,0.8328,0.5987,0.0811,0.15990000000000001,0.7219,0.3687,1.1634,0.4933,1.4558,0.9768,0.1461,0.3547,0.38530000000000003,1.3933,1.8375000000000001,0.2582,1.2392,2.4518,1.7786000000000002,1.0651000000000002,0.2778,1.4492,0.3673,0.2721,1.2532,0.5790000000000001,1.2014,2.7192000000000003,1.8294000000000001,2.0632,0.33540000000000003,2.0347,1.0168000000000001,1.4024,0.4993,0.3351,0.9838,2.2231,1.4778,0.9002,0.1369,0.5989,2.1169000000000002,0.6715,1.1034000000000002,0.8218000000000001,0.8625,1.8157,2.8282000000000003,0.07540000000000001,1.2214,1.2075,1.4701,0.0135,1.8788,1.1771,0.25880000000000003,0.082,1.1368,1.2529000000000001,1.0871,2.0952,1.0629,2.716,0.1796,0.21830000000000002,0.1489,0.6353,0.5388000000000001,0.626,0.7140000000000001,1.2893000000000001,0.9965,2.4587000000000003,1.5709000000000002,0.0329,0.14020000000000002,2.6144000000000003,0.8192,1.4724000000000002,0.1618,1.5554000000000001,1.1859,0.5291,1.9245,1.3417000000000001,1.3669,1.2683,1.1593,0.7555000000000001,0.031200000000000002,0.3846,1.4939,0.7118,1.9233,2.2973,0.2953,1.7064000000000001,0.6457,1.4783000000000002,0.1263,0.5963,0.052500000000000005,0.9666,0.9710000000000001,0.0714,1.7496,1.4996,1.2301,1.5399,1.4932,1.8134000000000001,1.7648000000000001,1.2813,1.3472000000000002,2.1821,2.3621000000000003,0.17300000000000001,1.3743,0.9044000000000001,1.609,0.6536000000000001,1.018,0.2016,2.2386,2.003,0.8369000000000001,0.009000000000000001,0.6034,0.1829,2.2216,2.2093000000000003,2.9719,0.9627,0.63,2.1336,3.5307,0.010100000000000001,1.0472000000000001,1.0449,1.1812,0.6085,0.2923,2.678,0.9770000000000001,2.8346,3.3499000000000003,0.7318,0.5408000000000001,2.3375,0.6428,0.0752,3.0021,0.9194,0.1759,0.0155,0.9951000000000001,3.1376,0.1625,0.7837000000000001,1.6119,1.0182,1.1454,0.7687,4.6667000000000005,1.5314,0.4773,0.2933,1.5623,1.5095,1.4792,1.0626,1.5656,0.37320000000000003,2.2559,1.3022,1.984,2.0748,1.4616,1.1580000000000001,0.5382,1.931,0.2761,2.2204,0.28950000000000004,0.8224,2.0761000000000003,1.6342,2.0197000000000003,0.37670000000000003,1.5629000000000002,2.6167000000000002,0.0589,2.0613,1.6105,0.08420000000000001,0.5383,1.4674,0.595,0.9672000000000001,0.0286,0.6233000000000001,2.0524,0.3677
,2.087,0.1467,1.5035,0.1177,3.0745,0.3151,0.6559,1.6248,1.8562,1.1977,0.0637,1.2382,2.8731,1.8013000000000001,0.0465,1.7965,0.1694,1.3546,1.8737000000000001,0.75,4.4154,2.4807,0.3352,1.3588,1.2533,2.9384,0.5616,2.9662,1.1331,1.9594,2.043,2.935,0.7987000000000001,1.6891,0.508,0.47990000000000005,1.3245,1.4336,0.016,0.1824,1.582,0.192,1.6393,1.6336000000000002,1.6316000000000002,1.0441,0.7292000000000001,1.0908,4.2255,0.3483,1.5365,1.4103,1.4201000000000001,0.332,0.9504,0.5459,0.4872,1.2618,0.5366000000000001,1.9753,2.6087000000000002,0.1607,1.6520000000000001,1.6372,0.3668,1.4853,1.3785,2.1011,0.7254,0.0296,0.3141,4.2321,0.011000000000000001,1.4874,2.9356,0.8316,0.06760000000000001,0.266,0.37170000000000003,0.2281,0.8923000000000001,2.5405,1.2079,0.3972,1.2716,3.7412,4.1271,0.9994000000000001,0.4048,1.4602000000000002,0.7219,0.3687,1.2208,1.4520000000000002,1.1955,0.9730000000000001,1.3748,2.8601,2.8602000000000003,1.3933,1.211,2.3561,0.8508,2.4518,0.4567,0.1558,0.4123,1.4492,0.646,0.4061,1.7014,1.9724000000000002,1.2014,0.5774,2.0564,0.5690000000000001,1.5563,1.0294,1.2143000000000002,0.5548000000000001,0.4993,2.1245000000000003,2.0436,0.8914000000000001,1.0201,1.4747000000000001,1.9115000000000002,0.24250000000000002,0.1291,1.7246000000000001,0.6256,0.1023,0.040400000000000005,0.279,0.4889,2.3289,0.14,0.5031,0.192,0.7782,1.6588,1.1771,0.7503000000000001,1.1461000000000001,0.8065,1.2236,3.4738,2.0952,0.7722,1.6022,3.0146,0.3225,0.1879,0.6353,3.8701000000000003,0.1257,0.7140000000000001,1.2893000000000001,0.7637,3.0813,1.5709000000000002,1.2209,0.11410000000000001,1.4632,3.1126,2.0849,1.6604,1.5554000000000001,2.4356,0.6133000000000001,2.1656,1.2522,1.8353000000000002,1.2683,1.1593,1.3634000000000002,1.7972000000000001,1.8101,2.5065,0.7118,1.8708,1.6771,0.2953,1.7064000000000001,0.1363,1.497,1.1352,2.6513,1.475,0.9666,0.12480000000000001,0.4657,1.6961000000000002,0.0098,0.7176,2.0771,0.1955,1.9136000000000002,3.049,0.24430000000000002,2.1661,1.4637,0.3783,0.2551,1.5013,0.0448,1.609,2.7608,0.5565,2.8862,2.0900000000000003,2.003,0.2189,0.008400000000000001,0.27490000000000003,4.1877,1.2141,2.3514,2.4226,2.4613,0.27940000000000004,0.48800000000000004,3.0599000000000003,1.6027,3.0827,1.7179,0.8745,0.3622,1.1938,0.1183,1.0481,0.5837,4.944500000000001,1.6686,0.5408000000000001,2.0881000000000003,1.718,0.4526,3.0021,1.6741000000000001,0.1759,0.0155,0.1396,0.41290000000000004,0.9527,0.0879,1.4228,1.0182,1.1454,0.7687,0.5915,2.6463,0.4773,0.8878,0.323,1.0193,1.1400000000000001,0.8422000000000001,0.9056000000000001,0.10990000000000001,1.1039,3.1032,1.984,1.6708,1.4616,1.1897,1.0849,2.4994,0.2544,0.43820000000000003,2.8985000000000003,1.0701,0.6920000000000001,1.8307,0.2969,2.8678000000000003,2.7788,0.3411,2.1992000000000003,0.2615,0.7587,2.5058000000000002,1.7691000000000001,1.4674,2.8818,0.9672000000000001,8.1117,1.4806000000000001,1.4439,4.635800000000001
,1.3517000000000001,2.5109,4.1515,2.6375,0.37360000000000004,1.9293,1.1299000000000001,1.6388,1.8561,1.1977,0.0085,0.12040000000000001,1.5789,1.7334,0.33490000000000003,0.7013,1.0074,0.40280000000000005,2.7493000000000003,2.4585,4.4095,3.3444000000000003,0.21830000000000002,1.213,2.0613,0.8141,0.3119,1.3412000000000002,1.1331,0.15810000000000002,1.0386,1.8644,2.5085,2.7938,0.508,0.47990000000000005,4.0504,1.3659000000000001,1.5466,0.7608,1.582,0.33430000000000004,0.40440000000000004,2.3341000000000003,1.6316000000000002,0.2419,0.7282000000000001,1.0908,4.2121,0.5942000000000001,1.9609,1.4103,0.9437000000000001,2.1967000000000003,1.2770000000000001,0.7601,0.38670000000000004,2.0020000000000002,4.5939000000000005,0.08950000000000001,0.025500000000000002,1.2934,0.0218,0.0551,1.0539,1.0016,1.197,2.1011,0.7254,0.45130000000000003,2.0525,1.3337,0.2592,2.4729,0.11040000000000001,3.4165,0.06760000000000001,0.182,0.9455,0.35760000000000003,1.337,2.2463,0.6239,7.852,0.10210000000000001,0.0998,2.887,0.33280000000000004,2.5471,1.4602000000000002,1.8368,1.0013,2.483,1.6901000000000002,1.1955,1.8592000000000002,0.37820000000000004,0.7062,0.8718,2.9225000000000003,2.2221,0.0181,2.2713,2.592,1.8812,2.0964,0.4681,0.6266,1.0193,0.30760000000000004,1.9885000000000002,0.7972,0.3907,1.3826,1.3151000000000002,2.1548000000000003,0.55,1.0294,0.49970000000000003,0.6099,1.0179,2.077,0.647,1.9355,1.2945,2.6584000000000003,1.9115000000000002,0.8733000000000001,0.4188,1.7479,1.4453,1.2103000000000002,1.6799000000000002,0.3139,0.2129,2.3289,0.14,2.0126,0.30260000000000004,0.24020000000000002,3.6312,1.0537,0.3332,0.7719,1.0028000000000001,0.8766,0.1762,0.9355,0.0497,1.8989,3.2911,2.0704000000000002,1.8909,1.9271,0.5388000000000001,0.5593,1.6041,1.7057,0.3214,1.9511,0.2805,1.3064,2.5429,1.111,1.2946,0.6245,0.45990000000000003,3.4848000000000003,1.5899,0.057600000000000005,0.0224,0.3385,0.18530000000000002,0.8273,0.2763,0.4012,1.7972000000000001,0.303,0.12990000000000002,0.08900000000000001,1.8708,0.6312,0.7955,0.8898,1.2203000000000002,1.497,3.6132,1.8432000000000002,1.475,0.34490000000000004,1.3316000000000001,2.1833,2.7327000000000004,1.2221,0.9854,2.0771,0.1955,0.5468000000000001,3.277,0.0471,1.0181,0.2044,0.3783,1.2703,1.7254,0.2016,0.7818,2.7608,0.7877000000000001,2.8862,2.2386,1.3035,0.6959000000000001,0.8616,0.27490000000000003,2.9734000000000003,1.2331,0.1106,1.7315,0.6259,0.6989000000000001,0.48800000000000004,3.0599000000000003,2.1026000000000002,1.3466,1.9002000000000001,2.1293,0.5349,0.2134,2.0501,1.9199000000000002,0.067,1.3824,1.6686,0.8074,3.1395,2.0889,0.9019,5.2815,1.6854,0.32980000000000004,2.4231000000000003,0.1396,1.2623,1.5686,0.5281,0.027600000000000003,0.0436,3.1453,1.1195000000000002,0.0644,0.5499,1.4294,0.8878,0.323,0.3257,0.4187,1.2730000000000001,0.9056000000000001,0.17,0.050100000000000006,3.1032,0.46440000000000003,1.6708,0.8696,0.7877000000000001,2.525,0.08660000000000001,0.149,0.43820000000000003,0.3554,1.6747,0.2417,1.2442,1.7327000000000001,2.1801,4.9832,3.3040000000000003,1.1928,0.30360000000000004,0.8279000000000001,1.4381000000000002,1.1307,1.6055000000000001,2.8818,3.0452000000000004,8.1556,2.2192000000000003,1.4439,0.6026
,5.5355,2.5109,4.1666,1.8026,2.5035000000000003,1.9281000000000001,1.2973000000000001,1.6388,1.4553,0.4335,0.0071,0.3613,0.4052,0.6137,0.047400000000000005,0.19490000000000002,0.8304,1.6039,2.8073,0.9728,2.1432,1.9517,0.3352,1.213,1.4085,0.0407,0.5408000000000001,1.8858000000000001,1.2251,3.9506,1.9557,1.1675,3.0463,0.1342,0.9306000000000001,1.9453,0.32330000000000003,0.3825,1.5466,0.7826000000000001,0.8985000000000001,1.4703000000000002,0.40440000000000004,2.335,0.9944000000000001,0.2419,0.5215000000000001,0.3274,0.5999,0.13240000000000002,0.44320000000000004,0.2293,1.8784,0.0158,1.2770000000000001,0.7601,1.9192,1.6215000000000002,2.4579,1.2139,0.3144,0.4186,2.6116,1.6826,1.0539,1.6092000000000002,0.8821,2.9278,0.0253,0.45130000000000003,1.6076000000000001,1.3949,0.1062,1.9549,0.11040000000000001,0.5046,3.3118000000000003,0.182,0.44680000000000003,0.4456,1.3256000000000001,0.8697,2.4388,2.1903,0.6408,2.0802,1.6595,1.0881,2.5272,0.3466,1.7594,1.7334,2.2601,3.5156,1.5117,1.2597,0.7851,2.3045,1.2368000000000001,1.8518000000000001,1.211,1.3055,2.2713,0.767,1.3591,1.8447,2.0859,0.6266,2.2738,2.4244000000000003,0.0499,4.0903,0.3907,1.9294,0.012700000000000001,2.4953000000000003,1.6875,2.0744000000000002,0.49970000000000003,0.2102,2.0456000000000003,0.7195,0.1516,0.7091000000000001,1.0617,1.0965,0.10300000000000001,1.3547,0.4188,1.0557,1.5981,1.2103000000000002,0.315,0.2152,1.1807,0.9945,2.2707,1.3733,1.3293000000000001,3.161,2.2555,0.6354000000000001,1.0067000000000002,1.1461000000000001,1.8878000000000001,1.3117,0.2747,0.9396,0.0497,0.0448,0.45880000000000004,2.0704000000000002,0.728,1.9271,0.321,1.2418,0.3684,0.4374,1.2259,1.9511,0.2805,1.8717000000000001,0.5425,1.5601,2.1588000000000003,0.34590000000000004,2.6704000000000003,0.0059,0.059300000000000005,1.0175,0.6297,1.3723,0.5606,1.5186000000000002,0.2763,0.4012,1.8471000000000002,1.8189000000000002,2.9197,4.0394000000000005,2.1249000000000002,0.2849,3.8952,2.0604,1.4817,0.258,0.017,2.8998,2.8421000000000003,0.1509,1.3316000000000001,2.1833,2.7327000000000004,0.2792,0.9137000000000001,2.2178,3.1032,2.3017000000000003,0.0229,0.0471,4.7027,0.20120000000000002,0.9258000000000001,0.0057,1.7254,2.1985,0.3808,1.4816,0.2624,0.0352,2.0900000000000003,2.6622000000000003,1.3528,1.8800000000000001,2.1089,1.2327000000000001,1.1631,0.11280000000000001,2.0209,1.3455000000000001,0.6989000000000001,1.7368000000000001,0.0765,1.5573000000000001,1.8682,4.9257,0.08600000000000001,1.8671,0.6144000000000001,0.21350000000000002,0.0287,1.6035000000000001,1.3824,3.5131,1.1522000000000001,0.9655,2.9778000000000002,3.9539,2.153,0.3422,0.4037,2.4296,0.14120000000000002,0.9648,0.2988,0.5281,1.8628,0.0347,0.1282,0.6115,0.14120000000000002,1.1316000000000002,1.7755,0.32320000000000004,1.4462000000000002,1.5299,3.2977000000000003,1.2730000000000001,1.5697,0.1925,1.6618000000000002,0.228,2.0486,0.3057,0.8696,0.7877000000000001,2.62,0.08660000000000001,1.1261,1.4608,0.6144000000000001,0.1092,0.47840000000000005,0.6343,0.3204,1.0268000000000002,0.2381,2.5054000000000003,1.6413,0.534,1.2184000000000001,0.4007,0.38780000000000003,2.0073000000000003,0.3432,0.8006000000000001,1.2056,1.355,3.7,0.6026
,1.7724,0.016,2.6633,0.04,0.1194,2.8467000000000002,1.2973000000000001,1.7584000000000002,0.0651,0.4335,5.532,0.0755,0.4234,0.7571,1.2984,0.10840000000000001,1.5085000000000002,1.6039,1.9165,0.785,2.52,1.8538000000000001,0.1577,2.1345,1.6843000000000001,0.5569000000000001,0.3388,2.8432,0.8911,0.617,1.8464,1.2579,1.3179,0.1342,2.1891000000000003,1.6119,1.598,1.7046000000000001,0.3388,1.4096,0.5087,1.4703000000000002,0.1317,1.1058000000000001,1.472,0.5802,0.23850000000000002,5.5155,0.0925,2.0078,0.44320000000000004,1.1348,0.2025,0.0158,1.8152000000000001,2.2651,2.0897,1.7710000000000001,1.6375000000000002,4.756200000000001,0.26380000000000003,0.4186,2.7699000000000003,1.4738,0.6111,0.6096,0.9377000000000001,0.4032,1.0719,0.5717,1.6076000000000001,0.9657,3.8082000000000003,2.0381,0.641,1.3833,5.0219000000000005,2.8055000000000003,0.1193,0.993,0.011000000000000001,2.2427,0.0173,1.766,0.9593,0.22870000000000001,1.6595,3.0517000000000003,2.7945,0.3466,1.3344,1.5181,1.2775,3.5156,2.3107,1.6560000000000001,0.7332000000000001,2.3045,0.5559000000000001,1.7226000000000001,1.7066000000000001,1.3055,0.9474,2.6054,0.5692,1.1919,1.3168,1.7514,2.2738,1.4456,0.45280000000000004,3.1349,2.1295,1.78,0.012700000000000001,0.7043,4.4149,1.3857000000000002,1.0027000000000001,2.1550000000000002,0.30870000000000003,0.5406000000000001,0.0137,0.1168,1.0838,0.9986,4.979,0.0068000000000000005,1.1361,1.0557,2.5348,1.5641,3.5012000000000003,0.114,1.1807,0.0855,2.2707,0.3538,1.3429,3.161,3.0271000000000003,0.0625,2.9524000000000004,1.3399,1.0831,1.4413,1.1972,1.2171,2.4391000000000003,0.44520000000000004,0.1345,1.9017000000000002,0.728,3.6635,0.321,3.6902000000000004,1.0117,1.2809000000000001,1.2259,0.1729,0.8837,1.1384,0.5425,2.3588,0.9108,0.34590000000000004,2.4739,0.0059,0.059300000000000005,0.5194,0.5357000000000001,0.8876000000000001,0.5606,0.016,1.5868,1.8518000000000001,1.4479,0.6071000000000001,2.9197,3.8436000000000003,1.0787,1.5182,3.8952,0.24600000000000002,0.3937,0.2617,0.017,0.0357,2.5886,0.8326,1.433,2.3889,1.6645,0.7136,0.9137000000000001,1.7675,1.3110000000000002,1.4106,1.6469,1.1979,6.4195,0.31970000000000004,0.5771000000000001,1.2659,0.1943,1.4320000000000002,1.4997,1.5288000000000002,1.3586,1.5514000000000001,2.3138,0.1642,1.7534,1.2989000000000002,1.5589000000000002,0.9560000000000001,1.8935000000000002,1.8396000000000001,0.2866,1.3455000000000001,3.2801,1.7363000000000002,0.2531,0.35950000000000004,1.947,3.3161,1.969,2.2185,2.1387,0.7190000000000001,0.0287,1.6035000000000001,1.6448,1.4625000000000001,2.5198,1.1881000000000002,1.5603,0.3035,2.154,1.0091,1.1429,1.2756,0.0747,0.2655,0.2988,1.6861000000000002,1.4978,0.016800000000000002,1.6432,1.2007,0.2398,1.9872,0.049300000000000004,0.8348,0.4701,0.0196,2.924,0.5576,1.5697,2.3159,0.4302,0.0539,0.37470000000000003,0.3057,0.18510000000000001,2.0136000000000003,1.74,6.3169,2.0984000000000003,1.6791,0.5422,0.2353,2.1904,2.2593,1.6673,1.7835,1.1392,2.2573000000000003,2.8379000000000003,0.5161,2.4321,1.1977,0.1663,1.9606000000000001,3.2670000000000003,0.36310000000000003,4.0416,9.1098,0.6149,2.4369
,1.4821,3.4661,0.49620000000000003,0.04,0.1194,0.5167,2.168,1.9004,0.0575,1.4326,3.9002000000000003,0.0461,1.3715000000000002,1.4176,1.3281,2.4477,0.2871,0.5184,1.1204,0.48300000000000004,0.4323,0.392,1.9118000000000002,0.26430000000000003,0.366,0.0859,0.3388,2.8432,0.8635,1.3841,2.5096000000000003,0.3779,0.056100000000000004,0.0388,2.1891000000000003,0.5254,0.5762,1.7046000000000001,0.5532,0.263,2.1048,0.7525000000000001,1.6117000000000001,0.7866000000000001,1.6236000000000002,0.7085,0.0173,3.3424,0.8114,2.1227,0.0431,0.4975,0.4194,0.35500000000000004,1.6444,0.4894,0.20040000000000002,2.3752,0.8131,0.0359,0.12300000000000001,1.1571,0.24830000000000002,1.5062,0.6111,1.4796,0.9760000000000001,0.3936,1.0719,1.8297,3.8366000000000002,2.0032,0.6469,2.0381,0.4742,1.0848,1.1268,1.2402,0.18000000000000002,1.5256,0.992,2.7783,1.1778,1.3214000000000001,1.3276000000000001,2.0718,0.7153,3.0517000000000003,1.7971000000000001,2.9825,1.8548,3.1220000000000003,1.4233,1.3866,0.3508,1.6560000000000001,0.0371,3.2198,0.9499000000000001,0.1369,0.8254,1.2042000000000002,0.8440000000000001,0.2419,0.5269,1.4348,1.9614,1.0578,0.6899000000000001,1.381,1.8972,3.1349,1.3145,0.7082,3.3914,0.45680000000000004,4.9538,1.0413000000000001,0.8859,0.5834,1.9461000000000002,0.467,0.0137,0.1168,1.0915000000000001,0.9986,0.10300000000000001,0.024300000000000002,1.1361,0.9986,2.7995,0.0182,1.3954,0.7606,0.3786,1.0473000000000001,0.6688000000000001,0.3219,1.3687,2.3592,0.451,0.4052,2.9524000000000004,1.171,1.0831,1.5675000000000001,0.0178,1.0231000000000001,1.0541,1.1324,0.1345,3.1382000000000003,2.4955000000000003,1.0,0.0695,1.5524,1.1507,1.7461,8.443100000000001,0.1729,1.8731,1.1115000000000002,0.7315,1.1116000000000001,1.0848,3.866,0.6255000000000001,0.013800000000000002,0.0122,0.7945,1.2128,0.8876000000000001,0.4172,1.9857,0.3287,1.8518000000000001,0.758,0.6718000000000001,0.2328,1.8056,0.3569,1.5182,1.7751000000000001,1.9055000000000002,1.3356000000000001,1.2427000000000001,2.8341000000000003,1.2052,2.5887000000000002,0.8326,1.8072000000000001,0.5652,1.8921000000000001,0.1257,0.9418000000000001,1.8316000000000001,0.6252,1.4106,1.4659,0.5861000000000001,0.8784000000000001,0.31970000000000004,0.9570000000000001,0.1375,2.4018,1.3163,1.4997,0.4358,1.3586,1.0629,0.0182,0.1642,2.4344,1.4929000000000001,1.0206,2.2971,0.24430000000000002,1.8396000000000001,0.2866,2.4235,3.2733000000000003,1.6291,2.398,0.4741,1.4653,1.4388,0.12000000000000001,0.7060000000000001,1.2202,0.8693000000000001,1.5436,1.697,1.6205,2.407,1.3445,0.059300000000000005,0.2959,2.4535,3.3922000000000003,1.4026,1.0966,0.624,2.7061,1.0911,1.1799,1.6861000000000002,1.7461,1.4272,0.0732,6.2875000000000005,0.9426,2.5090000000000003,0.8842000000000001,1.1717,2.2867,3.2916000000000003,6.5083,1.1249,1.6101,3.1241000000000003,2.0396,0.0736,0.2817,0.3144,0.18510000000000001,2.0136000000000003,1.74,6.3169,1.4499,0.5822,1.3056,1.7663,2.1904,0.3109,1.6673,0.7088,0.37670000000000003,2.2573000000000003,0.0092,0.6262,2.56,0.2934,2.2064,0.3186,0.6892,1.901,2.6852,3.0211,0.028800000000000003,0.168
,0.0261,0.4449,2.6633,1.6938,2.0173,1.0417,1.584,0.2958,0.0538,0.9209,0.3022,3.1795,5.253,0.0415,0.6149,2.4477,0.30260000000000004,1.2871000000000001,1.0694000000000001,0.1711,2.2878000000000003,0.8861,1.8397000000000001,0.3549,0.30960000000000004,0.0859,1.5658,4.9739,0.4929,0.0345,2.5096000000000003,0.3779,0.2811,0.7159,0.0111,2.1075,0.5762,0.8307,0.8806,0.263,2.1048,0.7525000000000001,0.7292000000000001,0.7866000000000001,1.1918,0.7085,0.20550000000000002,0.8925000000000001,1.1177000000000001,2.0371,0.048100000000000004,0.9243,0.4284,0.4788,1.2258,0.4894,0.20040000000000002,2.2006,0.8131,0.0373,2.2925,1.6413,2.123,0.8821,0.8274,0.1396,1.7841,3.4764000000000004,0.6059,1.038,0.42210000000000003,1.0505,0.6469,0.8974000000000001,0.6609,0.2401,3.2572,1.3544,1.243,0.1463,2.7576,2.7783,1.1778,1.3292000000000002,1.4803000000000002,2.6204,0.4374,1.0924,3.4114,0.14250000000000002,0.24330000000000002,1.1742000000000001,1.4233,1.7826000000000002,1.4427,3.9223000000000003,1.4897,1.4523000000000001,0.1899,0.1369,1.2361,0.1978,0.7136,0.2419,1.2658,4.3916,2.0859,0.6276,1.9019000000000001,1.1565,1.8972,0.17800000000000002,0.4142,0.7082,3.4375,0.45680000000000004,1.4959,2.0705,0.8859,0.21300000000000002,1.9461000000000002,0.467,3.3309,0.2457,0.1311,2.6975000000000002,0.7185,3.1179,1.3474000000000002,1.9697,0.8523000000000001,2.2234000000000003,1.256,0.4505,2.1449000000000003,2.2551,1.5493000000000001,1.385,1.3687,0.312,0.451,2.8729,1.6906,0.272,0.2655,0.5827,1.2513,2.8996,1.0541,1.1324,1.3501,1.6258000000000001,2.4955000000000003,0.1293,2.0494,1.5106000000000002,1.5916000000000001,1.7697,1.8611000000000002,0.16840000000000002,1.6154000000000002,0.8579,1.2292,3.7455000000000003,1.0848,0.46590000000000004,0.8191,1.2950000000000002,0.1306,0.7945,0.5837,2.9841,0.8478,1.9857,2.2652,1.3044,0.34140000000000004,0.9346000000000001,0.2328,3.6477000000000004,0.2437,0.0103,1.2788000000000002,0.9156000000000001,0.8383,1.2217,2.8341000000000003,2.6223,0.668,1.8906,0.4409,0.029900000000000003,1.1737,0.1791,0.9418000000000001,0.21780000000000002,2.1829,1.2285000000000001,1.4868000000000001,0.5861000000000001,9.8582,1.1411,0.9570000000000001,0.1375,2.0306,1.4137000000000002,0.6267,0.45220000000000005,1.8526,3.4992,0.006900000000000001,3.8887,2.4344,0.9404,1.0206,0.0359,0.24430000000000002,0.4948,0.016800000000000002,0.053200000000000004,0.1263,0.3955,0.43710000000000004,1.0631000000000002,2.3406000000000002,0.2713,0.9888,1.0635000000000001,1.0921,0.8693000000000001,1.5436,1.9579000000000002,0.1298,1.2451,1.6653,5.756200000000001,1.4767000000000001,0.6989000000000001,0.5630000000000001,1.1882000000000001,1.0966,0.0345,2.7061,1.1731,0.1621,1.2537,1.7461,1.2707000000000002,1.3113000000000001,3.4559,0.9426,2.523,0.9426,1.1717,0.9394,2.0022,1.3648,2.3706,2.0407,1.2507000000000001,1.9763000000000002,0.025900000000000003,0.7937000000000001,0.3144,2.4231000000000003,0.5589000000000001,0.7996000000000001,2.2334,1.6512,1.3146,2.3012,1.9101000000000001,0.8570000000000001,0.9388000000000001,0.11610000000000001,1.3022,1.0679,0.4968,0.5607,0.6262,2.56,1.0168000000000001,2.2064,1.0963,1.9408,0.4773,0.31970000000000004,3.6265,1.0998,0.168
,1.4821,2.1177,0.4701,0.3367,0.1328,1.7929000000000002,0.6651,0.2958,1.4192,0.014,0.006500000000000001,0.7184,3.2388000000000003,0.0415,1.1049,3.5341,0.5553,0.8741,0.8578,0.2715,2.2955,0.8861,1.8379,0.0059,0.19460000000000002,0.538,1.5658,0.312,0.2308,0.5736,1.506,0.299,1.7098,1.5773000000000001,0.2179,2.1104000000000003,1.6284,1.0861,1.7609000000000001,0.33640000000000003,0.0755,0.0151,3.0539,2.4953000000000003,1.7577,5.264,2.0653,1.0561,2.1925,1.4158000000000002,0.8343,0.0952,1.3482,0.27640000000000003,0.3154,2.0546,0.1626,0.8799,0.2564,1.1411,1.4687000000000001,1.4329,4.3529,2.1470000000000002,2.2615000000000003,1.4057000000000002,1.7841,1.1784000000000001,3.0020000000000002,0.3614,0.3559,0.6628000000000001,0.6366,0.055400000000000005,1.4433,0.2401,3.2572,2.7399,0.9076000000000001,0.1463,2.9250000000000003,1.2779,0.049800000000000004,0.2175,1.3866,1.1835,2.9966,0.23920000000000002,0.11120000000000001,0.14250000000000002,0.24330000000000002,1.5976000000000001,1.1719000000000002,0.0316,1.3341,0.2713,0.17900000000000002,0.14170000000000002,0.1587,0.3345,2.442,0.9992000000000001,1.7516,0.1587,0.8924000000000001,4.4027,1.0191000000000001,1.7284000000000002,0.21480000000000002,0.5837,2.5585,0.182,2.0045,0.0971,0.45940000000000003,0.11040000000000001,1.381,1.159,0.3996,1.4507,0.024200000000000003,2.8048,3.3309,0.49460000000000004,0.6289,0.9054000000000001,1.3644,1.2366000000000001,4.1487,3.6192,0.8523000000000001,0.9228000000000001,4.224,6.3616,0.43710000000000004,1.3063,1.6541000000000001,0.19870000000000002,1.4781,1.9237000000000002,0.9514,1.4897,0.6509,0.48760000000000003,0.18460000000000001,1.5793000000000001,2.2479,0.025,0.23700000000000002,0.28800000000000003,1.1521000000000001,1.578,0.7869,0.0442,2.0494,6.2502,0.8438,1.0275,1.8611000000000002,0.7258,1.6154000000000002,0.7318,0.2185,3.7455000000000003,2.1321,0.46590000000000004,2.2545,1.8313000000000001,4.7946,2.8942,0.06670000000000001,1.3009000000000002,0.8635,0.783,2.2652,2.2595,0.34140000000000004,0.9346000000000001,1.352,0.2016,0.139,0.0103,1.0662,0.746,0.6922,2.0174000000000003,0.0369,3.1333,1.3591,2.1732,1.6435000000000002,1.3437000000000001,2.7097,0.7402000000000001,2.6094,0.8458,0.031200000000000002,0.25930000000000003,0.5387000000000001,2.166,0.8852000000000001,2.1516,1.1718,0.3174,1.8874000000000002,0.0523,0.559,0.45470000000000005,0.32280000000000003,1.7079,1.8793000000000002,1.0159,1.4224,0.4257,1.9341000000000002,0.1245,1.8138,0.538,0.6078,1.0866,0.9967,0.12090000000000001,1.3518000000000001,1.0631000000000002,0.9680000000000001,0.6756,0.9888,1.8427,0.7936000000000001,0.2859,0.0074,1.1826,0.0936,1.2451,0.23600000000000002,5.644900000000001,1.7768000000000002,0.4224,0.9438000000000001,1.1882000000000001,0.3085,1.6009,1.1525,0.046400000000000004,0.1621,1.7577,3.4877000000000002,0.5708,1.3108,3.2802000000000002,2.4181,5.3263,0.9426,0.2869,0.0193,2.0022,0.5299,1.7508000000000001,1.9804000000000002,0.40890000000000004,1.2163000000000002,3.1580000000000004,0.3764,1.5591000000000002,0.499,1.3577000000000001,0.3095,0.8454,1.6512,0.3836,7.373200000000001,1.9123,5.066800000000001,1.0587,1.5413000000000001,0.7392000000000001,0.6031000000000001,0.026600000000000002,2.0882,1.1216000000000002,1.7753,1.6414,1.4886000000000001,1.073,1.9429,0.4234,0.1216,1.7850000000000001,0.19240000000000002,2.8259000000000003
,2.7575000000000003,0.35900000000000004,0.1637,2.4585,0.5443,0.6188,0.6651,1.9775,1.6009,1.8719000000000001,0.006500000000000001,0.7184,0.1607,0.559,1.1049,0.41140000000000004,0.5553,0.7796000000000001,0.8578,0.3574,0.0519,3.145,1.2261,3.4671000000000003,0.49200000000000005,3.9458,0.7262000000000001,0.312,1.8021,0.5736,1.506,2.4851,0.028,1.5848,1.5012,1.8182,1.343,1.0075,1.0983,0.10840000000000001,4.784,0.5152,2.6869,1.5097,0.1388,0.0179,0.20550000000000002,1.0561,0.8692000000000001,1.9439000000000002,0.8154,2.7128,1.3482,1.7776,0.9632000000000001,1.1424,1.1267,0.4571,0.2326,1.1411,1.4687000000000001,0.0099,0.0151,0.053500000000000006,0.6349,0.047400000000000005,2.9911000000000003,1.1784000000000001,1.975,0.9293,0.07880000000000001,0.41390000000000005,1.3373000000000002,0.10880000000000001,1.4466,3.3319,1.2194,2.7399,0.7753,0.079,3.1275,0.1816,0.0097,0.2175,4.304600000000001,1.1839,0.2538,1.2875,0.41100000000000003,7.773700000000001,3.8236000000000003,1.6661000000000001,0.6973,1.9588,0.44430000000000003,1.8017,0.10360000000000001,2.2800000000000002,0.1587,0.3345,1.2917,1.5539,2.0953,0.4312,1.7308000000000001,3.9117,0.039,1.7207000000000001,0.21610000000000001,0.7545000000000001,2.0063,1.2013,1.4901,2.2381,1.8097,1.2717,2.3930000000000002,2.0186,0.3996,2.6171,2.6054,1.1168,2.2438000000000002,0.49460000000000004,0.7109000000000001,0.9054000000000001,1.3371,2.2274000000000003,1.8757000000000001,4.0806000000000004,1.8359,2.2004,3.7769000000000004,6.9427,2.466,4.3219,1.2824,0.3729,5.2250000000000005,1.9371,0.7193,3.7968,0.068,5.6734,4.4043,0.36210000000000003,1.0895000000000001,2.8752,0.9049,1.2286000000000001,0.2922,1.0332000000000001,0.5103,0.6774,0.6107,1.2971000000000001,0.0109,3.7669,1.7094,1.1907,1.9629,1.6453,0.7838,1.2753,2.1811000000000003,1.8230000000000002,1.7456,2.3832,4.8597,2.8942,1.9743000000000002,1.3009000000000002,0.14880000000000002,1.7042000000000002,0.037000000000000005,0.9692000000000001,1.8348,1.5832000000000002,0.7865000000000001,0.0317,0.5923,3.2697000000000003,1.0662,0.014,4.2203,2.0174000000000003,1.5191000000000001,0.19090000000000001,0.0118,0.907,0.1854,0.2962,1.5765,0.7402000000000001,0.8088000000000001,0.7586,1.9527,0.3239,0.5387000000000001,1.6739000000000002,0.2326,3.0558,2.0879000000000003,0.3174,0.26680000000000004,0.0523,1.1660000000000001,0.030000000000000002,0.32280000000000003,1.4527,0.3578,1.1536,1.3753,1.2672,1.4377,0.1245,1.2854,3.2428000000000003,0.6078,0.5695,4.4066,0.7584000000000001,1.3647,0.8351000000000001,0.6446000000000001,1.6532,1.4765000000000001,0.394,2.1763,2.3408,0.3276,0.9018,0.0936,1.2432,0.07830000000000001,0.6055,0.37,0.0446,1.3697000000000001,4.9289000000000005,2.0298000000000003,1.6009,3.9924000000000004,0.046400000000000004,0.22110000000000002,2.0362,1.6634,0.5708,2.4267000000000003,1.1936,2.4814000000000003,3.1755,3.4348,0.0555,0.0193,1.2688000000000001,1.4004,1.0210000000000001,0.094,0.868,0.5112,3.2272000000000003,2.7402,2.5012000000000003,0.2273,0.0679,0.3095,0.0534,0.3629,2.0352,7.0053,0.044000000000000004,0.24980000000000002,1.2635,1.8224,1.2636,0.3169,4.8695,4.0907,0.5533,0.133,1.6414,0.8398,1.0459,2.4139,1.5842,0.3272,2.1914000000000002,0.19240000000000002,2.9387000000000003
,1.1603,1.5819,1.7478,1.0974000000000002,0.5317000000000001,1.7929000000000002,3.4650000000000003,0.68,0.3023,0.0053,1.0828,1.5237,0.1607,0.6645,1.8395000000000001,0.41140000000000004,0.1912,0.4707,0.2985,3.8381000000000003,0.5019,3.6648,1.2261,1.6507,0.49200000000000005,2.471,1.2936,1.2381,0.8548,1.7484000000000002,1.2455,0.3536,0.028,0.2761,1.5064,1.8087000000000002,0.934,2.9102,0.4562,0.39230000000000004,1.4843000000000002,1.8476000000000001,0.0397,0.18730000000000002,0.8767,0.8429000000000001,2.0653,0.0473,3.9492000000000003,1.0971,2.3777,3.7024000000000004,0.2333,1.8211000000000002,0.0644,2.1151,0.8841,0.4571,0.2326,1.8618000000000001,2.7291000000000003,1.725,1.2359,1.1078000000000001,2.6238,0.913,2.1547,1.8606,1.9692,1.2739,0.9199,0.41390000000000005,2.3419000000000003,0.6784,2.0338000000000003,2.169,1.8082,0.09970000000000001,1.2197,0.0334,0.9567,1.3663,0.0097,2.5566,1.0018,0.4068,0.3906,4.6958,0.9557,5.8081000000000005,3.8236000000000003,1.6661000000000001,0.4091,2.1478,2.7934,0.5968,0.3467,1.1477000000000002,0.3129,0.16920000000000002,0.3533,1.808,0.36810000000000004,1.8006,1.7968000000000002,3.0089,1.407,1.1985000000000001,0.21610000000000001,0.31720000000000004,0.8479,1.5392000000000001,1.76,0.459,0.45940000000000003,1.3817000000000002,3.1541,0.8078000000000001,1.2554,2.2836000000000003,0.155,2.5108,2.4561,2.7847,0.7109000000000001,1.8512000000000002,0.39730000000000004,1.1816,1.867,0.1956,0.6723,2.1238,1.3219,1.2788000000000002,1.4668,5.9943,1.1388,1.2635,2.0543,0.4062,0.2238,0.4454,0.4581,0.5700000000000001,1.5219,0.36210000000000003,1.7675,5.075,1.1404,0.19740000000000002,1.4401000000000002,0.16690000000000002,0.46490000000000004,0.6774,1.6973,1.2971000000000001,2.9234,1.359,1.7105000000000001,1.0105,0.024200000000000003,5.5423,0.0341,0.0913,0.32480000000000003,1.8230000000000002,1.4176,1.0550000000000002,1.445,1.7333,0.24760000000000001,0.0419,0.14880000000000002,0.4288,1.9321000000000002,0.8238000000000001,0.0179,0.7555000000000001,3.0415,3.935,1.7324000000000002,3.5181,2.1912000000000003,0.8380000000000001,0.6986,0.3274,0.2024,2.4886,1.3764,2.0302000000000002,2.2186,4.3894,0.551,3.8755,0.8088000000000001,3.5660000000000003,2.2172,0.1282,1.7193,1.8608,0.4121,2.7093000000000003,4.2193000000000005,2.028,1.5109000000000001,0.2953,1.4611,0.1796,1.0691000000000002,1.0648,0.3578,0.9227000000000001,3.0688,0.3775,1.6364,2.7038,5.554600000000001,1.8709,1.8809,0.9158000000000001,4.4261,0.2948,1.7436,0.8351000000000001,0.4349,0.6617000000000001,1.3887,1.2852000000000001,2.1845,2.3189,0.7728,1.6097000000000001,0.8524,0.2364,0.40280000000000005,1.3535000000000001,3.8184,0.8822000000000001,5.2316,4.9122,1.4771,1.2325000000000002,0.1958,1.3087,0.35700000000000004,0.2766,0.4899,2.2246,1.0768,1.1936,2.4077,1.5054,4.6957,0.3023,1.3436000000000001,0.41700000000000004,1.4004,1.6276000000000002,0.012700000000000001,0.8757,0.5112,1.2642,4.756,1.1895,0.092,2.1618,3.9450000000000003,2.2723,2.1526,2.0352,0.8786,3.0032,0.37270000000000003,0.8943000000000001,0.7606,1.2636,0.38230000000000003,0.6888000000000001,0.07440000000000001,0.5533,0.133,0.0592,0.8213,0.8794000000000001,0.3285,1.5842,4.1856,4.416,6.1808000000000005,0.8019000000000001
,0.8016000000000001,0.0083,1.0843,0.5955,1.7546000000000002,0.2614,0.1497,1.739,0.3023,0.0053,1.1074000000000002,0.7092,0.9694,0.8772000000000001,1.1659000000000002,2.13,3.9945000000000004,2.3744,0.7063,3.8381000000000003,1.1228,2.1141,0.9452,9.184800000000001,1.4831,0.024,0.368,2.7186000000000003,0.8548,0.5521,0.0908,2.2136,2.0378000000000003,1.4626000000000001,3.4586,5.8693,0.0623,0.5507000000000001,1.2688000000000001,0.8331000000000001,1.2135,0.1408,0.7181000000000001,0.3492,2.6542000000000003,0.2528,1.5693000000000001,1.0229000000000001,3.9492000000000003,1.0971,4.2174000000000005,3.7024000000000004,0.2333,1.8211000000000002,4.4269,2.1617,1.3163,2.8433,4.617100000000001,1.1715,1.1243,0.3301,1.2408000000000001,0.025900000000000003,1.0226,0.913,1.742,0.027800000000000002,0.7250000000000001,0.23340000000000002,0.9199,1.032,2.3419000000000003,0.6784,0.9302,1.4144,1.8082,0.1298,1.087,0.0334,1.7983,1.3663,1.9439000000000002,0.008,1.0018,0.4068,0.2511,4.8825,1.0832000000000002,0.3262,0.7884,0.4204,2.8358000000000003,0.6661,2.4103000000000003,2.0185,3.0386,6.937200000000001,0.19410000000000002,0.16920000000000002,0.5437000000000001,0.2386,0.36810000000000004,1.8006,1.7968000000000002,0.2695,1.127,0.8896000000000001,4.4939,2.2161,1.9425000000000001,0.27190000000000003,2.6294,0.8688,0.16440000000000002,2.5821,3.6951,0.789,1.1081,1.7592,0.155,2.4957000000000003,0.7397,2.7847,2.9064,0.32580000000000003,2.5842,0.09280000000000001,0.4868,3.7189,0.3285,1.0436,0.5434,1.2279,0.6825,1.2055,0.7372000000000001,1.2703,0.35700000000000004,2.0486,0.006200000000000001,0.8059000000000001,1.8024,1.5634000000000001,1.5219,1.2198,1.7736,0.6316,4.3519000000000005,0.2019,1.6763000000000001,2.1717,1.3548,0.25120000000000003,3.9487,0.029500000000000002,2.9234,3.9364000000000003,0.0985,3.0041,0.44520000000000004,5.8377,0.0341,0.0913,2.8365,1.7781,2.2809,1.0550000000000002,0.4153,1.069,0.24760000000000001,1.2812000000000001,1.6631,2.4067000000000003,2.003,1.2870000000000001,2.096,0.7555000000000001,3.1134,1.1281,0.884,0.8282,0.47900000000000004,0.8902,0.6986,2.6124,2.2163,1.7048,1.3716000000000002,2.0302000000000002,2.7465,1.7272,0.3723,1.8255000000000001,1.306,3.5660000000000003,3.1552000000000002,0.6168,1.4484000000000001,1.8608,0.7677,0.0303,0.6782,2.2915,2.6498,0.2953,0.8969,0.7173,0.6953,1.0748,0.29960000000000003,0.893,1.8405,0.3775,4.148000000000001,2.4002000000000003,5.554600000000001,1.4403000000000001,1.8809,0.9158000000000001,0.049100000000000005,0.2948,0.265,1.6125,0.2898,0.6792,1.3887,1.2852000000000001,1.0053,0.41200000000000003,0.19360000000000002,0.8460000000000001,0.8524,1.7934,0.40280000000000005,1.586,3.5966,0.8822000000000001,0.4778,4.9122,0.3506,1.9785000000000001,0.2982,1.5135,7.0433,1.6942000000000002,0.321,0.9717,1.8254000000000001,0.878,0.08460000000000001,2.4221,4.6917,1.1226,1.3436000000000001,0.41700000000000004,0.4374,1.7471,0.1131,1.6149,0.8237,1.7738,1.194,0.552,1.6415000000000002,1.226,1.6428,1.4247,7.1546,1.5647,0.9786,1.3325,1.1348,0.8943000000000001,5.7271,1.2912000000000001,0.38230000000000003,2.8596,0.4313,0.7536,1.6489,1.0696,0.3365,0.2771,0.034,0.6261,0.11270000000000001,0.2972,6.1763,0.4183
,2.536,0.5808,0.6987,0.5955,1.7546000000000002,0.2614,0.12000000000000001,0.4055,3.7198,1.2956,1.3949,1.9140000000000001,2.3849,2.2207,0.9213,2.537,0.8104,1.6388,0.678,1.7221000000000002,0.0848,1.3807,1.7959,5.7275,1.8843,1.568,0.1341,0.40740000000000004,0.8068000000000001,1.4843000000000002,0.0424,4.0956,2.0333,1.1632,3.4586,1.5121,0.059800000000000006,2.5916,1.2688000000000001,0.8331000000000001,1.2135,0.1057,2.1453,0.027700000000000002,2.6542000000000003,0.046900000000000004,0.4333,6.2313,1.0648,0.1446,1.5648,1.8415000000000001,1.0902,2.1746000000000003,2.9513000000000003,2.8693,1.3163,0.0847,4.617100000000001,0.8709,2.2216,1.2175,2.0562,1.4739,1.0226,1.0526,2.2533000000000003,0.48410000000000003,0.646,0.23340000000000002,1.6665,1.7973000000000001,0.48460000000000003,2.3472,0.9302,1.4144,1.3263,0.09970000000000001,1.5081,1.6576000000000002,1.2673,2.8175000000000003,0.2625,0.4449,0.4787,2.3713,2.8499000000000003,2.5067,4.7374,1.0469,0.8804000000000001,0.3264,3.8817000000000004,0.5493,2.6655,0.3603,3.0011,6.937200000000001,0.19410000000000002,4.1334,0.5437000000000001,0.7956000000000001,0.36810000000000004,0.1447,2.0934,0.2695,0.9450000000000001,2.6575,0.0431,0.5367000000000001,1.8288,2.0004,2.6294,0.0125,0.0575,1.1500000000000001,0.37270000000000003,0.3168,1.8661,1.5973000000000002,2.6270000000000002,4.9771,0.48450000000000004,1.4099000000000002,2.9064,0.2084,0.1887,0.24730000000000002,0.10690000000000001,3.7189,0.3285,0.7389,0.5434,0.30810000000000004,1.6701000000000001,0.0415,1.1139000000000001,4.1477,0.35700000000000004,0.7518,1.1576,0.3758,0.0906,1.5634000000000001,0.0134,1.2198,1.6035000000000001,0.6316,4.3519000000000005,0.0711,0.7355,1.6909,3.1644,0.40140000000000003,1.9700000000000002,0.0858,0.0993,3.9364000000000003,1.4728,0.8908,0.42610000000000003,0.9582,1.4483000000000001,1.0239,1.5863,0.0792,2.2809,1.1998,5.222,1.9466,0.5274,2.0024,1.6631,3.9440000000000004,0.8962,2.0668,1.1659000000000002,9.3179,0.5105000000000001,0.3373,0.882,1.2032,1.0882,1.1142,2.0772,1.6554,0.39530000000000004,1.3107,0.0721,0.0726,2.7465,0.5479,0.6056,1.5043,0.3411,3.1314,1.6736,0.6168,1.256,3.149,2.1969000000000003,1.6938,2.2431,2.1794000000000002,2.6498,1.2169,0.191,0.6558,0.5357000000000001,1.9325,0.39680000000000004,2.2213000000000003,0.2096,1.5813000000000001,3.6985,0.1887,0.4177,0.3592,0.0656,2.0147,0.2091,0.1467,0.7352000000000001,0.043000000000000003,2.4758,2.8705000000000003,1.3091000000000002,0.6227,0.306,0.41200000000000003,3.543,0.8460000000000001,2.0234,1.7934,0.4474,3.198,2.9273000000000002,2.6467,1.1323,0.45840000000000003,0.3005,0.5582,1.6353,1.5309000000000001,6.8806,1.2302,0.321,1.6227,1.8254000000000001,0.9225000000000001,0.017,0.8017000000000001,0.34140000000000004,1.1205,0.1022,0.3206,1.1367,1.7471,0.1131,0.546,1.1779,1.9567,1.1947,0.06330000000000001,3.2886,0.36410000000000003,0.8858,0.9024000000000001,6.340400000000001,2.3656,0.8222,1.3329,1.2677,0.7899,1.7893000000000001,1.7804,1.4631,0.6095,0.4313,1.4941,2.9650000000000003,1.2273,1.2137,0.2771,1.1347,0.1579,1.0669,0.8847,1.2666000000000002,1.4121000000000001
,2.604,0.5808,1.5734000000000001,1.5886,0.4879,1.8012000000000001,0.12000000000000001,0.3911,1.7052,3.306,0.42550000000000004,1.2864,1.2916,2.2207,0.9213,1.7639,1.5270000000000001,1.6773,0.9847,1.0530000000000002,0.010400000000000001,1.3807,3.141,0.31020000000000003,0.49610000000000004,1.568,1.5567,2.0283,0.8068000000000001,1.4843000000000002,0.3573,3.97,1.2529000000000001,2.7432000000000003,0.25470000000000004,2.8408,1.3631,4.0289,4.3352,0.7856000000000001,0.9839,2.5818000000000003,0.5523,5.0196000000000005,0.2674,0.2528,0.2288,0.9560000000000001,1.2966,0.09480000000000001,1.5648,1.8582,3.7021,0.46690000000000004,2.3112,2.4898000000000002,1.6449,0.0847,1.3676000000000001,0.2801,2.2216,1.2175,1.3428,1.4739,0.0974,0.9395,0.7084,0.15410000000000001,0.4778,0.10400000000000001,0.7771,0.3119,0.058300000000000005,0.0339,1.4489,1.2098,0.4435,1.4031,0.1495,0.9058,0.6224000000000001,0.2182,1.5090000000000001,0.7616,0.265,2.7297000000000002,0.1574,2.4589000000000003,1.2185000000000001,0.11130000000000001,2.3967,0.9248000000000001,0.518,0.3431,2.6655,0.0463,1.5539,2.4472,2.9551000000000003,0.2015,3.4739,10.8917,1.7375,0.1447,0.2884,1.4756,2.059,2.6575,0.0431,0.5367000000000001,2.0635,0.2994,0.0981,1.9017000000000002,1.2745,1.1500000000000001,0.37270000000000003,2.0595,0.9016000000000001,2.0711,0.09820000000000001,0.9899,0.324,0.9362,1.5851000000000002,0.5615,2.3695,1.6321,1.7627000000000002,2.3598,1.1702000000000001,2.6584000000000003,1.6353,3.1134,0.2645,1.2758,0.9870000000000001,0.6276,0.5176000000000001,0.2821,1.8023,0.8005,4.9185,6.4169,0.0134,0.1292,0.12090000000000001,3.226,2.8034000000000003,1.1300000000000001,0.1207,1.4514,1.1483,1.6311,3.8897000000000004,1.3859000000000001,2.1684,1.0813000000000001,2.1097,1.7641,0.42610000000000003,0.7243,0.0347,0.26080000000000003,1.6218000000000001,0.07830000000000001,0.3126,1.3939000000000001,0.5101,1.4321000000000002,0.5274,1.4693,1.3955,2.2685,4.3297,0.3593,1.0531000000000001,2.9479,0.4038,1.4925000000000002,0.882,1.7156,0.3149,2.2778,3.5851,0.37,1.4646000000000001,0.37920000000000004,1.7769000000000001,1.3825,1.8817000000000002,0.2248,0.3904,1.5043,0.3403,1.2830000000000001,2.6059,2.5966,0.1817,0.6397,1.0096,2.3514,1.2416,2.1794000000000002,1.4164,0.7954,2.922,1.5619,0.5357000000000001,0.6502,1.4335,2.2213000000000003,0.2096,1.4835,0.5412,0.5689000000000001,0.1696,0.4771,1.9194,2.2039,1.4518,0.7228,1.1519000000000001,1.661,1.3937000000000002,2.66,0.9473,3.5854000000000004,0.306,2.2827,0.19360000000000002,0.3062,2.7183,0.4303,0.4474,0.3835,1.8557000000000001,2.4131,2.5047,4.3058000000000005,2.2441,0.5582,0.09230000000000001,0.17550000000000002,3.1341,1.2302,0.5732,2.3678,0.21530000000000002,0.5215000000000001,2.7659000000000002,0.4194,0.9505,0.7641,2.0541,0.3206,0.9496,2.1058,1.0166,2.8320000000000003,0.3408,0.372,3.0278,3.0575,1.7124000000000001,0.7456,2.0026,0.0145,1.3825,1.9798,0.3607,2.3512,1.4906000000000001,1.4786000000000001,0.39130000000000004,0.3755,1.4631,1.6049,0.4067,0.5191,3.108,0.5038,1.4120000000000001,4.2715000000000005,1.1347,2.8241,0.0872,0.877,2.7581,2.206
,0.0449,4.165900000000001,0.4596,1.5886,0.5329,2.8095000000000003,0.11850000000000001,3.1747,1.7733,3.2032000000000003,0.42550000000000004,2.4288000000000003,1.2724,5.4363,1.8093000000000001,0.05,0.5753,1.3042,1.1192,0.3597,1.1181,0.35300000000000004,1.5803,0.31020000000000003,5.8519000000000005,2.7737000000000003,1.5567,1.7958,1.8808,0.1287,0.3573,0.9549000000000001,1.3527,2.7432000000000003,1.9967000000000001,0.188,5.3866000000000005,2.0569,1.103,1.3963,0.7706000000000001,3.141,0.5523,0.36100000000000004,0.2674,0.648,2.2181,1.6769,1.8425,0.452,0.2519,1.1671,1.3389,1.3124,2.4656000000000002,0.1242,3.726,1.7974,1.4457,1.5909,0.3289,1.0801,1.3428,2.2244,0.334,0.9395,4.9531,2.3236000000000003,0.4778,1.6831,1.0372000000000001,3.3067,0.058300000000000005,0.5548000000000001,0.1865,1.7732,0.4435,3.4298,0.2487,2.5966,0.3805,0.2182,1.5090000000000001,0.2928,0.265,2.0683000000000002,0.9741000000000001,1.2627000000000002,1.2185000000000001,2.5791,2.597,2.9206000000000003,2.0804,0.25120000000000003,0.2641,1.1246,3.5540000000000003,0.7752,2.4301,1.4758,3.4569,1.3017,1.7624000000000002,2.2291000000000003,0.2884,0.8480000000000001,3.7604,0.1762,1.6063,1.4033,1.2504,0.0477,0.1076,2.3862,1.368,1.7595,2.1767000000000003,2.0595,0.3638,1.9699,0.09820000000000001,1.3443,0.2038,0.0396,0.22920000000000001,0.5615,2.3695,2.5007,0.432,1.8701,1.1992,2.6584000000000003,2.8933,1.1361,1.1588,0.8661000000000001,2.8595,0.6276,0.5176000000000001,0.24250000000000002,0.6816,0.3758,0.0692,0.28190000000000004,5.9461,3.6186000000000003,0.12090000000000001,2.0303,0.0148,0.45570000000000005,0.1826,1.4514,0.231,1.6311,0.4751,1.3859000000000001,2.0368,3.9084000000000003,0.1653,1.7641,0.020900000000000002,4.724600000000001,5.4849000000000006,0.5311,2.3791,0.6239,0.38770000000000004,1.3939000000000001,0.4499,0.2531,2.2422,0.3003,2.0399000000000003,2.2685,2.2651,0.3593,1.0582,1.0413000000000001,1.0881,1.4925000000000002,1.1382,1.7156,1.7618,0.9640000000000001,3.5339,0.3709,0.0971,2.1416,0.7042,1.5766,0.3653,1.4575,0.7702,0.041100000000000005,0.2318,2.0426,0.7503000000000001,0.5371,2.108,0.9612,0.5196000000000001,0.8655,1.2416,0.19060000000000002,0.12250000000000001,0.7954,0.8815000000000001,2.0419,0.6672,0.8505,0.20170000000000002,2.346,0.4681,0.24780000000000002,1.2066000000000001,1.8243,0.20470000000000002,0.4153,0.4262,2.2039,0.37010000000000004,0.6193000000000001,1.1519000000000001,0.1988,1.3937000000000002,1.9027,0.0222,3.5650000000000004,2.101,1.8334000000000001,1.1432,0.46680000000000005,1.0557,0.46540000000000004,3.6632000000000002,3.6464000000000003,1.4939,3.6552000000000002,2.4112,2.5458000000000003,0.8168000000000001,0.8174,4.0359,0.7283000000000001,1.1152,0.6228,0.7924,1.4151,1.5058,4.737900000000001,0.26630000000000004,2.0382000000000002,2.4243,0.7641,2.0541,0.1342,0.86,1.1782000000000001,0.6442,0.9163,0.4697,1.2415,0.0374,3.0575,2.3667000000000002,0.7456,0.405,2.039,1.3825,0.2967,0.9303,0.8389000000000001,1.3291000000000002,1.3439,0.39130000000000004,2.2368,2.7231,1.2776,0.23800000000000002,0.22970000000000002,0.8093,0.1893,3.1753,2.2924,0.4268,2.8241,0.0872,2.133,0.1902,2.2562
,2.4103000000000003,0.5929,1.7919,0.991,0.3014,5.9889,0.11850000000000001,3.1747,0.7928000000000001,1.872,1.1775,1.124,1.8622,2.1247000000000003,1.1935,1.5312000000000001,1.7626000000000002,0.6798000000000001,3.474,1.5432000000000001,0.4535,0.19310000000000002,0.28300000000000003,0.6094,5.639600000000001,1.1296000000000002,1.2726,1.7958,0.8163,1.2885,1.6551,1.3378,0.1259,1.4332,0.6772,1.1698,5.379700000000001,0.135,1.4251,2.633,0.7967000000000001,3.141,2.0768,0.36100000000000004,0.6950000000000001,2.4728000000000003,2.9705000000000004,0.0471,0.606,0.452,0.5142,0.5079,1.3389,1.7242000000000002,1.0052,0.5045000000000001,2.8438000000000003,1.9999,0.0053,1.4744000000000002,0.037700000000000004,0.5867,1.8607,1.3776000000000002,0.7157,1.5214,0.1698,2.3896,1.1002,1.6831,0.9867,2.8662,0.0181,2.0252,2.3975,0.3272,0.6167,0.2963,0.136,2.5966,0.3805,0.049800000000000004,0.767,0.2928,0.911,2.0683000000000002,0.3141,0.4868,0.2053,1.0015,1.0864,2.9178,0.5367000000000001,0.0269,2.4153000000000002,1.1246,2.5311,0.7294,0.5125000000000001,2.9898000000000002,1.6472,0.2802,1.9895,1.1611,1.4357,0.8480000000000001,4.6088000000000005,0.22870000000000001,0.9305,1.2385000000000002,0.24710000000000001,0.5935,0.2346,1.0385,2.6483000000000003,1.6737000000000002,0.1164,2.4545,1.9459000000000002,1.9699,3.1838,1.3209,2.4088000000000003,0.7885000000000001,0.1232,8.6491,6.3756,2.5007,1.7634,5.4496,1.3067,1.1077000000000001,0.7293000000000001,2.4201,4.0072,1.2928000000000002,1.8647,1.0532000000000001,0.4063,6.2007,1.5444,1.6142,0.0692,0.2818,3.7935000000000003,0.6444000000000001,0.0344,0.4073,0.22290000000000001,0.45570000000000005,1.7153,1.8836000000000002,0.231,3.5921000000000003,0.2442,2.2786,1.8494000000000002,0.2074,0.46090000000000003,1.9040000000000001,1.0453000000000001,3.2602,5.4849000000000006,1.2177,2.3791,1.8552000000000002,0.6053000000000001,1.1827,0.6894,1.2936,0.018000000000000002,0.5209,2.6856,0.1849,0.8494,0.40590000000000004,0.33130000000000004,0.4252,1.0881,0.7137,2.13,0.1598,1.0496,0.9635,2.015,0.9134,0.30310000000000004,1.0205,1.2579,0.2479,0.3653,4.0621,1.8253000000000001,1.9104,2.2843,0.5601,0.3249,0.25020000000000003,1.4607,2.6821,0.0555,0.1709,0.0098,0.009600000000000001,0.12250000000000001,0.8692000000000001,1.7668000000000001,1.4778,1.1559000000000001,1.4197,1.1879,0.10600000000000001,0.4172,1.3236,1.4159000000000002,0.5689000000000001,2.7595,0.10840000000000001,1.9054,0.9347000000000001,0.37010000000000004,0.6193000000000001,1.5883,1.399,1.5497,2.8760000000000003,0.16240000000000002,1.3837000000000002,1.8432000000000002,1.7215,1.1432,2.2267,2.7795,0.46540000000000004,1.5826,1.2062000000000002,1.7965,0.871,2.4112,3.2902,0.8168000000000001,0.8174,4.1629000000000005,5.8807,0.4045,1.0408,1.0347,0.3251,0.6546000000000001,0.5215000000000001,1.3137,0.0095,0.2028,1.1148,1.5349000000000002,2.0212,2.5079000000000002,0.9131,0.6442,0.9163,1.0565,0.5252,0.9066000000000001,0.3556,2.0464,1.5937000000000001,0.405,1.7923,2.1914000000000002,0.2967,0.5245000000000001,0.8389000000000001,0.2215,4.1069,1.5667,1.1034000000000002,2.6458,0.1155,1.5455,1.8531000000000002,1.3863,2.0534,2.8726000000000003,2.2924,0.4723,2.6787,0.42650000000000005,1.4214,0.6336,0.3664
,2.4103000000000003,0.463,0.13670000000000002,0.991,0.3014,2.3774,1.9989000000000001,0.9592,1.0136,0.0784,0.3388,0.44920000000000004,1.8102,0.44270000000000004,0.9638000000000001,0.9820000000000001,0.8274,0.6798000000000001,3.474,0.0884,0.5851000000000001,0.19310000000000002,0.9241,0.0587,2.2441,1.7519,0.0534,0.46680000000000005,0.1525,2.3447,1.7676,1.2099,0.4153,0.1768,0.0814,1.1698,0.6967,0.0813,0.3477,2.633,5.8754,1.3528,0.025500000000000002,0.44020000000000004,0.26530000000000004,1.9536,0.2929,0.2697,0.3629,0.19140000000000001,1.9646000000000001,1.2716,0.12440000000000001,1.7242000000000002,0.3536,1.0937000000000001,1.2404000000000002,1.4006,0.0053,1.5083,1.2656,0.7005,1.1751,1.4665000000000001,1.7020000000000002,1.5214,0.39580000000000004,0.9468000000000001,0.092,1.2461,1.7590000000000001,0.619,0.33080000000000004,0.4335,0.021500000000000002,0.1626,0.17070000000000002,1.8439,1.1102,1.1675,5.082,0.6128,1.3563,1.9186,1.4428,0.6722,0.3141,0.42210000000000003,1.4521000000000002,0.2904,1.3288,1.4586000000000001,0.5367000000000001,1.8055,0.3738,1.6195000000000002,1.1016000000000001,0.1898,0.4566,2.9898000000000002,1.0612000000000001,7.5959,2.0867,0.2671,0.49710000000000004,0.47350000000000003,0.43270000000000003,1.5751000000000002,3.1743,1.2385000000000002,0.1564,1.8069000000000002,0.3513,0.0409,1.8210000000000002,1.0150000000000001,2.0431,0.34800000000000003,0.754,1.3007,0.9353,3.5106,3.2684,0.497,3.4783,2.8509,1.1651,6.0774,0.9143,0.3245,1.0464,2.0645000000000002,1.9766000000000001,1.2143000000000002,4.0072,2.5505,1.3547,0.39330000000000004,1.7045000000000001,1.1129,2.8121,1.7269,0.049100000000000005,4.0739,2.2021,2.9930000000000003,0.7855000000000001,0.36260000000000003,5.733700000000001,0.2705,1.8726,0.3276,0.2671,0.9813000000000001,0.2442,2.2406,1.7845,0.2576,1.405,1.9040000000000001,1.7447000000000001,1.5759,0.0868,0.5681,1.1748,1.8552000000000002,3.3155,0.67,0.6894,1.2218,0.0555,1.372,0.114,0.6223000000000001,0.404,0.9039,1.5248000000000002,3.4144,1.9917,2.3492,1.3003,4.5628,0.0854,0.5254,0.0449,0.8774000000000001,2.1461,0.06810000000000001,1.7964,0.2479,0.2351,1.9647000000000001,1.8253000000000001,1.9104,1.4266,0.3351,2.1327000000000003,0.25020000000000003,1.4607,0.732,0.6661,0.17750000000000002,0.15860000000000002,0.18710000000000002,1.8437000000000001,0.8692000000000001,2.7859000000000003,0.8693000000000001,2.8388,0.184,3.0627,0.9569000000000001,0.4172,1.3236,0.0292,2.2097,0.7911,3.8757,2.1039,1.9827000000000001,0.2146,0.1733,5.133,1.0655000000000001,1.9342000000000001,2.2948,2.2076000000000002,0.6397,1.8432000000000002,0.41910000000000003,1.3945,1.869,1.7679,2.6296,4.0465,1.4689,0.11750000000000001,1.1307,0.7276,0.2134,4.0548,1.5199,6.7679,6.5293,1.0410000000000001,0.0063,1.0347,1.4151,1.2466000000000002,0.3816,1.3137,2.1597,0.2028,3.1385,0.8817,1.9622000000000002,0.1404,3.8722000000000003,2.3571,1.6274000000000002,1.4555,1.6292,0.6069,0.336,2.0464,0.158,0.36960000000000004,0.8493,2.3394,0.7694000000000001,1.4054,4.8289,1.0997000000000001,1.0297,1.6523,0.8136,0.6515000000000001,1.7347000000000001,2.0101,0.7069000000000001,1.1096000000000001,1.4723000000000002,1.1991,2.7414,0.6959000000000001,1.5327000000000002,1.0674000000000001,1.3112000000000001,0.1328,0.1331
,1.5150000000000001,0.2187,1.2469000000000001,1.6292,1.1266,0.6712,3.6063,0.5109,0.3703,0.0784,0.256,1.124,4.5793,0.2897,1.249,0.9820000000000001,2.5119000000000002,1.4442000000000002,1.4571,0.12140000000000001,1.0402,0.42410000000000003,0.9241,0.0587,1.0665,1.0332000000000001,3.4347000000000003,0.0528,0.1525,1.0307,1.728,0.5687,2.6364,1.5424,0.033800000000000004,1.7656,0.9949,0.26430000000000003,4.3559,1.2821,1.3425,1.3497000000000001,0.3292,0.44020000000000004,1.4101000000000001,1.9536,1.3133000000000001,0.0495,1.5324,1.5138,4.0486,1.6357000000000002,1.0041,2.2952,1.6991,1.4674,3.2836000000000003,1.4006,2.2386,1.083,2.2377000000000002,1.1596,0.3907,1.4331,1.5865,2.1009,0.39580000000000004,0.9468000000000001,1.1002,0.08710000000000001,1.7590000000000001,0.1889,0.1193,0.4335,1.3780000000000001,0.1626,1.1492,1.0938,1.1102,0.47000000000000003,1.1406,1.5261,1.2783,1.9186,0.1499,2.3856,0.44980000000000003,1.8486,0.9410000000000001,0.3804,0.3562,0.0524,2.8445,1.8445,0.3738,1.6195000000000002,1.7305000000000001,0.010100000000000001,0.7213,1.4553,1.0612000000000001,0.9953000000000001,0.9023,0.9663,2.5963000000000003,0.3765,1.5511000000000001,2.1779,1.4196,0.8318000000000001,0.2614,2.2235,1.5827,2.5108,2.0909,0.9572,1.6013000000000002,2.2714000000000003,4.6154,0.6674,0.11120000000000001,1.6129,4.2121,4.5301,1.8929,2.8509,1.1651,2.4476,0.9143,2.0896,1.0464,0.8841,0.1004,0.4536,1.4837,1.9512,1.3547,0.27490000000000003,1.7045000000000001,1.1129,0.4491,1.7269,0.2989,1.3182,0.48350000000000004,1.9607,5.1288,0.3128,1.8512000000000002,0.262,1.8726,6.0738,0.034800000000000005,0.2884,1.1280000000000001,0.8071,2.7228000000000003,2.2233,1.405,1.7413,0.39440000000000003,1.5646,0.8606,0.29450000000000004,1.8861,0.5864,0.618,1.2713,2.1176,1.3098,1.6587,0.17650000000000002,0.3079,0.1005,1.7129,1.5886,1.5248000000000002,2.0078,0.27990000000000004,3.0516,1.2351,0.4363,0.0596,2.9478,0.7055,1.1253,1.5155,0.06810000000000001,0.0448,2.4257,2.4577,1.9647000000000001,0.2901,0.2114,2.2843,0.8959,2.1327000000000003,2.1435,1.9775,0.2028,1.6842000000000001,1.0232,0.15860000000000002,2.7574,0.5041,2.2523,2.4754,0.6796,2.0579,1.0116,3.0934,1.9120000000000001,0.6759000000000001,1.9298000000000002,1.183,1.0004,0.1635,0.772,1.6679000000000002,0.9347000000000001,0.6778000000000001,0.3105,1.1646,2.7882000000000002,1.9342000000000001,2.3616,2.2052,0.037200000000000004,0.2826,0.9922000000000001,1.3339,1.8333000000000002,1.7679,0.6541,3.7662,0.6186,0.4143,1.5974000000000002,0.5808,0.464,2.0233,2.1095,3.3525,2.3415,1.0548,2.1367000000000003,0.5221,0.3637,4.3181,0.0732,0.1019,2.1597,2.1603,2.2865,0.8395,2.3440000000000003,0.1037,1.0674000000000001,1.5547,0.2389,1.4555,0.2893,0.8249000000000001,0.9822000000000001,0.9277000000000001,1.6735,0.6696000000000001,2.6534,0.20350000000000001,2.1725000000000003,1.5507,0.38880000000000003,0.4171,1.0297,1.6678000000000002,0.2399,0.6515000000000001,1.7347000000000001,2.3455,0.6575000000000001,0.5312,3.0482,2.234,1.3699000000000001,2.906,0.9933000000000001,5.2925,0.1207,1.986,0.6588
,0.0108,2.0576000000000003,1.9039000000000001,1.1027,5.9695,1.1029,0.653,0.42410000000000003,0.3703,0.7516,1.4279000000000002,0.32630000000000003,0.8099000000000001,0.2897,0.0332,0.9742000000000001,0.319,2.0148,0.7512000000000001,3.8819000000000004,0.7559,3.3637,1.5922,0.28350000000000003,2.5306,1.9715,0.0925,0.17950000000000002,0.1699,1.0307,0.052700000000000004,0.5687,1.5064,0.382,0.7445,1.2953000000000001,0.3103,0.2449,2.2338,1.0668,1.3425,3.5733,1.7362000000000002,2.0529,0.7745000000000001,0.9723,1.3133000000000001,0.5429,3.8717,1.4749,1.5288000000000002,1.7765000000000002,0.915,2.7289000000000003,1.9736,0.0931,2.7649,1.2159,0.5574,0.41150000000000003,0.22390000000000002,1.0095,0.3907,0.2671,0.0548,1.5684,1.1726,0.9965,0.092,1.2582,0.171,0.34500000000000003,1.5599,0.6644,1.3780000000000001,2.8621000000000003,1.1492,0.8956000000000001,2.3587000000000002,0.47000000000000003,1.3093000000000001,1.3303,1.2863,7.111400000000001,0.7126,2.6114,1.0813000000000001,0.1872,1.7047,1.8430000000000002,0.1466,1.9398000000000002,2.8445,2.1373,1.4425000000000001,1.7160000000000002,0.22340000000000002,4.047000000000001,1.2736,0.3326,0.9629000000000001,1.0572000000000001,1.4460000000000002,2.0198,0.7267,0.9596,0.12000000000000001,4.7666,1.1073,0.7553000000000001,0.2614,2.2235,5.322500000000001,2.5108,2.0909,0.9572,1.6013000000000002,0.2763,4.6162,3.8417000000000003,2.593,0.234,1.6574,2.8295000000000003,0.6047,4.5302,2.1715,2.3475,0.5059,0.060500000000000005,0.22920000000000001,0.188,0.6106,1.3642,1.4520000000000002,0.0206,1.6852,5.3569,0.74,1.4476,0.4491,0.7045,0.2989,1.3111000000000002,0.7595000000000001,0.911,3.1113,2.3701000000000003,0.7259,1.9477,2.1601,1.4054,0.034800000000000005,0.4052,1.1280000000000001,1.7463000000000002,0.8022,2.2233,2.589,0.7304,1.0668,0.077,1.3834,2.3138,0.4036,1.237,1.6181,1.0210000000000001,0.20980000000000001,0.34900000000000003,1.1135000000000002,0.17650000000000002,3.2141,1.8839000000000001,0.27990000000000004,0.7020000000000001,0.11180000000000001,0.8009000000000001,1.1194,1.9033,0.2121,0.2536,1.2562,1.8211000000000002,0.7055,1.4688,2.1461,0.0076,0.25020000000000003,0.5296000000000001,2.4788,1.1260000000000001,1.7655,0.23270000000000002,1.2626000000000002,0.8242,0.3116,2.1073,2.1071,0.2686,1.3473000000000002,2.8563,3.3191,2.14,1.2314,2.1788000000000003,1.7558,0.0762,2.0579,2.0554,1.3666,1.4373,2.2044,2.7046,1.2035,2.2586,0.2409,0.7103,0.3799,1.4657,0.064,0.8921,1.3048,0.3528,0.7436,1.3082,2.0955,1.5533000000000001,1.145,0.3412,0.9495,1.8333000000000002,0.3461,0.10650000000000001,1.5809,0.33640000000000003,0.4143,2.1461,0.2635,0.2394,2.0233,1.1637,1.5117,1.4569,1.7231,2.1367000000000003,1.6366,0.09970000000000001,3.0857,1.4068,1.4082000000000001,1.4263000000000001,0.0298,1.8996000000000002,0.9471,0.2844,0.25020000000000003,0.0732,1.4879,0.2389,2.7048,1.4112,2.1238,0.0407,1.0626,0.4516,0.8771,0.07010000000000001,0.9351,0.10160000000000001,1.6467,2.0635,0.5831000000000001,1.028,0.16790000000000002,0.2399,0.2902,1.7041000000000002,2.3455,1.637,0.5312,0.2096,0.2999,0.9148000000000001,2.906,0.9933000000000001,0.8479,2.0834,0.37060000000000004,2.1276
,1.1496,0.0351,0.8495,1.1514,0.3012,2.107,0.653,0.5109,0.0304,0.8829,1.8118,0.0673,0.894,1.4787000000000001,1.341,0.3708,1.6886,3.4772000000000003,5.367500000000001,3.8734,2.9809,2.7931,2.3309,0.28350000000000003,0.8500000000000001,2.1464000000000003,3.1303,3.3202000000000003,0.2597,0.1652,0.052700000000000004,0.2726,1.5064,0.382,0.033800000000000004,1.2953000000000001,1.8613000000000002,0.26430000000000003,0.5595,0.8425,0.8727,0.321,1.6089,0.0188,1.9709,0.8989,0.16570000000000001,0.9003,0.5849,1.8130000000000002,1.0102,1.0151000000000001,1.0898,4.2922,0.9895,0.879,1.3493000000000002,1.2159,2.2914000000000003,0.41150000000000003,0.22390000000000002,0.3372,0.16040000000000001,0.2671,2.7925,0.1565,0.9487000000000001,1.4315,1.0835000000000001,2.3664,2.9213,1.6036000000000001,2.0445,2.1739,0.4516,2.8621000000000003,1.1325,0.8956000000000001,1.1266,1.7079,2.0339,0.44820000000000004,1.5171000000000001,3.7839,0.7126,2.6114,1.4566000000000001,0.6255000000000001,1.7047,0.1552,0.1032,0.7013,2.0294000000000003,4.4273,1.1501000000000001,0.0675,0.22340000000000002,3.7039,1.4153,0.8169000000000001,1.7473,1.1483,1.4460000000000002,2.0198,0.6208,0.0281,3.7445000000000004,1.0805,1.1073,2.407,0.8103,0.6099,0.1694,4.7319,0.6774,0.5847,0.5453,0.2805,0.9346000000000001,2.1709,3.0273000000000003,2.4015,0.5631,1.9686000000000001,1.7557,0.0292,1.1314,0.9217000000000001,3.5156,0.0245,2.2779000000000003,1.1856,1.0146,0.0723,0.9495,3.8889,1.0181,2.7293000000000003,1.0067000000000002,0.6352,0.9233,0.8831,2.3078000000000003,1.3111000000000002,0.0522,2.3422,3.7703,2.3912,1.5182,0.262,1.9181000000000001,1.7958,1.6232,0.6621,2.2631,0.23950000000000002,0.5728,0.4454,2.8051,1.5929,1.0668,1.1214,1.0628,1.4575,1.0634000000000001,0.36510000000000004,1.8914000000000002,1.3238,0.3165,8.3245,1.0886,2.1470000000000002,2.523,1.546,1.7357,0.7020000000000001,1.3182,1.3567,1.2139,1.9033,0.2121,1.0416,1.2562,0.7283000000000001,2.5008,2.2861000000000002,0.4012,1.352,0.2278,1.2847,0.0273,1.8221,0.2019,0.23270000000000002,0.3678,2.7645,0.21660000000000001,2.1065,0.19310000000000002,0.2686,0.9784,3.1426000000000003,2.1403000000000003,0.3482,1.0349000000000002,0.2394,0.5872,3.1947,1.8236,2.0554,1.3666,0.9014000000000001,1.1329,1.2804,1.1986,3.2556000000000003,1.233,0.0079,0.3799,0.2927,2.9743,0.6557000000000001,1.0467,0.39130000000000004,0.35500000000000004,1.7089,1.9466,0.052500000000000005,4.2346,0.2162,0.0741,2.7582,0.32380000000000003,0.6315000000000001,1.5809,0.33640000000000003,1.0435,2.1461,0.2635,0.49670000000000003,1.0623,0.0825,1.0139,0.1741,1.216,0.018500000000000003,1.7186000000000001,1.7197,3.0857,1.2064000000000001,1.4082000000000001,0.14880000000000002,0.9263,1.2455,3.1825,0.24480000000000002,0.25020000000000003,1.1812,0.08120000000000001,4.4128,5.282,1.5603,2.1238,0.15990000000000001,0.191,0.4516,0.0629,0.0063,0.9351,6.9168,5.158,2.0457,0.5831000000000001,1.028,1.6313,1.8992,0.2902,1.7041000000000002,0.317,1.667,0.1489,0.2096,2.4404,0.8199000000000001,2.6503,0.9538000000000001,2.1809000000000003,2.0834,0.37060000000000004,1.6364
,0.2695,0.0351,0.8495,1.8356000000000001,0.3012,2.1838,0.9429000000000001,2.0576000000000003,0.44920000000000004,0.8829,0.551,0.1613,0.894,0.6707000000000001,1.341,2.5041,1.6886,3.8123,4.3347,2.2554000000000003,4.2051,2.1677,2.3309,0.9794,0.42300000000000004,2.1464000000000003,3.1303,3.302,1.3967,0.1652,1.3653,0.632,3.109,1.9112,0.21610000000000001,0.5157,2.3464,0.2449,0.9587,1.2078,0.8727,1.6962000000000002,1.6089,0.2977,0.5871000000000001,0.1193,1.4544000000000001,0.6542,0.7621,2.0138000000000003,1.0102,3.4856000000000003,2.6444,1.754,0.0983,2.2073,1.6197000000000001,1.0915000000000001,2.74,1.8647,0.4912,0.4283,0.0076,0.5369,2.7925,1.8265,1.3543,1.1382,0.4375,0.2124,3.5330000000000004,1.6036000000000001,1.8344,1.08,0.3633,3.3103000000000002,1.3045,2.0057,1.1292,0.2076,0.807,0.14150000000000001,0.5800000000000001,1.9201000000000001,2.1672000000000002,0.9562,0.5133,0.0425,1.5443,1.2045000000000001,0.6349,1.4425000000000001,0.0256,0.09390000000000001,0.5098,2.2634000000000003,0.4163,0.5741,1.4153,0.8169000000000001,0.4037,1.4807000000000001,0.5361,0.0528,0.0907,0.0281,0.12000000000000001,1.1338000000000001,1.0712000000000002,1.3109,3.2267,0.6176,3.2958000000000003,2.6609000000000003,0.20550000000000002,0.24230000000000002,0.7216,1.7553,1.1051,0.507,1.8895000000000002,1.2870000000000001,0.4106,0.3885,2.0723000000000003,0.0292,0.49310000000000004,0.0918,1.9696,1.1089,1.2187000000000001,0.4923,0.16870000000000002,1.5019,0.27890000000000004,6.024100000000001,1.0061,2.7293000000000003,0.9942000000000001,0.6352,0.9252,2.6830000000000003,2.3078000000000003,0.034300000000000004,0.0522,2.3422,1.9899,2.3912,2.8248,1.0444,0.9976,0.2691,1.4513,1.2728000000000002,3.331,0.1544,0.0883,3.5152,0.2731,7.942500000000001,0.38430000000000003,0.519,2.1586000000000003,1.5526,0.9380000000000001,0.8450000000000001,0.5843,1.3238,0.3165,0.2669,1.0886,2.1470000000000002,2.1026000000000002,1.3758000000000001,1.7266000000000001,0.9037000000000001,1.3773,0.0849,1.4308,0.09970000000000001,0.7007,3.4515000000000002,1.0809,0.2856,2.9214,1.8785,0.4012,1.4635,1.4764000000000002,2.2777000000000003,1.7303000000000002,0.8765000000000001,0.547,0.9005000000000001,3.4647,2.7682,0.21660000000000001,0.5860000000000001,0.10830000000000001,1.9044,0.9784,0.5453,2.1403000000000003,2.1939,1.8259,2.4607,5.8724,3.1947,1.8236,1.3948,0.3667,0.8307,2.9146,1.8820000000000001,1.7428000000000001,1.8677000000000001,1.2650000000000001,0.7103,1.9795,1.4427,1.0387,0.6557000000000001,1.0467,1.6633,0.388,0.6619,1.6235000000000002,0.0534,0.3236,0.15480000000000002,1.812,0.07060000000000001,1.1680000000000001,3.8512000000000004,2.3617,0.3753,1.7214,0.8317,1.5863,0.6697000000000001,0.7785000000000001,1.8964,0.6656000000000001,2.3934,0.3468,1.8945,3.1208,0.8719,2.1857,1.1699000000000002,1.0771,0.20700000000000002,0.34890000000000004,0.8933000000000001,2.0014000000000003,1.454,0.6662,1.4214,2.6999,1.731,2.0084,0.806,0.3577,0.15990000000000001,0.3386,1.5176,0.0369,0.2165,0.641,0.324,0.3916,1.2214,0.9217000000000001,0.44060000000000005,0.4801,0.3945,2.7803,1.6404,2.3182,1.8575000000000002,0.9453,3.5574000000000003,2.4404,0.544,0.1087,1.7481,2.1809000000000003,2.6037,1.7570000000000001,1.6364
,1.5018,1.1191,2.7174,1.3656000000000001,1.3563,2.107,0.9429000000000001,0.2627,1.4109,0.0426,0.551,0.1613,2.3049,0.2853,3.9502,2.5068,0.1318,3.7926,0.2489,1.2376,1.2871000000000001,2.3473,0.2506,0.9714,0.7298,1.6880000000000002,0.1247,1.1814,1.3967,0.0351,1.3653,0.632,0.38980000000000004,1.6520000000000001,2.3632,0.45930000000000004,0.0417,2.6055,0.25520000000000004,0.1689,1.9015000000000002,0.49150000000000005,2.0335,0.2977,0.7732,0.1211,1.4544000000000001,1.707,2.1005000000000003,2.0138000000000003,0.31010000000000004,2.0989,0.1681,2.6670000000000003,1.2305000000000001,2.2073,0.3252,0.6702,0.65,2.0053,0.3125,1.9063,0.14500000000000002,0.6787000000000001,1.7586000000000002,1.5094,1.3543,2.0481000000000003,0.4375,0.2124,0.3679,0.3532,0.3652,0.033,0.6728000000000001,2.3202000000000003,0.9452,3.5822000000000003,1.1891,1.0737,3.0242,0.798,0.5800000000000001,1.141,2.1672000000000002,3.6213,1.0728,2.7082,1.0327,1.195,0.6349,2.2921,1.0232,1.7237,0.2023,1.3214000000000001,0.4163,0.6254000000000001,0.2685,0.5051,3.7802000000000002,0.6529,1.4595,1.0706,1.7237,1.9828000000000001,1.1526,1.202,0.4685,1.0028000000000001,0.9372,1.1876,3.5327,2.2861000000000002,2.0046,0.7118,2.0321000000000002,2.1324,1.3355000000000001,0.0201,1.8895000000000002,1.2870000000000001,0.6499,0.5431,1.4471,1.9533,1.0449,1.6084,1.4409,0.4883,1.2187000000000001,2.2018,0.3658,0.5582,4.990600000000001,0.306,1.5331000000000001,0.6199,0.624,3.3571,1.3446,2.4017,0.5584,0.0853,2.7485,0.7617,2.0055,1.4588,4.2645,1.0627,3.6693000000000002,0.2691,0.22240000000000001,1.3854,1.1662000000000001,1.423,0.0883,0.0567,0.2731,2.2867,0.37310000000000004,0.108,0.9385,1.5526,1.3231000000000002,2.4915000000000003,0.7288,3.7095000000000002,0.0173,1.7665000000000002,0.36110000000000003,2.3574,0.8682000000000001,1.7989000000000002,0.044500000000000005,0.9037000000000001,1.3773,1.2073,1.2348000000000001,0.9129,0.2551,0.4449,0.2155,2.2826,0.3114,0.15130000000000002,1.4445000000000001,1.7248,1.4764000000000002,1.9349,0.2359,3.317,0.7083,0.9919,1.5308000000000002,1.1225,0.7795000000000001,0.435,2.1702,1.9044,1.4745000000000001,1.0606,2.0867,0.30720000000000003,2.5538000000000003,2.5233000000000003,5.864400000000001,0.48050000000000004,2.7590000000000003,1.3948,1.3324,0.8307,2.9146,0.22390000000000002,0.378,1.8677000000000001,2.4148,0.005200000000000001,1.4469,0.43820000000000003,0.0756,0.6856,2.0954,1.6633,1.4427,0.3962,0.2637,0.0502,0.3236,0.5273,1.2163000000000002,2.2544,1.1680000000000001,2.3994,0.1241,1.5087000000000002,0.2671,0.733,1.5983,2.0163,0.0349,0.6827000000000001,0.43760000000000004,2.0812,0.2474,1.2117,0.7052,0.9715,0.6066,2.5050000000000003,1.7233,2.6806,0.7285,0.8933000000000001,5.9981,0.9561000000000001,0.6662,1.4214,4.6005,1.731,1.0012,2.5311,3.1081000000000003,1.7054,0.1787,1.5176,0.0369,0.9971000000000001,0.059300000000000005,1.5830000000000002,1.3978000000000002,0.1135,1.312,0.19090000000000001,2.2399,0.3945,0.17500000000000002,0.1315,0.1333,1.8575000000000002,0.9331,0.46240000000000003,0.41250000000000003,4.8926,0.5518000000000001,1.7261000000000002,1.1849,2.1407000000000003,0.7247,3.2441
,2.2721,2.2067,0.8002,1.2792000000000001,0.1857,0.23370000000000002,0.5864,0.2725,0.10110000000000001,0.5018,0.7419,0.9086000000000001,1.3647,4.1104,3.9523,0.8955000000000001,0.6133000000000001,2.9906,0.30360000000000004,1.1553,2.1205000000000003,2.3473,4.8768,1.7354,0.7369,1.5084,1.2798,2.9078,0.5644,0.0351,0.14600000000000002,1.5455,0.0417,0.8771,1.5602,0.45930000000000004,0.09290000000000001,1.9278000000000002,0.25520000000000004,2.8659000000000003,1.0964,1.3645,0.7949,3.2675,0.2501,1.1358000000000001,0.5723,1.707,2.0888,0.9756,0.31010000000000004,0.0092,0.0965,0.2565,2.2585,3.3107,1.5477,0.6884,1.2586000000000002,1.705,0.8971,1.3709,2.3394,1.2813,1.5310000000000001,1.7308000000000001,0.46430000000000005,3.2245000000000004,1.4024,2.0221,0.3679,0.3532,0.3652,0.8773000000000001,0.6728000000000001,0.2151,1.1056000000000001,0.6292,1.1766,0.11170000000000001,3.0242,0.798,1.3355000000000001,1.1518000000000002,5.6321,1.0824,1.0728,1.723,0.0966,1.7081000000000002,1.6836,2.2921,1.0285,1.4459,1.268,0.9181,3.1722,0.12350000000000001,0.4389,0.5055000000000001,0.1075,1.5187000000000002,0.0645,0.6894,2.9022,1.0997000000000001,0.0476,0.009600000000000001,0.4685,0.4006,0.9372,0.1491,0.3749,0.8245,0.1663,0.5609000000000001,0.8593000000000001,2.1324,0.0105,1.2327000000000001,1.7892000000000001,1.5818,1.6202,3.7369000000000003,0.9364,1.0534000000000001,3.7006,2.7531000000000003,1.7575,0.5002,2.2218,1.0385,2.0988,0.24100000000000002,3.6263,0.0616,4.0732,0.3902,0.624,3.258,0.234,5.3292,0.5584,1.0264,2.7485,0.7974,0.2948,1.587,1.9119000000000002,1.1295,0.013900000000000001,3.6540000000000004,0.16240000000000002,0.23020000000000002,2.8259000000000003,1.423,1.1044,2.0111,2.4504,0.3022,0.7897000000000001,0.09680000000000001,0.5292,2.1085000000000003,1.1448,1.0621,0.7288,3.149,0.2364,2.3039,0.30720000000000003,2.5547,0.8682000000000001,1.2469000000000001,1.4906000000000001,0.023700000000000002,6.540100000000001,5.1772,1.2348000000000001,0.9129,2.555,0.41390000000000005,0.2155,2.2826,1.2544,0.0145,0.3965,1.7248,1.0121,0.7392000000000001,2.446,3.3086,0.45830000000000004,1.3373000000000002,1.3888,0.4545,1.7745000000000002,0.32280000000000003,1.364,0.7552,0.0131,1.0606,0.24350000000000002,0.1978,2.4835000000000003,2.5331,2.5794,2.9986,0.7783,0.2494,3.0663,1.9638,1.3513000000000002,2.4136,2.1661,0.5121,2.4148,1.3353000000000002,1.4356,0.5919,0.7596,0.6856,1.6639000000000002,3.5763000000000003,1.4347,2.7732,0.5886,2.6786000000000003,0.6393,0.5273,2.0576000000000003,0.9495,1.2461,1.0053,0.5198,1.9712,1.284,0.0164,1.0658,1.2147000000000001,2.1119,1.5116,0.312,0.6083000000000001,0.2474,2.0853,0.5737,3.1165000000000003,0.4894,2.5050000000000003,2.0016000000000003,1.7163000000000002,0.7285,0.2122,0.2995,1.3897000000000002,1.786,2.2694,1.2936,0.8931,3.5703,2.5311,0.4423,0.5021,1.0176,2.02,3.5816000000000003,1.1488,0.8617,1.1202,3.7209000000000003,0.1135,3.1059,1.669,2.2399,1.9372,1.0611000000000002,1.2633,0.43660000000000004,0.8142,0.9331,1.024,0.41250000000000003,0.9339000000000001,1.5202,0.0979,1.1945000000000001,0.9828,1.3639000000000001,2.8852
,0.7105,2.2067,1.1729,0.39830000000000004,2.1124,1.2857,1.828,0.1733,2.3249,0.7342000000000001,0.1014,0.0487,1.0161,2.8729,5.7361,0.189,0.137,1.826,0.30560000000000004,3.716,2.1344000000000003,0.4259,0.7679,0.2107,1.4887000000000001,2.1625,0.2218,0.5936,1.7294,1.4173,1.0428,1.4073,1.2406000000000001,0.6208,1.3697000000000001,0.0687,0.9626,1.9278000000000002,1.4645000000000001,3.8767,0.8520000000000001,2.049,1.2942,4.085100000000001,2.6514,2.0539,0.7432000000000001,1.2711000000000001,1.4295,0.9084000000000001,2.169,1.264,1.4467,0.15610000000000002,2.0831,0.06910000000000001,3.5499,0.5938,1.7807000000000002,1.7550000000000001,2.7572,1.3709,4.7001,4.0135000000000005,0.1769,2.0992,0.44630000000000003,3.2245000000000004,0.20320000000000002,2.0221,0.5981000000000001,0.29910000000000003,3.7033,0.8773000000000001,0.48450000000000004,2.0744000000000002,1.0403,2.1931000000000003,0.9033,1.5814000000000001,0.4621,1.7303000000000002,2.1389,2.0741,2.1108000000000002,1.6481000000000001,0.0693,0.6273000000000001,2.0309,2.7131000000000003,2.0298000000000003,0.4445,0.30560000000000004,0.46590000000000004,0.9984000000000001,0.7399,3.1425,0.12350000000000001,1.7288000000000001,0.038700000000000005,1.3187,1.3032000000000001,0.0965,0.6404000000000001,4.0404,1.0997000000000001,0.12040000000000001,0.5650000000000001,1.2052,0.2485,1.4574,0.4051,0.23290000000000002,1.8028000000000002,1.8026,1.0510000000000002,1.8821,1.7546000000000002,0.7411,1.2626000000000002,3.902,0.021500000000000002,1.6202,1.4462000000000002,3.4714,1.8561,1.7366000000000001,0.2497,1.3774,5.8513,1.4511,0.6822,1.4755,0.2684,0.6943,1.8924,4.6596,3.1707,3.0353000000000003,0.307,1.3446,5.6803,2.2561,1.1636,1.0542,0.0455,0.9665,1.5850000000000002,1.9119000000000002,0.8098000000000001,0.013900000000000001,3.6579,1.9771,0.9372,2.8259000000000003,1.3088,1.1044,1.8386,1.9617,0.2666,1.9119000000000002,0.3284,0.1638,2.1,3.0276,1.0621,0.535,3.149,0.09140000000000001,1.7665000000000002,0.24600000000000002,1.8842,1.1452,1.2469000000000001,0.0737,0.0936,5.4772,1.2621,1.1894,0.6644,0.73,3.0102,0.35710000000000003,0.0646,0.8982,0.2755,1.1129,0.20550000000000002,1.0121,1.9349,1.3989,1.5670000000000002,0.45830000000000004,5.1586,0.1014,0.5196000000000001,2.8027,0.32280000000000003,1.7221000000000002,0.31880000000000003,2.2172,0.8673000000000001,3.2616,0.23850000000000002,2.4874,1.8685,1.3646,1.8516000000000001,0.049,1.3606,2.47,4.0949,0.08460000000000001,2.347,1.8069000000000002,0.06620000000000001,0.07640000000000001,2.4967,6.564900000000001,0.5919,0.2635,2.9661,1.6639000000000002,1.9792,1.3756000000000002,2.7732,0.9356000000000001,0.8459,0.6624,0.6663,2.0576000000000003,1.7630000000000001,0.0371,1.0053,2.1212,1.9666000000000001,0.39630000000000004,1.1714,1.8463,0.45120000000000005,2.1119,1.5116,0.6106,1.6477000000000002,1.492,0.6213000000000001,0.5737,4.4042,0.3259,1.3043,1.6107,2.7898,0.2049,2.0409,3.2116000000000002,1.3897000000000002,2.3309,2.2694,0.3165,0.1841,0.08900000000000001,1.1043,0.4423,3.1277000000000004,1.3691,0.33,3.5816000000000003,1.2627000000000002,3.5375,0.3821,1.1077000000000001,1.1023,0.0631,1.7056,1.2099,1.945,1.1312,1.2427000000000001,0.1333,1.691,1.1317000000000002,1.024,0.0346,0.9339000000000001,0.5062,3.5701,0.49760000000000004,0.0961,0.5981000000000001,0.5915
,0.3685,0.0318,1.1487,1.3624,1.5354,1.2650000000000001,0.7729,2.2714000000000003,1.3468,4.1174,1.5874000000000001,2.2448,1.5379,5.651400000000001,0.1958,0.8591000000000001,0.1862,0.404,1.9799,2.0499,1.3985,0.46730000000000005,0.2778,1.7459,0.997,1.8564,0.2218,0.5019,1.0649,0.9158000000000001,1.4704000000000002,1.1236000000000002,1.5485,0.6208,0.8615,0.1995,2.4205,0.7662,1.7264000000000002,1.5764,1.1027,1.3645,0.3316,1.2001000000000002,1.3121,1.6793,0.7090000000000001,1.8795000000000002,1.0736,2.3099000000000003,0.7622,0.9560000000000001,0.3224,0.015700000000000002,0.36760000000000004,2.3725,3.2448,1.5847,1.6948,1.6355000000000002,1.7954,1.9380000000000002,3.4322000000000004,4.0135000000000005,0.7901,2.0992,0.7782,1.2007,1.8336000000000001,2.4376,0.5656,0.2692,3.6929000000000003,2.7559,0.43260000000000004,0.7439,1.0403,2.1931000000000003,2.2547,3.0252000000000003,0.3567,1.7022000000000002,1.2701,1.7764,1.8209000000000002,1.6481000000000001,1.1824000000000001,5.8597,1.3804,1.2654,1.1225,0.4445,0.30560000000000004,0.46590000000000004,0.9984000000000001,0.9185000000000001,3.1425,1.5954000000000002,3.8207,0.1534,2.8764000000000003,3.3644000000000003,1.4894,0.9660000000000001,4.0404,1.9543000000000001,0.12040000000000001,0.5650000000000001,1.3288,0.0627,0.39640000000000003,3.0732,0.5568000000000001,0.19790000000000002,1.0738,1.848,0.4693,0.7573000000000001,0.6521,6.5502,2.2502,0.7091000000000001,1.1633,1.05,3.5293,3.2176,1.7366000000000001,0.6001000000000001,1.5085000000000002,0.9641000000000001,0.016,0.6822,1.0967,2.0544000000000002,0.6621,0.6672,0.787,1.0581,3.2931000000000004,1.743,0.3301,1.3920000000000001,0.059000000000000004,1.1636,0.6262,1.0702,1.2161,1.326,4.188400000000001,1.1295,0.0211,1.5759,3.6734,1.4313,0.9232,1.8484,1.1106,1.7233,3.7136,1.5308000000000002,2.0087,0.3284,1.5385,2.0253,3.3547000000000002,0.547,0.535,0.5891000000000001,1.5411000000000001,1.0295,0.24600000000000002,1.8181,1.3615000000000002,0.1612,0.7319,0.6628000000000001,2.3823000000000003,1.4664000000000001,0.010400000000000001,0.42450000000000004,0.73,1.1461000000000001,0.3421,0.4343,0.8982,3.9657,0.0195,0.23950000000000002,0.3146,0.9065000000000001,0.5927,0.010400000000000001,2.115,1.1609,0.3381,0.3295,0.3669,1.8433000000000002,1.7474,2.3169,0.5638000000000001,2.205,1.0517,0.7229,0.2918,1.9320000000000002,0.1317,0.7096,1.6607,0.7529,0.24830000000000002,3.5066,1.073,1.359,1.3573000000000002,3.2595,0.2707,1.7088,0.6197,1.8954000000000002,0.2635,0.08900000000000001,1.2858,2.4142,1.4260000000000002,2.2476000000000003,2.3036000000000003,0.8459,1.3503,0.2389,1.3477000000000001,0.3267,2.3609,0.4801,0.0868,1.1356000000000002,2.1733000000000002,1.0677,1.8457000000000001,0.2878,4.8089,1.1712,0.5913,0.3766,4.4128,0.6266,0.2286,0.9429000000000001,0.3259,0.29660000000000003,0.9335,0.7068,1.5024000000000002,2.0807,2.8501000000000003,3.2659000000000002,2.3309,0.2082,1.095,0.8181,0.4182,0.057800000000000004,1.8401,1.5259,1.032,1.8647,0.15960000000000002,0.9277000000000001,1.3337,0.3821,1.1077000000000001,1.1023,0.5609000000000001,1.7056,0.2457,1.1803000000000001,1.9756,1.7565000000000002,1.0208000000000002,1.3071000000000002,0.8581000000000001,0.41600000000000004,0.06910000000000001,1.9543000000000001,1.3599,1.3582,1.9422000000000001,1.7697,0.5981000000000001,0.3446
,0.2091,0.0318,2.1434,1.3624,0.3763,0.11910000000000001,0.6684,1.3656000000000001,2.1215,0.23170000000000002,1.5874000000000001,2.2448,2.862,2.0352,0.4081,2.4989,0.1862,0.032100000000000004,1.5948,1.4228,0.2852,0.46730000000000005,0.2778,0.0239,0.997,0.1587,0.6976,1.9274,1.0649,0.0063,1.1024,1.1236000000000002,1.4472,1.7283000000000002,0.341,0.9038,3.1253,2.2716000000000003,1.7317,1.5764,2.0027,0.20040000000000002,2.2,0.7731,2.0429,2.1273,1.254,1.8795000000000002,1.0993,1.3946,0.0454,0.6309,0.3224,0.7237,0.763,0.23320000000000002,0.36060000000000003,1.8451000000000002,1.8169000000000002,1.2162,1.8067000000000002,1.4693,0.1303,2.044,0.341,0.0339,0.0813,1.0647,0.5953,1.7485000000000002,1.7206000000000001,0.0159,1.034,0.7931,1.6158000000000001,1.3876000000000002,2.1139,0.8887,0.24400000000000002,1.5814000000000001,1.8576000000000001,0.3284,1.5533000000000001,2.4506,0.14500000000000002,3.1206,1.9318000000000002,2.4989,0.4565,0.2908,2.1305,0.5173,1.5791000000000002,0.5386000000000001,0.0177,0.9185000000000001,0.2917,0.08710000000000001,3.8906,1.0554000000000001,2.8764000000000003,0.5734,1.6491,1.0170000000000001,0.7759,2.0914,2.612,0.5652,2.6286,4.4446,1.1380000000000001,0.0183,2.5946000000000002,0.7057,0.0281,1.848,0.7611,1.2107,2.6795,3.1547,1.2716,2.6684,2.853,2.3325,2.6824000000000003,0.33790000000000003,1.4339000000000002,0.6001000000000001,1.5085000000000002,0.9641000000000001,0.2816,1.9255,1.0967,1.6137000000000001,2.4136,0.38770000000000004,0.1947,0.030500000000000003,3.5014000000000003,0.09580000000000001,2.3388,1.3920000000000001,2.1121000000000003,0.26480000000000004,1.3768,4.8317000000000005,1.4721,0.013300000000000001,1.0405,0.48600000000000004,1.9811,0.16110000000000002,1.8923,0.8083,0.2571,0.8144,2.4241,0.6008,1.6572,0.1948,0.44720000000000004,0.2622,2.4428,2.9091,0.6980000000000001,2.4563,0.30770000000000003,0.679,1.5411000000000001,1.0295,2.5065,0.0703,0.10070000000000001,1.5862,0.9850000000000001,1.3821,1.2172,1.4664000000000001,1.5975000000000001,1.6074000000000002,1.5905,1.1461000000000001,1.226,0.4375,2.0415,3.9657,5.3455,0.9485,2.9558,0.7296,0.13140000000000002,0.5221,1.5843,2.0449,1.4306,2.4416,0.24380000000000002,0.653,1.9382000000000001,1.6441000000000001,1.6965000000000001,1.108,1.1049,0.7229,0.2918,2.8638000000000003,0.007200000000000001,5.613700000000001,0.7140000000000001,3.212,0.0434,0.12710000000000002,1.6603,0.2952,0.9305,2.1482,2.5372,0.6266,0.9179,0.13190000000000002,0.028800000000000003,1.228,0.9569000000000001,1.9636,1.8203,1.0641,2.9112,1.8026,0.4335,2.3771,1.3672,0.2988,0.6449,0.4801,0.3023,0.27080000000000004,2.1733000000000002,1.0597,0.3754,0.6365000000000001,0.060500000000000005,1.0118,0.33630000000000004,1.2522,2.3548,0.9321,0.0799,0.2079,1.5916000000000001,0.29660000000000003,0.7058,1.2848000000000002,1.2027,2.0807,0.8778,0.0922,1.5785,1.7507000000000001,0.5157,1.4312,1.8621,1.0626,1.9649,1.3199,2.5854,0.0758,0.15960000000000002,0.9277000000000001,1.3337,0.8344,0.2109,0.768,0.5609000000000001,2.0980000000000003,3.5109000000000004,2.1782,3.9729,2.1413,1.2758,0.9428000000000001,2.6339,1.5055,1.2951000000000001,1.9543000000000001,0.5062,2.1137,1.2936,0.3426,1.3864,0.3446
,0.2091,2.9177,2.1434,1.5869,0.43910000000000005,0.06280000000000001,1.2894,0.0076,2.1215,0.1317,3.3160000000000003,0.47950000000000004,2.9068,2.0352,0.5352,0.9598000000000001,1.4988000000000001,0.0308,2.4385000000000003,0.0441,2.1936,2.5203,1.6091,0.0094,1.1896,0.7117,0.17830000000000001,1.9274,1.469,1.6035000000000001,1.1024,4.3426,1.4472,1.6228,0.40590000000000004,0.9038,0.4002,0.5345,1.8045,0.14600000000000002,2.0027,1.5496,2.2021,0.6336,2.0283,3.4204000000000003,0.066,1.8065,0.5143,1.5516,0.5217,0.6309,0.0736,0.7237,0.763,0.23320000000000002,0.6127,1.5737,1.3049000000000002,1.2379,2.1066000000000003,0.4066,0.7598,1.1514,0.341,0.27240000000000003,0.0813,2.173,0.5953,1.5012,1.7352,1.4857,1.034,0.7931,1.1018000000000001,1.3876000000000002,1.356,1.5905,1.9612,1.5307000000000002,1.7403000000000002,0.41440000000000005,1.4575,1.0431000000000001,0.28650000000000003,0.7932,1.9319000000000002,1.1156000000000001,0.4565,0.2908,1.4288,1.1,4.0675,0.5945,0.0177,1.2944,0.38970000000000005,1.5377,2.4233000000000002,0.3103,0.8909,0.7544000000000001,2.4415,1.7514,0.6847000000000001,1.4508,2.612,2.2411000000000003,2.8756,3.5747,1.1380000000000001,0.8769,2.5967000000000002,1.5655000000000001,0.0281,2.5314,0.1004,2.0029,3.0075000000000003,1.7606000000000002,1.2429000000000001,1.0112,0.1379,0.8066,1.4694,0.0051,0.3657,0.0217,1.1738,1.3116,0.3733,1.9066,0.5199,0.2514,0.79,0.5698,2.2031,2.2484,3.5173,0.0053,0.4423,0.5856,1.3493000000000002,0.26480000000000004,0.8466,1.6523,1.4721,2.5432,0.7214,0.3629,0.6858000000000001,0.545,3.6745,1.4313,0.2571,0.5065000000000001,0.6562,0.3446,1.1561000000000001,0.1948,0.3592,0.2622,2.3262,0.4525,0.622,0.09290000000000001,0.5783,0.07970000000000001,8.835600000000001,0.6547000000000001,2.5065,1.9393,2.2846,1.1659000000000002,0.9500000000000001,0.6628000000000001,0.5334,1.3116,1.5376,1.6074000000000002,1.3436000000000001,0.7817000000000001,0.4081,0.4375,0.1342,0.0142,2.693,1.0839,3.0010000000000003,0.7296,0.13140000000000002,0.5221,0.9466,2.0449,1.8027000000000002,2.0973,0.0253,0.30360000000000004,0.9223,2.5653,0.3093,1.2983,0.046900000000000004,0.2948,0.0257,0.4076,0.3295,2.3480000000000003,1.9699,2.5961000000000003,1.5813000000000001,1.2789000000000001,0.29150000000000004,1.0792000000000002,0.8973000000000001,1.1164,1.1272,0.6101,1.9929000000000001,0.13190000000000002,1.1339000000000001,1.228,0.633,1.1614,0.43460000000000004,0.29100000000000004,0.27840000000000004,2.4814000000000003,1.5917000000000001,0.4257,1.0378,1.2321,0.5272,1.2583,0.3023,1.2586000000000002,1.3873,0.7176,0.3632,0.3663,0.060500000000000005,3.2124,,1.2522,0.38780000000000003,1.1747,1.1079,0.2079,0.5593,1.8914000000000002,3.5421,0.7347,1.2695,1.0681,0.8778,0.0805,0.3113,0.3405,1.7283000000000002,1.4126,0.0494,0.5386000000000001,1.8343,1.3428,1.7406000000000001,0.9004000000000001,0.5363,0.3733,1.4519,2.5302000000000002,0.5988,0.5189,2.8614,0.0912,1.1644,2.1782,3.9729,0.35750000000000004,1.2758,0.4877,1.9589,1.5055,1.8130000000000002,0.1617,1.5965,2.1137,1.1612,0.16090000000000002,0.046,0.791
,0.10010000000000001,2.5445,0.1655,0.22690000000000002,1.0913000000000002,1.3169,1.7981,3.076,0.3294,1.8879000000000001,1.6762000000000001,0.47950000000000004,0.4173,0.043500000000000004,1.0786,1.5527,2.2994,1.2931000000000001,2.5216000000000003,0.0689,1.3161,0.5698,2.3161,0.3688,1.5585,1.1568,1.6817,0.08120000000000001,0.41000000000000003,1.6048,1.7538,5.142,1.9921000000000002,1.7926000000000002,4.0835,1.2151,0.9041,0.11,1.8045,0.7447,2.0467,0.6832,0.19790000000000002,0.6336,0.5830000000000001,0.8249000000000001,2.5933,0.8921,0.5225000000000001,0.1221,0.5217,1.1697,0.0736,2.6501,1.5903,1.46,1.1052,0.5652,0.5701,2.2885,0.4827,1.3945,0.7598,0.117,0.9543,1.3567,1.4982,1.2758,2.9446000000000003,0.28650000000000003,0.665,1.4857,1.2496,2.8489,0.547,0.0442,1.227,1.982,1.9612,0.0235,0.2813,1.0170000000000001,1.4575,0.609,1.9277000000000002,1.514,2.2059,1.1829,1.8864,1.8743,2.7548,1.0017,4.0675,0.4657,1.6106,1.1915,1.1505,1.3218,2.8931,0.365,0.0112,0.09820000000000001,1.6491,0.644,0.3183,1.3813,1.8122,0.6719,1.7492,2.7963,1.383,0.5212,3.0997000000000003,2.0064,3.3555,1.3229,0.0516,0.4218,1.2570000000000001,0.2516,1.4749,1.4232,0.1379,0.8066,1.5785,0.14600000000000002,1.2617,1.3708,0.0534,1.3116,0.3733,1.7449000000000001,1.8391000000000002,2.3517,0.1824,0.9147000000000001,1.9071,2.2484,1.7331,1.1356000000000002,0.0738,0.5856,1.4697,0.0599,0.016800000000000002,1.6560000000000001,1.0994000000000002,1.1626,0.3151,7.434500000000001,0.8539,0.9152,0.5124000000000001,2.333,0.1272,0.16190000000000002,2.4103000000000003,0.2023,0.5177,1.1485,0.12890000000000001,0.06430000000000001,3.0706,0.0671,1.9687000000000001,1.8064,0.5783,0.5630000000000001,5.2972,1.4994,1.2322,2.4593000000000003,0.1647,1.1659000000000002,0.9500000000000001,3.5669,4.4083000000000006,1.1138000000000001,0.195,0.9760000000000001,1.3436000000000001,0.32180000000000003,1.5374,1.722,0.1365,0.0142,2.338,0.6477,1.6453,1.993,0.6917,0.0099,0.2485,0.3582,1.8027000000000002,1.6866,0.6972,1.3571,0.0359,1.4195,0.0463,1.1729,0.046900000000000004,3.2193,0.0257,0.4279,0.6162000000000001,1.8662,2.4346,3.0749,1.5813000000000001,0.7775000000000001,0.6282,0.3665,1.9661000000000002,1.0966,3.5892000000000004,2.5069,1.9929000000000001,0.2238,0.9611000000000001,0.31120000000000003,1.8286,0.6198,1.4644000000000001,0.032,2.3969,1.8675000000000002,2.8609,2.7686,0.3488,0.25730000000000003,1.6372,2.0053,0.30970000000000003,0.8,1.3878000000000001,0.19770000000000001,4.1147,0.6214000000000001,0.2964,0.3682,,1.3412000000000002,1.7165000000000001,0.38520000000000004,1.1031,1.1218000000000001,0.5593,1.0671000000000002,3.4116,0.7347,1.2695,1.633,0.9229,0.0805,0.1825,0.3405,1.7283000000000002,2.1863,0.9831000000000001,0.8215,0.41490000000000005,1.3526,0.9593,1.2393,0.9944000000000001,0.6137,2.3526000000000002,0.0068000000000000005,0.2388,0.5189,0.6334000000000001,0.19160000000000002,0.3065,1.4577,1.5852000000000002,0.2134,0.0053,1.2564,0.554,1.8335000000000001,0.9384,0.0471,1.0243,1.5888,0.8106,1.6703000000000001,1.5221,1.7872000000000001
,0.10010000000000001,0.8804000000000001,3.5858000000000003,1.0236,1.0913000000000002,1.1305,1.7981,1.7557,0.3294,2.1302000000000003,1.4989000000000001,2.4548,0.33530000000000004,1.7584000000000002,0.0947,1.986,1.8483,1.8026,2.1943,1.0714000000000001,3.4146,2.2615000000000003,1.2498,0.099,0.12190000000000001,1.1568,1.6361,0.08120000000000001,4.5972,1.1760000000000002,0.802,1.3097,0.3629,1.0195,1.0463,1.3404,0.156,4.4209000000000005,0.33640000000000003,1.0326,0.6855,0.6832,0.37920000000000004,1.4637,0.3304,0.8249000000000001,1.2941,0.3875,3.2823,0.0086,1.9059000000000001,0.3567,2.2119,2.6501,1.5903,0.7527,0.1958,0.1741,0.2554,2.2885,0.4827,1.3821,1.0856000000000001,0.45840000000000003,0.30210000000000004,3.2034000000000002,1.7195,1.2758,1.3204,2.5845000000000002,3.8680000000000003,1.3777000000000001,0.13470000000000001,0.32730000000000004,1.5033,0.5044000000000001,0.2891,0.06420000000000001,0.5205000000000001,2.1427,1.5177,1.0170000000000001,0.0388,0.41650000000000004,2.5161000000000002,0.7755000000000001,0.0105,1.9613,1.859,0.6271,2.7548,1.0017,0.8985000000000001,0.4657,1.0381,1.4655,2.9934000000000003,0.9493,3.2319,2.5732,2.3532,0.6309,1.7169,1.2316,0.2346,1.9081000000000001,0.9496,2.8865000000000003,1.0205,2.7963,0.7854,1.5769,0.5335,0.443,3.3555,0.6137,1.61,0.40030000000000004,1.2947,0.2516,0.23870000000000002,0.13240000000000002,3.1133,1.0883,0.9388000000000001,0.48350000000000004,0.6379,0.7918000000000001,1.9482000000000002,1.9641000000000002,0.0551,3.221,1.8391000000000002,0.8431000000000001,0.030000000000000002,0.752,1.2687000000000002,0.8819,1.7331,1.1356000000000002,1.8917000000000002,0.15230000000000002,1.2342,4.1337,0.8997,1.5561,1.0994000000000002,0.6506000000000001,0.6256,1.5998,0.8551000000000001,1.7733,0.4812,3.7076000000000002,1.6305,0.5909,0.9614,0.8242,0.5333,1.1485,5.5187,0.0159,0.0367,2.8782,0.9961000000000001,1.1307,2.2015000000000002,0.3385,3.6599000000000004,0.2238,1.1713,1.7117,1.4772,1.2135,3.4035,1.3945,4.4083000000000006,0.35150000000000003,3.273,1.7851000000000001,0.15480000000000002,1.066,1.4341000000000002,1.693,1.7756,0.928,3.2342,4.3542000000000005,0.4796,0.909,1.5372000000000001,2.0252,1.9300000000000002,0.2034,0.7078,1.6866,0.6954,1.3571,1.7770000000000001,0.16770000000000002,0.234,0.26980000000000004,1.4728,3.2193,1.4233,1.7989000000000002,0.1159,1.5884,2.4346,1.0905,2.375,0.0309,1.1785,0.3665,1.9657,0.0872,0.7458,2.5069,2.4445,0.2238,0.36760000000000004,0.3055,0.021500000000000002,0.1948,1.4644000000000001,0.0258,2.3969,0.3786,2.8609,2.7600000000000002,0.3685,0.3247,1.9253,2.2293000000000003,0.8114,0.2669,0.06960000000000001,0.19770000000000001,1.6380000000000001,0.45730000000000004,0.2964,1.8127,,1.3414000000000001,2.6683000000000003,0.38520000000000004,3.1649000000000003,1.3933,0.006,1.0827,2.096,2.5496000000000003,1.9368,0.22990000000000002,0.9351,1.3673,1.6964000000000001,1.1289,0.1217,0.2727,0.7706000000000001,1.9228,0.2928,1.3526,3.0631,1.2610000000000001,1.747,1.7769000000000001,0.1845,0.6164000000000001,0.2388,0.5129,0.6334000000000001,2.1438,1.8788,1.9367,1.1801000000000001,1.2222,0.7903,2.2016,0.554,0.3209,0.6525000000000001,2.2591,0.46380000000000005,1.5906,0.9417000000000001,1.4751,1.5708,0.49570000000000003
,1.4108,1.5349000000000002,1.4087,0.0162,0.6487,2.3722000000000003,0.5196000000000001,1.8777000000000001,0.2033,2.1221,2.0517000000000003,3.3444000000000003,0.3103,1.4932,1.6459000000000001,2.1896,1.8483,2.1516,0.1004,1.2554,0.0134,2.007,3.3587000000000002,1.6459000000000001,0.7414000000000001,0.9395,0.4617,0.9316000000000001,2.0428,0.8877,0.802,1.8734000000000002,0.068,1.0195,1.0463,0.1705,0.7536,5.5998,1.4158000000000002,1.6828,1.9455,1.3169,0.3798,3.0093,0.1401,0.7326,1.6562000000000001,0.3854,1.2057,1.1702000000000001,2.7969,0.3567,3.5286,1.9556,1.6539000000000001,0.3264,1.7465000000000002,1.5752000000000002,0.2999,0.2535,0.3547,1.7512,1.0856000000000001,0.2288,2.0176000000000003,2.0872,1.0323,0.5907,1.3204,1.1707,3.0531,0.6287,0.379,0.184,4.5408,0.2726,0.1875,0.0366,0.5205000000000001,3.2663,0.0879,2.3674,0.0388,1.3415000000000001,2.5161000000000002,0.7953,1.3741,1.9613,1.1555,0.6271,2.8222,0.7158,0.3272,2.5984000000000003,2.0599000000000003,1.3084,1.5441,0.9493,0.9794,0.9953000000000001,0.11420000000000001,0.1385,2.5123,1.2316,0.11720000000000001,0.0117,2.0749,2.8865000000000003,1.2006000000000001,4.4141,1.1571,0.3281,0.2995,0.6818000000000001,0.8318000000000001,1.1767,1.6027,0.40030000000000004,1.3929,1.5323,0.8404,0.12940000000000002,2.4971,1.0883,0.9388000000000001,1.2446000000000002,0.2283,2.0768,2.2483,1.0623,0.0551,1.2966,1.3238,0.8431000000000001,2.1562,0.752,0.3244,1.0275,0.0309,1.1373,2.3794,0.1149,1.2342,2.7628,0.8997,0.5257000000000001,0.7759,0.4006,0.6307,1.5998,1.9472,0.8823000000000001,0.34190000000000004,0.5942000000000001,0.6465000000000001,0.5909,0.1671,0.8242,0.5333,0.6593,5.5187,,0.501,1.1756,0.7267,2.1966,0.4937,5.133500000000001,1.0471000000000001,0.2238,1.4315,0.1741,3.2077,1.3725,1.296,1.3945,4.6424,1.1822000000000001,3.592,1.3334000000000001,1.8299,1.066,2.3076000000000003,0.5679000000000001,1.1569,1.6752,0.1817,2.7271,1.5085000000000002,0.33630000000000004,2.0629,1.3202,1.9300000000000002,1.5943,2.8480000000000003,0.8643000000000001,0.0102,1.1165,1.7770000000000001,1.7020000000000002,0.234,0.1366,1.6174000000000002,3.9936000000000003,1.5813000000000001,1.7989000000000002,2.3305000000000002,0.5479,1.6948,1.1581000000000001,1.3808,0.8002,3.7964,2.7998000000000003,0.24930000000000002,0.0872,0.4307,1.9966000000000002,1.1640000000000001,2.6876,0.3679,2.794,0.021500000000000002,2.0009,1.2033,0.0258,0.9465,0.059500000000000004,0.7988000000000001,2.8347,2.6311,1.8734000000000002,1.3506,0.3527,1.2665,0.2255,1.2491,0.14800000000000002,1.6380000000000001,0.14250000000000002,2.9546,2.2711,,2.3863000000000003,0.454,0.09970000000000001,1.0189000000000001,2.1184000000000003,1.8336000000000001,3.769,2.3079,0.1567,0.2827,1.8569,0.5031,2.1536,1.6964000000000001,0.0269,2.4209,0.35810000000000003,0.7706000000000001,1.9153,0.29100000000000004,1.7115,1.3998000000000002,1.0214,1.0152,0.8077000000000001,0.3548,0.23870000000000002,0.28900000000000003,0.6914,1.3344,2.1438,1.4094,0.3126,2.3807,1.2222,0.0253,2.4411,0.17550000000000002,0.0726,0.3042,2.0612,2.4607,0.014100000000000001,0.9417000000000001,1.4175,1.5708,0.49570000000000003
,1.9083,0.37670000000000003,0.8433,1.4824000000000002,0.6487,2.3722000000000003,0.3504,2.1086,0.6709,1.6291,1.9955,0.3835,0.3103,0.7909,3.7713,2.2718000000000003,2.1845,0.3609,1.6605,0.7052,1.5621,1.6676,1.9057000000000002,2.2819000000000003,0.7693,0.9132,1.5743,0.9316000000000001,1.5797,1.5195,1.081,0.11180000000000001,0.8696,0.397,2.27,2.2831,0.7604000000000001,2.2775000000000003,0.669,1.5433000000000001,0.36810000000000004,1.8894000000000002,2.5321000000000002,3.0093,0.1401,0.7210000000000001,2.1241000000000003,0.3854,1.2395,1.1702000000000001,2.7969,0.2983,3.5286,0.1799,2.1799,1.4991,1.0218,1.5752000000000002,0.1259,0.2535,0.3547,0.8651000000000001,2.213,2.1872000000000003,2.0176000000000003,2.257,2.3014,0.1226,1.5102,1.1707,1.6178000000000001,4.335,0.12760000000000002,0.5984,5.631200000000001,1.4143000000000001,0.1875,0.548,0.027700000000000002,3.2647,1.2845,0.1375,1.5258,0.43610000000000004,0.5765,0.1786,0.9587,0.2136,0.9146000000000001,0.5436,0.09050000000000001,0.44020000000000004,0.0623,3.689,2.0599000000000003,0.5565,0.258,0.676,0.8408,2.2002,0.7105,0.0183,0.6931,0.12760000000000002,2.1802,0.07540000000000001,0.43660000000000004,0.0697,1.2006000000000001,1.2934,0.053000000000000005,1.8498,4.0309,1.4951,0.48660000000000003,2.2474000000000003,1.7456,0.44830000000000003,1.4708,0.6999000000000001,0.8985000000000001,0.0887,1.2972000000000001,0.4494,0.3976,0.0239,0.2283,1.473,1.6835,0.1116,1.2593,1.2966,0.054900000000000004,1.0931,0.31,0.40950000000000003,1.72,0.0721,1.6003,0.2579,2.3794,0.3562,1.905,0.0112,2.2084,4.6317,0.5171,0.4006,1.1807,3.0102,1.9472,1.3915,0.5228,0.2199,0.9799,0.0285,2.2642,1.6511,0.7437,1.1976,0.9122,,1.5744,1.1836,0.7267,0.0379,0.4937,0.0668,2.0374,1.6868,1.4143000000000001,0.38280000000000003,3.2077,1.8951,0.6786,0.9326000000000001,1.6665,0.7733,0.45370000000000005,0.0536,0.0857,1.3572,2.6743,0.5679000000000001,1.2271,0.9880000000000001,1.7251,0.1638,1.5085000000000002,0.4183,2.0629,1.2114,1.0099,0.6319,1.7682,0.8091,0.0102,1.919,1.6445,1.7020000000000002,1.5914000000000001,0.1366,1.1203,1.8401,0.731,2.2346,2.3389,0.3264,1.1487,1.4076,3.0665,0.81,3.7964,0.3215,1.22,0.687,0.17300000000000001,0.1254,1.3431,0.9658,4.3748000000000005,1.0983,0.12290000000000001,2.0009,1.4702000000000002,0.502,1.4041000000000001,2.3849,0.0438,2.7576,0.11510000000000001,1.5657,2.2985,0.74,0.8114,0.2649,2.0196,0.1208,1.4618,0.21330000000000002,2.9546,0.2712,,1.1206,0.0385,0.48100000000000004,3.2629,1.6434,0.2574,0.7006,2.3079,0.5161,0.4164,1.0706,0.1202,1.7001000000000002,0.5338,0.331,0.4973,0.35810000000000003,1.8806,2.3931,0.3095,0.33490000000000003,1.3998000000000002,2.357,1.0251000000000001,0.0269,0.3548,3.1870000000000003,0.3342,0.36460000000000004,1.3344,0.013600000000000001,1.4094,1.8038,1.6635,0.0309,1.2402,2.4411,0.061900000000000004,0.0446,0.3715,1.6129,2.4607,3.5923000000000003,0.0222,0.3215,0.6202000000000001,1.246
,0.9234,0.017400000000000002,0.532,1.0386,0.031200000000000002,2.5043,0.2146,0.9279000000000001,0.31970000000000004,0.5276000000000001,2.5324,0.1903,0.1467,0.1029,1.0105,2.0379,0.1396,0.3614,0.1216,1.4444000000000001,1.5621,1.1639000000000002,1.6694,1.0161,0.9507000000000001,1.7372,2.3354,0.9460000000000001,1.5255,2.1154,0.47250000000000003,0.3856,0.8696,0.2149,1.3021,2.3071,0.7581,1.2011,0.6795,1.5433000000000001,0.36810000000000004,0.5996,3.2742,3.9516,1.8895000000000002,1.6418000000000001,3.3934,0.3688,1.2395,2.7612,2.8089,5.1449,0.2994,1.1560000000000001,1.8944,0.381,1.8448,1.8403,0.1259,0.0671,0.2929,0.8651000000000001,0.46280000000000004,0.17300000000000001,1.6027,2.257,1.0825,0.044500000000000005,1.5102,0.1012,0.18530000000000002,1.3777000000000001,0.1028,2.7737000000000003,0.10070000000000001,1.3379,0.0137,0.548,1.4134,0.20220000000000002,0.4297,0.15,0.029300000000000003,0.09620000000000001,0.8214,0.33340000000000003,1.6309,0.2817,0.9146000000000001,1.0334,0.0476,2.3803,2.5559000000000003,1.8886,1.6517000000000002,0.5565,0.258,0.7647,1.7018,2.2002,0.7089000000000001,0.11080000000000001,0.6931,1.8691,4.0278,0.07540000000000001,0.49010000000000004,1.0561,0.7414000000000001,1.0372000000000001,1.9113,1.8498,0.7137,1.4951,0.6859000000000001,2.5122,1.3239,0.2894,1.225,0.018500000000000003,0.8931,0.0522,2.3008,0.4494,3.1978,0.125,0.5974,0.2701,1.6835,0.9375,0.17880000000000001,1.4564000000000001,2.0706,1.0931,0.30920000000000003,0.40950000000000003,0.7765000000000001,0.154,0.7697,1.0889,0.5037,0.2902,0.6992,1.0456,1.0033,0.6005,0.5362,0.38320000000000004,1.1609,0.2791,2.3689,1.3915,0.5228,0.14350000000000002,0.0201,,1.6923000000000001,1.1031,0.5128,1.1976,0.9122,,1.0372000000000001,1.9413,1.1687,1.4554,0.48710000000000003,1.2151,2.863,1.3744,2.0523000000000002,0.38280000000000003,0.06420000000000001,0.5637,0.1865,1.6885000000000001,1.1757,0.7733,0.45370000000000005,0.9786,2.2203,2.5996,2.3381000000000003,0.6517000000000001,2.3725,1.0658,1.7186000000000001,1.5588000000000002,1.1104,0.4183,0.23340000000000002,0.2091,1.3105,0.6319,0.9235000000000001,0.20980000000000001,2.4208000000000003,0.7394000000000001,0.9262,1.1025,0.9948,1.4807000000000001,1.1203,1.5837,1.6007,2.2346,1.9892,1.5984,1.0170000000000001,1.5944,0.5438000000000001,2.2034000000000002,1.9242000000000001,0.8108000000000001,1.22,0.3552,1.3933,1.6455000000000002,2.4448000000000003,0.7132000000000001,3.3861000000000003,1.0983,1.3662,1.0656,1.4702000000000002,1.7745000000000002,2.2369,2.3801,0.3905,0.4471,0.11510000000000001,0.0175,0.3957,1.9945000000000002,0.5721,0.095,0.5981000000000001,0.30410000000000004,0.4652,0.21330000000000002,0.8409000000000001,0.3277,,1.1300000000000001,1.4812,0.7538,2.1288,1.4187,0.9239,1.3374000000000001,0.30860000000000004,1.06,1.0188000000000001,0.6131,1.2166000000000001,1.7825000000000002,1.0494,1.3063,2.3737,3.6817,0.8230000000000001,1.5794000000000001,1.4759,0.0267,0.46080000000000004,2.357,0.16570000000000001,2.0897,0.7827000000000001,0.4571,0.9536,0.0177,1.3514000000000002,1.6591,2.361,0.9296000000000001,1.5307000000000002,1.0045,3.2243,0.7947000000000001,0.0683,0.0446,2.2242,0.16160000000000002,0.4183,3.2173000000000003,,1.4852,1.568,0.1774
,0.9234,0.017400000000000002,0.6759000000000001,1.0386,1.9814,1.5938,1.216,0.9279000000000001,1.9023,0.5276000000000001,0.5879,0.1903,0.0449,0.1487,0.7981,1.2571,0.4032,0.36660000000000004,1.0816000000000001,1.2528000000000001,1.1069,1.1639000000000002,0.7162000000000001,2.4804,1.8783,0.0516,1.4892,0.4312,0.8778,2.1154,1.814,0.3856,3.5242,0.913,0.8589,1.2446000000000002,0.0777,0.9421,0.2194,0.1341,0.2131,0.066,1.1386,1.1472,4.6196,1.5144,2.8485,0.3713,1.2303,1.3072000000000001,1.1225,3.1013,0.28290000000000004,0.1285,0.17200000000000001,3.0519000000000003,1.6876,1.8403,0.08990000000000001,0.0708,0.5729000000000001,2.4328000000000003,1.28,2.4801,0.1771,0.14600000000000002,2.0585,1.4013,0.3672,0.7342000000000001,1.1497,0.0373,0.023700000000000002,3.1331,3.1352,0.5288,3.3559,0.5393,2.2246,1.9279000000000002,0.4297,2.4217,1.3937000000000002,0.1303,0.046900000000000004,0.1869,0.1144,0.4521,0.049,2.0047,1.3725,0.15960000000000002,2.1411000000000002,0.44170000000000004,1.6289,1.2575,1.1678,0.6007,1.6340000000000001,0.2444,1.4732,0.0064,1.4211,2.6743,0.2391,2.6189,1.6944000000000001,0.4449,0.8489,1.0330000000000001,0.308,0.5024000000000001,0.09090000000000001,1.4389,1.9001000000000001,0.9299000000000001,0.0998,0.8835000000000001,0.21980000000000002,1.1338000000000001,0.2114,0.0522,2.3008,0.011000000000000001,1.0172,0.0368,0.8480000000000001,2.1784,1.1286,0.9219,0.3007,1.4564000000000001,2.249,0.2953,0.6063000000000001,0.0889,1.9328,0.154,1.0601,3.1005000000000003,0.6001000000000001,1.4811,0.7818,0.32030000000000003,0.0502,0.7187,0.4257,0.0374,1.1609,1.4396,2.8898,0.1264,1.863,3.035,0.9214,,4.9606,0.8505,0.5128,1.2041,0.5896,,1.0372000000000001,1.9272,1.0593000000000001,0.3342,2.4906,1.2223000000000002,0.48360000000000003,0.9142,0.3516,1.9486,0.06420000000000001,0.6955,0.1865,2.992,1.0868,0.23,0.5924,0.0892,1.4585000000000001,2.5996,1.0163,1.4163000000000001,2.2516000000000003,2.8724000000000003,0.7144,1.5588000000000002,2.4227000000000003,2.0965000000000003,2.0035000000000003,0.3562,5.0337000000000005,0.0449,1.5734000000000001,,1.0904,0.9875,0.9268000000000001,1.4916,0.9948,1.5983,0.3199,1.4361000000000002,1.6007,2.9576000000000002,0.3614,2.693,0.5609000000000001,1.5944,0.2792,0.7222000000000001,0.21730000000000002,0.8108000000000001,0.4747,0.3552,1.3933,0.6542,0.1012,0.9658,1.5219,0.35550000000000004,1.3662,1.6983000000000001,0.9856,1.5989,2.178,1.1046,0.3905,0.7272000000000001,3.3635,0.0175,0.3957,1.9945000000000002,0.0114,0.0575,0.452,0.0383,0.30110000000000003,0.314,0.0082,0.662,,1.9986000000000002,1.6048,0.7538,0.4887,0.7529,1.7966000000000002,0.41650000000000004,0.0154,1.744,0.37970000000000004,0.32580000000000003,1.2166000000000001,0.1307,2.4398,1.2227000000000001,0.7702,2.1974,0.8230000000000001,1.0314,1.4759,0.7577,2.8377000000000003,0.216,0.16570000000000001,1.59,1.7355,0.6907,0.8401000000000001,0.042100000000000005,1.4637,1.5351000000000001,2.3654,0.3166,1.5482,1.9171,1.2750000000000001,1.8274000000000001,4.8100000000000005,2.0846,3.4833000000000003,0.5495,0.5241,2.6358,,1.4889000000000001,1.2759,1.2094
,1.3507,,0.3592,0.5932000000000001,1.9814,1.8915000000000002,0.4257,3.347,0.6668000000000001,0.9580000000000001,0.8300000000000001,1.4034,0.1454,0.5416000000000001,0.2891,1.2571,0.4032,1.2888000000000002,0.0395,1.5076,1.1069,0.0558,0.49960000000000004,2.4804,1.0593000000000001,1.0076,1.6832,0.0354,0.8778,0.36760000000000004,2.6618,0.1194,0.1539,0.913,0.8589,1.339,0.0694,0.9793000000000001,0.1497,0.34840000000000004,0.2064,1.5992000000000002,1.1386,1.1598000000000002,2.4745,1.6378000000000001,1.1899,0.3446,0.6408,1.9341000000000002,1.3126,0.32480000000000003,0.09290000000000001,0.22210000000000002,1.1794,3.0519000000000003,2.629,1.9466,0.08990000000000001,1.2511,0.0227,1.3053000000000001,1.6015000000000001,0.22060000000000002,3.1625,1.0058,2.0585,0.7117,0.0781,0.6317,0.5574,0.6124,0.023700000000000002,2.6022000000000003,0.9344,2.1272,1.7028,0.22890000000000002,2.4335,0.668,0.42910000000000004,2.4217,1.9172,0.1673,2.5121,0.0789,1.3674000000000002,0.4521,1.3325,2.0047,0.8493,1.2417,1.0814000000000001,0.7497,1.6835,1.2573,0.9062,0.5028,0.1913,1.9432,0.44060000000000005,0.007,0.8297,2.2702,0.2391,1.2871000000000001,0.298,1.0806,0.2427,3.2315,1.1874,1.4902,2.2047000000000003,1.1397000000000002,1.8028000000000002,2.214,0.0998,1.0227,2.7562,1.1338000000000001,0.3912,0.0468,0.24960000000000002,1.3596000000000001,0.8764000000000001,0.0368,0.9710000000000001,2.1631,0.547,0.9219,0.3007,0.0809,3.8858,1.4363000000000001,0.0876,,1.9328,0.9867,1.7206000000000001,1.2731000000000001,1.6643000000000001,0.011300000000000001,3.7103,0.9992000000000001,1.4654,0.7187,0.2099,,0.7185,1.4161000000000001,0.9935,0.5035000000000001,2.1358,3.035,0.5617,,1.1404,0.8505,0.634,0.5743,2.0769,,0.36710000000000004,0.9198000000000001,1.2950000000000002,1.4554,1.2205000000000001,0.7008,0.1635,1.9342000000000001,0.3516,1.1715,0.25170000000000003,0.6955,2.1165000000000003,2.992,0.0663,0.23,1.905,1.2665,1.1717,1.3966,1.0163,2.0259,0.7424000000000001,1.5892000000000002,0.8338,1.8996000000000002,2.4227000000000003,0.8894000000000001,1.0137,0.1612,0.0309,0.4385,1.9455,,0.7956000000000001,0.26380000000000003,1.0213,2.4759,0.7327,0.025400000000000002,0.3199,0.8279000000000001,1.6535,0.005200000000000001,0.3614,0.0128,0.5609000000000001,0.47600000000000003,1.8993,0.7222000000000001,0.4605,1.5118,2.322,0.8989,0.2732,0.6542,1.2129,0.1057,1.5219,0.6386000000000001,0.2913,0.5955,1.6046,1.5984,0.0437,1.1046,0.0557,0.39280000000000004,0.25420000000000004,1.3652,1.6412,1.5571000000000002,2.7387,,0.6795,0.0738,0.2682,0.314,2.7769,0.3277,,0.9833000000000001,1.6048,1.4698,1.3056,3.1743,1.7966000000000002,1.5892000000000002,1.7358,1.744,1.8537000000000001,0.44220000000000004,0.2214,1.5115,0.7902,1.5862,1.5216,2.1974,0.7602,1.6419000000000001,1.8252000000000002,0.7577,2.0714,1.7975,0.2298,2.2584,1.7355,2.2783,0.33190000000000003,,0.1502,1.7828000000000002,0.168,0.8247,0.1942,1.3456000000000001,0.9296000000000001,1.8378,0.5017,2.1035,0.4476,1.8917000000000002,1.5203,0.8388,,1.0652000000000001,2.0047,1.2094
,1.5199,,0.2781,0.6164000000000001,0.5357000000000001,0.9523,1.0557,1.226,2.0204,0.9580000000000001,0.0364,1.4004,0.0753,0.5416000000000001,1.4178000000000002,1.093,1.3383,1.2888000000000002,1.074,1.6599000000000002,1.3465,0.19870000000000002,0.16570000000000001,0.4838,0.5654,0.47090000000000004,1.6832,0.4665,0.0921,0.0528,2.194,0.1194,1.6637000000000002,1.6897,2.9658,2.3778,0.0221,1.3859000000000001,,2.3673,0.9932000000000001,1.5992000000000002,1.6198000000000001,0.0385,1.9686000000000001,0.393,0.2846,0.3155,0.38730000000000003,1.9736,0.2564,0.18580000000000002,0.1114,0.26980000000000004,0.8085,1.3762,1.0013,0.30210000000000004,0.08170000000000001,1.4601000000000002,1.7704000000000002,1.3053000000000001,0.0161,0.6331,2.2663,2.2112000000000003,1.1467,0.5402,2.887,1.0408,0.5574,0.3059,0.005,2.6022000000000003,0.5743,0.7433000000000001,3.4955000000000003,0.24380000000000002,3.6733000000000002,4.1832,0.42910000000000004,2.3188,1.9571,0.0727,2.2071,0.060000000000000005,2.0429,1.7638,0.1978,1.5771000000000002,2.7246,0.18680000000000002,1.0642,0.7045,2.4161,1.1623,1.4396,0.47990000000000005,1.7261000000000002,1.5030000000000001,1.1485,0.0056,0.8117000000000001,0.9413,0.3765,1.2871000000000001,0.298,0.6129,0.2427,1.0574000000000001,1.1874,1.4902,0.7107,1.1397000000000002,0.5775,2.3161,1.5225,1.3227,0.6209,0.0376,0.126,0.0468,0.3179,0.6044,0.0614,3.1287000000000003,0.9710000000000001,1.9362000000000001,0.9901000000000001,0.1912,0.18430000000000002,2.3941,1.7126000000000001,1.2284000000000002,0.0876,,1.2573,0.9939,0.14700000000000002,1.2731000000000001,0.1173,2.0172,0.8563000000000001,0.1448,1.4654,0.2864,0.1772,,0.4395,1.3821,0.3523,0.0524,2.1358,1.4441000000000002,0.8548,,1.4613,0.2331,0.021400000000000002,2.0275000000000003,1.5641,,0.4536,0.7183,0.8061,0.15360000000000001,1.4704000000000002,2.636,0.0292,0.8629,1.3811,1.1715,1.8958000000000002,0.6354000000000001,2.3687,1.1311,0.1263,0.1531,1.9602000000000002,1.3345,1.5559,0.005,1.5215,0.8771,0.778,1.1432,0.26990000000000003,1.5322,0.07200000000000001,2.0912,1.0137,0.0123,2.1596,0.7494000000000001,1.9455,,0.9737,0.26380000000000003,0.6518,1.913,0.0308,0.7658,1.3002,0.23450000000000001,2.0226,0.0415,0.9262,2.4484,1.8447,3.4272,1.8993,0.0453,0.5343,0.9737,0.9752000000000001,1.1948,0.2732,1.5044000000000002,1.2129,1.9233,0.8214,0.42800000000000005,1.0887,0.06520000000000001,2.2163,0.3312,0.5197,1.8866,0.2447,3.12,1.4095,1.7654,1.4457,0.038200000000000005,3.4290000000000003,,0.1101,,0.4561,,1.3090000000000002,0.17350000000000002,,1.582,0.9218000000000001,2.0766,2.5679000000000003,3.1743,0.8896000000000001,1.5892000000000002,0.2472,1.1522000000000001,4.7915,0.35800000000000004,0.2214,1.8887,0.5464,2.1870000000000003,2.5918,4.0919,1.995,1.6891,1.8252000000000002,0.32230000000000003,0.9071,1.3668,0.2437,2.2584,0.0415,1.9488,0.33190000000000003,,1.6520000000000001,0.38420000000000004,1.2256,0.0669,0.5325,0.6291,0.9296000000000001,0.5047,2.0736,0.1027,0.4672,1.8917000000000002,0.6358,1.7793,,1.0652000000000001,0.37470000000000003,0.1097
,0.8178000000000001,,2.0223,2.8436000000000003,0.4717,1.629,1.0557,1.0234,1.417,0.042100000000000005,0.6588,0.19790000000000002,,1.0555,0.6747000000000001,0.3533,1.1611,1.0919,1.3411,1.6599000000000002,0.6115,0.19870000000000002,0.19190000000000002,1.1569,0.323,1.7249,1.6316000000000002,0.5151,0.6335000000000001,0.2508,0.0936,1.2386000000000001,0.7808,1.6897,1.5752000000000002,2.3778,0.014,1.0616,,1.4102000000000001,0.9756,0.3498,0.2614,1.4321000000000002,1.9686000000000001,0.0591,0.2846,0.1257,1.8880000000000001,2.8976,0.2564,2.3674,1.0128000000000001,0.26980000000000004,0.33190000000000003,2.3746,1.0013,0.30210000000000004,,0.9368000000000001,1.7704000000000002,1.0726,0.39540000000000003,0.5093,0.16570000000000001,0.4309,1.2355,0.21180000000000002,0.3552,1.0318,2.3415,0.6226,,1.2503,0.7256,0.7433000000000001,0.3014,0.08020000000000001,0.5428000000000001,2.6864000000000003,1.1469,2.0362,1.7786000000000002,0.0727,2.6926,,2.0429,1.2591,0.07060000000000001,0.9338000000000001,1.1573,0.18680000000000002,1.2346000000000001,0.7045,0.025,1.1623,0.0431,0.016,2.0477000000000003,2.3355,0.8655,0.0056,2.1603,3.9957000000000003,0.6214000000000001,0.4098,0.39430000000000004,0.7545000000000001,0.1772,0.8359000000000001,1.5279,4.6538,0.7107,0.6953,0.5775,1.7467000000000001,1.5225,2.8785000000000003,1.5635000000000001,0.5122,0.1262,,0.3179,0.9687,1.5841,1.6813,0.9948,1.9362000000000001,0.9787,1.4947000000000001,1.8535000000000001,0.9651000000000001,0.8187000000000001,0.20720000000000002,1.2206000000000001,,0.5631,0.9476,0.14700000000000002,1.6074000000000002,2.1662,2.0172,0.3299,0.1448,3.3714,0.0361,0.1587,,0.5084000000000001,0.4299,2.6388000000000003,0.9573,1.7062000000000002,1.1438000000000001,0.6038,,2.1259,0.0694,0.021400000000000002,0.9851000000000001,1.9247,,0.1836,0.7183,0.4015,1.8264,1.1469,1.2626000000000002,0.7652,0.8629,1.1555,1.3795000000000002,0.268,0.6121,2.3687,0.07150000000000001,0.1254,0.1067,1.8116,0.7376,1.5559,0.4854,2.1431,0.8771,0.0142,0.2388,0.024200000000000003,0.7558,0.0789,2.0912,3.0233000000000003,0.017,0.1102,0.754,3.2502,,0.9737,1.1721000000000001,0.773,0.3095,1.1104,0.42550000000000004,1.7864,0.3599,0.1265,0.0415,1.1803000000000001,0.046,0.7698,0.6021000000000001,0.464,0.0453,1.1172,1.4227,1.1222,1.6857,1.1095000000000002,2.3942,0.1942,1.9233,2.0696,1.1643000000000001,1.5043,0.9624,2.1284,0.3312,0.5197,0.1212,2.0976,0.09290000000000001,0.25420000000000004,0.8001,1.8303,1.062,1.1598000000000002,,0.09480000000000001,,0.234,,1.4955,4.2428,,1.582,0.9218000000000001,0.35900000000000004,2.2917,0.7696000000000001,1.0994000000000002,0.8864000000000001,1.1589,1.1522000000000001,0.5692,1.3096,1.1235,1.8887,1.5978,0.027800000000000002,0.3383,0.1458,1.995,0.2728,0.5985,0.4041,0.8557,1.8656000000000001,2.1726,1.2019,1.1763000000000001,0.1476,0.23320000000000002,,0.9529000000000001,0.9209,1.1573,2.3855,1.6249,1.1059,1.056,4.1099000000000006,2.0736,2.1798,1.2585,1.2362,4.026800000000001,0.0373,,0.2591,3.0893,1.2107
,0.8178000000000001,,0.4121,3.1243000000000003,1.4888000000000001,0.0078000000000000005,1.9839,0.5684,1.5369000000000002,1.3104,0.6588,0.2511,,0.7889,0.6747000000000001,1.2723,0.4385,0.8032,0.23900000000000002,0.6233000000000001,0.3327,0.017400000000000002,0.0434,1.6660000000000001,0.4171,0.8771,0.134,0.14350000000000002,0.6335000000000001,0.2508,1.3907,0.0926,1.5632000000000001,1.7084000000000001,1.6808,0.9580000000000001,0.011300000000000001,0.4319,,1.2478,1.0247,1.5355,0.13340000000000002,0.7943,0.31420000000000003,0.0591,2.4972000000000003,0.07300000000000001,0.1857,2.8976,1.4528,0.5912000000000001,0.9926,0.15230000000000002,0.3632,0.8537,0.4717,1.6225,,0.2697,1.3911,0.1066,0.8912,0.0995,0.4268,0.188,0.7064,0.23090000000000002,0.3373,0.034,2.3415,0.4451,,2.4147000000000003,1.2456,0.1504,1.068,0.3136,0.1758,0.11800000000000001,1.7235,1.8947,0.4148,,0.8895000000000001,,5.363300000000001,0.2283,0.07060000000000001,0.9338000000000001,0.6928000000000001,0.32180000000000003,0.11860000000000001,0.1588,1.8021,0.3128,0.6239,0.2378,2.0477000000000003,0.0478,2.1124,,1.6789,4.0057,0.6214000000000001,0.4098,0.48760000000000003,0.38420000000000004,0.1772,1.3711,4.1478,0.8838,0.9613,2.2524,0.3433,0.6709,0.6822,2.5402,1.5172,0.19360000000000002,,,0.445,0.4314,1.5813000000000001,1.6813,0.9948,0.038400000000000004,0.2574,1.4947000000000001,1.8535000000000001,0.6726000000000001,0.2424,0.6945,1.1133,,0.7408,1.5206000000000002,0.0883,0.24630000000000002,2.2110000000000003,0.8177000000000001,0.0269,1.9205,0.2758,0.4345,0.447,,0.5015000000000001,1.4877,2.6388000000000003,0.2741,1.4098000000000002,0.7375,0.6363,,0.0717,0.043500000000000004,0.0521,0.9851000000000001,1.8721,,0.4117,0.7879,0.3259,1.8427,2.1561,2.5789,1.0497,0.2909,4.4428,1.7804,1.7321,0.1721,0.5613,2.1891000000000003,0.2904,0.17220000000000002,0.28300000000000003,0.7376,1.3724,0.595,1.2573,2.2198,0.0142,0.8676,,0.44260000000000005,0.7462000000000001,0.7984,0.3426,0.0275,0.49000000000000005,1.8188000000000002,0.4224,,3.6639000000000004,1.8118,2.7423,0.3472,1.1104,0.42550000000000004,0.0669,1.7501,1.2014,0.0504,3.1509,0.046,0.3234,1.9137000000000002,1.5063,0.8163,1.4327,0.23470000000000002,1.2935,0.9207000000000001,0.6054,2.3942,0.1942,1.9488,1.8331000000000002,2.9919000000000002,1.1461000000000001,0.5887,1.5484,1.472,0.8663000000000001,1.4241000000000001,0.6483,0.3951,0.65,0.8001,1.8303,1.8385,0.39690000000000003,,0.1317,,0.0468,,0.036000000000000004,2.1244,,1.8763,0.18760000000000002,1.3173000000000001,0.649,1.2692,1.1266,1.1355,0.3119,0.49710000000000004,0.5692,1.0338,0.755,1.1863000000000001,0.5197,1.4713,0.3383,0.4535,0.0651,0.2728,0.35950000000000004,2.3023000000000002,1.5981,0.19940000000000002,0.1923,0.7267,1.1763000000000001,0.42100000000000004,0.23320000000000002,,0.049,0.006200000000000001,0.5085000000000001,0.124,1.2441,0.8831,2.0238,0.8089000000000001,0.065,1.468,1.2585,0.3037,0.3975,0.7103,,0.15860000000000002,1.4743000000000002,1.5919
,1.5552000000000001,,0.34440000000000004,1.8698000000000001,1.4637,0.7387,0.2104,0.7274,1.8976000000000002,1.5786,0.5577,0.2511,,0.7889,1.0450000000000002,0.0641,0.44160000000000005,0.1184,0.23900000000000002,0.1022,0.062,0.0151,0.0629,0.0324,0.4292,0.1486,0.5727,0.2907,2.2631,2.3398000000000003,1.3907,1.0661,1.5632000000000001,0.5401,0.0644,0.34450000000000003,0.011300000000000001,0.38230000000000003,,0.8601000000000001,0.9494,0.9599000000000001,0.0781,1.3628,0.31420000000000003,0.7623000000000001,1.5212,0.0683,0.1857,0.17120000000000002,0.9226000000000001,0.3864,1.2381,0.0719,0.2406,0.7613000000000001,0.4077,0.9471,,0.9457000000000001,2.2393,1.1135000000000002,0.8912,0.7069000000000001,0.0782,1.1508,1.0788,0.369,0.3373,0.006500000000000001,1.7035,0.4451,,0.1038,0.0204,0.8735,1.068,,1.5416,0.5216000000000001,1.7235,1.1749,0.4148,,0.5727,,0.8222,0.4531,0.016,2.0296000000000003,1.869,1.6877,0.0417,0.0668,1.8406,0.2099,0.192,0.2378,0.0077,0.513,0.5860000000000001,,1.3753,4.0057,0.5596,1.4868000000000001,0.6089,0.0234,0.079,1.1261,2.0203,1.6307,0.9613,2.4384,1.7363000000000002,0.6709,0.5592,1.3322,1.5172,0.25630000000000003,,,0.5182,0.4314,1.4372,0.0646,1.7542,1.7521,0.468,1.09,3.0584000000000002,1.9054,1.09,1.4231,1.1133,,0.7408,1.5109000000000001,1.3503,0.6514,0.0653,0.7105,1.8913,1.6457000000000002,0.8061,0.4345,,,0.1495,1.6827,0.0545,0.0656,1.7606000000000002,0.7375,0.3778,,0.3855,0.0694,0.0859,1.0482,1.8307,,0.016800000000000002,0.3524,0.617,0.0413,0.6307,0.3129,1.0497,0.41900000000000004,0.8305,1.2493,1.0182,0.6017,0.5613,1.3573000000000002,1.2248,0.09380000000000001,0.9972000000000001,1.5471000000000001,2.4558,1.2815,0.2369,2.2063,0.4052,1.2236,,0.2725,0.7462000000000001,2.1307,1.5744,0.0275,0.49000000000000005,1.2691000000000001,0.4224,,1.314,1.0635000000000001,0.33480000000000004,1.3318,0.2818,1.5231000000000001,0.0669,1.4162000000000001,0.9523,2.0822000000000003,1.3383,2.7680000000000002,0.8099000000000001,0.16290000000000002,0.3759,0.8163,3.491,0.23470000000000002,1.2044000000000001,0.9207000000000001,1.0196,1.6017000000000001,0.0942,0.1902,1.5823,2.4121,0.6124,1.2048,0.42960000000000004,0.19940000000000002,1.8484,1.4465000000000001,0.3415,2.8858,1.2372,1.4134,0.9972000000000001,1.5126000000000002,1.1598000000000002,,0.7120000000000001,,0.0468,,0.6297,3.5989,,0.8861,0.32170000000000004,0.4782,0.0695,2.3194,1.0994000000000002,1.1355,0.09230000000000001,0.5201,0.05,2.8441,0.4409,0.41490000000000005,0.5197,0.027800000000000002,2.1344000000000003,2.2242,0.2596,1.2521,0.2328,0.2626,1.5981,0.5339,2.5223,0.36260000000000003,1.2169,1.5388000000000002,1.2911000000000001,,1.8049000000000002,0.006200000000000001,0.5085000000000001,1.0034,0.8557,0.8831,2.0926,0.5119,0.065,1.468,1.7758,0.09920000000000001,2.0703,1.8238,,0.1216,2.1903,1.7215
,2.8172,,0.34440000000000004,0.7052,3.7015000000000002,1.5482,1.5150000000000001,0.7274,0.7503000000000001,0.0149,0.5577,1.4613,,,1.0450000000000002,0.6164000000000001,0.44160000000000005,0.2501,0.6393,0.7829,0.08650000000000001,,0.0164,0.6194000000000001,0.4292,1.3395000000000001,0.32330000000000003,0.1223,0.085,2.2651,0.2495,1.0661,0.28400000000000003,1.3612,0.7998000000000001,0.6245,,0.45730000000000004,,1.2251,0.3538,2.9169,1.9918,0.3214,0.41450000000000004,1.1595,0.12710000000000002,,0.3856,1.2378,0.17880000000000001,0.8256,1.2332,0.0719,0.5907,0.8766,0.0758,0.9747,,0.6129,2.2856,0.0285,0.09140000000000001,0.7069000000000001,0.0782,0.188,0.8077000000000001,0.369,1.1694,1.6257000000000001,0.5437000000000001,0.3185,,1.1784000000000001,0.0932,0.8735,0.55,,0.7386,1.9991,0.7448,1.0862,0.1636,,0.3798,,2.0632,0.4531,0.0083,0.8937,0.14980000000000002,0.37170000000000003,0.006500000000000001,2.4929,0.4016,1.7745000000000002,0.6414000000000001,0.23800000000000002,0.0201,1.9655,0.8524,,1.6789,0.25170000000000003,0.0932,0.7629,0.0891,0.0358,,1.1261,0.8123,2.0596,0.0252,0.49520000000000003,0.5117,0.3352,1.0646,1.3322,0.2669,0.25630000000000003,,,0.3518,1.0132,0.0721,0.0646,1.6214000000000002,0.5629000000000001,0.0688,0.2531,1.4564000000000001,0.057800000000000004,0.0327,1.0545,1.1888,,0.9437000000000001,1.1458000000000002,1.3503,0.0195,2.1435,0.42310000000000003,1.8913,1.6457000000000002,0.8193,2.5535,,,0.0206,0.1442,0.2735,,0.9983000000000001,1.691,0.2406,,0.3855,0.0345,0.0859,1.1483,0.4107,,0.0058000000000000005,0.3524,0.617,1.081,0.6307,1.0494,0.7923,1.1738,0.6726000000000001,0.6174000000000001,1.0182,1.7855,1.7258,1.088,0.2904,,1.6024,1.6760000000000002,0.17250000000000001,0.8409000000000001,0.3684,1.5681,0.4052,0.2997,,0.7059000000000001,0.35500000000000004,1.9215,0.10840000000000001,0.017,1.7475,1.2691000000000001,0.0716,,1.5209000000000001,1.5751000000000002,0.7697,0.4446,0.28040000000000004,1.4149,0.27690000000000003,1.4162000000000001,0.9523,1.8139,0.499,1.6453,0.7329,0.8382000000000001,0.1044,0.40340000000000004,0.1145,0.0193,0.6453,0.012,0.9848,0.2316,0.0942,1.9262000000000001,0.6618,1.1513,1.1837,0.9343,0.1821,0.4792,1.5527,1.2874,2.2373000000000003,2.8858,1.2372,1.4134,0.734,2.3435,0.6675,,1.9885000000000002,,0.0728,,1.8153000000000001,2.1751,,0.804,1.02,0.4782,0.0256,1.4429,2.1302000000000003,1.1219000000000001,,1.0205,0.752,2.0141,2.964,0.4637,0.8436,1.5498,1.3964,2.1743,0.2596,1.2394,0.43570000000000003,1.6164,1.9042000000000001,0.4999,2.5489,0.2606,0.6142000000000001,1.5388000000000002,2.136,,1.169,3.7571000000000003,0.0584,1.0034,0.8557,0.16970000000000002,2.2399,0.1705,1.693,1.3245,1.7758,0.3644,2.0703,1.8238,,0.15660000000000002,0.539,1.7215
,0.053000000000000005,,0.9753000000000001,0.5628000000000001,0.7230000000000001,1.5482,0.2672,0.7062,0.37970000000000004,0.42860000000000004,1.9537,1.4562000000000002,,,0.0801,0.6164000000000001,3.2034000000000002,0.091,0.6393,0.774,,,,0.20270000000000002,0.2487,0.1651,0.32330000000000003,,0.7834,5.171200000000001,0.883,1.0113,0.5649000000000001,2.5833,0.7998000000000001,0.2842,,0.45730000000000004,,0.40440000000000004,0.2908,1.7288000000000001,1.9918,0.16840000000000002,0.4158,1.1595,0.6075,,0.3856,0.4436,0.5802,1.2125000000000001,2.4651,0.1342,0.36970000000000003,0.26280000000000003,0.0758,2.1413,,0.3423,0.5429,0.0083,1.5931000000000002,4.0882000000000005,0.0184,0.1517,0.3619,0.11220000000000001,1.372,1.6257000000000001,1.7455,0.5975,,0.0219,0.0932,0.48960000000000004,1.9066,,1.3658000000000001,1.9961,0.3292,1.0895000000000001,1.7192,,0.0941,,1.4653,0.5101,,0.3497,1.9779,1.6256000000000002,,2.4929,2.2872,1.2048,0.1379,0.23800000000000002,1.5973000000000002,4.1604,0.8472000000000001,,0.9851000000000001,0.0926,0.0143,2.8953,0.19690000000000002,0.0212,,0.4806,0.683,0.635,1.5015,0.5686,2.6590000000000003,1.4292,0.5384,1.1553,1.8760000000000001,0.3134,,,0.4053,0.995,0.5208,3.6912000000000003,1.3421,1.1618000000000002,0.16240000000000002,0.1245,1.2422,1.2009,1.1108,1.6175000000000002,2.2698,,0.36410000000000003,0.044000000000000004,0.8557,0.8622000000000001,1.9795,0.42310000000000003,1.1407,0.1062,1.1978,2.2030000000000003,,,0.0206,0.1442,1.5027000000000001,,0.2349,0.45230000000000004,0.2406,,2.3206,0.0173,0.021,0.5683,0.4107,,0.010100000000000001,0.398,0.0887,4.5362,1.2794,1.0494,1.3241,1.1738,1.3030000000000002,0.9961000000000001,1.3579,2.2496,1.2432,1.233,0.6884,,1.6024,1.2199,0.9848,1.401,0.35650000000000004,1.5681,1.9283000000000001,0.2997,,0.0187,0.3282,0.2528,0.4262,0.014,1.4898,0.5279,1.9517,,2.5186,1.5751000000000002,2.164,1.2286000000000001,0.058600000000000006,0.6918000000000001,0.27690000000000003,1.0665,0.5654,0.035,0.4938,1.3276000000000001,0.46430000000000005,0.8382000000000001,0.1044,1.2419,2.7203,0.7906000000000001,0.3064,0.091,0.9848,0.9893000000000001,0.1562,0.024200000000000003,0.6988000000000001,1.1513,0.3815,0.9292,0.6708000000000001,0.3241,1.0983,1.2264000000000002,4.6240000000000006,4.0124,0.2679,0.3441,1.9197000000000002,0.6056,0.6795,,0.7688,,0.0668,,1.639,2.1751,,0.8436,0.502,0.20040000000000002,0.18000000000000002,1.0946,1.4347,0.1767,,0.12990000000000002,0.8985000000000001,2.0697,1.9624000000000001,0.7083,0.3397,0.1148,1.0323,0.0459,0.3695,0.6416000000000001,0.4289,1.6112000000000002,0.1751,0.7706000000000001,0.1715,1.4119000000000002,0.9649000000000001,0.25220000000000004,1.683,,0.9946,3.6582000000000003,0.0584,2.1758,0.6459,0.16970000000000002,0.058300000000000005,0.0086,1.7048,1.2625,0.0679,0.2131,0.9452,0.11130000000000001,,,0.6132000000000001,0.24960000000000002
,0.053000000000000005,,0.9753000000000001,1.3098,0.1854,1.5795000000000001,1.6413,0.1862,0.37970000000000004,1.9676,2.2433,1.3918000000000001,,,0.1004,1.1631,0.8573000000000001,0.0874,0.8258000000000001,0.6089,,,,0.304,0.2487,0.1651,0.5795,,0.7834,0.1068,0.6931,0.3719,1.7021000000000002,0.0862,2.4756,0.4832,,0.0333,,0.6896,1.2161,0.8924000000000001,2.3061000000000003,0.18280000000000002,0.1188,0.1479,1.55,,0.11220000000000001,0.4621,0.5802,1.2968,2.3716,0.1342,0.22130000000000002,0.10700000000000001,0.6818000000000001,1.5278,,0.065,0.2738,2.5090000000000003,1.076,0.48310000000000003,0.0184,0.22970000000000002,0.0637,0.12660000000000002,1.372,1.7457,0.9893000000000001,0.5975,,1.854,1.3754,0.48960000000000004,0.4742,,1.3658000000000001,1.9961,0.7179,0.0328,1.8464,,0.1751,,0.9027000000000001,0.5101,,1.5833000000000002,1.6005,2.5919000000000003,,2.0187,0.1149,2.3142,0.1379,0.0834,1.3751,4.1741,0.5382,,0.44320000000000004,1.8985,0.0064,0.7331000000000001,0.139,,,0.1703,0.9888,0.7091000000000001,1.5015,0.5686,1.9635,0.6189,0.1598,1.0472000000000001,0.3794,0.0541,,,0.8205,0.6537000000000001,0.5208,0.1129,0.7917000000000001,0.6541,0.10540000000000001,0.3242,0.6196,1.1055000000000001,1.1108,1.6175000000000002,0.0683,,0.3966,0.3432,0.5968,0.8622000000000001,0.5549000000000001,1.6507,0.0476,0.0488,1.0423,2.2030000000000003,,,,1.9175,1.8952,,0.038700000000000005,0.6173000000000001,0.2245,,2.3206,,0.021,0.33140000000000003,1.8317,,0.010100000000000001,0.31420000000000003,0.1806,0.6222,1.2794,0.9874,0.2767,0.3771,1.8303,0.1854,0.0869,1.1074000000000002,1.5,2.6697,0.6835,,1.0053,1.6289,0.9848,1.421,1.9733,0.7286,1.2897,0.0611,,0.0367,0.2137,1.7068,0.4262,,1.1804000000000001,0.8516,1.9517,,2.5186,1.8146,2.3524000000000003,0.3173,0.0393,2.7233,0.1983,1.5347000000000002,3.4425000000000003,1.5463,0.9767,0.1967,0.46430000000000005,0.1368,0.1163,1.2419,1.4564000000000001,2.4978000000000002,0.3064,0.091,1.1864000000000001,0.9893000000000001,0.0988,1.0792000000000002,0.6705,1.0189000000000001,1.613,1.3538000000000001,0.6708000000000001,1.2006000000000001,0.1406,0.1071,1.9180000000000001,2.4715000000000003,0.07440000000000001,1.4016,0.37820000000000004,0.6056,0.9145000000000001,,1.693,,0.0325,,1.4601000000000002,1.0951,,0.3795,0.0575,0.20040000000000002,1.2573,0.6197,0.8084,0.5991000000000001,,0.0171,1.6166,0.23020000000000002,1.1354,1.9562000000000002,1.0399,1.5449000000000002,0.45320000000000005,0.0459,1.6607,0.7661,,0.8223,0.17880000000000001,1.2667000000000002,2.0808,0.6746,0.07100000000000001,0.262,1.683,,0.9946,0.0164,,1.5072,0.49110000000000004,0.36250000000000004,1.6764000000000001,1.6643000000000001,0.1854,0.9124,1.419,0.0229,0.2129,0.11130000000000001,,,0.0345,0.891
,0.4917,,0.5056,0.8393,0.1854,0.8794000000000001,1.6483,0.07830000000000001,2.7137000000000002,1.9634,2.5437000000000003,1.3918000000000001,,,0.1004,1.9271,1.0754000000000001,,0.8486,0.6108,,,,0.304,,1.6943000000000001,0.2793,,0.6771,1.2759,0.559,0.0402,0.2288,2.8152,0.0514,0.022000000000000002,,0.0984,,0.1956,0.6831,0.6225,2.3191,0.3146,0.11570000000000001,0.3471,0.2384,,0.013000000000000001,0.8212,0.27590000000000003,2.1027,2.3716,0.0081,0.0961,0.1034,0.8276,0.7883,,0.065,0.4187,2.0479000000000003,1.2462,2.9957000000000003,1.9866000000000001,0.7439,0.0637,,0.0303,1.5369000000000002,0.891,2.1529000000000003,,1.4328,1.5024000000000002,0.29650000000000004,2.1372,,0.19260000000000002,0.74,0.4002,1.2456,0.9821000000000001,,0.1656,,0.4025,0.448,,0.7332000000000001,0.3367,2.5919000000000003,,0.3553,0.0579,2.9570000000000003,0.23570000000000002,0.0066,1.1419000000000001,0.4635,0.6116,,0.365,0.882,0.5136000000000001,0.3406,,,,0.1348,0.09960000000000001,1.0701,0.10890000000000001,0.2275,2.2212,0.6189,0.13470000000000001,0.08600000000000001,0.2348,0.0541,,,0.3042,0.3519,0.7145,1.5498,0.18230000000000002,0.5574,,0.2852,0.46830000000000005,1.6073000000000002,1.822,0.3587,0.0683,,0.22290000000000001,0.3432,0.0765,0.1462,0.2686,1.4162000000000001,0.9581000000000001,0.3799,1.0130000000000001,1.6341,,,,2.3041,0.10260000000000001,,0.11710000000000001,0.40800000000000003,0.2894,,1.6517000000000002,,,0.1588,0.0148,,,0.0177,0.0078000000000000005,0.6222,1.2685,0.9874,0.2752,1.9463000000000001,1.3030000000000002,0.1854,0.7881,0.7596,0.1168,0.1231,0.154,,0.1253,0.019100000000000002,0.5899,0.4761,1.9733,2.283,1.5244,0.0611,,,0.0437,1.7087,1.1253,,1.1804000000000001,1.0799,1.3952,,1.8378,3.6653000000000002,1.1651,1.2286000000000001,0.031,3.4499,1.2975,0.6914,0.3985,1.5463,0.037200000000000004,0.21100000000000002,0.06420000000000001,0.1368,0.013600000000000001,0.0161,0.36460000000000004,2.4968,0.5263,0.29300000000000004,0.29100000000000004,1.7048,0.0123,1.0792000000000002,0.4549,1.1099,0.2543,1.4786000000000001,1.0955000000000001,2.0904000000000003,2.178,0.6271,1.9180000000000001,0.9241,0.7797000000000001,0.17450000000000002,0.13870000000000002,0.2632,0.4536,,1.693,,0.0117,,0.2938,1.1137000000000001,,0.057600000000000005,0.1689,0.0517,1.2573,0.0211,0.0361,1.2494,,0.0269,1.4534,0.23020000000000002,1.2668000000000001,0.7083,1.5407000000000002,1.5449000000000002,0.45320000000000005,1.0891,0.2141,0.7661,,0.8223,1.2068,1.2667000000000002,1.2467000000000001,0.5164,0.6116,0.8474,0.3141,,1.1086,1.0703,,1.5072,0.8402000000000001,0.8987,1.874,1.6643000000000001,0.1854,0.3168,1.1651,0.046200000000000005,0.6886,0.3034,,,0.8816,1.8087000000000002
,0.1177,,0.5115000000000001,0.8426,2.2139,1.8305,2.1245000000000003,0.07830000000000001,0.5115000000000001,1.1873,1.1206,1.7476,,,,0.6376000000000001,1.0754000000000001,,0.21730000000000002,0.2706,,,,0.0088,,1.6943000000000001,0.6213000000000001,,0.6771,0.9901000000000001,0.4148,0.0079,1.369,1.1788,0.0514,0.0872,,0.0984,,0.8360000000000001,0.6831,0.1398,2.5444,0.3146,0.6279,0.024300000000000002,0.2384,,0.013000000000000001,0.4955,0.6804,1.4082000000000001,1.5483,,0.0782,0.10700000000000001,0.3382,0.3567,,0.0463,0.4187,2.129,0.24980000000000002,1.5967,2.1469,0.7439,0.0201,,0.9277000000000001,0.7504000000000001,0.907,1.7958,,1.4392,0.1267,0.0819,2.1372,,1.3883,0.0155,0.4335,0.6885,1.7167000000000001,,0.06280000000000001,,0.4025,0.1384,,0.1913,0.24330000000000002,1.0859,,0.51,1.3952,1.6520000000000001,0.23570000000000002,,1.2154,1.6391,0.6116,,0.07300000000000001,0.33290000000000003,0.8264,2.2347,,,,0.3859,2.3643,0.06420000000000001,0.132,0.5375,0.8149000000000001,0.5427000000000001,0.09380000000000001,0.5638000000000001,1.1158000000000001,,,,0.0956,0.0692,0.4383,1.5498,0.5894,0.18480000000000002,,0.3433,1.3655000000000002,1.6073000000000002,1.8581,0.5529000000000001,0.084,,0.1081,0.32580000000000003,0.15660000000000002,0.3885,1.6091,1.4767000000000001,0.5127,0.3799,1.3174000000000001,2.1247000000000003,,,,0.15230000000000002,0.9851000000000001,,,0.0098,0.1589,,1.0462,,,0.17320000000000002,1.2183000000000002,,,0.0177,,1.5131000000000001,1.7134,1.3933,0.40890000000000004,1.9539000000000002,1.3899000000000001,0.6823,0.5778,0.7596,3.8475,1.4025,0.3471,,2.1576,0.7741,0.2416,0.7125,1.0161,0.2597,1.3144,1.3336000000000001,,,0.008,0.2167,1.7965,,0.4355,0.5660000000000001,0.38970000000000005,,0.5275000000000001,1.4564000000000001,1.1651,0.09390000000000001,0.031,0.5912000000000001,1.2975,1.4611,1.4787000000000001,0.9095000000000001,0.47090000000000004,0.0767,0.02,0.9337000000000001,0.0171,2.6433,0.251,1.0136,0.5195000000000001,0.0247,0.4058,0.0234,0.0123,0.304,0.4549,0.011600000000000001,0.3468,1.4786000000000001,0.6643,1.992,2.178,0.2068,0.14930000000000002,0.25070000000000003,1.8871,0.6025,1.2539,0.6645,0.7117,,0.4501,,0.0117,,1.6334000000000002,1.9873,,0.057600000000000005,,1.2904,1.8379,0.6735,0.2879,1.073,,0.0839,0.0713,1.6167,1.2668000000000001,0.18460000000000001,1.5407000000000002,0.2217,0.11280000000000001,1.0891,0.2024,0.7935,,0.2881,0.8747,0.9119,0.6598,0.47200000000000003,,0.18150000000000002,0.7429,,1.3276000000000001,1.5443,,1.443,0.4617,0.29350000000000004,0.5336000000000001,0.0858,0.0061,0.8476,1.4862,,0.0815,0.8685,,,1.5114,0.7435
,0.9342,,0.4021,0.5683,2.2073,1.0838,0.3995,0.0644,0.5115000000000001,1.1848,0.4655,1.0037,,,,1.2911000000000001,0.9563,,0.1706,0.2172,,,,,,1.1066,0.34850000000000003,,2.1884,2.0746,0.3156,,1.369,0.18100000000000002,1.6165,0.2743,,,,0.8360000000000001,0.5199,0.20500000000000002,0.20090000000000002,0.2437,2.1486,0.009300000000000001,0.8897,,,0.4955,0.6804,1.4082000000000001,0.6655,,0.0782,0.135,1.7925,0.651,,0.0463,1.4554,3.286,0.8564,1.1348,1.6218000000000001,0.3337,,,0.10200000000000001,0.40890000000000004,0.43760000000000004,1.4505000000000001,,1.1842000000000001,1.3522,0.08850000000000001,1.1257000000000001,,1.4795,0.008,0.2594,0.1241,0.9577,,0.1295,,0.015700000000000002,,,0.9084000000000001,0.24330000000000002,0.9993000000000001,,0.10400000000000001,0.41450000000000004,0.9618000000000001,0.0912,,0.7912,1.3873,0.1618,,1.1972,2.0218000000000003,3.7929000000000004,0.44880000000000003,,,,0.1348,0.796,0.06420000000000001,1.4566000000000001,0.2275,0.5381,0.2621,0.09380000000000001,1.6598000000000002,1.232,,,,,0.14930000000000002,0.4383,0.1312,0.5894,0.3607,,0.42000000000000004,1.3655000000000002,0.9364,2.0367,0.8854000000000001,0.0195,,0.1353,0.41440000000000005,0.15660000000000002,0.1995,1.6167,1.482,0.3259,1.8631,0.19690000000000002,0.9642000000000001,,,,2.3956,0.8207,,,0.685,0.2888,,0.0405,,,0.17320000000000002,0.4072,,,0.0601,,1.2208,1.0892,0.2164,0.40890000000000004,1.6575,0.4907,0.6823,0.7875000000000001,0.1663,1.5463,0.5592,0.3471,,1.6644,0.7741,1.4265,1.1442,2.0708,0.1943,0.9021,0.9912000000000001,,,,0.2531,1.8129000000000002,,0.4954,1.9943000000000002,1.3960000000000001,,0.1327,0.9769000000000001,2.0967000000000002,0.46950000000000003,0.0128,1.933,0.4671,0.0284,0.9117000000000001,1.8716000000000002,0.4274,0.0685,0.007200000000000001,0.27740000000000004,0.0171,1.3848,0.1371,1.0136,0.1575,0.0247,0.4171,0.755,,0.304,0.25070000000000003,1.8052000000000001,0.019,1.3631,0.6643,0.46330000000000005,1.5573000000000001,0.2068,0.44020000000000004,0.30910000000000004,2.1134,1.3671,1.2539,0.6584,0.7117,,2.4583,,,,1.2408000000000001,0.0907,,0.0733,,0.9313,0.31010000000000004,0.3362,0.321,1.073,,0.0088,0.301,1.6167,1.4307,0.0201,1.2428000000000001,1.7506000000000002,1.2174,0.3428,1.2379,0.797,,2.7178,0.6949000000000001,0.8959,0.6598,0.2949,,0.36410000000000003,0.9228000000000001,,0.0673,1.2008,,0.6775,0.025400000000000002,0.29350000000000004,0.5336000000000001,0.9600000000000001,1.0953000000000002,0.8476,1.7404000000000002,,0.0815,0.5604,,,1.5114,1.3880000000000001
,0.9342,,0.4021,0.1092,0.020800000000000003,0.7224,0.3995,,1.8587,1.2654,0.8588,0.4743,,,,1.2911000000000001,0.9929,,0.1706,0.0251,,,,,,0.8497,0.0125,,1.9477,2.9883,0.2071,,0.7511,0.2918,1.6165,0.27440000000000003,,,,0.0325,0.5199,0.20500000000000002,2.0806,0.0361,2.0049,0.009300000000000001,0.8897,,,,0.28750000000000003,0.46680000000000005,1.5330000000000001,,,,2.1226000000000003,0.1442,,,2.2479,0.4413,0.7043,0.1706,0.9277000000000001,2.0132,,,2.222,0.40890000000000004,0.43760000000000004,1.4508,,0.5871000000000001,1.2439,0.08850000000000001,0.33080000000000004,,0.365,0.8301000000000001,0.3916,0.1241,1.3840000000000001,,0.0089,,0.0565,,,1.3508,0.9352,0.9668,,1.8607,0.41450000000000004,1.6015000000000001,,,1.1457000000000002,0.0509,0.3477,,0.9483,1.0236,2.2943000000000002,0.44880000000000003,,,,0.0732,0.796,1.8023,1.4662000000000002,0.5375,0.7072,0.15,,1.7950000000000002,0.2521,,,,,0.14930000000000002,0.43310000000000004,1.6838000000000002,0.01,0.3607,,0.2852,0.3657,0.0567,0.1607,0.7664000000000001,0.0178,,0.1371,0.2833,0.1014,0.3885,0.8115,0.0308,0.3259,0.1458,0.5988,0.5312,,,,2.3956,0.6663,,,0.6849000000000001,0.2888,,0.0405,,,0.10640000000000001,0.2687,,,0.031100000000000003,,1.6168,0.7451,0.2154,0.5829,0.43710000000000004,0.20700000000000002,0.0853,0.4671,0.44930000000000003,0.1699,0.601,0.019200000000000002,,1.2971000000000001,0.6507000000000001,1.1744,0.42800000000000005,1.6460000000000001,0.19060000000000002,0.9932000000000001,0.9912000000000001,,,,1.3534000000000002,2.2110000000000003,,0.8712000000000001,1.1661000000000001,0.0068000000000000005,,0.2831,1.1218000000000001,0.255,0.46950000000000003,,1.933,0.4671,0.9258000000000001,0.1666,1.8716000000000002,0.24430000000000002,0.0685,0.007200000000000001,1.075,,2.3769,0.8966000000000001,2.3468,0.2167,0.0165,0.1022,1.061,,0.30260000000000004,0.25070000000000003,0.23820000000000002,0.019,1.0037,0.6876,1.0422,1.0487,1.2714,1.8474000000000002,0.781,0.2079,1.7621,0.8991,0.4451,0.8248000000000001,,1.4085,,,,1.5395,0.8786,,0.0408,,2.3939,1.0765,0.3362,0.1962,1.9464000000000001,,,1.7531,0.2454,0.53,1.5762,0.3466,0.2217,2.3859,0.3176,1.2274,0.21350000000000002,,1.32,0.8747,0.8959,0.1787,0.2962,,0.6459,1.5392000000000001,,2.3491,1.6421000000000001,,0.053200000000000004,,0.0079,0.6204000000000001,0.6218,0.1207,1.4553,0.9999,,,0.1458,,,1.1504,1.2028
,0.7443000000000001,,0.0177,0.10590000000000001,0.0119,1.4663000000000002,0.9493,,1.4507,1.2654,0.505,1.0430000000000001,,,,1.2572,0.16840000000000002,,,0.0251,,,,,,0.5925,0.0125,,0.7437,0.33130000000000004,0.2071,,0.49920000000000003,0.6037,1.199,0.020800000000000003,,,,,0.4233,0.24710000000000001,0.038200000000000005,,1.9802000000000002,,1.9183000000000001,,,,0.3279,0.5031,1.5925,,,,2.1226000000000003,0.7367,,,1.5568000000000002,1.4704000000000002,0.7048,0.0146,1.2670000000000001,0.8872,,,2.6549,1.2199,0.25,1.0141,,0.11660000000000001,1.3347,0.1342,2.4234,,0.7645000000000001,0.0646,,0.07970000000000001,1.3840000000000001,,,,0.0103,,,0.9084000000000001,0.9352,0.26890000000000003,,1.0441,0.3734,0.2616,,,0.23020000000000002,0.4166,,,0.9728,0.8560000000000001,2.74,0.6378,,,,0.1621,1.1478000000000002,1.8023,1.4662000000000002,1.5436,0.5949,,,0.4379,0.2521,,,,,,0.0286,0.3919,0.3123,0.4728,,0.1399,0.3345,0.0567,0.2733,0.09960000000000001,,,0.0071,0.5283,0.0772,0.23850000000000002,2.1753,0.3089,0.0088,0.0369,0.5902000000000001,0.042100000000000005,,,,0.5669000000000001,0.5835,,,,,,0.057100000000000005,,,0.0158,0.2687,,,0.025,,0.4922,0.7503000000000001,0.2154,0.3123,0.43710000000000004,0.20700000000000002,0.1199,0.4072,2.116,0.0158,0.601,0.008,,0.44370000000000004,0.5286000000000001,1.1744,0.42800000000000005,0.5016,0.8417,0.6927,0.4319,,,,0.29510000000000003,2.2110000000000003,,0.2922,0.31720000000000004,0.114,,0.2831,0.38370000000000004,0.7069000000000001,2.5472,,0.6366,3.3956,0.9258000000000001,1.3407,1.0526,0.0437,0.0143,,1.075,,0.1771,1.7559,0.6126,0.059000000000000004,,0.1422,0.9001,,0.4562,0.151,1.2403,0.055,0.4913,0.3296,1.0422,0.008400000000000001,1.0304,1.095,1.098,0.1935,0.9772000000000001,0.7068,0.43310000000000004,0.8248000000000001,,1.3393000000000002,,,,1.6796,0.2376,,0.0408,,1.7910000000000001,0.8792000000000001,0.0253,0.3331,0.5607,,,1.7531,0.759,0.026600000000000002,1.5762,0.47150000000000003,1.1854,2.3859,0.161,0.8589,0.092,,0.8998,1.0494,2.3111,1.1598000000000002,0.10500000000000001,,0.6459,1.2296,,2.0989,0.7391000000000001,,0.1187,,,0.1321,0.39280000000000004,0.7053,1.3814,0.1913,,,0.0811,,,0.2008,0.4287
,0.4233,,,0.1376,1.7745000000000002,1.4699,1.2241,,2.5649,1.8665,0.3119,0.7972,,,,0.5942000000000001,0.2783,,,,,,,,,0.6381,,,1.0448,0.46040000000000003,0.0229,,0.47750000000000004,0.6037,0.7252000000000001,0.010400000000000001,,,,,0.7666000000000001,0.24710000000000001,0.1888,,1.1498000000000002,,1.5305,,,,0.1554,0.4676,1.3079,,,,0.20170000000000002,0.7367,,,1.5674000000000001,1.4631,0.7179,1.1546,1.2670000000000001,1.2055,,,1.4644000000000001,1.2106000000000001,0.0666,1.5293,,1.3652,0.549,0.0723,0.0852,,0.0403,0.1515,,0.0346,1.5048000000000001,,,,0.038900000000000004,,,1.5132,0.5933,0.26890000000000003,,0.19010000000000002,0.7909,0.6177,,,1.0838,0.5765,,,0.1595,0.0591,0.020800000000000003,0.8838,,,,0.1715,1.923,1.6107,1.798,0.9952000000000001,0.5949,,,0.4379,1.4425000000000001,,,,,,,0.3919,0.0985,0.4728,,0.0349,0.4183,0.3766,0.139,0.09960000000000001,,,,,0.030000000000000002,0.0379,0.4791,0.7206,0.009300000000000001,0.0229,0.38020000000000004,0.8899,,,,0.86,0.8215,,,,,,0.4213,,,,1.9408,,,,,0.934,0.46230000000000004,0.050100000000000006,0.3123,0.042800000000000005,2.2430000000000003,0.0303,0.4072,2.116,0.5268,0.2374,0.019200000000000002,,0.1149,0.2184,1.3099,0.1207,1.49,1.0566,0.5176000000000001,0.4319,,,,0.29510000000000003,0.9520000000000001,,0.28,0.1656,0.8646,,1.1371,0.38370000000000004,0.49620000000000003,1.4085,,0.6847000000000001,1.6360000000000001,2.4404,1.3407,0.2281,0.28290000000000004,,,0.3851,,1.7772000000000001,1.31,0.3926,0.059000000000000004,,0.2624,1.038,,0.47840000000000005,0.1091,1.5328000000000002,2.592,0.6161,0.4751,0.299,0.008400000000000001,1.0304,0.3195,1.098,0.1935,0.9670000000000001,0.0291,0.3156,1.4086,,0.3846,,,,0.3597,1.0565,,,,0.9102,0.5696,0.0857,0.1962,1.0742,,,0.21780000000000002,1.1959,0.0286,1.0397,1.1367,0.5505,0.7348,0.2139,0.0906,0.092,,3.4516,0.6187,0.381,1.4165,0.10500000000000001,,0.0799,1.2074,,1.9979,0.38730000000000003,,0.3846,,,0.1559,1.0081,2.2211000000000003,0.6818000000000001,0.0818,,,0.1232,,,0.021,1.59
,0.4233,,,0.0061,1.2708000000000002,0.8461000000000001,2.5416000000000003,,0.7035,1.4927000000000001,0.3119,1.7078,,,,0.06770000000000001,0.38020000000000004,,,,,,,,,0.7499,,,1.7736,1.6124,0.0229,,0.12860000000000002,1.3051000000000001,1.0284,,,,,,0.545,0.10690000000000001,0.0183,,1.2516,,1.443,,,,0.063,0.0921,0.059300000000000005,,,,0.20170000000000002,,,,1.1724,0.5295,0.1626,1.1546,1.3217,1.2055,,,1.3518000000000001,0.5928,,1.5271000000000001,,1.3652,1.3851,0.1588,1.6400000000000001,,0.1338,0.1515,,0.0059,0.7035,,,,0.038900000000000004,,,0.5859,0.37010000000000004,1.1563,,0.5794,1.201,0.8562000000000001,,,0.2222,0.23170000000000002,,,0.1595,0.5864,1.5675000000000001,0.8865000000000001,,,,0.1076,1.9848000000000001,0.3128,0.1757,0.27790000000000004,0.9411,,,0.3054,2.2448,,,,,,,1.851,0.189,0.0152,,0.0349,1.4893,0.6441,0.1627,0.9162,,,,,0.0354,0.0166,1.3978000000000002,0.4767,,0.017,0.38020000000000004,0.6955,,,,0.0604,0.6333000000000001,,,,,,1.0530000000000002,,,,1.0703,,,,,0.6712,0.46230000000000004,,0.23570000000000002,0.4181,1.5546,,0.069,0.4151,0.9609000000000001,0.915,,,0.1519,0.0834,0.233,0.035,0.5945,1.3408,0.5176000000000001,1.6476000000000002,,,,0.48660000000000003,0.0325,,0.268,0.1656,0.311,,0.1535,1.8725,0.6389,0.9495,,0.5647,2.3211,0.506,1.1396,1.2064000000000001,0.28290000000000004,,,0.22410000000000002,,0.21530000000000002,0.6535000000000001,1.0389000000000002,0.0966,,0.021,0.8372,,1.7758,0.0424,1.5467,2.592,0.1386,0.7962,0.9868,0.7738,1.5897000000000001,0.3195,0.010700000000000001,0.051000000000000004,2.7991,0.5883,0.3156,0.2795,,0.3846,,,,0.6618,0.8137000000000001,,,,1.855,0.5876,,0.058300000000000005,0.3946,,,0.015300000000000001,2.6722,0.0286,1.4076,1.1367,0.5505,2.388,0.1514,0.1383,0.1947,,2.8942,0.5077,2.3775,1.3085,,,0.037000000000000005,0.43360000000000004,,0.9924000000000001,0.26830000000000004,,0.3387,,,0.1559,0.28600000000000003,2.2211000000000003,0.5589000000000001,1.2173,,,0.0158,,,0.3765,1.6673
,0.1263,,,0.0061,1.2708000000000002,0.3271,1.5110000000000001,,1.4567,0.6817000000000001,0.48910000000000003,1.2409000000000001,,,,0.056400000000000006,0.4823,,,,,,,,,0.3381,,,0.012400000000000001,0.10940000000000001,,,0.4158,1.3057,0.1618,,,,,,,0.048600000000000004,0.3038,,1.2516,,1.6353,,,,,0.0921,0.552,,,,0.8199000000000001,,,,1.1724,0.5295,0.09860000000000001,0.4716,0.4662,0.9913000000000001,,,1.7725000000000002,0.0364,,0.1484,,0.5643,1.3851,,0.51,,0.0724,0.06430000000000001,,0.0059,1.8127,,,,0.029500000000000002,,,0.5859,0.439,2.2055000000000002,,0.3627,1.2084000000000001,0.8562000000000001,,,0.0632,0.2315,,,0.1018,0.6597000000000001,1.5675000000000001,1.5026000000000002,,,,0.016900000000000002,0.34240000000000004,0.3128,0.1626,0.019200000000000002,0.9411,,,0.1711,2.2448,,,,,,,0.5650000000000001,0.0756,0.0152,,0.028900000000000002,1.4893,0.5593,0.015700000000000002,0.619,,,,,0.0109,0.0166,1.5887,0.4767,,0.017,0.1105,0.4,,,,0.6976,0.6333000000000001,,,,,,0.5948,,,,0.8559,,,,,0.6712,0.8320000000000001,,0.024800000000000003,0.1575,2.8927,,,0.3748,0.9609000000000001,0.514,,,0.1519,0.0834,1.9916,,0.3371,0.8856,0.0533,0.8285,,,,0.4077,0.6674,,0.2477,0.4389,0.9297000000000001,,0.1535,1.5397,0.055400000000000005,0.9495,,0.2325,1.8335000000000001,1.6860000000000002,0.3145,0.48250000000000004,,,,0.4395,,1.7772000000000001,0.43960000000000005,1.2137,0.0109,,,0.3463,,1.8926,0.0495,1.0334,0.8183,0.657,0.3452,0.9838,0.3552,0.2311,0.020300000000000002,0.3803,,4.3627,0.0745,,0.006,,0.46130000000000004,,,,0.5233,0.8631000000000001,,,,1.855,0.29810000000000003,,0.1097,0.5574,,,0.016,1.3413000000000002,0.0056,1.374,0.6859000000000001,0.39530000000000004,0.868,0.1514,0.1086,0.0762,,2.8942,0.1421,0.3682,1.8062,,,0.0325,0.43360000000000004,,0.09820000000000001,0.7939,,0.3387,,,0.09570000000000001,0.28600000000000003,1.2961,0.9022,1.2173,,,,,,0.3765,1.2593
,0.1413,,,0.0173,1.3432000000000002,0.3271,1.5110000000000001,,1.842,1.4264000000000001,0.48910000000000003,1.2409000000000001,,,,0.8555,0.4823,,,,,,,,,0.3381,,,1.2534,1.2388000000000001,,,0.16790000000000002,2.8472,0.2901,,,,,,,0.0158,0.20450000000000002,,0.8313,,1.35,,,,,0.037200000000000004,0.8137000000000001,,,,0.9817,,,,0.8043,0.30810000000000004,0.09860000000000001,0.40190000000000003,0.07250000000000001,0.9913000000000001,,,0.42700000000000005,3.0366,,0.1484,,0.7076,1.3126,,0.0176,,0.0724,,,,1.3637000000000001,,,,0.033,,,1.2398,0.10890000000000001,1.4196,,0.3884,1.1079,0.39540000000000003,,,0.0632,0.16740000000000002,,,,0.2611,0.36200000000000004,1.5026000000000002,,,,,0.301,0.2949,0.6781,0.024200000000000003,0.5994,,,0.1711,0.66,,,,,,,0.0785,0.0756,0.6727000000000001,,0.028900000000000002,3.2831,0.17850000000000002,0.1364,0.0173,,,,,,,1.3978000000000002,0.7666000000000001,,,0.030600000000000002,0.5700000000000001,,,,0.41950000000000004,0.3519,,,,,,0.626,,,,0.5734,,,,,0.9123,0.4325,,,0.48200000000000004,1.5206000000000002,,,0.3748,0.3564,0.0388,,,0.3688,,2.2079,,0.6363,0.6451,0.0083,0.6841,,,,0.1136,0.0931,,0.0083,0.43970000000000004,0.23450000000000001,,0.24600000000000002,1.5397,0.055400000000000005,0.7518,,0.2243,0.9293,0.43370000000000003,0.3145,0.1711,,,,0.6702,,0.8301000000000001,0.3753,1.0049000000000001,0.0098,,,0.7577,,1.81,,1.0334,0.023,0.6581,0.16790000000000002,1.7158,0.222,0.5820000000000001,2.1685000000000003,0.267,,0.5871000000000001,0.0745,,0.12190000000000001,,0.5379,,,,0.5233,0.8631000000000001,,,,1.6697000000000002,0.2659,,0.0458,0.30760000000000004,,,1.1355,0.25470000000000004,0.0056,1.7589000000000001,0.2446,0.39530000000000004,0.2204,0.113,0.029400000000000003,,,0.1406,0.1421,0.6747000000000001,1.8290000000000002,,,,0.81,,0.2561,0.7939,,0.0697,,,0.09570000000000001,0.29410000000000003,0.365,0.41350000000000003,0.1429,,,,,,0.0936,1.2593
,0.1197,,,,0.3002,0.5352,0.27790000000000004,,1.7095,0.2827,0.27390000000000003,2.0415,,,,0.0419,0.0843,,,,,,,,,0.0698,,,1.1759000000000002,1.2388000000000001,,,0.0251,1.4164,0.2901,,,,,,,0.048600000000000004,0.20450000000000002,,0.8499,,0.013300000000000001,,,,,0.037200000000000004,0.0287,,,,0.8029000000000001,,,,1.161,0.066,,1.2647000000000002,0.1388,1.3083,,,2.559,0.35810000000000003,,0.017,,0.27440000000000003,0.1399,,1.0096,,,,,,0.8555,,,,0.0414,,,1.2632,0.1331,1.1728,,0.3884,1.1079,,,,0.023,,,,,0.39180000000000004,0.1535,1.7506000000000002,,,,,0.4823,0.4287,0.6629,0.6747000000000001,0.38870000000000005,,,0.2462,1.0604,,,,,,,0.2273,0.0398,0.35860000000000003,,,0.4496,0.0835,0.1364,0.0173,,,,,,,1.2033,0.673,,,,0.2934,,,,0.2298,0.1413,,,,,,0.3423,,,,0.1859,,,,,0.9123,0.4315,,,0.48040000000000005,1.3525,,,0.4388,0.0623,0.464,,,0.046200000000000005,,1.1664,,0.6363,0.1394,0.0236,0.8677,,,,0.39690000000000003,0.1864,,,0.032,0.2462,,0.5105000000000001,0.49050000000000005,0.039900000000000005,0.4591,,0.0649,0.1501,0.43370000000000003,1.0698,0.1107,,,,0.0455,,0.33690000000000003,0.3753,1.2882,,,,0.7577,,1.81,,0.8726,0.023,0.0526,,0.9838,0.40540000000000004,0.5820000000000001,0.7437,0.26680000000000004,,1.008,0.077,,0.0589,,0.41350000000000003,,,,0.7496,0.5707,,,,0.7250000000000001,0.0431,,0.0458,0.5574,,,0.8006000000000001,0.2474,,0.7355,0.2446,0.9325,0.1446,0.0906,0.027200000000000002,,,2.1063,0.0471,1.9247,0.18330000000000002,,,,0.182,,0.6055,0.2959,,0.0507,,,0.0327,0.031,0.19990000000000002,0.09860000000000001,0.7098,,,,,,0.1476,0.0143
,0.08030000000000001,,,,0.3002,0.5352,1.1194,,1.7095,0.2555,,1.7159,,,,0.0419,,,,,,,,,,,,,2.0794,0.8335,,,,0.6411,0.5297000000000001,,,,,,,,0.0224,,0.277,,0.013300000000000001,,,,,,0.2907,,,,0.1046,,,,1.2879,0.0815,,1.0110000000000001,0.1388,0.6631,,,2.559,1.336,,0.0333,,0.1481,0.7354,,0.1768,,,,,,0.8555,,,,,,,0.4587,0.1331,1.2629000000000001,,0.22640000000000002,0.1306,,,,0.023,,,,,0.0947,0.1535,0.7323000000000001,,,,,0.3788,0.1273,0.4509,0.8813000000000001,0.5973,,,0.2462,0.3161,,,,,,,0.2273,0.0398,0.4164,,,2.142,,0.0188,,,,,,,,0.3466,0.5192,,,,0.2934,,,,0.0961,0.2194,,,,,,0.3423,,,,0.5189,,,,,0.3829,0.0521,,,0.1487,1.3596000000000001,,,0.4445,0.9486,0.464,,,0.41200000000000003,,1.1664,,0.372,0.1786,,0.06910000000000001,,,,0.2092,,,,0.032,0.101,,0.1062,1.0438,,0.49910000000000004,,0.0649,0.48750000000000004,0.3326,0.4655,0.5242,,,,0.023100000000000002,,0.026000000000000002,0.1245,0.5392,,,,0.8045,,0.3986,,0.9997,0.1562,,,0.1203,0.0135,0.0902,0.6259,0.22440000000000002,,0.898,0.14750000000000002,,0.029,,0.2649,,,,0.7474000000000001,,,,,1.0866,0.0374,,,0.09330000000000001,,,0.385,0.6198,,0.5846,0.7074,0.595,0.6848000000000001,,0.027200000000000002,,,0.7101000000000001,,0.3801,0.18330000000000002,,,,0.6136,,0.6055,0.3311,,,,,0.0327,,1.9117000000000002,0.6707000000000001,0.7098,,,,,,0.019200000000000002,0.2179
,,,,,0.4328,0.3861,0.27790000000000004,,0.2277,0.2555,,0.8865000000000001,,,,,,,,,,,,,,,,,1.8512000000000002,1.7423000000000002,,,,0.1957,0.5297000000000001,,,,,,,,0.2523,,0.0543,,0.4179,,,,,,0.2907,,,,0.48660000000000003,,,,0.5601,0.09380000000000001,,0.9276000000000001,0.27540000000000003,0.0734,,,1.0388,0.7080000000000001,,0.0333,,0.1216,0.2674,,0.1464,,,,,,1.0263,,,,,,,0.24450000000000002,0.21760000000000002,0.4899,,0.22640000000000002,0.10840000000000001,,,,,,,,,0.2192,0.7277,1.475,,,,,0.007,0.0505,0.4509,0.8813000000000001,0.0819,,,0.154,1.2161,,,,,,,0.43170000000000003,,0.41300000000000003,,,1.6551,,0.0188,,,,,,,,0.3085,0.5192,,,,0.1115,,,,0.0961,0.033600000000000005,,,,,,0.3094,,,,0.4762,,,,,1.4162000000000001,0.0383,,,0.1487,1.0697,,,0.4445,0.9587,0.0572,,,0.41200000000000003,,0.524,,0.372,0.0936,,0.1461,,,,0.1012,,,,,0.0528,,0.061700000000000005,0.7059000000000001,,0.2069,,,0.48750000000000004,1.5697,0.385,0.5242,,,,0.023100000000000002,,0.026000000000000002,0.0499,,,,,0.0143,,0.4456,,0.0198,1.3992,,,0.909,0.8032,0.0425,0.048100000000000004,0.22440000000000002,,0.8367,0.077,,0.029,,,,,,,,,,,0.7237,,,,0.20900000000000002,,,0.4464,0.6182000000000001,,0.5846,0.3285,0.5193,0.369,,,,,0.09340000000000001,,0.058600000000000006,0.32980000000000004,,,,0.45320000000000005,,0.2306,0.2959,,,,,,,0.9545,0.193,0.6461,,,,,,,0.2179
,,,,,1.4496,0.3047,0.4575,,0.2277,0.0823,,0.7069000000000001,,,,,,,,,,,,,,,,,1.8512000000000002,0.024,,,,0.4012,0.66,,,,,,,,0.015600000000000001,,,,0.1413,,,,,,0.0417,,,,0.1665,,,,0.6735,0.09380000000000001,,0.32320000000000004,0.11510000000000001,0.1361,,,0.41250000000000003,0.2751,,,,0.0098,0.2595,,0.1464,,,,,,0.5347000000000001,,,,,,,0.24450000000000002,0.0659,0.4899,,0.24070000000000003,0.4877,,,,,,,,,0.044500000000000005,1.0179,0.059500000000000004,,,,,0.07930000000000001,0.0772,0.0115,0.2063,0.1004,,,0.040100000000000004,1.2161,,,,,,,0.4315,,0.1547,,,1.6551,,,,,,,,,,0.267,0.11520000000000001,,,,0.1593,,,,0.0756,,,,,,,0.22460000000000002,,,,0.4762,,,,,0.45640000000000003,0.0751,,,0.216,1.0697,,,0.6548,0.5399,0.055600000000000004,,,0.1091,,0.19640000000000002,,0.27590000000000003,0.1786,,0.1461,,,,0.1012,,,,,0.0528,,,1.0097,,0.07690000000000001,,,0.1889,1.5697,0.0908,0.4324,,,,,,0.2569,0.0499,,,,,0.31010000000000004,,3.665,,0.0198,1.0517,,,0.4354,0.3658,0.1096,1.1808,0.1631,,0.053500000000000006,0.14750000000000002,,,,,,,,,,,,,3.2042,,,,0.20900000000000002,,,0.0709,0.3655,,0.4464,0.35000000000000003,0.5163,0.369,,,,,1.0729,,1.4806000000000001,0.32980000000000004,,,,0.1144,,0.2306,0.33390000000000003,,,,,,,0.7426,0.193,0.012,,,,,,,0.0184
,,,,,0.3138,0.158,2.165,,0.6949000000000001,0.0152,,0.7069000000000001,,,,,,,,,,,,,,,,,0.2775,0.3265,,,,0.4012,0.4087,,,,,,,,0.015600000000000001,,,,0.1908,,,,,,,,,,0.010400000000000001,,,,0.4465,,,0.9186000000000001,,0.1361,,,0.6862,1.3113000000000001,,,,0.044700000000000004,0.16720000000000002,,0.0849,,,,,,0.1698,,,,,,,0.0263,,0.0565,,0.08940000000000001,0.0051,,,,,,,,,0.0385,0.44870000000000004,0.6715,,,,,0.7355,0.0772,0.5304,0.2063,0.045200000000000004,,,,1.1318000000000001,,,,,,,0.6678000000000001,,0.06760000000000001,,,1.4683000000000002,,,,,,,,,,0.2439,0.0476,,,,0.1593,,,,0.1039,,,,,,,0.0679,,,,0.19870000000000002,,,,,1.6861000000000002,0.0521,,,0.014100000000000001,0.8198000000000001,,,3.8548,0.5399,0.055600000000000004,,,0.0819,,0.1325,,0.0644,0.0073,,0.064,,,,0.0216,,,,,,,,1.0097,,,,,1.9454,0.5801000000000001,0.0908,0.49360000000000004,,,,,,0.08750000000000001,0.027800000000000002,,,,,0.3554,,0.1822,,0.3927,0.8431000000000001,,,0.4354,0.3658,0.0853,1.2,0.0512,,0.5726,0.0179,,,,,,,,,,,,,0.3985,,,,0.07830000000000001,,,0.2318,0.11170000000000001,,0.40540000000000004,0.1733,0.1193,0.1264,,,,,0.3017,,0.010100000000000001,0.2268,,,,0.1144,,0.23600000000000002,0.3038,,,,,,,0.431,0.0296,0.0506,,,,,,,0.0393
,,,,,0.3138,0.158,0.3582,,0.8829,0.0152,,0.15230000000000002,,,,,,,,,,,,,,,,,0.7571,0.18230000000000002,,,,0.0789,0.0112,,,,,,,,,,,,0.1908,,,,,,,,,,0.1004,,,,0.2172,,,0.037200000000000004,,0.024900000000000002,,,0.6466000000000001,1.3113000000000001,,,,0.044700000000000004,0.16720000000000002,,0.0109,,,,,,0.1698,,,,,,,,,0.0661,,0.0357,0.0063,,,,,,,,,0.0385,0.44870000000000004,0.7005,,,,,0.3635,,0.5304,0.0152,0.029900000000000003,,,,0.8341000000000001,,,,,,,0.6678000000000001,,0.0114,,,0.1072,,,,,,,,,,0.2439,0.11520000000000001,,,,0.07350000000000001,,,,,,,,,,,0.0143,,,,0.10640000000000001,,,,,1.6861000000000002,,,,0.0083,1.0965,,,0.8200000000000001,0.3164,,,,0.0819,,0.1325,,0.10350000000000001,,,0.062,,,,,,,,,,,,0.32580000000000003,,,,,1.9454,0.1316,0.0482,0.2504,,,,,,0.6483,0.027800000000000002,,,,,0.157,,0.1822,,0.38,0.4253,,,0.194,0.3355,0.018600000000000002,0.9576,0.0158,,0.6331,,,,,,,,,,,,,,0.3985,,,,,,,0.2318,0.11170000000000001,,0.1613,0.08750000000000001,0.2029,0.16640000000000002,,,,,0.377,,0.010100000000000001,1.8084,,,,,,0.021400000000000002,0.0858,,,,,,,0.3201,,0.0333,,,,,,,0.005200000000000001
,,,,,0.2934,0.0131,0.3582,,0.6954,0.023,,0.6856,,,,,,,,,,,,,,,,,0.6894,0.1391,,,,0.0322,,,,,,,,,,,,,0.0985,,,,,,,,,,0.0091,,,,0.11750000000000001,,,0.23950000000000002,,,,,1.0918,0.8428,,,,0.0123,0.0213,,,,,,,,0.41650000000000004,,,,,,,,,0.5505,,0.0357,,,,,,,,,,,0.18430000000000002,0.7005,,,,,0.15990000000000001,,0.2657,,,,,,0.2033,,,,,,,0.1557,,,,,0.2707,,,,,,,,,,0.2152,0.0664,,,,0.0449,,,,,,,,,,,0.009300000000000001,,,,,,,,,0.2745,,,,,0.754,,,1.9805000000000001,0.0218,,,,0.0077,,0.20700000000000002,,0.0103,,,,,,,,,,,,,,,0.1116,,,,,0.6242,0.26030000000000003,,0.5574,,,,,,0.6483,0.0189,,,,,0.157,,0.1337,,0.9037000000000001,2.4402,,,0.20220000000000002,0.08220000000000001,,0.805,,,0.6355000000000001,,,,,,,,,,,,,,0.167,,,,,,,0.114,0.13570000000000002,,0.0396,0.17550000000000002,0.42910000000000004,0.1136,,,,,0.6997,,0.9134,1.1521000000000001,,,,,,,0.07490000000000001,,,,,,,0.226,,0.019100000000000002,,,,,,,
,,,,,0.0714,,1.0056,,0.5437000000000001,0.0135,,0.2695,,,,,,,,,,,,,,,,,0.4944,0.0534,,,,,,,,,,,,,,,,,0.0985,,,,,,,,,,,,,,0.0324,,,0.23950000000000002,,,,,0.6303000000000001,0.1288,,,,,0.0213,,,,,,,,0.1308,,,,,,,,,0.5505,,0.1072,,,,,,,,,,,0.3542,0.2576,,,,,0.1539,,0.162,,,,,,0.44220000000000004,,,,,,,0.1736,,,,,0.9197000000000001,,,,,,,,,,0.2134,0.0994,,,,0.0786,,,,,,,,,,,,,,,,,,,,1.4812,,,,,0.34900000000000003,,,1.2442,0.054400000000000004,,,,0.0077,,0.19720000000000001,,,,,,,,,,,,,,,,,0.1116,,,,,0.6207,0.26030000000000003,,,,,,,,0.6538,0.0148,,,,,,,0.0819,,0.1296,0.8208000000000001,,,0.0674,0.08220000000000001,,0.805,,,0.6371,,,,,,,,,,,,,,0.7094,,,,,,,0.0182,0.11230000000000001,,0.0459,0.0085,,0.15080000000000002,,,,,0.4647,,1.1775,0.9114000000000001,,,,,,,,,,,,,,0.226,,,,,,,,,
,,,,,0.09000000000000001,,1.2126000000000001,,0.0882,,,0.6489,,,,,,,,,,,,,,,,,0.039400000000000004,0.0534,,,,,,,,,,,,,,,,,0.2791,,,,,,,,,,,,,,,,,0.065,,,,,0.2891,1.3545,,,,,0.0076,,,,,,,,0.0604,,,,,,,,,0.3781,,0.0388,,,,,,,,,,,0.3134,0.2106,,,,,0.1539,,0.0883,,,,,,0.44220000000000004,,,,,,,0.0446,,,,,0.9197000000000001,,,,,,,,,,0.1008,0.0981,,,,,,,,,,,,,,,,,,,,,,,,0.9601000000000001,,,,,0.34900000000000003,,,1.2442,0.059000000000000004,,,,,,0.07830000000000001,,,,,,,,,,,,,,,,,,,,,,1.335,0.26580000000000004,,,,,,,,0.3623,,,,,,,,0.30970000000000003,,0.1296,0.1857,,,0.021,0.0273,,0.2432,,,0.13090000000000002,,,,,,,,,,,,,,0.2139,,,,,,,0.0182,0.11230000000000001,,,,,0.15080000000000002,,,,,0.4647,,1.1775,0.9172,,,,,,,,,,,,,,0.7773,,,,,,,,,
,,,,,0.0608,,1.2126000000000001,,0.1675,,,0.6489,,,,,,,,,,,,,,,,,0.1985,0.0656,,,,,,,,,,,,,,,,,,,,,,,,,,,,,,,,,,0.0599,,,,,0.5823,1.3545,,,,,,,,,,,,,0.0471,,,,,,,,,0.2195,,,,,,,,,,,,,0.1847,0.20070000000000002,,,,,0.23720000000000002,,,,,,,,0.009600000000000001,,,,,,,,,,,,0.0367,,,,,,,,,,,,,,,,,,,,,,,,,,,,,,,,,,,1.3672,,,,,,,,0.7282000000000001,,,,,,,0.0188,,,,,,,,,,,,,,,,,,,,,,0.3244,0.4778,,,,,,,,0.5750000000000001,,,,,,,,3.5277000000000003,,0.1019,0.4932,,,0.018500000000000003,,,0.2432,,,0.0318,,,,,,,,,,,,,,0.4642,,,,,,,0.0227,0.013000000000000001,,,,,0.0274,,,,,0.3453,,0.1903,1.2003000000000001,,,,,,,,,,,,,,0.28800000000000003,,,,,,,,,
,,,,,0.0608,,0.18580000000000002,,0.0252,,,0.2642,,,,,,,,,,,,,,,,,0.18230000000000002,0.0656,,,,,,,,,,,,,,,,,,,,,,,,,,,,,,,,,,,,,,,0.7915000000000001,0.6541,,,,,,,,,,,,,0.0693,,,,,,,,,0.0994,,,,,,,,,,,,,0.013300000000000001,0.20070000000000002,,,,,0.0702,,,,,,,,0.009600000000000001,,,,,,,,,,,,0.0747,,,,,,,,,,,,,,,,,,,,,,,,,,,,,,,,,,,1.3602,,,,,,,,0.6491,,,,,,,,,,,,,,,,,,,,,,,,,,,,,0.3244,0.27190000000000003,,,,,,,,0.1107,,,,,,,,1.8568,,0.1019,0.4932,,,,,,0.6031000000000001,,,0.0718,,,,,,,,,,,,,,0.3136,,,,,,,,0.0227,,,,,,,,,,0.2439,,0.1903,0.13720000000000002,,,,,,,,,,,,,,0.0999,,,,,,,,,
,,,,,0.0085,,0.1874,,,,,0.0082,,,,,,,,,,,,,,,,,0.049300000000000004,0.0097,,,,,,,,,,,,,,,,,,,,,,,,,,,,,,,,,,,,,,,0.17470000000000002,1.1397000000000002,,,,,,,,,,,,,,,,,,,,,,0.09910000000000001,,,,,,,,,,,,,,0.0688,,,,,,,,,,,,,0.1269,,,,,,,,,,,,0.0567,,,,,,,,,,,,,,,,,,,,,,,,,,,,,,,,,,,0.5775,,,,,,,,0.5745,,,,,,,,,,,,,,,,,,,,,,,,,,,,,0.7215,0.6127,,,,,,,,0.0235,,,,,,,,0.1279,,0.0106,0.1763,,,,,,0.013900000000000001,,,,,,,,,,,,,,,,,0.9520000000000001,,,,,,,,0.0077,,,,,,,,,,0.0103,,0.08170000000000001,0.8253,,,,,,,,,,,,,,0.0393,,,,,,,,,
,,,,,0.0054,,0.6634,,,,,,,,,,,,,,,,,,,,,,0.049300000000000004,,,,,,,,,,,,,,,,,,,,,,,,,,,,,,,,,,,,,,,,0.0791,0.7353000000000001,,,,,,,,,,,,,,,,,,,,,,,,,,,,,,,,,,,,0.0688,,,,,,,,,,,,,0.6354000000000001,,,,,,,,,,,,0.0567,,,,,,,,,,,,,,,,,,,,,,,,,,,,,,,,,,,0.6234000000000001,,,,,,,,0.6738000000000001,,,,,,,,,,,,,,,,,,,,,,,,,,,,,0.0064,0.19540000000000002,,,,,,,,0.019100000000000002,,,,,,,,0.0786,,0.007500000000000001,0.1794,,,,,,,,,,,,,,,,,,,,,,,0.9520000000000001,,,,,,,,,,,,,,,,,,0.0103,,0.0794,0.8253,,,,,,,,,,,,,,0.0393,,,,,,,,,
,,,,,0.0054,,0.6738000000000001,,,,,,,,,,,,,,,,,,,,,,,,,,,,,,,,,,,,,,,,,,,,,,,,,,,,,,,,,,,,,,0.031100000000000003,0.653,,,,,,,,,,,,,,,,,,,,,,,,,,,,,,,,,,,,0.026000000000000002,,,,,,,,,,,,,1.08,,,,,,,,,,,,0.0908,,,,,,,,,,,,,,,,,,,,,,,,,,,,,,,,,,,0.3256,,,,,,,,0.2056,,,,,,,,,,,,,,,,,,,,,,,,,,,,,0.3519,0.19540000000000002,,,,,,,,,,,,,,,,0.4214,,0.007500000000000001,0.34950000000000003,,,,,,,,,,,,,,,,,,,,,,,0.9397000000000001,,,,,,,,,,,,,,,,,,0.0111,,0.034300000000000004,0.6077,,,,,,,,,,,,,,0.0699,,,,,,,,,
,,,,,,,0.3447,,,,,,,,,,,,,,,,,,,,,,,,,,,,,,,,,,,,,,,,,,,,,,,,,,,,,,,,,,,,,,,0.1262,,,,,,,,,,,,,,,,,,,,,,,,,,,,,,,,,,,,,,,,,,,,,,,,,0.2943,,,,,,,,,,,,0.057800000000000004,,,,,,,,,,,,,,,,,,,,,,,,,,,,,,,,,,,0.30720000000000003,,,,,,,,0.1953,,,,,,,,,,,,,,,,,,,,,,,,,,,,,0.3519,,,,,,,,,,,,,,,,,0.5501,,,0.0623,,,,,,,,,,,,,,,,,,,,,,,0.9591000000000001,,,,,,,,,,,,,,,,,,0.0111,,,0.6077,,,,,,,,,,,,,,0.023100000000000002,,,,,,,,,
,,,,,,,0.3447,,,,,,,,,,,,,,,,,,,,,,,,,,,,,,,,,,,,,,,,,,,,,,,,,,,,,,,,,,,,,,,0.048100000000000004,,,,,,,,,,,,,,,,,,,,,,,,,,,,,,,,,,,,,,,,,,,,,,,,,0.325,,,,,,,,,,,,,,,,,,,,,,,,,,,,,,,,,,,,,,,,,,,,,,,,,,,,,,,,,,,,,,,,,,,,,,,,,,,,,,,,,,,,0.0669,,,,,,,,,,,,,,,,,1.3394000000000001,,,0.0623,,,,,,,,,,,,,,,,,,,,,,,0.40650000000000003,,,,,,,,,,,,,,,,,,,,,0.021500000000000002,,,,,,,,,,,,,,,,,,,,,,,
,,,,,,,0.1348,,,,,,,,,,,,,,,,,,,,,,,,,,,,,,,,,,,,,,,,,,,,,,,,,,,,,,,,,,,,,,,0.0563,,,,,,,,,,,,,,,,,,,,,,,,,,,,,,,,,,,,,,,,,,,,,,,,,0.18000000000000002,,,,,,,,,,,,,,,,,,,,,,,,,,,,,,,,,,,,,,,,,,,,,,,,,,,,,,,,,,,,,,,,,,,,,,,,,,,,,,,,,,,,0.0669,,,,,,,,,,,,,,,,,1.3454000000000002,,,,,,,,,,,,,,,,,,,,,,,,,,0.40650000000000003,,,,,,,,,,,,,,,,,,,,,0.4151,,,,,,,,,,,,,,,,,,,,,,,
,,,,,,,0.1348,,,,,,,,,,,,,,,,,,,,,,,,,,,,,,,,,,,,,,,,,,,,,,,,,,,,,,,,,,,,,,,0.075,,,,,,,,,,,,,,,,,,,,,,,,,,,,,,,,,,,,,,,,,,,,,,,,,0.1817,,,,,,,,,,,,,,,,,,,,,,,,,,,,,,,,,,,,,,,,,,,,,,,,,,,,,,,,,,,,,,,,,,,,,,,,,,,,,,,,,,,,0.12510000000000002,,,,,,,,,,,,,,,,,0.25120000000000003,,,,,,,,,,,,,,,,,,,,,,,,,,0.0703,,,,,,,,,,,,,,,,,,,,,0.06430000000000001,,,,,,,,,,,,,,,,,,,,,,,
,,,,,,,,,,,,,,,,,,,,,,,,,,,,,,,,,,,,,,,,,,,,,,,,,,,,,,,,,,,,,,,,,,,,,,0.037200000000000004,,,,,,,,,,,,,,,,,,,,,,,,,,,,,,,,,,,,,,,,,,,,,,,,,,,,,,,,,,,,,,,,,,,,,,,,,,,,,,,,,,,,,,,,,,,,,,,,,,,,,,,,,,,,,,,,,,,,,,,,,,,,,,,,,,,,,0.0414,,,,,,,,,,,,,,,,,0.25120000000000003,,,,,,,,,,,,,,,,,,,,,,,,,,0.1943,,,,,,,,,,,,,,,,,,,,,0.0485,,,,,,,,,,,,,,,,,,,,,,,
,,,,,,,,,,,,,,,,,,,,,,,,,,,,,,,,,,,,,,,,,,,,,,,,,,,,,,,,,,,,,,,,,,,,,,,,,,,,,,,,,,,,,,,,,,,,,,,,,,,,,,,,,,,,,,,,,,,,,,,,,,,,,,,,,,,,,,,,,,,,,,,,,,,,,,,,,,,,,,,,,,,,,,,,,,,,,,,,,,,,,,,,,,,,,,,,,,,,,,,,,,,0.0263,,,,,,,,,,,,,,,,,0.8064,,,,,,,,,,,,,,,,,,,,,,,,,,0.0438,,,,,,,,,,,,,,,,,,,,,,,,,,,,,,,,,,,,,,,,,,,,
,,,,,,,,,,,,,,,,,,,,,,,,,,,,,,,,,,,,,,,,,,,,,,,,,,,,,,,,,,,,,,,,,,,,,,,,,,,,,,,,,,,,,,,,,,,,,,,,,,,,,,,,,,,,,,,,,,,,,,,,,,,,,,,,,,,,,,,,,,,,,,,,,,,,,,,,,,,,,,,,,,,,,,,,,,,,,,,,,,,,,,,,,,,,,,,,,,,,,,,,,,,,,,,,,,,,,,,,,,,,0.5053,,,,,,,,,,,,,,,,,,,,,,,,,,0.0307,,,,,,,,,,,,,,,,,,,,,,,,,,,,,,,,,,,,,,,,,,,,
,,,,,,,,,,,,,,,,,,,,,,,,,,,,,,,,,,,,,,,,,,,,,,,,,,,,,,,,,,,,,,,,,,,,,,,,,,,,,,,,,,,,,,,,,,,,,,,,,,,,,,,,,,,,,,,,,,,,,,,,,,,,,,,,,,,,,,,,,,,,,,,,,,,,,,,,,,,,,,,,,,,,,,,,,,,,,,,,,,,,,,,,,,,,,,,,,,,,,,,,,,,,,,,,,,,,,,,,,,,,0.4471,,,,,,,,,,,,,,,,,,,,,,,,,,0.0307,,,,,,,,,,,,,,,,,,,,,,,,,,,,,,,,,,,,,,,,,,,,
,,,,,,,,,,,,,,,,,,,,,,,,,,,,,,,,,,,,,,,,,,,,,,,,,,,,,,,,,,,,,,,,,,,,,,,,,,,,,,,,,,,,,,,,,,,,,,,,,,,,,,,,,,,,,,,,,,,,,,,,,,,,,,,,,,,,,,,,,,,,,,,,,,,,,,,,,,,,,,,,,,,,,,,,,,,,,,,,,,,,,,,,,,,,,,,,,,,,,,,,,,,,,,,,,,,,,,,,,,,,0.35100000000000003,,,,,,,,,,,,,,,,,,,,,,,,,,,,,,,,,,,,,,,,,,,,,,,,,,,,,,,,,,,,,,,,,,,,,,
,,,,,,,,,,,,,,,,,,,,,,,,,,,,,,,,,,,,,,,,,,,,,,,,,,,,,,,,,,,,,,,,,,,,,,,,,,,,,,,,,,,,,,,,,,,,,,,,,,,,,,,,,,,,,,,,,,,,,,,,,,,,,,,,,,,,,,,,,,,,,,,,,,,,,,,,,,,,,,,,,,,,,,,,,,,,,,,,,,,,,,,,,,,,,,,,,,,,,,,,,,,,,,,,,,,,,,,,,,,,0.31120000000000003,,,,,,,,,,,,,,,,,,,,,,,,,,,,,,,,,,,,,,,,,,,,,,,,,,,,,,,,,,,,,,,,,,,,,,
,,,,,,,,,,,,,,,,,,,,,,,,,,,,,,,,,,,,,,,,,,,,,,,,,,,,,,,,,,,,,,,,,,,,,,,,,,,,,,,,,,,,,,,,,,,,,,,,,,,,,,,,,,,,,,,,,,,,,,,,,,,,,,,,,,,,,,,,,,,,,,,,,,,,,,,,,,,,,,,,,,,,,,,,,,,,,,,,,,,,,,,,,,,,,,,,,,,,,,,,,,,,,,,,,,,,,,,,,,,,0.31120000000000003,,,,,,,,,,,,,,,,,,,,,,,,,,,,,,,,,,,,,,,,,,,,,,,,,,,,,,,,,,,,,,,,,,,,,,
,,,,,,,,,,,,,,,,,,,,,,,,,,,,,,,,,,,,,,,,,,,,,,,,,,,,,,,,,,,,,,,,,,,,,,,,,,,,,,,,,,,,,,,,,,,,,,,,,,,,,,,,,,,,,,,,,,,,,,,,,,,,,,,,,,,,,,,,,,,,,,,,,,,,,,,,,,,,,,,,,,,,,,,,,,,,,,,,,,,,,,,,,,,,,,,,,,,,,,,,,,,,,,,,,,,,,,,,,,,,0.0213,,,,,,,,,,,,,,,,,,,,,,,,,,,,,,,,,,,,,,,,,,,,,,,,,,,,,,,,,,,,,,,,,,,,,,
