1,2,3,4,5,6,7,8,9,10,11,12,13,14,15,16,17,18,19,20,21,22,23,24,25,26,27,28,29,30,31,32,33,34,35,36,37,38,39,40,41,42,43,44,45,46,47,48,49,50,51,52,53,54,55,56,57,58,59,60,61,62,63,64,65,66,67,68,69,70,71,72,73,74,75,76,77,78,79,80,81,82,83,84,85,86,87,88,89,90,91,92,93,94,95,96,97,98,99,100,101,102,103,104,105,106,107,108,109,110,111,112,113,114,115,116,117,118,119,120,121,122,123,124,125,126,127,128,129,130,131,132,133,134,135,136,137,138,139,140
,0.0071,0.013900000000000001,0.0196,0.0122,0.015300000000000001,0.017,0.0181,0.019100000000000002,0.0194,0.02,0.0196,0.0071,0.02,0.0201,0.0205,0.02,0.019700000000000002,0.019700000000000002,0.0194,0.0189,0.019200000000000002,0.019,0.0188,0.0189,0.0189,0.019,0.0189,0.019200000000000002,0.0196,0.0198,0.0199,0.02,0.02,0.020200000000000003,0.0199,0.02,0.020300000000000002,0.0201,0.0194,0.0187,0.0179,0.016300000000000002,0.015300000000000001,0.013600000000000001,0.0125,0.0109,0.009300000000000001,0.008,0.006200000000000001,0.0074,0.0068000000000000005,0.0063,0.0058000000000000005,0.0051,0.0177,0.0178,0.018000000000000002,0.0181,0.0184,0.0189,0.0187,0.019100000000000002,0.0194,0.0193,0.0195,0.0194,0.0195,0.0196,0.0199,0.0201,0.020200000000000003,0.0201,0.020300000000000002,0.0204,0.0204,0.020300000000000002,0.020300000000000002,0.0206,0.0205,0.0204,0.0207,0.020800000000000003,0.0206,0.020900000000000002,0.0207,0.0206,0.0207,0.0211,0.0211,0.0211,0.020800000000000003,0.0207,0.0207,0.020800000000000003,0.0212,0.020800000000000003,0.0212,0.0213,0.0211,0.020900000000000002,0.020800000000000003,0.0207,0.020900000000000002,0.0212,0.0213,0.020900000000000002,0.020900000000000002,0.020800000000000003,0.020800000000000003,0.021,0.0213,0.021,0.020900000000000002,0.0207,0.0204,0.0211,0.0212,0.0212,0.0207,0.0206,0.0211,0.020900000000000002,0.021,0.0207,0.0205,0.0207,0.0206,0.0204,0.020200000000000003,0.0204,0.020900000000000002,0.0207,0.0207,0.0206,0.0205,0.020300000000000002,0.0204,0.0204,0.020300000000000002
,0.0181,0.0194,0.0083,0.020200000000000003,0.0201,0.020300000000000002,0.020300000000000002,0.0201,0.0205,0.020200000000000003,0.0201,0.017400000000000002,0.007,0.007200000000000001,0.007500000000000001,0.007500000000000001,0.0079,0.0078000000000000005,0.0083,0.0086,0.0089,0.0091,0.0092,0.0094,0.0099,0.0103,0.010700000000000001,0.0108,0.011000000000000001,0.020300000000000002,0.0206,0.020200000000000003,0.019700000000000002,0.019100000000000002,0.0184,0.020300000000000002,0.0166,0.0155,0.015000000000000001,0.014,0.0134,0.012700000000000001,0.011600000000000001,0.011000000000000001,0.010400000000000001,0.009600000000000001,0.0092,0.0085,0.0079,0.016900000000000002,0.017400000000000002,0.0177,0.018000000000000002,0.0178,0.013900000000000001,0.013600000000000001,0.0129,0.0128,0.0125,0.0119,0.011600000000000001,0.0111,0.0108,0.010400000000000001,0.0098,0.0095,0.0092,0.0088,0.0081,0.008,0.007500000000000001,0.0071,0.0064,0.0061,0.0057,0.005,0.0103,0.010700000000000001,0.011000000000000001,0.0117,0.012,0.0122,0.0128,0.0132,0.013800000000000002,0.0143,0.015000000000000001,0.0154,0.015600000000000001,0.0159,0.0164,0.0165,0.0166,0.0171,0.0177,0.0182,0.0187,0.0189,0.0193,0.019200000000000002,0.0196,0.0196,0.0198,0.0199,0.0207,0.0207,0.020800000000000003,0.0205,0.0207,0.0206,0.0205,0.0205,0.020200000000000003,0.0201,0.0198,0.005,0.0051,0.0051,0.005200000000000001,0.0054,0.0055000000000000005,0.0054,0.0056,0.0056,0.0054,0.0056,0.0057,0.0058000000000000005,0.0057,0.0056,0.0054,0.0056,0.0056,0.0053,0.0054,0.005200000000000001,0.005200000000000001,0.005,0.005
,0.0346,0.0057,0.0195,0.0143,0.010400000000000001,0.0064,0.012100000000000001,0.0099,0.0086,0.0078000000000000005,0.007500000000000001,0.0123,0.0176,0.0053,0.0059,0.0061,0.006500000000000001,0.0067,0.0071,0.007200000000000001,0.0074,0.0074,0.0074,0.0074,0.007200000000000001,0.0071,0.0068000000000000005,0.0067,0.0066,0.011600000000000001,0.0119,0.012,0.0123,0.0126,0.0129,0.0173,0.0134,0.0137,0.014,0.014400000000000001,0.0146,0.015000000000000001,0.0152,0.0152,0.016,0.016300000000000002,0.016300000000000002,0.0166,0.016900000000000002,0.0154,0.015000000000000001,0.0149,0.014400000000000001,0.0143,0.0177,0.0173,0.0172,0.0167,0.016300000000000002,0.0159,0.0155,0.0154,0.0151,0.0146,0.014400000000000001,0.0143,0.0055000000000000005,0.0058000000000000005,0.006200000000000001,0.006900000000000001,0.007500000000000001,0.0076,0.0083,0.0088,0.009300000000000001,0.0098,0.0114,0.0112,0.011000000000000001,0.010700000000000001,0.010400000000000001,0.0103,0.01,0.010100000000000001,0.0099,0.02,0.0198,0.019700000000000002,0.0204,0.0199,0.020200000000000003,0.020200000000000003,0.0198,0.020300000000000002,0.0198,0.0196,0.0198,0.020200000000000003,0.0196,0.020200000000000003,0.020200000000000003,0.0199,0.0199,0.02,0.0201,0.0199,0.0198,0.0201,0.0204,0.02,0.0201,0.0199,0.0196,0.0198,0.02,0.020200000000000003,0.0196,0.0195,0.0198,0.02,0.0198,0.0199,0.019700000000000002,0.0196,0.019700000000000002,0.0196,0.0199,0.0199,0.02,0.0199,0.0195,0.0195,0.0196,0.0204,0.02,0.0201,0.0198,0.02,0.0198
,0.020300000000000002,0.007500000000000001,0.0181,0.0064,0.019200000000000002,0.015300000000000001,0.013900000000000001,0.0145,0.015300000000000001,0.016300000000000002,0.0171,0.0119,0.0148,0.0181,0.0189,0.019,0.0188,0.019100000000000002,0.0188,0.0195,0.0194,0.0195,0.0193,0.0193,0.019200000000000002,0.0189,0.0189,0.0189,0.019100000000000002,0.0061,0.006,0.006,0.0056,0.0056,0.0055000000000000005,0.0131,0.0051,0.0179,0.0177,0.0177,0.0175,0.0172,0.0171,0.016900000000000002,0.016800000000000002,0.0165,0.0161,0.0158,0.0158,0.0074,0.0068000000000000005,0.0063,0.0058000000000000005,0.0051,0.0195,0.0194,0.0198,0.0195,0.0194,0.0194,0.0195,0.0198,0.0196,0.019200000000000002,0.0196,0.019700000000000002,0.014,0.013300000000000001,0.0132,0.0129,0.013000000000000001,0.0125,0.0125,0.0118,0.0117,0.0115,0.0198,0.019700000000000002,0.0196,0.0195,0.0194,0.0194,0.0194,0.0201,0.02,0.02,0.0198,0.019700000000000002,0.0204,0.0199,0.020200000000000003,0.020200000000000003,0.0198,0.020300000000000002,0.0198,0.0196,0.0198,0.020200000000000003,0.0196,0.020200000000000003,0.020200000000000003,0.0199,0.0199,0.02,0.0201,0.0199,0.0198,0.0201,0.0204,0.02,0.0201,0.0199,0.0196,0.0198,0.02,0.02,0.0199,0.0201,0.020200000000000003,0.02,0.02,0.0198,0.0201,0.02,0.0196,0.0199,0.0198,0.019700000000000002,0.0196,0.0199,0.02,0.02,0.0199,0.0195,0.0196,0.02,0.0201,0.0195,0.0195
,0.0165,0.013900000000000001,0.0196,0.0201,0.0102,0.0125,0.0181,0.0068000000000000005,0.0085,0.0068000000000000005,0.0095,0.0193,0.0125,0.0171,0.019,0.019700000000000002,0.0201,0.0111,0.0103,0.0094,0.0086,0.0078000000000000005,0.0068000000000000005,0.0058000000000000005,0.005200000000000001,0.019,0.0189,0.019200000000000002,0.0196,0.0189,0.0189,0.0189,0.0188,0.018600000000000002,0.0182,0.0053,0.018000000000000002,0.0201,0.0194,0.0187,0.0179,0.016300000000000002,0.015300000000000001,0.013600000000000001,0.0125,0.0109,0.009300000000000001,0.008,0.006200000000000001,0.0194,0.0188,0.0189,0.0183,0.0183,0.019700000000000002,0.0199,0.0201,0.02,0.0198,0.0199,0.020300000000000002,0.0199,0.0198,0.0199,0.0198,0.0201,0.0196,0.0193,0.0193,0.0193,0.0199,0.0196,0.019700000000000002,0.0193,0.0194,0.0196,0.0198,0.0201,0.019700000000000002,0.0204,0.0198,0.0198,0.0196,0.019700000000000002,0.0196,0.0097,0.0098,0.0094,0.0094,0.0091,0.009000000000000001,0.009000000000000001,0.009000000000000001,0.0088,0.008700000000000001,0.008700000000000001,0.019700000000000002,0.0199,0.019700000000000002,0.0198,0.0199,0.0199,0.0194,0.02,0.0196,0.0196,0.020200000000000003,0.019700000000000002,0.02,0.0198,0.0199,0.0198,0.0196,0.0199,0.019700000000000002,0.02,0.0199,0.0201,0.020200000000000003,0.02,0.02,0.0196,0.0201,0.02,0.0196,0.0199,0.0198,0.019700000000000002,0.0196,0.0199,0.02,0.02,0.0199,0.0195,0.0196,0.02,0.0201,0.02,0.0198
,0.0071,0.0194,0.0083,0.0122,0.0201,0.0199,0.020300000000000002,0.019100000000000002,0.0194,0.01,0.0111,0.0193,0.02,0.0126,0.012400000000000001,0.012,0.011600000000000001,0.019700000000000002,0.0194,0.0189,0.019200000000000002,0.019,0.0188,0.0189,0.0189,0.0193,0.0196,0.0196,0.0196,0.0198,0.0199,0.02,0.02,0.020200000000000003,0.0199,0.018000000000000002,0.020300000000000002,0.0155,0.015000000000000001,0.014,0.0134,0.012700000000000001,0.011600000000000001,0.011000000000000001,0.010400000000000001,0.009600000000000001,0.0092,0.0085,0.0079,0.0193,0.0193,0.0196,0.0194,0.0198,0.019700000000000002,0.0199,0.0201,0.02,0.0198,0.0199,0.020300000000000002,0.0199,0.0198,0.0199,0.0198,0.0201,0.0199,0.02,0.019700000000000002,0.02,0.0198,0.020300000000000002,0.020300000000000002,0.0199,0.02,0.0196,0.0198,0.0199,0.019700000000000002,0.0204,0.0198,0.0198,0.0196,0.0201,0.02,0.0198,0.0199,0.0194,0.019700000000000002,0.0195,0.0194,0.0196,0.0196,0.0193,0.02,0.0198,0.019700000000000002,0.0199,0.019700000000000002,0.0198,0.0199,0.0199,0.0194,0.02,0.0196,0.0196,0.020200000000000003,0.019700000000000002,0.02,0.0198,0.0199,0.0198,0.0196,0.0199,0.019700000000000002,0.0194,0.020200000000000003,0.0198,0.0195,0.02,0.02,0.0198,0.0199,0.0198,0.0199,0.0198,0.0196,0.02,0.02,0.02,0.0198,0.0198,0.02,0.02,0.0199,0.0201,0.02,0.02,0.0201
,0.0181,0.0164,0.0195,0.020200000000000003,0.015300000000000001,0.017,0.019,0.0201,0.0205,0.02,0.0196,0.0194,0.0193,0.0201,0.0205,0.02,0.019700000000000002,0.0193,0.0193,0.0195,0.0195,0.0194,0.0195,0.0195,0.0194,0.0193,0.0195,0.0196,0.0196,0.020300000000000002,0.0206,0.020200000000000003,0.019700000000000002,0.019100000000000002,0.0184,0.02,0.0166,0.019100000000000002,0.019100000000000002,0.0196,0.019200000000000002,0.0193,0.0198,0.0195,0.0201,0.020300000000000002,0.020300000000000002,0.02,0.019700000000000002,0.0198,0.02,0.0198,0.019700000000000002,0.020300000000000002,0.019700000000000002,0.0196,0.0193,0.019200000000000002,0.0198,0.0196,0.0201,0.0201,0.019700000000000002,0.0199,0.02,0.0199,0.0199,0.02,0.019700000000000002,0.02,0.0198,0.020300000000000002,0.020300000000000002,0.0199,0.02,0.0196,0.0198,0.0201,0.02,0.02,0.019700000000000002,0.0198,0.0201,0.0199,0.02,0.0198,0.0198,0.0198,0.0198,0.02,0.0196,0.0196,0.02,0.0194,0.0194,0.019700000000000002,0.019700000000000002,0.0085,0.0085,0.0085,0.0085,0.0085,0.0085,0.0083,0.0083,0.0082,0.0082,0.019700000000000002,0.008400000000000001,0.0083,0.0085,0.0085,0.0085,0.0085,0.0085,0.0194,0.020200000000000003,0.0198,0.0195,0.02,0.02,0.0196,0.0199,0.0198,0.0199,0.0198,0.0196,0.02,0.02,0.02,0.0198,0.0198,0.02,0.02,0.0199,0.0201,0.02,0.02,0.0201
,0.0346,0.019700000000000002,0.0181,0.0143,0.0201,0.020300000000000002,0.019100000000000002,0.0194,0.0193,0.020200000000000003,0.0201,0.0194,0.0194,0.0194,0.0195,0.0195,0.019100000000000002,0.019200000000000002,0.0193,0.0194,0.0195,0.0194,0.0195,0.0195,0.0194,0.0194,0.0196,0.0195,0.0196,0.0194,0.0194,0.0193,0.0196,0.0198,0.0194,0.020300000000000002,0.019,0.019100000000000002,0.019100000000000002,0.0196,0.019200000000000002,0.0193,0.0198,0.0194,0.0193,0.0195,0.019700000000000002,0.0194,0.0194,0.0198,0.02,0.0198,0.019700000000000002,0.020300000000000002,0.020200000000000003,0.02,0.02,0.0199,0.0199,0.0199,0.0196,0.0198,0.0196,0.0196,0.0196,0.02,0.0199,0.0198,0.0198,0.0201,0.0201,0.0198,0.0199,0.0199,0.02,0.020300000000000002,0.0198,0.0199,0.02,0.02,0.019700000000000002,0.0198,0.0201,0.0199,0.02,0.0198,0.0198,0.0198,0.0196,0.0198,0.0196,0.0196,0.02,0.0194,0.02,0.0198,0.008700000000000001,0.0196,0.0196,0.0195,0.019700000000000002,0.019700000000000002,0.019700000000000002,0.0196,0.0195,0.019700000000000002,0.0198,0.0083,0.019700000000000002,0.0195,0.0198,0.0198,0.019700000000000002,0.019700000000000002,0.019700000000000002,0.0085,0.0086,0.0086,0.008700000000000001,0.008700000000000001,0.0086,0.0088,0.0198,0.0198,0.0199,0.0199,0.02,0.0199,0.0199,0.0199,0.02,0.0198,0.019700000000000002,0.02,0.0198,0.0199,0.0199,0.020300000000000002,0.0199
,0.020300000000000002,0.0164,0.0196,0.0194,0.010400000000000001,0.0064,0.019100000000000002,0.0189,0.0194,0.019200000000000002,0.0194,0.0193,0.0193,0.0196,0.0195,0.0196,0.0193,0.0193,0.0194,0.0195,0.019100000000000002,0.019100000000000002,0.019200000000000002,0.0195,0.019200000000000002,0.0194,0.0195,0.0195,0.0196,0.0194,0.0194,0.0193,0.0196,0.0198,0.0194,0.0173,0.019,0.0198,0.0198,0.019700000000000002,0.0196,0.0196,0.0195,0.020200000000000003,0.0196,0.0198,0.0199,0.02,0.0198,0.0193,0.0194,0.019700000000000002,0.0194,0.0195,0.019700000000000002,0.0198,0.0201,0.0198,0.0196,0.0198,0.0196,0.0194,0.0195,0.0201,0.0199,0.02,0.0199,0.0199,0.02,0.0201,0.0201,0.0198,0.0199,0.0199,0.02,0.020300000000000002,0.0201,0.0204,0.0204,0.020200000000000003,0.0201,0.0199,0.02,0.019700000000000002,0.0201,0.0195,0.0198,0.019700000000000002,0.0198,0.02,0.0201,0.0201,0.02,0.0198,0.02,0.0204,0.0204,0.020300000000000002,0.020200000000000003,0.0201,0.02,0.0196,0.0196,0.019700000000000002,0.0201,0.0199,0.0199,0.02,0.02,0.02,0.02,0.0199,0.02,0.0198,0.019700000000000002,0.0196,0.019700000000000002,0.0196,0.019700000000000002,0.0196,0.0198,0.0199,0.0194,0.008700000000000001,0.0088,0.0088,0.0088,0.0089,0.0089,0.02,0.0194,0.019700000000000002,0.0199,0.019700000000000002,0.020300000000000002,0.0204,0.020200000000000003,0.0204,0.020300000000000002
,0.0194,0.0194,0.0198,0.0188,0.0187,0.0188,0.0195,0.0189,0.0193,0.019200000000000002,0.0194,0.0193,0.0194,0.0194,0.0189,0.0195,0.019100000000000002,0.019,0.0199,0.0194,0.019100000000000002,0.019100000000000002,0.019200000000000002,0.0195,0.019200000000000002,0.0194,0.0196,0.0193,0.019,0.0193,0.0193,0.0194,0.0196,0.0195,0.019700000000000002,0.019700000000000002,0.0196,0.0198,0.0198,0.019700000000000002,0.0196,0.0196,0.0195,0.020200000000000003,0.0196,0.0198,0.0199,0.02,0.0198,0.0199,0.0198,0.0199,0.0198,0.02,0.02,0.0199,0.0201,0.0201,0.0205,0.02,0.0196,0.0201,0.02,0.0195,0.0199,0.0194,0.0199,0.0198,0.0198,0.0199,0.0199,0.02,0.0201,0.020200000000000003,0.0201,0.0199,0.0196,0.02,0.019700000000000002,0.0201,0.019700000000000002,0.0201,0.0201,0.019700000000000002,0.0201,0.0195,0.0198,0.019700000000000002,0.0196,0.0198,0.0201,0.0201,0.02,0.0198,0.02,0.0204,0.0204,0.020300000000000002,0.020200000000000003,0.0201,0.02,0.0201,0.0199,0.019700000000000002,0.02,0.02,0.02,0.019700000000000002,0.020200000000000003,0.02,0.020300000000000002,0.0198,0.02,0.0204,0.020300000000000002,0.0196,0.0195,0.0194,0.0195,0.0196,0.0196,0.019700000000000002,0.008700000000000001,0.0193,0.0193,0.0194,0.0196,0.0199,0.0195,0.009000000000000001,0.009000000000000001,0.0092,0.009300000000000001,0.0094,0.0094,0.009600000000000001,0.0097,0.0097,0.0098
,0.0189,0.0188,0.018500000000000003,0.0188,0.0187,0.0188,0.019200000000000002,0.019100000000000002,0.0194,0.0194,0.0195,0.0193,0.019,0.0196,0.0189,0.0196,0.0193,0.019,0.0194,0.0194,0.0193,0.0198,0.0194,0.0193,0.019200000000000002,0.0194,0.0196,0.0193,0.019,0.0193,0.0193,0.0194,0.0196,0.0195,0.019700000000000002,0.019700000000000002,0.0196,0.0193,0.0193,0.0196,0.0195,0.019100000000000002,0.019200000000000002,0.0193,0.0194,0.0198,0.0196,0.0194,0.019,0.019700000000000002,0.019700000000000002,0.0196,0.0199,0.0201,0.02,0.0199,0.0201,0.0201,0.0205,0.02,0.0201,0.0201,0.02,0.0201,0.019700000000000002,0.019700000000000002,0.0196,0.0196,0.0199,0.0196,0.0198,0.0198,0.02,0.0199,0.0201,0.02,0.0196,0.02,0.019700000000000002,0.0201,0.019700000000000002,0.0199,0.02,0.0201,0.0201,0.0198,0.0198,0.0201,0.0198,0.0199,0.0199,0.0198,0.019700000000000002,0.019700000000000002,0.0196,0.0198,0.0199,0.02,0.020200000000000003,0.0201,0.02,0.0196,0.0196,0.019700000000000002,0.0201,0.0199,0.0199,0.02,0.020200000000000003,0.02,0.020300000000000002,0.0198,0.02,0.0204,0.020300000000000002,0.0201,0.0198,0.019700000000000002,0.0195,0.0199,0.0199,0.0204,0.0204,0.020200000000000003,0.02,0.0199,0.0193,0.0193,0.0193,0.0194,0.0194,0.0196,0.0196,0.0196,0.0194,0.019700000000000002,0.019700000000000002,0.0198,0.0198
,0.017400000000000002,0.0176,0.0181,0.018600000000000002,0.0188,0.018600000000000002,0.019200000000000002,0.0193,0.0189,0.0193,0.0195,0.0194,0.0195,0.0194,0.019100000000000002,0.0193,0.0193,0.0194,0.019200000000000002,0.0194,0.0194,0.019700000000000002,0.0194,0.0193,0.019200000000000002,0.0193,0.0194,0.0194,0.019100000000000002,0.0189,0.019100000000000002,0.0195,0.019,0.0194,0.019200000000000002,0.0194,0.019200000000000002,0.0196,0.0195,0.02,0.019700000000000002,0.0199,0.019700000000000002,0.019700000000000002,0.019200000000000002,0.0195,0.0193,0.0195,0.0194,0.0199,0.020300000000000002,0.0204,0.0199,0.0199,0.0204,0.020300000000000002,0.0199,0.02,0.02,0.02,0.0196,0.020300000000000002,0.0204,0.02,0.0196,0.020200000000000003,0.02,0.0201,0.0196,0.0196,0.019700000000000002,0.0196,0.02,0.0199,0.0201,0.02,0.0196,0.0196,0.0198,0.0199,0.019700000000000002,0.0195,0.0195,0.0193,0.0196,0.0198,0.0199,0.0196,0.0198,0.02,0.0196,0.019700000000000002,0.0196,0.0194,0.0198,0.019700000000000002,0.0198,0.0198,0.0198,0.02,0.0198,0.0196,0.0194,0.019700000000000002,0.019700000000000002,0.0196,0.0196,0.019700000000000002,0.019700000000000002,0.020200000000000003,0.0196,0.019700000000000002,0.0199,0.0196,0.0198,0.0201,0.0198,0.019700000000000002,0.0195,0.0199,0.0199,0.0201,0.0196,0.019700000000000002,0.0199,0.019700000000000002,0.0195,0.019700000000000002,0.0201,0.020300000000000002,0.0204,0.020200000000000003,0.02,0.0195,0.0196,0.02,0.0201,0.0205,0.0201
,0.017400000000000002,0.0176,0.0181,0.0187,0.0188,0.0184,0.019200000000000002,0.0193,0.0189,0.0195,0.0187,0.0194,0.0193,0.019200000000000002,0.0194,0.019200000000000002,0.019,0.0194,0.0196,0.019,0.019100000000000002,0.019700000000000002,0.019700000000000002,0.0195,0.0189,0.0194,0.0194,0.0194,0.0195,0.0198,0.02,0.0199,0.0194,0.0194,0.019700000000000002,0.019700000000000002,0.0194,0.02,0.0201,0.0201,0.0199,0.0196,0.0194,0.0196,0.0201,0.02,0.02,0.0198,0.02,0.0199,0.020300000000000002,0.0204,0.0199,0.0199,0.0199,0.02,0.0199,0.02,0.02,0.02,0.0201,0.020300000000000002,0.0204,0.02,0.0196,0.020200000000000003,0.0206,0.0199,0.0198,0.0199,0.0196,0.02,0.0194,0.0194,0.0196,0.02,0.0198,0.0195,0.019700000000000002,0.019700000000000002,0.0198,0.0198,0.02,0.0199,0.0195,0.019700000000000002,0.019700000000000002,0.0201,0.019700000000000002,0.0196,0.0198,0.0194,0.0195,0.019700000000000002,0.0196,0.0196,0.0199,0.0198,0.019700000000000002,0.019700000000000002,0.0195,0.0196,0.0195,0.0196,0.019700000000000002,0.0199,0.02,0.0199,0.0194,0.0194,0.0194,0.0194,0.0195,0.0198,0.0199,0.0195,0.019700000000000002,0.0195,0.0195,0.02,0.0198,0.0204,0.0204,0.020200000000000003,0.0199,0.019700000000000002,0.0195,0.019700000000000002,0.0201,0.020300000000000002,0.0204,0.020200000000000003,0.02,0.0195,0.0196,0.02,0.0201,0.0205,0.0201
,0.016800000000000002,0.018000000000000002,0.018500000000000003,0.0187,0.0188,0.0184,0.019700000000000002,0.0194,0.0195,0.0195,0.0187,0.0194,0.0193,0.019200000000000002,0.0194,0.019200000000000002,0.019,0.0194,0.0196,0.019,0.0194,0.0194,0.0193,0.0193,0.019200000000000002,0.0194,0.0194,0.0194,0.0195,0.0199,0.02,0.0198,0.0198,0.0198,0.0201,0.0196,0.0195,0.02,0.020300000000000002,0.020300000000000002,0.020200000000000003,0.020300000000000002,0.020300000000000002,0.0201,0.0204,0.0198,0.019700000000000002,0.02,0.0198,0.020300000000000002,0.020300000000000002,0.0205,0.020300000000000002,0.020300000000000002,0.0199,0.02,0.020200000000000003,0.0204,0.020300000000000002,0.0201,0.0199,0.0196,0.0199,0.0198,0.019700000000000002,0.02,0.0206,0.019700000000000002,0.0198,0.0199,0.0198,0.0198,0.0196,0.0198,0.0198,0.019700000000000002,0.020200000000000003,0.020200000000000003,0.020300000000000002,0.02,0.0201,0.020300000000000002,0.02,0.0196,0.019700000000000002,0.020200000000000003,0.0201,0.0198,0.0199,0.02,0.0196,0.0194,0.0194,0.019200000000000002,0.0195,0.019700000000000002,0.019700000000000002,0.019700000000000002,0.02,0.020300000000000002,0.02,0.0194,0.0194,0.019700000000000002,0.0199,0.020200000000000003,0.02,0.02,0.0198,0.02,0.02,0.02,0.0201,0.020300000000000002,0.0204,0.02,0.0199,0.0198,0.0195,0.0196,0.0196,0.0194,0.02,0.02,0.02,0.02,0.02,0.019700000000000002,0.0196,0.0195,0.019700000000000002,0.0198,0.0199,0.0199,0.0198,0.0199,0.0199,0.0198,0.0198
,0.016800000000000002,0.018000000000000002,0.018500000000000003,0.0188,0.0193,0.0194,0.0194,0.0196,0.0194,0.019700000000000002,0.0193,0.019700000000000002,0.0201,0.0195,0.0195,0.0194,0.0198,0.0193,0.0195,0.0193,0.019100000000000002,0.0196,0.0194,0.0195,0.019200000000000002,0.019700000000000002,0.019700000000000002,0.0199,0.0199,0.020200000000000003,0.0193,0.0198,0.019700000000000002,0.02,0.019700000000000002,0.020200000000000003,0.0204,0.0199,0.0196,0.0195,0.0201,0.0198,0.0199,0.0196,0.020200000000000003,0.0198,0.019700000000000002,0.02,0.0198,0.0196,0.0199,0.02,0.0205,0.0198,0.019700000000000002,0.0196,0.02,0.020200000000000003,0.020300000000000002,0.020200000000000003,0.019700000000000002,0.0204,0.020300000000000002,0.0198,0.019700000000000002,0.02,0.019700000000000002,0.0199,0.0201,0.0199,0.02,0.02,0.0201,0.020300000000000002,0.02,0.0196,0.020200000000000003,0.020200000000000003,0.020300000000000002,0.02,0.0201,0.020300000000000002,0.02,0.0196,0.019700000000000002,0.020200000000000003,0.0201,0.0198,0.0198,0.0196,0.0204,0.0201,0.0201,0.0201,0.0198,0.02,0.020300000000000002,0.020300000000000002,0.020200000000000003,0.0196,0.019700000000000002,0.019700000000000002,0.019700000000000002,0.0201,0.0201,0.020300000000000002,0.0204,0.0204,0.020300000000000002,0.0201,0.0201,0.0199,0.0199,0.020300000000000002,0.0204,0.020300000000000002,0.020300000000000002,0.020200000000000003,0.020300000000000002,0.020200000000000003,0.02,0.0201,0.02,0.020200000000000003,0.0205,0.020300000000000002,0.020300000000000002,0.020300000000000002,0.020200000000000003,0.0201,0.020200000000000003,0.02,0.0201,0.02,0.0199,0.0201,0.020300000000000002,0.020300000000000002,0.020300000000000002
,0.0118,0.019100000000000002,0.019200000000000002,0.0188,0.0196,0.0196,0.0193,0.0196,0.019100000000000002,0.0199,0.0199,0.019700000000000002,0.0195,0.02,0.019700000000000002,0.0196,0.0194,0.02,0.0195,0.0201,0.02,0.0194,0.0198,0.0199,0.0199,0.0199,0.019700000000000002,0.0196,0.0198,0.0199,0.0199,0.0201,0.0194,0.02,0.0195,0.0199,0.0195,0.0196,0.0196,0.0201,0.0198,0.0198,0.0199,0.0196,0.0204,0.0205,0.0201,0.020300000000000002,0.0206,0.0199,0.0198,0.019700000000000002,0.02,0.019700000000000002,0.0199,0.0199,0.0198,0.0198,0.0199,0.019700000000000002,0.020200000000000003,0.0196,0.0199,0.0199,0.020200000000000003,0.0204,0.019700000000000002,0.019700000000000002,0.0201,0.0199,0.02,0.02,0.0201,0.020300000000000002,0.02,0.0196,0.0196,0.0199,0.02,0.020200000000000003,0.0199,0.0199,0.0199,0.0195,0.0194,0.0195,0.0198,0.019700000000000002,0.0199,0.0196,0.0204,0.0201,0.0201,0.0201,0.0198,0.02,0.020300000000000002,0.020300000000000002,0.020200000000000003,0.020300000000000002,0.02,0.02,0.020200000000000003,0.020200000000000003,0.020200000000000003,0.0198,0.0198,0.0198,0.0194,0.0194,0.0196,0.02,0.0201,0.0194,0.02,0.020300000000000002,0.020300000000000002,0.020200000000000003,0.020300000000000002,0.020200000000000003,0.02,0.0201,0.02,0.020200000000000003,0.0205,0.020300000000000002,0.020300000000000002,0.020300000000000002,0.020200000000000003,0.0201,0.020200000000000003,0.02,0.0201,0.02,0.0199,0.0201,0.020300000000000002,0.020300000000000002,0.020300000000000002
,0.018000000000000002,0.0184,0.019100000000000002,0.0193,0.0187,0.0193,0.0189,0.0196,0.0193,0.019100000000000002,0.019100000000000002,0.0194,0.019200000000000002,0.0195,0.0195,0.0196,0.019700000000000002,0.0193,0.019700000000000002,0.019700000000000002,0.0194,0.0198,0.0199,0.019700000000000002,0.0196,0.0195,0.0193,0.0194,0.02,0.0198,0.019700000000000002,0.0194,0.0198,0.02,0.019700000000000002,0.0194,0.02,0.0196,0.0196,0.0201,0.0198,0.0198,0.0196,0.0201,0.0199,0.0198,0.02,0.0199,0.019700000000000002,0.0199,0.0198,0.019700000000000002,0.02,0.019700000000000002,0.0199,0.0199,0.0198,0.0198,0.0199,0.019700000000000002,0.0199,0.0196,0.0196,0.020200000000000003,0.02,0.020200000000000003,0.0201,0.0198,0.019700000000000002,0.019700000000000002,0.020200000000000003,0.0201,0.0204,0.02,0.0198,0.019700000000000002,0.020200000000000003,0.0204,0.0201,0.019700000000000002,0.0198,0.019700000000000002,0.0199,0.019700000000000002,0.0198,0.020200000000000003,0.02,0.02,0.0201,0.02,0.019700000000000002,0.02,0.0199,0.020200000000000003,0.0201,0.02,0.02,0.02,0.019700000000000002,0.019700000000000002,0.0198,0.019700000000000002,0.019700000000000002,0.0201,0.0201,0.020200000000000003,0.02,0.02,0.0198,0.02,0.02,0.0198,0.019700000000000002,0.0195,0.0196,0.0199,0.02,0.020200000000000003,0.020300000000000002,0.0201,0.0201,0.0199,0.0199,0.0198,0.0199,0.0199,0.0199,0.0195,0.019700000000000002,0.02,0.02,0.019700000000000002,0.0194,0.0195,0.019700000000000002,0.02,0.02,0.0199,0.0199
,0.018500000000000003,0.0184,0.0187,0.019100000000000002,0.0187,0.0189,0.019700000000000002,0.0198,0.0196,0.02,0.019700000000000002,0.019700000000000002,0.019700000000000002,0.0193,0.019,0.019200000000000002,0.019100000000000002,0.019,0.019200000000000002,0.0195,0.019200000000000002,0.0194,0.0194,0.0195,0.0194,0.0193,0.0194,0.0196,0.02,0.0198,0.019700000000000002,0.0194,0.0198,0.02,0.019700000000000002,0.0194,0.02,0.0198,0.019700000000000002,0.0201,0.02,0.019700000000000002,0.0196,0.019700000000000002,0.019700000000000002,0.0199,0.0198,0.02,0.02,0.0196,0.0201,0.019700000000000002,0.0199,0.019700000000000002,0.0205,0.0205,0.020200000000000003,0.02,0.019700000000000002,0.0201,0.0201,0.0201,0.0205,0.0205,0.0205,0.0205,0.02,0.0198,0.0201,0.0204,0.0199,0.0199,0.020200000000000003,0.020300000000000002,0.0201,0.02,0.0195,0.0194,0.0196,0.0201,0.020200000000000003,0.020300000000000002,0.02,0.02,0.02,0.0201,0.02,0.0201,0.020200000000000003,0.020300000000000002,0.020300000000000002,0.0199,0.02,0.020200000000000003,0.020200000000000003,0.020200000000000003,0.020200000000000003,0.0201,0.0199,0.019700000000000002,0.0198,0.02,0.020200000000000003,0.020200000000000003,0.020200000000000003,0.020300000000000002,0.0204,0.0204,0.020300000000000002,0.0201,0.0201,0.0198,0.019700000000000002,0.0194,0.02,0.0194,0.0194,0.0196,0.019700000000000002,0.019700000000000002,0.0195,0.0193,0.0194,0.019700000000000002,0.0198,0.0198,0.0195,0.0199,0.0199,0.0199,0.0198,0.0195,0.0196,0.0198,0.019700000000000002,0.0196,0.02,0.0198,0.019700000000000002
,0.018500000000000003,0.0184,0.019,0.0187,0.0194,0.0189,0.0189,0.0189,0.0194,0.0195,0.019700000000000002,0.019700000000000002,0.0193,0.0196,0.0195,0.019700000000000002,0.019,0.0194,0.019100000000000002,0.019200000000000002,0.019200000000000002,0.019,0.019200000000000002,0.0193,0.019100000000000002,0.0195,0.0193,0.0194,0.0198,0.0198,0.0196,0.0196,0.0201,0.0201,0.0199,0.0196,0.0196,0.0198,0.019700000000000002,0.0201,0.02,0.019700000000000002,0.0196,0.019700000000000002,0.019700000000000002,0.0199,0.0198,0.02,0.02,0.0196,0.0201,0.019700000000000002,0.0199,0.019700000000000002,0.0205,0.0205,0.019700000000000002,0.0198,0.0193,0.0194,0.019100000000000002,0.019700000000000002,0.0205,0.0196,0.019200000000000002,0.0196,0.020300000000000002,0.0201,0.0198,0.0195,0.0194,0.02,0.020300000000000002,0.0198,0.019700000000000002,0.0196,0.02,0.0201,0.0201,0.02,0.02,0.0198,0.02,0.0198,0.0198,0.020300000000000002,0.020200000000000003,0.020200000000000003,0.020200000000000003,0.020300000000000002,0.020300000000000002,0.0199,0.02,0.020200000000000003,0.020200000000000003,0.020200000000000003,0.020200000000000003,0.0201,0.019700000000000002,0.0201,0.0199,0.0199,0.0201,0.0201,0.0201,0.0204,0.0201,0.0199,0.0198,0.019700000000000002,0.0196,0.0199,0.02,0.02,0.020200000000000003,0.0199,0.02,0.020200000000000003,0.020300000000000002,0.0201,0.0201,0.0199,0.0199,0.0198,0.0199,0.0199,0.0199,0.0199,0.0199,0.0199,0.02,0.0199,0.0199,0.0198,0.0196,0.0196,0.0199,0.02,0.02
,0.0182,0.0184,0.0196,0.019,0.0194,0.019200000000000002,0.019700000000000002,0.019100000000000002,0.0194,0.0194,0.0196,0.019100000000000002,0.0195,0.0199,0.0193,0.0198,0.0196,0.0194,0.019100000000000002,0.019200000000000002,0.019200000000000002,0.0194,0.0194,0.0195,0.0194,0.0199,0.0193,0.0194,0.0198,0.0198,0.0196,0.0196,0.0201,0.0201,0.0199,0.0196,0.0196,0.0198,0.02,0.0195,0.0196,0.019700000000000002,0.02,0.0193,0.0199,0.0196,0.019700000000000002,0.019700000000000002,0.0201,0.02,0.019700000000000002,0.0201,0.0201,0.020300000000000002,0.0194,0.0193,0.020200000000000003,0.02,0.019700000000000002,0.0201,0.0201,0.0201,0.0196,0.0205,0.0205,0.0205,0.0194,0.019700000000000002,0.02,0.019700000000000002,0.019700000000000002,0.0195,0.0195,0.020200000000000003,0.020300000000000002,0.020200000000000003,0.02,0.0201,0.0201,0.02,0.02,0.0198,0.02,0.02,0.02,0.0201,0.02,0.0201,0.0198,0.0196,0.020300000000000002,0.020300000000000002,0.020200000000000003,0.020200000000000003,0.020200000000000003,0.0207,0.0204,0.0204,0.0201,0.020300000000000002,0.020300000000000002,0.0204,0.0206,0.0204,0.0199,0.0199,0.0201,0.020200000000000003,0.020300000000000002,0.020200000000000003,0.0199,0.0199,0.02,0.02,0.0199,0.0201,0.0201,0.02,0.019700000000000002,0.0201,0.020300000000000002,0.020300000000000002,0.0199,0.0196,0.0201,0.0199,0.0198,0.0198,0.0196,0.0196,0.0198,0.0195,0.0196,0.0198,0.019700000000000002,0.0196,0.0199,0.02,0.02
,0.0195,0.0195,0.0187,0.0193,0.0194,0.0199,0.019200000000000002,0.0189,0.019,0.0194,0.0196,0.019100000000000002,0.0195,0.0198,0.0198,0.019700000000000002,0.019,0.0194,0.019700000000000002,0.0195,0.019700000000000002,0.0198,0.019700000000000002,0.019700000000000002,0.0199,0.0195,0.0194,0.0196,0.019100000000000002,0.0195,0.0194,0.0194,0.0194,0.019700000000000002,0.019700000000000002,0.019700000000000002,0.0195,0.0198,0.02,0.0195,0.0196,0.019700000000000002,0.02,0.0193,0.0199,0.0196,0.019700000000000002,0.019700000000000002,0.0201,0.019200000000000002,0.0194,0.0195,0.0195,0.020300000000000002,0.019700000000000002,0.0198,0.02,0.0196,0.0194,0.0194,0.019700000000000002,0.0199,0.019700000000000002,0.0196,0.0194,0.0193,0.020300000000000002,0.0201,0.02,0.019700000000000002,0.019700000000000002,0.02,0.020300000000000002,0.020200000000000003,0.020300000000000002,0.020200000000000003,0.02,0.0198,0.0199,0.0199,0.020200000000000003,0.0201,0.02,0.0195,0.0196,0.0198,0.0199,0.020200000000000003,0.02,0.0199,0.0196,0.019700000000000002,0.0196,0.0195,0.0199,0.02,0.0201,0.0199,0.0199,0.0199,0.019700000000000002,0.0195,0.019700000000000002,0.02,0.0198,0.0199,0.0198,0.02,0.0196,0.0196,0.0204,0.020200000000000003,0.020200000000000003,0.020300000000000002,0.020300000000000002,0.0198,0.0196,0.0198,0.0198,0.02,0.0198,0.0198,0.0196,0.0196,0.0199,0.0198,0.0199,0.0199,0.0199,0.0198,0.0198,0.019700000000000002,0.0196,0.019700000000000002,0.0198,0.0199,0.0198,0.0198,0.019700000000000002
,0.0198,0.0184,0.0188,0.0187,0.0196,0.019200000000000002,0.019700000000000002,0.019100000000000002,0.019,0.019,0.019200000000000002,0.019200000000000002,0.0193,0.0198,0.0195,0.0189,0.0196,0.0194,0.019700000000000002,0.0195,0.019700000000000002,0.0198,0.019700000000000002,0.019700000000000002,0.0199,0.0199,0.02,0.0194,0.019200000000000002,0.019200000000000002,0.0195,0.0194,0.019200000000000002,0.0193,0.0196,0.019700000000000002,0.0195,0.0194,0.0199,0.02,0.020200000000000003,0.0201,0.0198,0.0199,0.02,0.0204,0.020200000000000003,0.020300000000000002,0.020200000000000003,0.02,0.019700000000000002,0.0201,0.0201,0.0195,0.019700000000000002,0.0198,0.02,0.0196,0.0194,0.0194,0.019700000000000002,0.0199,0.019700000000000002,0.0196,0.0194,0.0193,0.019700000000000002,0.0198,0.019700000000000002,0.0195,0.0195,0.0193,0.019700000000000002,0.0198,0.0198,0.0195,0.0195,0.0196,0.0195,0.019200000000000002,0.019700000000000002,0.0198,0.0198,0.0198,0.0195,0.0195,0.0195,0.0195,0.0196,0.0198,0.0198,0.0198,0.0198,0.02,0.0199,0.0198,0.0198,0.019700000000000002,0.0194,0.0193,0.0196,0.0198,0.0194,0.019700000000000002,0.019700000000000002,0.0198,0.02,0.0198,0.0199,0.0198,0.0196,0.0194,0.019700000000000002,0.0201,0.02,0.0206,0.0206,0.0205,0.0201,0.0198,0.0198,0.0199,0.020200000000000003,0.0205,0.020200000000000003,0.0204,0.0204,0.0204,0.020200000000000003,0.0199,0.0201,0.0199,0.020200000000000003,0.0201,0.020300000000000002,0.020300000000000002,0.020300000000000002,0.020200000000000003,0.020200000000000003
,0.021,0.019100000000000002,0.0188,0.019200000000000002,0.0194,0.0194,0.0196,0.0194,0.0196,0.019,0.019200000000000002,0.019200000000000002,0.0193,0.0194,0.0193,0.0198,0.0195,0.0198,0.0199,0.019700000000000002,0.0198,0.0195,0.0194,0.0195,0.019700000000000002,0.0195,0.02,0.0194,0.019100000000000002,0.0195,0.0194,0.0194,0.0194,0.019700000000000002,0.019100000000000002,0.019700000000000002,0.0196,0.0193,0.0195,0.019100000000000002,0.0193,0.0193,0.0193,0.0194,0.0195,0.0204,0.020200000000000003,0.020300000000000002,0.020200000000000003,0.019700000000000002,0.0198,0.0194,0.0195,0.0196,0.0199,0.0196,0.019700000000000002,0.0196,0.0198,0.0199,0.02,0.02,0.0198,0.0198,0.019700000000000002,0.019700000000000002,0.0196,0.0198,0.0199,0.020200000000000003,0.0201,0.02,0.0201,0.0199,0.0199,0.0198,0.0195,0.0196,0.0195,0.019200000000000002,0.019700000000000002,0.0198,0.0198,0.0198,0.0195,0.0195,0.0195,0.0195,0.0196,0.0198,0.0198,0.0198,0.0198,0.02,0.0199,0.0198,0.0198,0.019700000000000002,0.0194,0.0193,0.0196,0.0198,0.0194,0.019700000000000002,0.019700000000000002,0.0198,0.02,0.0198,0.0199,0.0198,0.0196,0.0194,0.019700000000000002,0.0201,0.02,0.02,0.0199,0.0199,0.0199,0.019700000000000002,0.019700000000000002,0.0198,0.02,0.02,0.0199,0.019700000000000002,0.0195,0.0196,0.0196,0.019700000000000002,0.020200000000000003,0.02,0.0198,0.0196,0.0198,0.0196,0.0199,0.0199,0.0199
,0.0184,0.0198,0.02,0.019700000000000002,0.0193,0.0199,0.0196,0.0194,0.0196,0.0199,0.019700000000000002,0.0199,0.0189,0.019100000000000002,0.0193,0.0189,0.0196,0.0198,0.0199,0.019700000000000002,0.0198,0.020300000000000002,0.0201,0.0195,0.019700000000000002,0.02,0.0201,0.02,0.0198,0.019700000000000002,0.0196,0.0198,0.0195,0.0196,0.019700000000000002,0.019100000000000002,0.0194,0.0194,0.0199,0.02,0.020200000000000003,0.0201,0.0198,0.0199,0.02,0.0198,0.019200000000000002,0.0195,0.0196,0.019700000000000002,0.0198,0.0194,0.0195,0.0196,0.020200000000000003,0.020200000000000003,0.020300000000000002,0.0201,0.0201,0.0201,0.0199,0.0199,0.020200000000000003,0.0204,0.0204,0.0204,0.019700000000000002,0.0198,0.019700000000000002,0.0195,0.0195,0.0193,0.019700000000000002,0.0198,0.0198,0.0195,0.0204,0.0204,0.020300000000000002,0.020200000000000003,0.0204,0.0206,0.020200000000000003,0.020200000000000003,0.0199,0.0198,0.0198,0.0198,0.0199,0.02,0.02,0.0201,0.020200000000000003,0.02,0.02,0.020200000000000003,0.0201,0.0201,0.02,0.02,0.02,0.0201,0.0201,0.0201,0.0201,0.0201,0.020200000000000003,0.020200000000000003,0.0201,0.0201,0.0201,0.02,0.02,0.0201,0.02,0.02,0.0199,0.0199,0.0199,0.019700000000000002,0.019700000000000002,0.0198,0.02,0.02,0.0199,0.019700000000000002,0.0195,0.0196,0.0196,0.019700000000000002,0.020200000000000003,0.02,0.0198,0.0196,0.0198,0.0196,0.0199,0.0199,0.0199
,0.0194,0.0188,0.0189,0.0188,0.019700000000000002,0.0195,0.0199,0.02,0.0188,0.0199,0.019700000000000002,0.0199,0.019700000000000002,0.0198,0.019200000000000002,0.019700000000000002,0.0196,0.0198,0.019700000000000002,0.0196,0.019100000000000002,0.0195,0.0194,0.0199,0.02,0.02,0.0201,0.02,0.0198,0.019700000000000002,0.0196,0.0198,0.02,0.0199,0.0196,0.019700000000000002,0.0196,0.0199,0.0195,0.0196,0.0198,0.0196,0.0195,0.0196,0.019700000000000002,0.019700000000000002,0.0196,0.019700000000000002,0.0199,0.0198,0.020200000000000003,0.020200000000000003,0.0201,0.02,0.0196,0.02,0.02,0.02,0.0195,0.0196,0.019700000000000002,0.0199,0.020300000000000002,0.0199,0.019700000000000002,0.0196,0.020300000000000002,0.020200000000000003,0.0204,0.0201,0.0198,0.0201,0.020300000000000002,0.020200000000000003,0.02,0.020200000000000003,0.0198,0.0196,0.0195,0.0201,0.020200000000000003,0.02,0.02,0.02,0.02,0.019700000000000002,0.019700000000000002,0.019700000000000002,0.019700000000000002,0.019700000000000002,0.0199,0.019700000000000002,0.019700000000000002,0.0199,0.0201,0.0201,0.02,0.02,0.0201,0.0201,0.02,0.0199,0.0199,0.0201,0.0199,0.0199,0.0199,0.0198,0.0198,0.0198,0.0198,0.0195,0.0193,0.0195,0.0199,0.0199,0.0199,0.02,0.02,0.0199,0.0198,0.0199,0.02,0.0196,0.019700000000000002,0.0198,0.0199,0.0199,0.0199,0.0198,0.02,0.0199,0.020300000000000002,0.020300000000000002,0.020200000000000003,0.020300000000000002,0.0204,0.020200000000000003,0.020200000000000003
,0.0188,0.02,0.019200000000000002,0.0201,0.0194,0.0195,0.019,0.018500000000000003,0.0188,0.019200000000000002,0.018600000000000002,0.018600000000000002,0.0189,0.0194,0.0199,0.0199,0.019700000000000002,0.0196,0.02,0.0196,0.019100000000000002,0.020300000000000002,0.0201,0.0199,0.02,0.0195,0.0195,0.0196,0.019700000000000002,0.0196,0.0198,0.0198,0.0195,0.0196,0.0199,0.0198,0.019700000000000002,0.0199,0.0195,0.0196,0.0198,0.0196,0.0195,0.0196,0.019700000000000002,0.019700000000000002,0.0196,0.019700000000000002,0.0199,0.0199,0.02,0.0201,0.0199,0.0198,0.02,0.0201,0.0199,0.0198,0.0198,0.0198,0.0199,0.02,0.0199,0.02,0.02,0.0201,0.02,0.0199,0.0199,0.0198,0.019700000000000002,0.0196,0.019700000000000002,0.02,0.02,0.0195,0.0198,0.019700000000000002,0.0198,0.019700000000000002,0.0196,0.0196,0.019700000000000002,0.019700000000000002,0.019700000000000002,0.0196,0.0196,0.0196,0.0195,0.0195,0.0194,0.0196,0.019700000000000002,0.0199,0.0199,0.02,0.0201,0.02,0.0199,0.0198,0.0196,0.0198,0.0198,0.019700000000000002,0.0196,0.019700000000000002,0.0201,0.02,0.020200000000000003,0.019700000000000002,0.0196,0.02,0.02,0.02,0.0199,0.0199,0.020200000000000003,0.0199,0.019700000000000002,0.019700000000000002,0.0196,0.0199,0.0199,0.0198,0.0201,0.0196,0.0199,0.0196,0.0195,0.0195,0.0199,0.02,0.0201,0.0198,0.0199,0.019700000000000002,0.0194,0.0196,0.0199
,0.0172,0.018600000000000002,0.018600000000000002,0.0188,0.0194,0.0201,0.019,0.0195,0.0201,0.019200000000000002,0.018600000000000002,0.018600000000000002,0.019700000000000002,0.019100000000000002,0.019200000000000002,0.019700000000000002,0.0196,0.0196,0.019700000000000002,0.0196,0.020200000000000003,0.0196,0.0198,0.0198,0.02,0.019700000000000002,0.0195,0.0196,0.019700000000000002,0.0196,0.0198,0.0198,0.02,0.0199,0.0199,0.0198,0.019700000000000002,0.019700000000000002,0.0195,0.0198,0.02,0.0199,0.019700000000000002,0.0199,0.0199,0.0198,0.0196,0.0196,0.019700000000000002,0.019700000000000002,0.0198,0.0201,0.0198,0.0196,0.0198,0.0198,0.0199,0.0198,0.0194,0.0194,0.019700000000000002,0.02,0.0198,0.0201,0.020300000000000002,0.0201,0.020200000000000003,0.020200000000000003,0.020300000000000002,0.02,0.020200000000000003,0.020300000000000002,0.020300000000000002,0.020200000000000003,0.0201,0.02,0.020300000000000002,0.02,0.0199,0.02,0.020200000000000003,0.02,0.020200000000000003,0.020300000000000002,0.0205,0.020300000000000002,0.020200000000000003,0.0201,0.0205,0.020200000000000003,0.0198,0.0198,0.019700000000000002,0.02,0.0201,0.02,0.0196,0.0199,0.0198,0.0198,0.02,0.0201,0.0201,0.0199,0.0201,0.0201,0.0201,0.02,0.020200000000000003,0.019700000000000002,0.0196,0.0195,0.0193,0.0195,0.0201,0.0199,0.020200000000000003,0.0199,0.019700000000000002,0.019700000000000002,0.0196,0.0199,0.0199,0.0198,0.0201,0.0196,0.0199,0.0196,0.0195,0.0195,0.0199,0.02,0.0201,0.0198,0.0199,0.019700000000000002,0.0194,0.0196,0.0199
,0.0194,0.0193,0.018600000000000002,0.019100000000000002,0.0188,0.019,0.0205,0.018500000000000003,0.0194,0.0198,0.0198,0.0198,0.0196,0.0198,0.0199,0.0199,0.0196,0.0196,0.019700000000000002,0.0194,0.0198,0.0194,0.0194,0.0194,0.019700000000000002,0.0195,0.02,0.0198,0.0198,0.0198,0.0196,0.0195,0.0195,0.019700000000000002,0.0196,0.0196,0.0196,0.0198,0.0198,0.020200000000000003,0.0204,0.019700000000000002,0.0198,0.020200000000000003,0.0199,0.0199,0.0199,0.02,0.02,0.019700000000000002,0.0198,0.0201,0.020200000000000003,0.0201,0.0196,0.0198,0.02,0.0201,0.019700000000000002,0.0201,0.0201,0.02,0.0198,0.0196,0.0196,0.0195,0.0199,0.0201,0.020300000000000002,0.0201,0.0199,0.0201,0.020300000000000002,0.0201,0.0199,0.02,0.0196,0.0196,0.0196,0.0201,0.0196,0.0195,0.020200000000000003,0.0198,0.019700000000000002,0.02,0.0196,0.0198,0.0198,0.0196,0.020300000000000002,0.020300000000000002,0.0194,0.02,0.0198,0.019700000000000002,0.0196,0.0199,0.0198,0.0198,0.0198,0.0201,0.0201,0.019700000000000002,0.0196,0.019700000000000002,0.0201,0.0199,0.0199,0.0199,0.0195,0.02,0.0198,0.019700000000000002,0.0195,0.02,0.02,0.02,0.0201,0.0198,0.0199,0.02,0.0196,0.02,0.0195,0.019700000000000002,0.02,0.02,0.02,0.0196,0.0195,0.02,0.02,0.02,0.02,0.0198,0.0198,0.0196,0.0198
,0.0188,0.018600000000000002,0.0207,0.019100000000000002,0.0188,0.019,0.0195,0.0193,0.019100000000000002,0.019700000000000002,0.0193,0.0196,0.0196,0.0196,0.0194,0.0193,0.019700000000000002,0.0196,0.019700000000000002,0.0196,0.019,0.0194,0.019700000000000002,0.0196,0.0199,0.0199,0.0198,0.0195,0.019700000000000002,0.020200000000000003,0.0199,0.0198,0.020300000000000002,0.020300000000000002,0.0196,0.0199,0.020200000000000003,0.0198,0.0194,0.0196,0.019700000000000002,0.0195,0.0196,0.0196,0.019700000000000002,0.0199,0.0199,0.0195,0.0196,0.019700000000000002,0.0198,0.0198,0.019700000000000002,0.0196,0.02,0.0199,0.0199,0.0199,0.0198,0.0199,0.019700000000000002,0.019700000000000002,0.0199,0.02,0.0198,0.0198,0.0198,0.019700000000000002,0.0198,0.019700000000000002,0.019700000000000002,0.019700000000000002,0.019700000000000002,0.0199,0.0198,0.0196,0.0201,0.019700000000000002,0.02,0.0195,0.0194,0.0195,0.020200000000000003,0.0195,0.019700000000000002,0.02,0.0195,0.0198,0.0198,0.0196,0.0198,0.0198,0.020200000000000003,0.0198,0.0201,0.02,0.02,0.0199,0.0198,0.0195,0.02,0.0201,0.0195,0.0198,0.02,0.0198,0.0195,0.0201,0.02,0.0198,0.019700000000000002,0.02,0.0198,0.019700000000000002,0.0195,0.0199,0.0201,0.019700000000000002,0.019700000000000002,0.0201,0.02,0.0198,0.0198,0.0201,0.0195,0.019700000000000002,0.02,0.02,0.0198,0.0201,0.0195,0.02,0.02,0.02,0.02,0.0198,0.0198,0.020200000000000003,0.0198
,0.0167,0.0188,0.0189,0.020300000000000002,0.0207,0.0207,0.0195,0.0193,0.019100000000000002,0.019,0.0194,0.019700000000000002,0.0196,0.019700000000000002,0.019200000000000002,0.0193,0.019700000000000002,0.0196,0.019700000000000002,0.0196,0.019,0.0194,0.019700000000000002,0.0196,0.0199,0.019700000000000002,0.019700000000000002,0.019,0.019700000000000002,0.0196,0.0196,0.0199,0.02,0.0196,0.0194,0.0198,0.019700000000000002,0.0199,0.0196,0.0196,0.0195,0.0199,0.0199,0.02,0.0199,0.0199,0.019700000000000002,0.0195,0.0194,0.02,0.020300000000000002,0.0201,0.020200000000000003,0.020200000000000003,0.02,0.0199,0.0199,0.0199,0.0198,0.0199,0.019700000000000002,0.019700000000000002,0.0199,0.02,0.0198,0.0198,0.02,0.0198,0.0198,0.0199,0.0196,0.0195,0.0195,0.0199,0.02,0.020200000000000003,0.0201,0.0196,0.0196,0.0201,0.0196,0.0196,0.0198,0.0198,0.019700000000000002,0.0193,0.0196,0.019700000000000002,0.0199,0.019700000000000002,0.0194,0.0195,0.019700000000000002,0.0201,0.0198,0.019700000000000002,0.02,0.0199,0.0198,0.0195,0.0198,0.0201,0.0195,0.0198,0.02,0.0198,0.0195,0.0199,0.0199,0.0199,0.0195,0.0198,0.019700000000000002,0.0198,0.0199,0.0199,0.0201,0.019700000000000002,0.019700000000000002,0.0198,0.0199,0.02,0.0196,0.02,0.0201,0.020200000000000003,0.0201,0.0198,0.02,0.0196,0.0201,0.0199,0.0201,0.0201,0.0201,0.02,0.0201,0.0196,0.020300000000000002
,0.0184,0.0188,0.0189,0.0195,0.0193,0.0194,0.0189,0.019200000000000002,0.0193,0.019,0.0194,0.019700000000000002,0.0196,0.0196,0.0194,0.0196,0.0196,0.019700000000000002,0.019700000000000002,0.0196,0.0196,0.019700000000000002,0.0195,0.0201,0.0196,0.0194,0.0195,0.0195,0.0196,0.019700000000000002,0.0196,0.0198,0.0198,0.0201,0.02,0.02,0.0199,0.0198,0.0195,0.0198,0.0196,0.019700000000000002,0.0196,0.0196,0.0195,0.0195,0.0199,0.0199,0.0199,0.0196,0.0201,0.0201,0.020200000000000003,0.0201,0.019700000000000002,0.0196,0.0195,0.019700000000000002,0.0196,0.0195,0.0198,0.019700000000000002,0.0195,0.0199,0.0199,0.019700000000000002,0.02,0.0198,0.0198,0.0199,0.0196,0.0195,0.0195,0.0199,0.02,0.020200000000000003,0.020200000000000003,0.02,0.0196,0.0194,0.0196,0.0198,0.019700000000000002,0.0195,0.019700000000000002,0.0201,0.0195,0.019700000000000002,0.0201,0.02,0.0198,0.0199,0.0194,0.0198,0.019700000000000002,0.0196,0.019700000000000002,0.0195,0.019700000000000002,0.0194,0.0196,0.019700000000000002,0.019700000000000002,0.0196,0.019700000000000002,0.019700000000000002,0.0194,0.0193,0.019700000000000002,0.0196,0.020200000000000003,0.02,0.0198,0.02,0.0198,0.0199,0.0199,0.02,0.02,0.02,0.02,0.020200000000000003,0.0201,0.0201,0.0201,0.0201,0.0201,0.0201,0.0201,0.02,0.02,0.0199,0.0199,0.0199,0.0198,0.0198,0.0198,0.019700000000000002,0.019700000000000002
,0.0184,0.018000000000000002,0.0189,0.0195,0.0193,0.0194,0.0189,0.019200000000000002,0.0204,0.0193,0.0193,0.0194,0.0198,0.019700000000000002,0.0199,0.0194,0.0199,0.0195,0.0199,0.0199,0.019700000000000002,0.019700000000000002,0.019700000000000002,0.0194,0.0194,0.02,0.0199,0.0196,0.0198,0.02,0.0196,0.0196,0.019700000000000002,0.0196,0.0199,0.0199,0.0199,0.0198,0.02,0.0199,0.0201,0.0204,0.0195,0.0201,0.019700000000000002,0.02,0.0201,0.0198,0.0201,0.0199,0.0201,0.0201,0.020200000000000003,0.0201,0.0196,0.0193,0.019200000000000002,0.0194,0.0194,0.019700000000000002,0.0195,0.0198,0.0199,0.0195,0.019700000000000002,0.0196,0.0198,0.019700000000000002,0.0199,0.0195,0.019700000000000002,0.0198,0.0198,0.02,0.0196,0.0194,0.020200000000000003,0.0195,0.0198,0.019200000000000002,0.0194,0.0196,0.0198,0.0199,0.020200000000000003,0.0193,0.019700000000000002,0.0198,0.0199,0.019700000000000002,0.0194,0.0195,0.0199,0.0199,0.0199,0.020200000000000003,0.0201,0.02,0.0198,0.02,0.0204,0.020200000000000003,0.020200000000000003,0.020300000000000002,0.0204,0.0201,0.0198,0.0201,0.019700000000000002,0.0196,0.02,0.020300000000000002,0.0204,0.0201,0.020200000000000003,0.0199,0.0198,0.0199,0.020300000000000002,0.020300000000000002,0.0199,0.0201,0.0201,0.020300000000000002,0.02,0.0201,0.0201,0.0204,0.0204,0.020200000000000003,0.019700000000000002,0.0196,0.0201,0.0206,0.0205,0.0204,0.020200000000000003,0.0198,0.019700000000000002
,0.0189,0.0188,0.019,0.019200000000000002,0.0188,0.019100000000000002,0.0193,0.0204,0.0193,0.020300000000000002,0.020200000000000003,0.019700000000000002,0.0204,0.0195,0.0194,0.0193,0.019700000000000002,0.0194,0.0198,0.0195,0.019700000000000002,0.0194,0.019200000000000002,0.0195,0.02,0.0201,0.0199,0.019700000000000002,0.0195,0.0195,0.0198,0.0198,0.0199,0.0198,0.019700000000000002,0.019700000000000002,0.0201,0.02,0.0198,0.0199,0.0194,0.0195,0.0196,0.019700000000000002,0.0198,0.0196,0.02,0.02,0.0198,0.0196,0.0196,0.0198,0.019700000000000002,0.0194,0.0196,0.0193,0.019200000000000002,0.0194,0.0196,0.019700000000000002,0.0195,0.0198,0.0199,0.0195,0.019700000000000002,0.0196,0.0196,0.0198,0.0201,0.0195,0.019700000000000002,0.0198,0.0194,0.02,0.0196,0.0194,0.0196,0.02,0.0196,0.0194,0.019700000000000002,0.0199,0.020300000000000002,0.0199,0.020200000000000003,0.0201,0.019700000000000002,0.0198,0.0201,0.02,0.0198,0.0199,0.0199,0.0199,0.019700000000000002,0.0196,0.019700000000000002,0.0195,0.019700000000000002,0.0194,0.0196,0.019700000000000002,0.019700000000000002,0.0196,0.019700000000000002,0.019700000000000002,0.0194,0.0193,0.020300000000000002,0.0201,0.020200000000000003,0.02,0.0198,0.02,0.0198,0.019700000000000002,0.0199,0.0198,0.019700000000000002,0.0196,0.0198,0.019700000000000002,0.0198,0.0199,0.0198,0.0194,0.0195,0.0195,0.019700000000000002,0.0199,0.0198,0.0198,0.0198,0.019700000000000002,0.0199,0.0194,0.0196,0.02,0.02
,0.0189,0.0188,0.019,0.0189,0.0188,0.019100000000000002,0.0196,0.0195,0.019200000000000002,0.0193,0.0193,0.020200000000000003,0.0188,0.020200000000000003,0.0199,0.0199,0.0201,0.02,0.0199,0.02,0.0199,0.0198,0.020200000000000003,0.02,0.0201,0.0194,0.0195,0.019,0.0195,0.0195,0.019700000000000002,0.0194,0.0194,0.0196,0.0195,0.019200000000000002,0.0193,0.0194,0.019700000000000002,0.019700000000000002,0.019700000000000002,0.019700000000000002,0.02,0.019700000000000002,0.0195,0.0198,0.0196,0.019700000000000002,0.02,0.0195,0.0194,0.0195,0.019200000000000002,0.019100000000000002,0.0199,0.0195,0.019700000000000002,0.0194,0.0194,0.019,0.019700000000000002,0.0196,0.0195,0.0198,0.0195,0.0196,0.0196,0.019700000000000002,0.0199,0.0194,0.0196,0.0193,0.0198,0.0196,0.0193,0.0195,0.0196,0.0195,0.0198,0.019200000000000002,0.019700000000000002,0.0198,0.0198,0.020200000000000003,0.02,0.0196,0.02,0.0201,0.0198,0.020300000000000002,0.020200000000000003,0.02,0.0199,0.0199,0.0199,0.0199,0.020200000000000003,0.020300000000000002,0.02,0.0198,0.02,0.0199,0.019700000000000002,0.0196,0.019700000000000002,0.0199,0.020300000000000002,0.0199,0.019700000000000002,0.0199,0.02,0.0198,0.0199,0.0199,0.019700000000000002,0.0199,0.0198,0.0199,0.019700000000000002,0.0196,0.0198,0.019700000000000002,0.0198,0.0199,0.0198,0.0194,0.0195,0.0195,0.019700000000000002,0.0199,0.0198,0.0198,0.0198,0.019700000000000002,0.0199,0.0194,0.0196,0.02,0.02
,0.0181,0.018500000000000003,0.019200000000000002,0.0189,0.0189,0.019200000000000002,0.0198,0.0195,0.0194,0.0196,0.0194,0.0194,0.0188,0.019,0.0188,0.0194,0.019200000000000002,0.0195,0.0194,0.0195,0.0195,0.019700000000000002,0.019200000000000002,0.019200000000000002,0.0194,0.0195,0.019200000000000002,0.019200000000000002,0.0193,0.019,0.019100000000000002,0.019,0.0189,0.0193,0.0196,0.019200000000000002,0.0199,0.0194,0.019700000000000002,0.019700000000000002,0.019700000000000002,0.019700000000000002,0.02,0.019700000000000002,0.0195,0.0198,0.0196,0.02,0.0198,0.0195,0.0194,0.0195,0.019200000000000002,0.019100000000000002,0.0199,0.0195,0.019700000000000002,0.0194,0.0196,0.019,0.0196,0.0196,0.0195,0.0198,0.0195,0.0196,0.0194,0.019700000000000002,0.0199,0.0198,0.0196,0.0193,0.0194,0.0196,0.0193,0.0195,0.0201,0.0196,0.0196,0.0198,0.0198,0.0199,0.020300000000000002,0.0196,0.0198,0.019700000000000002,0.0195,0.0196,0.0194,0.0196,0.0194,0.0198,0.019700000000000002,0.0193,0.019700000000000002,0.0198,0.02,0.020200000000000003,0.0196,0.0198,0.02,0.0199,0.019700000000000002,0.0196,0.019700000000000002,0.0199,0.020300000000000002,0.0199,0.019700000000000002,0.0199,0.02,0.0198,0.0199,0.0199,0.019700000000000002,0.0198,0.02,0.02,0.0199,0.019700000000000002,0.0196,0.019700000000000002,0.0199,0.0199,0.02,0.02,0.02,0.0199,0.019700000000000002,0.0196,0.0196,0.0198,0.0201,0.0201,0.0201,0.0201,0.0201,0.02,0.0199
,0.0181,0.018500000000000003,0.018600000000000002,0.019,0.0194,0.0196,0.018600000000000002,0.0195,0.0195,0.019,0.0193,0.0196,0.019100000000000002,0.019,0.019200000000000002,0.019,0.019200000000000002,0.019100000000000002,0.019100000000000002,0.019100000000000002,0.0193,0.0189,0.019200000000000002,0.019100000000000002,0.0194,0.0195,0.019200000000000002,0.019200000000000002,0.0193,0.019,0.019100000000000002,0.019,0.0189,0.0193,0.019,0.0193,0.0199,0.0193,0.019,0.019200000000000002,0.0193,0.0194,0.0194,0.0188,0.0196,0.0193,0.0194,0.019100000000000002,0.0194,0.0196,0.0195,0.0198,0.0196,0.0193,0.0195,0.0194,0.0198,0.0194,0.019700000000000002,0.0196,0.019700000000000002,0.0193,0.0198,0.02,0.0201,0.0199,0.0194,0.019700000000000002,0.0199,0.0194,0.0198,0.020300000000000002,0.0199,0.0196,0.0198,0.02,0.0201,0.0196,0.0196,0.0198,0.0198,0.0198,0.0198,0.020200000000000003,0.02,0.019700000000000002,0.0195,0.0196,0.0198,0.020300000000000002,0.020200000000000003,0.02,0.019700000000000002,0.0193,0.019700000000000002,0.0196,0.0194,0.0194,0.0195,0.0199,0.0199,0.02,0.02,0.02,0.0204,0.019700000000000002,0.0199,0.019700000000000002,0.0198,0.019700000000000002,0.0195,0.0198,0.0195,0.0196,0.019700000000000002,0.0198,0.02,0.02,0.0199,0.019700000000000002,0.0196,0.019700000000000002,0.0199,0.0199,0.02,0.02,0.02,0.0199,0.019700000000000002,0.0196,0.0196,0.0198,0.0201,0.0201,0.0201,0.0201,0.0201,0.02,0.0199
,0.025400000000000002,0.018500000000000003,0.0187,0.0183,0.0188,0.0198,0.018600000000000002,0.019,0.0183,0.0199,0.0199,0.0198,0.0172,0.0196,0.0188,0.019,0.019200000000000002,0.019100000000000002,0.019100000000000002,0.019100000000000002,0.0193,0.0189,0.019200000000000002,0.019100000000000002,0.0194,0.0193,0.0195,0.0195,0.0195,0.0195,0.0194,0.0194,0.0194,0.0194,0.0196,0.019200000000000002,0.019100000000000002,0.0193,0.019,0.019200000000000002,0.0193,0.0194,0.0194,0.0188,0.0196,0.0193,0.0194,0.019100000000000002,0.0194,0.0195,0.019700000000000002,0.0198,0.0196,0.0193,0.0198,0.0199,0.0195,0.0198,0.019700000000000002,0.0196,0.0196,0.0193,0.0198,0.02,0.0201,0.0199,0.0199,0.02,0.019700000000000002,0.019700000000000002,0.0198,0.0201,0.0199,0.0196,0.0198,0.02,0.0199,0.0196,0.0196,0.02,0.0199,0.020200000000000003,0.019700000000000002,0.0199,0.0198,0.0199,0.0196,0.0201,0.02,0.0198,0.019700000000000002,0.0199,0.02,0.0199,0.019700000000000002,0.0199,0.020200000000000003,0.020300000000000002,0.02,0.019700000000000002,0.0195,0.0196,0.0198,0.0196,0.0195,0.019700000000000002,0.0194,0.0196,0.019700000000000002,0.0198,0.02,0.0204,0.02,0.019700000000000002,0.019700000000000002,0.019700000000000002,0.0198,0.02,0.0201,0.020200000000000003,0.0198,0.0195,0.0196,0.0195,0.0196,0.0198,0.0201,0.0199,0.0196,0.0198,0.019700000000000002,0.0195,0.0194,0.0194,0.0199,0.0198,0.019700000000000002,0.02,0.0201
,0.0196,0.018500000000000003,0.018600000000000002,0.019100000000000002,0.0188,0.0188,0.0188,0.019,0.0183,0.0189,0.019100000000000002,0.019100000000000002,0.0193,0.0154,0.014,0.0128,0.0119,0.011000000000000001,0.0105,0.0098,0.0092,0.0088,0.0086,0.019700000000000002,0.0196,0.007200000000000001,0.007,0.0067,0.006,0.0195,0.0194,0.0194,0.0194,0.0194,0.019,0.0193,0.019100000000000002,0.0193,0.0196,0.019700000000000002,0.0196,0.0195,0.019700000000000002,0.0194,0.0196,0.0196,0.019700000000000002,0.0194,0.0198,0.0195,0.0195,0.0194,0.0195,0.0195,0.0198,0.0196,0.0198,0.0194,0.0199,0.0196,0.0198,0.02,0.019100000000000002,0.019200000000000002,0.019700000000000002,0.0195,0.0199,0.02,0.019700000000000002,0.019700000000000002,0.0198,0.0201,0.019700000000000002,0.0196,0.0199,0.0196,0.0199,0.0199,0.0196,0.02,0.0199,0.020200000000000003,0.019700000000000002,0.0199,0.0198,0.0199,0.0196,0.0201,0.02,0.0198,0.019700000000000002,0.0199,0.02,0.0199,0.019700000000000002,0.0198,0.02,0.020200000000000003,0.0196,0.0199,0.0195,0.0196,0.0198,0.02,0.0204,0.019700000000000002,0.0199,0.0196,0.019700000000000002,0.0198,0.02,0.0204,0.02,0.019700000000000002,0.019700000000000002,0.0196,0.0198,0.019700000000000002,0.0201,0.020300000000000002,0.019700000000000002,0.0198,0.0196,0.0195,0.02,0.02,0.0204,0.020200000000000003,0.0199,0.0198,0.0196,0.0195,0.0196,0.0199,0.020300000000000002,0.020200000000000003,0.0198,0.0201,0.0201
,0.025400000000000002,0.0187,0.0187,0.0183,0.019100000000000002,0.0188,0.0188,0.019100000000000002,0.0193,0.0189,0.019100000000000002,0.019100000000000002,0.0195,0.0193,0.0195,0.0196,0.0194,0.0195,0.0194,0.0195,0.0194,0.0193,0.0195,0.0082,0.007500000000000001,0.0189,0.019200000000000002,0.0195,0.019200000000000002,0.0195,0.0194,0.019700000000000002,0.005,0.0194,0.0194,0.0195,0.0194,0.0195,0.0195,0.0194,0.0193,0.019700000000000002,0.0196,0.0194,0.0198,0.0195,0.0194,0.019700000000000002,0.0196,0.019700000000000002,0.0198,0.0196,0.02,0.019700000000000002,0.0194,0.0194,0.0195,0.0198,0.0199,0.0196,0.0198,0.02,0.019100000000000002,0.019200000000000002,0.02,0.0196,0.0199,0.02,0.0198,0.0198,0.02,0.02,0.0204,0.019700000000000002,0.0196,0.02,0.0199,0.0199,0.0196,0.0195,0.0193,0.0198,0.0195,0.0196,0.02,0.0199,0.0198,0.019700000000000002,0.0196,0.0201,0.0198,0.0199,0.0198,0.0198,0.019700000000000002,0.0196,0.0193,0.0195,0.0195,0.0195,0.0198,0.02,0.0199,0.020200000000000003,0.0198,0.0199,0.0196,0.0198,0.020200000000000003,0.0198,0.019700000000000002,0.0199,0.019700000000000002,0.02,0.0195,0.0196,0.0198,0.019700000000000002,0.0201,0.020300000000000002,0.019700000000000002,0.0198,0.0196,0.0195,0.02,0.02,0.0204,0.020200000000000003,0.0199,0.0198,0.0196,0.0195,0.0196,0.0199,0.020300000000000002,0.020200000000000003,0.0198,0.0201,0.0201
,0.0196,0.018000000000000002,0.0188,0.019100000000000002,0.019200000000000002,0.019200000000000002,0.019,0.019100000000000002,0.0193,0.0194,0.0201,0.0193,0.019200000000000002,0.019200000000000002,0.0189,0.019,0.019100000000000002,0.0194,0.019200000000000002,0.0194,0.019200000000000002,0.019200000000000002,0.0194,0.019100000000000002,0.0194,0.0189,0.019200000000000002,0.0195,0.019200000000000002,0.0059,0.0056,0.0054,0.0193,0.0196,0.019200000000000002,0.019700000000000002,0.0195,0.0195,0.0195,0.0194,0.0193,0.019700000000000002,0.0196,0.0194,0.0198,0.0195,0.0194,0.019700000000000002,0.0196,0.019700000000000002,0.0198,0.0196,0.02,0.019700000000000002,0.0198,0.0199,0.0196,0.0193,0.0199,0.02,0.02,0.019700000000000002,0.02,0.0198,0.019700000000000002,0.0195,0.0199,0.02,0.0198,0.0198,0.02,0.02,0.0204,0.019700000000000002,0.0196,0.02,0.0076,0.0077,0.0081,0.008400000000000001,0.008700000000000001,0.008700000000000001,0.009000000000000001,0.0092,0.0092,0.0097,0.0098,0.01,0.010400000000000001,0.010400000000000001,0.010400000000000001,0.0106,0.0109,0.0112,0.0114,0.0115,0.011600000000000001,0.012100000000000001,0.0123,0.012400000000000001,0.0128,0.0131,0.013300000000000001,0.013300000000000001,0.0134,0.0134,0.0134,0.0135,0.013600000000000001,0.014,0.014100000000000001,0.0142,0.014400000000000001,0.0145,0.014700000000000001,0.0149,0.0148,0.0149,0.0152,0.0152,0.0152,0.0151,0.0151,0.0152,0.0152,0.0154,0.0198,0.02,0.0196,0.02,0.0199,0.0198,0.02,0.0198,0.0201,0.02,0.0198,0.02,0.0199
,0.0204,0.0187,0.0188,0.0194,0.019100000000000002,0.019200000000000002,0.019,0.0194,0.0194,0.0194,0.019200000000000002,0.0195,0.0193,0.019200000000000002,0.0189,0.019,0.019100000000000002,0.0194,0.019200000000000002,0.0194,0.019200000000000002,0.019200000000000002,0.0194,0.019100000000000002,0.0194,0.019700000000000002,0.0199,0.019700000000000002,0.0196,0.0196,0.0193,0.0194,0.0194,0.0196,0.019200000000000002,0.019700000000000002,0.0195,0.0198,0.019700000000000002,0.0195,0.0194,0.019700000000000002,0.0196,0.0194,0.0198,0.019700000000000002,0.019700000000000002,0.019700000000000002,0.0194,0.02,0.0193,0.019700000000000002,0.0196,0.019700000000000002,0.0194,0.02,0.02,0.0196,0.0198,0.0196,0.019700000000000002,0.019700000000000002,0.02,0.0198,0.02,0.0196,0.0194,0.0196,0.019100000000000002,0.0194,0.0188,0.019700000000000002,0.007,0.007200000000000001,0.0074,0.0074,0.0194,0.0194,0.019700000000000002,0.0196,0.019700000000000002,0.0196,0.0196,0.0198,0.0195,0.0199,0.0199,0.019700000000000002,0.0196,0.0196,0.0194,0.0193,0.0195,0.0196,0.0196,0.019200000000000002,0.019200000000000002,0.0196,0.019700000000000002,0.0198,0.0198,0.02,0.0199,0.019700000000000002,0.0195,0.0195,0.0195,0.0193,0.019200000000000002,0.0196,0.0196,0.0195,0.0196,0.0195,0.0195,0.0194,0.0195,0.0195,0.0196,0.0196,0.0196,0.019700000000000002,0.0196,0.0196,0.0201,0.0198,0.0155,0.015600000000000001,0.015700000000000002,0.015700000000000002,0.015600000000000001,0.0158,0.016,0.0161,0.0159,0.0158,0.0158,0.0201,0.02
,0.0196,0.018000000000000002,0.019,0.0183,0.018600000000000002,0.018600000000000002,0.019,0.0194,0.0194,0.0193,0.019100000000000002,0.0195,0.019200000000000002,0.019700000000000002,0.0195,0.0195,0.019700000000000002,0.0199,0.0193,0.0193,0.0193,0.0194,0.0194,0.0195,0.019700000000000002,0.019700000000000002,0.0199,0.019700000000000002,0.019100000000000002,0.019100000000000002,0.0193,0.0194,0.0194,0.0196,0.0199,0.0195,0.0194,0.0194,0.019700000000000002,0.0195,0.0194,0.019700000000000002,0.0196,0.0194,0.0198,0.019700000000000002,0.019700000000000002,0.019700000000000002,0.0194,0.02,0.0195,0.019700000000000002,0.0198,0.019700000000000002,0.0198,0.02,0.02,0.0196,0.0199,0.02,0.02,0.005,0.005200000000000001,0.0195,0.0195,0.0193,0.0194,0.0196,0.019700000000000002,0.0196,0.0199,0.0067,0.019200000000000002,0.0194,0.0196,0.0194,0.0195,0.019,0.0194,0.019,0.0196,0.0193,0.0198,0.0194,0.0195,0.019700000000000002,0.0196,0.0194,0.0199,0.020300000000000002,0.0198,0.0196,0.0198,0.019700000000000002,0.0198,0.0199,0.020200000000000003,0.0199,0.0194,0.019700000000000002,0.02,0.02,0.0201,0.019700000000000002,0.0198,0.0199,0.0195,0.0199,0.020300000000000002,0.020300000000000002,0.0198,0.0199,0.0196,0.0201,0.0198,0.0196,0.0194,0.0195,0.019700000000000002,0.0196,0.0196,0.0193,0.019700000000000002,0.0195,0.0195,0.0196,0.019700000000000002,0.019700000000000002,0.0196,0.0196,0.0195,0.019700000000000002,0.02,0.02,0.02,0.0196,0.0196,0.015700000000000002,0.015700000000000002
,0.0188,0.0189,0.0184,0.0183,0.018600000000000002,0.018600000000000002,0.019,0.0193,0.0196,0.0193,0.019200000000000002,0.0195,0.019200000000000002,0.019700000000000002,0.019700000000000002,0.0195,0.0194,0.0194,0.0196,0.019700000000000002,0.0198,0.0194,0.0194,0.0195,0.019700000000000002,0.019700000000000002,0.0196,0.0194,0.0196,0.0196,0.0195,0.0194,0.0193,0.0193,0.019700000000000002,0.0195,0.0194,0.0198,0.0198,0.0198,0.0195,0.0201,0.0196,0.0195,0.02,0.02,0.0194,0.0199,0.0201,0.0193,0.0193,0.0196,0.0196,0.0199,0.019700000000000002,0.0196,0.0195,0.0195,0.019700000000000002,0.019700000000000002,0.0198,0.0195,0.0195,0.0054,0.0055000000000000005,0.0056,0.0194,0.019700000000000002,0.019100000000000002,0.0194,0.0188,0.019200000000000002,0.0195,0.0195,0.0193,0.0193,0.0195,0.019,0.0194,0.019,0.0196,0.0193,0.0198,0.0194,0.0195,0.019700000000000002,0.0196,0.0194,0.019200000000000002,0.0198,0.0193,0.0194,0.0195,0.019100000000000002,0.0196,0.02,0.0198,0.0201,0.019700000000000002,0.0196,0.0196,0.0201,0.0201,0.02,0.0198,0.0195,0.0196,0.0199,0.019700000000000002,0.0199,0.02,0.0198,0.0199,0.02,0.0201,0.019700000000000002,0.0199,0.0199,0.020300000000000002,0.020300000000000002,0.0199,0.0198,0.0193,0.0194,0.0193,0.0195,0.0196,0.019700000000000002,0.0198,0.0198,0.0199,0.0196,0.0199,0.02,0.02,0.0199,0.0198,0.0201,0.020200000000000003
,0.0196,0.0195,0.0184,0.0184,0.0187,0.019100000000000002,0.019,0.0193,0.0196,0.019,0.019100000000000002,0.019200000000000002,0.0194,0.019700000000000002,0.019700000000000002,0.0195,0.0194,0.0194,0.0193,0.0193,0.0193,0.0196,0.0195,0.0196,0.0198,0.0195,0.0194,0.0194,0.019100000000000002,0.019100000000000002,0.019100000000000002,0.0198,0.0195,0.0196,0.0199,0.0195,0.0195,0.0194,0.0198,0.0198,0.0195,0.0201,0.0196,0.0195,0.02,0.02,0.0194,0.0199,0.0201,0.0193,0.0195,0.0196,0.0198,0.0199,0.0196,0.0198,0.0195,0.0199,0.0199,0.0198,0.0199,0.0199,0.0199,0.0198,0.0199,0.019700000000000002,0.0056,0.0059,0.0061,0.006200000000000001,0.0066,0.019200000000000002,0.019200000000000002,0.0195,0.0193,0.0193,0.019700000000000002,0.019700000000000002,0.0194,0.019700000000000002,0.0199,0.0195,0.0196,0.02,0.019700000000000002,0.019700000000000002,0.02,0.0198,0.019200000000000002,0.0198,0.0193,0.0194,0.0195,0.02,0.0198,0.019200000000000002,0.0194,0.019700000000000002,0.0195,0.0196,0.019200000000000002,0.019200000000000002,0.0195,0.0196,0.0196,0.0195,0.0194,0.019700000000000002,0.0199,0.0193,0.0198,0.0195,0.0194,0.0199,0.0196,0.0198,0.02,0.0198,0.0204,0.020300000000000002,0.02,0.02,0.0198,0.0204,0.0204,0.02,0.02,0.0201,0.0199,0.0201,0.0194,0.0198,0.0198,0.0199,0.02,0.019700000000000002,0.0199,0.019700000000000002,0.0196
,0.0188,0.0198,0.0195,0.0184,0.0187,0.0187,0.019,0.019100000000000002,0.0194,0.0195,0.0193,0.0194,0.019200000000000002,0.0188,0.0195,0.0189,0.0195,0.0194,0.0194,0.0195,0.0194,0.0195,0.0196,0.0194,0.019700000000000002,0.019700000000000002,0.0196,0.0193,0.0196,0.0196,0.0195,0.0194,0.0193,0.0193,0.019700000000000002,0.0195,0.0195,0.0194,0.019200000000000002,0.019100000000000002,0.0193,0.0193,0.0198,0.0196,0.019,0.0194,0.0194,0.0195,0.019700000000000002,0.0198,0.0198,0.019700000000000002,0.0196,0.019700000000000002,0.019700000000000002,0.019700000000000002,0.02,0.020200000000000003,0.0205,0.020300000000000002,0.0199,0.02,0.0196,0.0199,0.02,0.0199,0.0199,0.0195,0.0198,0.02,0.019700000000000002,0.0198,0.0199,0.0198,0.020200000000000003,0.0198,0.0199,0.02,0.02,0.02,0.0198,0.0199,0.0201,0.020300000000000002,0.020300000000000002,0.020300000000000002,0.020300000000000002,0.0201,0.0199,0.019700000000000002,0.0198,0.0199,0.0199,0.019100000000000002,0.0196,0.019200000000000002,0.0194,0.019700000000000002,0.0195,0.0196,0.019200000000000002,0.019200000000000002,0.0195,0.0196,0.0196,0.0195,0.0194,0.019700000000000002,0.0199,0.0193,0.0198,0.0195,0.0194,0.0199,0.0196,0.0193,0.0198,0.0194,0.0193,0.0198,0.0196,0.0198,0.019700000000000002,0.0196,0.0195,0.0198,0.0198,0.0201,0.0199,0.02,0.02,0.0199,0.0198,0.0199,0.0199,0.019700000000000002,0.019700000000000002,0.0199,0.020200000000000003
,0.029300000000000003,0.0198,0.0195,0.019,0.0193,0.019100000000000002,0.0187,0.0195,0.0187,0.0195,0.019100000000000002,0.019100000000000002,0.019200000000000002,0.0194,0.0194,0.019100000000000002,0.0194,0.019200000000000002,0.0194,0.0195,0.019100000000000002,0.0195,0.0196,0.0193,0.0194,0.0193,0.0196,0.0193,0.0196,0.0196,0.019100000000000002,0.0198,0.0195,0.0198,0.0195,0.0196,0.019700000000000002,0.0194,0.0194,0.019100000000000002,0.0193,0.0193,0.0198,0.0196,0.019,0.0194,0.0194,0.0195,0.019700000000000002,0.0198,0.0199,0.0195,0.0196,0.0198,0.019700000000000002,0.0195,0.0195,0.0199,0.02,0.0199,0.02,0.019700000000000002,0.019700000000000002,0.020200000000000003,0.0205,0.0201,0.0198,0.0198,0.0199,0.02,0.02,0.02,0.02,0.0199,0.0199,0.0199,0.0199,0.0198,0.019700000000000002,0.02,0.020200000000000003,0.0199,0.0201,0.020200000000000003,0.020300000000000002,0.020200000000000003,0.0198,0.02,0.02,0.0201,0.0195,0.0199,0.0195,0.0199,0.0199,0.019700000000000002,0.0196,0.0198,0.02,0.0198,0.019700000000000002,0.0196,0.0201,0.02,0.019700000000000002,0.019700000000000002,0.019700000000000002,0.0199,0.0195,0.0199,0.0195,0.0199,0.0199,0.0199,0.0201,0.0193,0.0198,0.0194,0.0193,0.0198,0.0196,0.0198,0.019700000000000002,0.0196,0.0195,0.0198,0.0196,0.0199,0.0198,0.0196,0.019700000000000002,0.020200000000000003,0.0201,0.02,0.019700000000000002,0.0196,0.019700000000000002,0.02,0.019700000000000002
,0.018000000000000002,0.0188,0.0189,0.0193,0.0193,0.0187,0.0198,0.019100000000000002,0.0189,0.019100000000000002,0.0193,0.019100000000000002,0.019200000000000002,0.019100000000000002,0.019100000000000002,0.019100000000000002,0.0194,0.019200000000000002,0.0194,0.0195,0.0194,0.019200000000000002,0.019,0.0194,0.019700000000000002,0.0193,0.0194,0.0201,0.0195,0.019700000000000002,0.0198,0.02,0.0198,0.0194,0.0193,0.0193,0.0195,0.0194,0.019200000000000002,0.0194,0.0194,0.0195,0.0195,0.0195,0.019700000000000002,0.019700000000000002,0.0198,0.0196,0.0199,0.02,0.0201,0.020200000000000003,0.0201,0.0199,0.0195,0.0193,0.0198,0.019700000000000002,0.019200000000000002,0.0195,0.0193,0.0198,0.0199,0.02,0.02,0.020200000000000003,0.02,0.02,0.02,0.0201,0.02,0.019700000000000002,0.0199,0.020300000000000002,0.020300000000000002,0.02,0.0201,0.0201,0.02,0.0198,0.0198,0.02,0.02,0.0201,0.020200000000000003,0.0201,0.0201,0.0201,0.0201,0.02,0.02,0.0199,0.0199,0.0199,0.0199,0.0198,0.0199,0.0199,0.0198,0.0198,0.0199,0.0199,0.0199,0.02,0.02,0.0199,0.0199,0.0199,0.0199,0.0199,0.020200000000000003,0.020300000000000002,0.0204,0.020300000000000002,0.020200000000000003,0.0201,0.0201,0.020200000000000003,0.020200000000000003,0.0199,0.02,0.0201,0.02,0.0195,0.019700000000000002,0.0195,0.0196,0.0199,0.0198,0.0201,0.020300000000000002,0.019700000000000002,0.0194,0.019700000000000002,0.0195,0.0196,0.019700000000000002,0.0195,0.0199
,0.019,0.019100000000000002,0.019100000000000002,0.019,0.018600000000000002,0.0187,0.019,0.0188,0.0195,0.019200000000000002,0.0195,0.0196,0.0198,0.019100000000000002,0.0194,0.018600000000000002,0.019200000000000002,0.0193,0.0193,0.0193,0.0193,0.0198,0.019,0.0193,0.0194,0.0195,0.019700000000000002,0.0194,0.0196,0.0193,0.0194,0.019700000000000002,0.0195,0.0194,0.0193,0.0193,0.0195,0.0194,0.0194,0.0199,0.019700000000000002,0.0196,0.0198,0.019700000000000002,0.0196,0.0195,0.02,0.0199,0.0196,0.02,0.0199,0.02,0.020200000000000003,0.02,0.0196,0.0195,0.019700000000000002,0.019700000000000002,0.0198,0.019200000000000002,0.0193,0.0194,0.0195,0.019700000000000002,0.0196,0.0193,0.0198,0.019700000000000002,0.0196,0.0196,0.019700000000000002,0.02,0.0199,0.02,0.02,0.02,0.0198,0.019700000000000002,0.019700000000000002,0.019700000000000002,0.019700000000000002,0.0196,0.0194,0.0193,0.0194,0.0195,0.0198,0.0198,0.019700000000000002,0.0198,0.02,0.02,0.0201,0.020200000000000003,0.0201,0.02,0.0199,0.0199,0.0199,0.0199,0.0199,0.0198,0.0199,0.0199,0.0199,0.0198,0.019700000000000002,0.0196,0.0198,0.0199,0.019700000000000002,0.0194,0.0194,0.019200000000000002,0.0196,0.020200000000000003,0.0201,0.0201,0.0199,0.0199,0.0196,0.019700000000000002,0.0198,0.0199,0.0199,0.0198,0.0199,0.0198,0.02,0.0196,0.019700000000000002,0.019700000000000002,0.0194,0.019700000000000002,0.0195,0.0196,0.019700000000000002,0.0195,0.0199
,0.022600000000000002,0.019100000000000002,0.019200000000000002,0.0187,0.0195,0.0187,0.0187,0.0196,0.0187,0.019100000000000002,0.019700000000000002,0.0195,0.019200000000000002,0.0196,0.019700000000000002,0.019100000000000002,0.0193,0.019,0.019,0.0193,0.0193,0.019200000000000002,0.0195,0.0193,0.0195,0.0196,0.0194,0.0195,0.0195,0.0198,0.0198,0.019,0.0198,0.0194,0.0194,0.0198,0.0199,0.0199,0.0198,0.02,0.0201,0.020200000000000003,0.0204,0.020300000000000002,0.020200000000000003,0.02,0.019700000000000002,0.019700000000000002,0.019700000000000002,0.019700000000000002,0.0196,0.0194,0.0194,0.0194,0.0196,0.0195,0.019700000000000002,0.019700000000000002,0.0198,0.019200000000000002,0.0193,0.0196,0.019200000000000002,0.019700000000000002,0.019700000000000002,0.0196,0.0193,0.0195,0.0195,0.0194,0.0193,0.0194,0.0195,0.019200000000000002,0.0195,0.019700000000000002,0.0199,0.0196,0.019700000000000002,0.0204,0.0199,0.0198,0.0199,0.020300000000000002,0.0201,0.0198,0.02,0.020200000000000003,0.020200000000000003,0.02,0.020300000000000002,0.020300000000000002,0.0198,0.020200000000000003,0.0204,0.02,0.02,0.02,0.0201,0.020200000000000003,0.0199,0.0198,0.02,0.020300000000000002,0.020300000000000002,0.02,0.02,0.020200000000000003,0.020300000000000002,0.020200000000000003,0.0199,0.020200000000000003,0.020300000000000002,0.0201,0.0201,0.019700000000000002,0.0198,0.0196,0.0196,0.019700000000000002,0.0199,0.0198,0.02,0.0194,0.0193,0.0196,0.0196,0.0195,0.019700000000000002,0.0196,0.0196,0.019700000000000002,0.0195,0.0194,0.019100000000000002,0.0193,0.019700000000000002,0.0196,0.0194
,0.0363,0.018600000000000002,0.0189,0.019700000000000002,0.018600000000000002,0.0195,0.019,0.0188,0.0189,0.019,0.0195,0.019100000000000002,0.019200000000000002,0.019200000000000002,0.019,0.0195,0.0193,0.019,0.0193,0.019100000000000002,0.0193,0.019200000000000002,0.0194,0.0193,0.0194,0.019,0.0194,0.0196,0.020200000000000003,0.02,0.0194,0.0194,0.0195,0.0201,0.02,0.02,0.0199,0.0199,0.019700000000000002,0.019700000000000002,0.0198,0.0196,0.019700000000000002,0.02,0.0201,0.0196,0.0195,0.019700000000000002,0.0198,0.019700000000000002,0.0199,0.0193,0.0193,0.0196,0.0195,0.019700000000000002,0.019100000000000002,0.019,0.0195,0.0195,0.0194,0.0196,0.019200000000000002,0.019700000000000002,0.019700000000000002,0.0196,0.019700000000000002,0.019700000000000002,0.0198,0.0199,0.0196,0.019700000000000002,0.019700000000000002,0.0196,0.019700000000000002,0.0198,0.0199,0.0204,0.020200000000000003,0.02,0.0201,0.0198,0.020200000000000003,0.020300000000000002,0.0201,0.0198,0.02,0.020200000000000003,0.020200000000000003,0.02,0.020300000000000002,0.020300000000000002,0.0198,0.020200000000000003,0.0204,0.02,0.02,0.02,0.0201,0.020200000000000003,0.0199,0.0198,0.02,0.020300000000000002,0.020300000000000002,0.02,0.02,0.020200000000000003,0.020300000000000002,0.020200000000000003,0.0199,0.020200000000000003,0.020300000000000002,0.0201,0.0201,0.02,0.0199,0.0205,0.020300000000000002,0.02,0.020300000000000002,0.02,0.0198,0.0201,0.0201,0.020300000000000002,0.020300000000000002,0.0199,0.020300000000000002,0.0204,0.0201,0.0201,0.020200000000000003,0.0201,0.0201,0.02,0.0199,0.0198,0.0195
,0.018600000000000002,0.019,0.0194,0.019100000000000002,0.0193,0.0194,0.0196,0.0187,0.018600000000000002,0.0196,0.0188,0.0195,0.0189,0.019200000000000002,0.019,0.019100000000000002,0.019100000000000002,0.0195,0.0198,0.0193,0.0194,0.0195,0.0196,0.0193,0.0198,0.0199,0.020300000000000002,0.02,0.019100000000000002,0.0194,0.0198,0.0198,0.0198,0.019200000000000002,0.0199,0.0196,0.0195,0.0194,0.0193,0.0194,0.0196,0.0195,0.0195,0.0194,0.0195,0.0196,0.0194,0.019100000000000002,0.019100000000000002,0.019700000000000002,0.0199,0.0193,0.0193,0.0196,0.019700000000000002,0.0195,0.0195,0.019700000000000002,0.0199,0.0198,0.019700000000000002,0.0194,0.019700000000000002,0.0194,0.019200000000000002,0.0195,0.019700000000000002,0.019700000000000002,0.0198,0.0199,0.0196,0.019700000000000002,0.019700000000000002,0.0196,0.019700000000000002,0.0198,0.0204,0.0196,0.019700000000000002,0.0204,0.0199,0.0198,0.0199,0.0199,0.0201,0.02,0.019700000000000002,0.019700000000000002,0.019700000000000002,0.020200000000000003,0.0201,0.0201,0.02,0.0198,0.0196,0.0198,0.0201,0.0201,0.02,0.0198,0.0196,0.0198,0.0201,0.0201,0.0199,0.0199,0.0198,0.0196,0.0199,0.020200000000000003,0.0201,0.020200000000000003,0.0201,0.0201,0.0201,0.02,0.0199,0.0205,0.020300000000000002,0.02,0.020300000000000002,0.02,0.0198,0.0201,0.0201,0.020300000000000002,0.020300000000000002,0.0199,0.020300000000000002,0.0204,0.0201,0.0201,0.020200000000000003,0.0201,0.0201,0.02,0.0199,0.0198,0.0195
,0.018600000000000002,0.0175,0.0182,0.0187,0.0194,0.0193,0.020200000000000003,0.0195,0.0196,0.019,0.0188,0.019100000000000002,0.0189,0.019100000000000002,0.019100000000000002,0.0199,0.019700000000000002,0.0201,0.0201,0.020200000000000003,0.0198,0.020300000000000002,0.0198,0.020200000000000003,0.02,0.019700000000000002,0.019100000000000002,0.0194,0.019100000000000002,0.0194,0.0193,0.019,0.02,0.019200000000000002,0.019200000000000002,0.0194,0.0195,0.0193,0.019100000000000002,0.019,0.0194,0.019200000000000002,0.0198,0.019700000000000002,0.0195,0.0196,0.0194,0.0193,0.019700000000000002,0.019,0.0193,0.0193,0.0194,0.019200000000000002,0.019700000000000002,0.0195,0.0195,0.019700000000000002,0.0199,0.0198,0.019700000000000002,0.0196,0.02,0.02,0.0196,0.0196,0.0195,0.019200000000000002,0.0193,0.0196,0.0195,0.020200000000000003,0.020200000000000003,0.0201,0.020200000000000003,0.0204,0.0198,0.0198,0.0201,0.0196,0.019700000000000002,0.019700000000000002,0.019700000000000002,0.0199,0.0199,0.0198,0.0198,0.019700000000000002,0.0196,0.0195,0.0196,0.019700000000000002,0.019700000000000002,0.02,0.0198,0.019700000000000002,0.019700000000000002,0.0198,0.0198,0.0196,0.019700000000000002,0.019700000000000002,0.020200000000000003,0.020300000000000002,0.020200000000000003,0.020300000000000002,0.02,0.0195,0.0195,0.019700000000000002,0.0198,0.0198,0.0198,0.019700000000000002,0.019700000000000002,0.020200000000000003,0.0204,0.0205,0.020300000000000002,0.020200000000000003,0.020200000000000003,0.020200000000000003,0.02,0.020300000000000002,0.020200000000000003,0.0201,0.0198,0.019700000000000002,0.019700000000000002,0.0198,0.02,0.0201,0.0204,0.0201,0.020200000000000003,0.0199,0.0201,0.020200000000000003,0.02
,0.0379,0.0175,0.0182,0.019700000000000002,0.019100000000000002,0.019,0.019,0.019700000000000002,0.0201,0.02,0.0199,0.020200000000000003,0.0188,0.019,0.0204,0.0194,0.019200000000000002,0.019700000000000002,0.019,0.0193,0.019200000000000002,0.019100000000000002,0.0189,0.0189,0.0193,0.019700000000000002,0.019100000000000002,0.0194,0.019100000000000002,0.0194,0.0194,0.019200000000000002,0.019200000000000002,0.0196,0.0194,0.0195,0.0193,0.0195,0.0194,0.019,0.0194,0.019200000000000002,0.0198,0.019700000000000002,0.0195,0.0196,0.0194,0.0193,0.019700000000000002,0.019700000000000002,0.0199,0.0196,0.0198,0.0196,0.0201,0.0201,0.0201,0.02,0.0198,0.0199,0.0198,0.0196,0.02,0.02,0.0196,0.0201,0.0195,0.0196,0.0198,0.0198,0.019700000000000002,0.019200000000000002,0.019700000000000002,0.019700000000000002,0.0194,0.0199,0.0199,0.0198,0.0199,0.0196,0.019700000000000002,0.019700000000000002,0.019700000000000002,0.0196,0.0199,0.02,0.0198,0.0195,0.0201,0.0199,0.019700000000000002,0.019700000000000002,0.0198,0.019700000000000002,0.0198,0.019700000000000002,0.0198,0.0196,0.019700000000000002,0.0198,0.0195,0.0194,0.0194,0.0195,0.0195,0.0193,0.0193,0.019700000000000002,0.0198,0.019700000000000002,0.019700000000000002,0.0198,0.0199,0.0199,0.0199,0.0199,0.0198,0.0201,0.02,0.0198,0.0199,0.0201,0.0198,0.0198,0.0195,0.0198,0.019700000000000002,0.0198,0.0201,0.0201,0.0199,0.019700000000000002,0.0195,0.0195,0.02,0.0199,0.0198,0.0199,0.0199
,0.0183,0.0184,0.019100000000000002,0.019700000000000002,0.0189,0.0198,0.019,0.0187,0.0187,0.0189,0.019100000000000002,0.019,0.0198,0.019100000000000002,0.019100000000000002,0.019200000000000002,0.0189,0.018600000000000002,0.019,0.0193,0.019200000000000002,0.019100000000000002,0.0189,0.0189,0.0193,0.0196,0.019700000000000002,0.0193,0.0199,0.0194,0.0194,0.0198,0.0196,0.0196,0.019100000000000002,0.0188,0.019200000000000002,0.0193,0.0194,0.019200000000000002,0.0193,0.019200000000000002,0.0193,0.019100000000000002,0.0195,0.0194,0.019100000000000002,0.0194,0.0193,0.019700000000000002,0.0199,0.0196,0.0198,0.0196,0.0195,0.0194,0.0194,0.0196,0.0196,0.0194,0.0194,0.02,0.0201,0.0201,0.0204,0.0196,0.0204,0.0204,0.0204,0.0205,0.020200000000000003,0.0196,0.0196,0.0195,0.0196,0.020300000000000002,0.0199,0.0198,0.0201,0.0198,0.0198,0.019700000000000002,0.0198,0.0199,0.0199,0.0198,0.0198,0.0199,0.0196,0.019700000000000002,0.0196,0.019700000000000002,0.019700000000000002,0.02,0.0198,0.019700000000000002,0.019700000000000002,0.0196,0.019700000000000002,0.0198,0.019700000000000002,0.019700000000000002,0.020200000000000003,0.020300000000000002,0.020200000000000003,0.020300000000000002,0.02,0.019700000000000002,0.019700000000000002,0.0201,0.019700000000000002,0.0195,0.019700000000000002,0.019700000000000002,0.019700000000000002,0.0199,0.0199,0.0201,0.02,0.0198,0.0199,0.0201,0.0198,0.0198,0.0195,0.0198,0.019700000000000002,0.0198,0.0201,0.0201,0.0199,0.019700000000000002,0.0195,0.0195,0.02,0.0199,0.0198,0.0199,0.0199
,0.0213,0.0196,0.0094,0.0194,0.019100000000000002,0.0188,0.019200000000000002,0.0187,0.0187,0.0189,0.019100000000000002,0.019,0.0188,0.019,0.0195,0.0194,0.019200000000000002,0.019700000000000002,0.0194,0.0195,0.0198,0.0198,0.0195,0.0189,0.0196,0.0196,0.019700000000000002,0.0193,0.0199,0.0194,0.0194,0.0198,0.0193,0.019100000000000002,0.0194,0.0195,0.0193,0.019700000000000002,0.0194,0.0193,0.0196,0.0195,0.0195,0.0195,0.0194,0.0198,0.0196,0.0199,0.0199,0.02,0.0201,0.0201,0.020200000000000003,0.020200000000000003,0.0201,0.0199,0.0198,0.0199,0.02,0.02,0.0201,0.0195,0.0195,0.019700000000000002,0.0195,0.0195,0.0195,0.0196,0.0198,0.0198,0.019700000000000002,0.0196,0.0196,0.0195,0.0194,0.0198,0.0198,0.0198,0.0199,0.0193,0.0196,0.0194,0.0198,0.0196,0.0199,0.02,0.0198,0.019700000000000002,0.0196,0.0195,0.019700000000000002,0.019700000000000002,0.0201,0.02,0.0198,0.0199,0.0198,0.0201,0.0199,0.0198,0.0198,0.02,0.0201,0.0198,0.0201,0.0201,0.0198,0.02,0.0198,0.019700000000000002,0.019700000000000002,0.0198,0.0199,0.0199,0.0198,0.0199,0.0198,0.02,0.0199,0.019700000000000002,0.019700000000000002,0.0196,0.0195,0.0194,0.0193,0.0194,0.0195,0.0193,0.0194,0.0194,0.0195,0.0196,0.0198,0.0198,0.0195,0.0196,0.019700000000000002,0.0199,0.0199
,0.0181,0.0196,0.019700000000000002,0.018600000000000002,0.019100000000000002,0.0188,0.0199,0.019,0.019,0.0201,0.019100000000000002,0.019,0.019100000000000002,0.0201,0.0195,0.019200000000000002,0.0189,0.018600000000000002,0.0194,0.0195,0.0198,0.0198,0.0195,0.0189,0.0196,0.019100000000000002,0.019200000000000002,0.019100000000000002,0.0188,0.0193,0.0195,0.019100000000000002,0.0196,0.019200000000000002,0.0194,0.0193,0.0193,0.019700000000000002,0.0194,0.0193,0.0196,0.0195,0.0195,0.0195,0.0194,0.0198,0.0196,0.0199,0.0199,0.0198,0.0196,0.0193,0.0196,0.019700000000000002,0.0201,0.0199,0.0198,0.0199,0.02,0.02,0.0201,0.0198,0.020200000000000003,0.0199,0.02,0.02,0.0195,0.0194,0.02,0.0199,0.0201,0.020300000000000002,0.02,0.019700000000000002,0.02,0.0199,0.0199,0.0198,0.019200000000000002,0.0198,0.0198,0.019700000000000002,0.019200000000000002,0.0195,0.0198,0.0196,0.0198,0.0195,0.0201,0.0199,0.019700000000000002,0.019700000000000002,0.0201,0.02,0.0198,0.0199,0.0198,0.0201,0.0199,0.0198,0.0198,0.02,0.0201,0.0199,0.0201,0.0201,0.0198,0.02,0.019700000000000002,0.0201,0.019700000000000002,0.0195,0.019700000000000002,0.0199,0.0198,0.0198,0.0196,0.019700000000000002,0.0199,0.0196,0.0196,0.0196,0.0196,0.0198,0.0196,0.0196,0.0199,0.0198,0.0199,0.0199,0.0198,0.019700000000000002,0.019700000000000002,0.019700000000000002,0.0198,0.0199,0.0199,0.0204,0.020200000000000003
,0.0181,0.0187,0.0195,0.019,0.0196,0.0188,0.0193,0.0198,0.0198,0.019,0.020200000000000003,0.020200000000000003,0.020200000000000003,0.0187,0.019,0.019200000000000002,0.0195,0.019,0.019100000000000002,0.019100000000000002,0.0189,0.0189,0.019100000000000002,0.019200000000000002,0.0196,0.0194,0.0195,0.0195,0.0193,0.0194,0.019100000000000002,0.019200000000000002,0.0193,0.019200000000000002,0.0194,0.0193,0.0193,0.0201,0.02,0.02,0.020300000000000002,0.0205,0.0204,0.0201,0.0201,0.02,0.0198,0.0199,0.0199,0.0201,0.0199,0.0201,0.0201,0.0196,0.0194,0.0195,0.0196,0.02,0.0196,0.0198,0.0199,0.0198,0.020200000000000003,0.0199,0.02,0.02,0.020200000000000003,0.020200000000000003,0.0194,0.0194,0.0195,0.0195,0.02,0.019700000000000002,0.02,0.020300000000000002,0.0196,0.0198,0.019700000000000002,0.0196,0.019700000000000002,0.019700000000000002,0.0196,0.0195,0.0195,0.019700000000000002,0.0195,0.0196,0.0195,0.0195,0.019700000000000002,0.0198,0.0198,0.019200000000000002,0.0196,0.0196,0.0199,0.0196,0.0196,0.0198,0.019700000000000002,0.020300000000000002,0.0198,0.0198,0.0199,0.02,0.0198,0.0199,0.0199,0.0196,0.0198,0.0198,0.0201,0.0199,0.0194,0.0198,0.0196,0.019700000000000002,0.0199,0.0196,0.0196,0.0196,0.0196,0.0198,0.0196,0.0196,0.0199,0.0198,0.0199,0.0199,0.0198,0.019700000000000002,0.019700000000000002,0.019700000000000002,0.0198,0.0199,0.0199,0.0204,0.020200000000000003
,0.0172,0.018000000000000002,0.0182,0.0196,0.019,0.019200000000000002,0.0193,0.0194,0.0195,0.0198,0.0194,0.019700000000000002,0.0198,0.0204,0.0199,0.019700000000000002,0.0204,0.0199,0.02,0.0204,0.020300000000000002,0.020200000000000003,0.0198,0.019700000000000002,0.019200000000000002,0.02,0.0195,0.0195,0.0193,0.0194,0.019100000000000002,0.019200000000000002,0.0193,0.0199,0.019700000000000002,0.019700000000000002,0.0201,0.0196,0.0194,0.0195,0.0196,0.0195,0.0193,0.019700000000000002,0.0195,0.0196,0.0196,0.0195,0.0193,0.0201,0.0199,0.0201,0.0201,0.0196,0.019700000000000002,0.0198,0.0196,0.0201,0.0198,0.0198,0.0199,0.0199,0.0198,0.0195,0.0195,0.0198,0.020200000000000003,0.020200000000000003,0.02,0.0199,0.0201,0.020300000000000002,0.0194,0.0195,0.0195,0.0195,0.0195,0.0198,0.019700000000000002,0.0196,0.02,0.0201,0.019700000000000002,0.02,0.02,0.0199,0.0196,0.02,0.0198,0.0196,0.019700000000000002,0.0199,0.0195,0.019700000000000002,0.0196,0.0195,0.0199,0.0198,0.019700000000000002,0.019700000000000002,0.0198,0.0195,0.0198,0.0199,0.0199,0.02,0.0198,0.0199,0.0199,0.0196,0.0198,0.0198,0.0201,0.0199,0.0194,0.019700000000000002,0.0196,0.02,0.0199,0.0199,0.019700000000000002,0.0195,0.0199,0.0201,0.0201,0.0201,0.020300000000000002,0.02,0.02,0.02,0.02,0.0201,0.0201,0.0199,0.0199,0.0194,0.019700000000000002,0.019700000000000002,0.0198
,0.0172,0.018000000000000002,0.0182,0.018600000000000002,0.019,0.0199,0.0198,0.0194,0.0195,0.0189,0.019,0.019100000000000002,0.0193,0.0198,0.0193,0.019100000000000002,0.0188,0.0194,0.0193,0.0189,0.0196,0.0195,0.019100000000000002,0.0193,0.020200000000000003,0.0194,0.0198,0.020200000000000003,0.02,0.020200000000000003,0.02,0.0201,0.0198,0.0195,0.0195,0.0196,0.0193,0.0195,0.0199,0.019700000000000002,0.0196,0.0198,0.02,0.0196,0.0201,0.02,0.02,0.019700000000000002,0.0201,0.0198,0.0196,0.019700000000000002,0.0198,0.0194,0.019700000000000002,0.0198,0.0196,0.0201,0.0198,0.0198,0.0199,0.0198,0.0195,0.019700000000000002,0.0198,0.0199,0.019700000000000002,0.019700000000000002,0.0198,0.0196,0.019700000000000002,0.0196,0.019700000000000002,0.0201,0.019700000000000002,0.0195,0.0198,0.0198,0.019700000000000002,0.0198,0.02,0.0201,0.019700000000000002,0.02,0.02,0.0199,0.0196,0.02,0.0198,0.0196,0.019700000000000002,0.0199,0.0195,0.019700000000000002,0.0196,0.0195,0.0199,0.0198,0.019700000000000002,0.019700000000000002,0.019700000000000002,0.020300000000000002,0.0194,0.019700000000000002,0.0199,0.019700000000000002,0.0196,0.02,0.0196,0.0199,0.0195,0.0193,0.019700000000000002,0.0198,0.02,0.019700000000000002,0.0196,0.02,0.0199,0.0199,0.019700000000000002,0.0195,0.0196,0.0198,0.0198,0.0199,0.0199,0.019700000000000002,0.020200000000000003,0.02,0.020200000000000003,0.019700000000000002,0.0196,0.0199,0.0199,0.0199,0.019700000000000002,0.0196,0.0199
,0.017400000000000002,0.019,0.019,0.0195,0.02,0.019200000000000002,0.0198,0.0198,0.0196,0.0189,0.019,0.019100000000000002,0.0193,0.0195,0.0195,0.0196,0.0188,0.0194,0.0193,0.0189,0.0196,0.0195,0.019100000000000002,0.0193,0.019200000000000002,0.019700000000000002,0.0194,0.0195,0.019700000000000002,0.0195,0.0196,0.0195,0.0195,0.0196,0.019700000000000002,0.0193,0.0198,0.0195,0.0199,0.019700000000000002,0.0196,0.0198,0.02,0.0196,0.0201,0.02,0.02,0.019700000000000002,0.0201,0.0196,0.0195,0.02,0.019700000000000002,0.0196,0.020300000000000002,0.0204,0.0205,0.020200000000000003,0.0198,0.0199,0.020200000000000003,0.0198,0.0195,0.019700000000000002,0.0198,0.0199,0.0198,0.0201,0.0199,0.0194,0.0194,0.019700000000000002,0.0194,0.0198,0.02,0.0198,0.0195,0.0194,0.0194,0.0196,0.0201,0.0198,0.0201,0.02,0.0201,0.019700000000000002,0.019700000000000002,0.019700000000000002,0.019700000000000002,0.0198,0.020200000000000003,0.02,0.0198,0.0199,0.0198,0.0199,0.019700000000000002,0.0196,0.0198,0.0199,0.0198,0.0199,0.0198,0.0198,0.0198,0.0199,0.0198,0.019700000000000002,0.0198,0.02,0.0199,0.0198,0.0201,0.019700000000000002,0.02,0.0194,0.0198,0.0199,0.0199,0.0198,0.019700000000000002,0.0196,0.0199,0.0201,0.0201,0.0201,0.0199,0.019700000000000002,0.020200000000000003,0.02,0.020200000000000003,0.019700000000000002,0.0196,0.0199,0.0199,0.0199,0.0198,0.0199,0.02
,0.017400000000000002,0.019200000000000002,0.0193,0.019700000000000002,0.019700000000000002,0.0195,0.019200000000000002,0.0198,0.0196,0.0195,0.019200000000000002,0.019700000000000002,0.0193,0.0195,0.0193,0.019100000000000002,0.0194,0.0196,0.019200000000000002,0.0195,0.0195,0.019700000000000002,0.0198,0.0195,0.019100000000000002,0.0194,0.0189,0.0195,0.0194,0.0195,0.0196,0.0196,0.0196,0.0196,0.019700000000000002,0.0193,0.0198,0.0195,0.0195,0.0196,0.0196,0.0196,0.0196,0.0196,0.019700000000000002,0.019700000000000002,0.0199,0.0196,0.019700000000000002,0.0195,0.019700000000000002,0.02,0.020200000000000003,0.020200000000000003,0.0198,0.0194,0.0195,0.0198,0.0198,0.0194,0.0195,0.0199,0.020200000000000003,0.0204,0.0201,0.020300000000000002,0.0198,0.0201,0.0199,0.0194,0.019700000000000002,0.019700000000000002,0.0194,0.0201,0.019700000000000002,0.0195,0.0195,0.019700000000000002,0.0201,0.019700000000000002,0.0195,0.0198,0.019700000000000002,0.0199,0.0196,0.0195,0.019700000000000002,0.0195,0.019700000000000002,0.019700000000000002,0.0195,0.0198,0.019700000000000002,0.0196,0.0196,0.0195,0.0198,0.019700000000000002,0.0199,0.019700000000000002,0.0198,0.0195,0.019700000000000002,0.019700000000000002,0.0198,0.0198,0.0198,0.0193,0.0193,0.019700000000000002,0.019700000000000002,0.0199,0.019700000000000002,0.0198,0.0196,0.020200000000000003,0.0194,0.0195,0.0198,0.0199,0.019700000000000002,0.019700000000000002,0.0194,0.0198,0.0198,0.0198,0.020200000000000003,0.0199,0.0198,0.0195,0.0196,0.02,0.0198,0.0198,0.0199,0.02,0.019700000000000002,0.0196,0.0199
,0.0539,0.019200000000000002,0.0193,0.019700000000000002,0.019700000000000002,0.0195,0.019200000000000002,0.0196,0.019200000000000002,0.0193,0.02,0.0198,0.0198,0.019700000000000002,0.019200000000000002,0.0194,0.0195,0.019200000000000002,0.0194,0.019700000000000002,0.0195,0.0194,0.0194,0.0195,0.019100000000000002,0.019700000000000002,0.019100000000000002,0.0195,0.019700000000000002,0.0193,0.0196,0.0196,0.0196,0.0194,0.0194,0.019200000000000002,0.0196,0.020300000000000002,0.019700000000000002,0.019700000000000002,0.0199,0.0196,0.0199,0.02,0.020200000000000003,0.020200000000000003,0.0201,0.02,0.0201,0.0195,0.0195,0.02,0.019700000000000002,0.0196,0.0196,0.0194,0.019700000000000002,0.019700000000000002,0.019700000000000002,0.019700000000000002,0.0196,0.019700000000000002,0.019700000000000002,0.019700000000000002,0.0194,0.0199,0.020300000000000002,0.0196,0.0199,0.0198,0.0198,0.0198,0.0195,0.019700000000000002,0.0199,0.019700000000000002,0.0199,0.0199,0.02,0.02,0.0201,0.020200000000000003,0.02,0.0199,0.020300000000000002,0.020300000000000002,0.0201,0.0201,0.0199,0.0199,0.0199,0.0198,0.0199,0.0198,0.0201,0.0199,0.0198,0.019700000000000002,0.019700000000000002,0.0201,0.020300000000000002,0.020300000000000002,0.0204,0.020300000000000002,0.0201,0.0201,0.020200000000000003,0.020300000000000002,0.020300000000000002,0.020200000000000003,0.0205,0.020300000000000002,0.0201,0.02,0.02,0.0195,0.0195,0.0196,0.019700000000000002,0.019700000000000002,0.0196,0.0196,0.0199,0.0195,0.0196,0.0194,0.0194,0.019700000000000002,0.0198,0.02,0.0199,0.0196,0.02,0.0199,0.0195,0.019700000000000002,0.0196,0.0193,0.0194
,0.0539,0.0198,0.019100000000000002,0.0193,0.0199,0.0196,0.0189,0.0195,0.0198,0.0195,0.02,0.0198,0.019100000000000002,0.0194,0.0193,0.0195,0.0193,0.0196,0.0198,0.0194,0.019700000000000002,0.0194,0.0195,0.0196,0.0196,0.0198,0.02,0.0195,0.019700000000000002,0.0195,0.0193,0.019200000000000002,0.0194,0.02,0.02,0.020200000000000003,0.0198,0.019700000000000002,0.019200000000000002,0.0194,0.0201,0.0198,0.0195,0.0198,0.019700000000000002,0.0196,0.0195,0.0198,0.0199,0.019700000000000002,0.0196,0.0195,0.0199,0.02,0.0199,0.02,0.02,0.0199,0.0201,0.02,0.02,0.019700000000000002,0.0196,0.0198,0.0199,0.0198,0.0195,0.019700000000000002,0.0195,0.02,0.0201,0.0204,0.0201,0.020200000000000003,0.020200000000000003,0.020200000000000003,0.0206,0.0201,0.02,0.0204,0.0206,0.0205,0.020200000000000003,0.0207,0.020800000000000003,0.020300000000000002,0.0204,0.02,0.020200000000000003,0.020300000000000002,0.0205,0.020200000000000003,0.0199,0.0201,0.020300000000000002,0.0205,0.0204,0.0201,0.0201,0.019700000000000002,0.0198,0.02,0.0199,0.0201,0.0199,0.019700000000000002,0.020200000000000003,0.0198,0.0198,0.02,0.02,0.020200000000000003,0.0205,0.020300000000000002,0.020200000000000003,0.0199,0.02,0.0201,0.020200000000000003,0.020300000000000002,0.0204,0.020200000000000003,0.020200000000000003,0.0206,0.0205,0.0206,0.0206,0.020200000000000003,0.0201,0.02,0.02,0.0199,0.0199,0.020200000000000003,0.020300000000000002,0.0204,0.0206,0.0205,0.020300000000000002
,0.020900000000000002,0.019100000000000002,0.019100000000000002,0.0195,0.0193,0.0194,0.0205,0.0196,0.0196,0.0193,0.0194,0.019100000000000002,0.0198,0.0198,0.0199,0.020300000000000002,0.02,0.02,0.019700000000000002,0.02,0.0201,0.0199,0.0201,0.02,0.0193,0.019700000000000002,0.019100000000000002,0.02,0.0204,0.02,0.02,0.020300000000000002,0.02,0.0196,0.019700000000000002,0.0195,0.019700000000000002,0.0195,0.0194,0.0195,0.0195,0.0198,0.0195,0.0198,0.019700000000000002,0.0196,0.0195,0.0198,0.0199,0.0194,0.0198,0.0198,0.0195,0.0199,0.0199,0.02,0.02,0.0199,0.0201,0.02,0.02,0.02,0.02,0.020200000000000003,0.0201,0.02,0.0196,0.02,0.0199,0.0198,0.0204,0.0206,0.0206,0.020300000000000002,0.02,0.020300000000000002,0.0206,0.0201,0.02,0.0204,0.0206,0.0205,0.020200000000000003,0.0207,0.020800000000000003,0.020300000000000002,0.0204,0.02,0.020200000000000003,0.020300000000000002,0.0205,0.020200000000000003,0.0199,0.0201,0.020300000000000002,0.0205,0.0204,0.0201,0.0201,0.0201,0.020300000000000002,0.020300000000000002,0.0204,0.020300000000000002,0.0201,0.0201,0.0199,0.020300000000000002,0.020300000000000002,0.020200000000000003,0.0205,0.020300000000000002,0.0201,0.02,0.02,0.0199,0.02,0.0201,0.020200000000000003,0.020300000000000002,0.0204,0.020200000000000003,0.020200000000000003,0.0206,0.0205,0.0206,0.0201,0.02,0.0201,0.02,0.02,0.0199,0.0199,0.020200000000000003,0.020300000000000002,0.0204,0.0206,0.0205,0.0199
,0.020900000000000002,0.019100000000000002,0.0196,0.0189,0.019,0.018600000000000002,0.019100000000000002,0.020300000000000002,0.0201,0.0194,0.0195,0.020200000000000003,0.020200000000000003,0.019700000000000002,0.0196,0.0195,0.0193,0.0195,0.0198,0.0194,0.0193,0.0196,0.0193,0.0194,0.0196,0.0195,0.019700000000000002,0.0195,0.0198,0.0196,0.0194,0.0196,0.019700000000000002,0.0195,0.0194,0.019700000000000002,0.019700000000000002,0.0195,0.0194,0.0194,0.0201,0.0198,0.019700000000000002,0.0195,0.0196,0.0195,0.0196,0.0198,0.0196,0.0201,0.0199,0.0199,0.0198,0.0201,0.0204,0.0204,0.0206,0.0201,0.0198,0.0204,0.0205,0.02,0.02,0.020200000000000003,0.0201,0.02,0.0201,0.019700000000000002,0.020200000000000003,0.0206,0.0199,0.0206,0.0206,0.020300000000000002,0.02,0.020300000000000002,0.019700000000000002,0.0199,0.0196,0.0198,0.02,0.0199,0.0199,0.0195,0.0198,0.02,0.0199,0.0199,0.0195,0.019700000000000002,0.019700000000000002,0.02,0.0198,0.0194,0.0196,0.019700000000000002,0.0196,0.0196,0.0196,0.0198,0.019700000000000002,0.0199,0.0194,0.0194,0.019700000000000002,0.019700000000000002,0.02,0.0196,0.0194,0.0199,0.0198,0.0196,0.0196,0.0199,0.0199,0.020200000000000003,0.02,0.020200000000000003,0.020300000000000002,0.020200000000000003,0.0201,0.0198,0.0199,0.0199,0.0199,0.0199,0.0206,0.020200000000000003,0.0201,0.02,0.02,0.0201,0.020300000000000002,0.020200000000000003,0.0201,0.02,0.0198,0.0196,0.020300000000000002
,0.0171,0.0206,0.0184,0.0194,0.0187,0.019100000000000002,0.019200000000000002,0.019,0.019200000000000002,0.0199,0.0201,0.0193,0.0194,0.019700000000000002,0.0196,0.0195,0.0193,0.0195,0.019100000000000002,0.0194,0.0193,0.0196,0.0193,0.0194,0.0193,0.0196,0.019200000000000002,0.0193,0.0193,0.0196,0.0195,0.0198,0.0198,0.0195,0.0194,0.019700000000000002,0.019700000000000002,0.0196,0.0195,0.0195,0.019700000000000002,0.0196,0.0194,0.0194,0.0196,0.0196,0.0195,0.0196,0.0198,0.0201,0.0199,0.0199,0.0198,0.0201,0.0204,0.0204,0.0206,0.0201,0.0198,0.0204,0.0205,0.0204,0.0205,0.0204,0.020300000000000002,0.020300000000000002,0.0201,0.02,0.0198,0.0198,0.0204,0.0201,0.02,0.0195,0.0196,0.019700000000000002,0.0198,0.02,0.019700000000000002,0.019700000000000002,0.0196,0.0195,0.019700000000000002,0.02,0.0201,0.0201,0.0199,0.0199,0.0196,0.019700000000000002,0.019700000000000002,0.0195,0.02,0.020200000000000003,0.0199,0.0199,0.0196,0.0199,0.019700000000000002,0.0195,0.0199,0.0195,0.02,0.02,0.0199,0.019700000000000002,0.02,0.0195,0.0196,0.0196,0.02,0.0196,0.0199,0.0201,0.0199,0.02,0.0195,0.0195,0.0198,0.0198,0.0199,0.0196,0.0196,0.0198,0.0198,0.0199,0.019700000000000002,0.0193,0.0198,0.019700000000000002,0.0199,0.0199,0.0194,0.019700000000000002,0.019700000000000002,0.0196,0.0199,0.0198,0.0199
,0.0183,0.0182,0.0184,0.0189,0.0195,0.019700000000000002,0.019100000000000002,0.0195,0.0195,0.0196,0.019700000000000002,0.0196,0.0194,0.0195,0.0195,0.0193,0.0196,0.019100000000000002,0.0198,0.0195,0.0195,0.019700000000000002,0.0196,0.0194,0.0195,0.019700000000000002,0.019200000000000002,0.0193,0.0193,0.0196,0.0195,0.0198,0.0198,0.0194,0.0195,0.019700000000000002,0.0194,0.0195,0.0198,0.0196,0.0196,0.0196,0.019700000000000002,0.0198,0.02,0.019700000000000002,0.0195,0.0199,0.0199,0.0206,0.020300000000000002,0.0205,0.020300000000000002,0.0201,0.0201,0.0199,0.0201,0.020300000000000002,0.020300000000000002,0.0199,0.0201,0.0204,0.0205,0.0204,0.020300000000000002,0.020300000000000002,0.020200000000000003,0.0199,0.0199,0.0198,0.0195,0.0195,0.0196,0.019700000000000002,0.02,0.0201,0.0198,0.02,0.019700000000000002,0.019700000000000002,0.0196,0.0195,0.019700000000000002,0.02,0.0201,0.0201,0.0199,0.0199,0.0196,0.019700000000000002,0.019700000000000002,0.0195,0.02,0.020200000000000003,0.0199,0.0199,0.0196,0.0199,0.019700000000000002,0.0195,0.0199,0.0195,0.02,0.02,0.0199,0.019700000000000002,0.02,0.0195,0.0196,0.0196,0.02,0.0196,0.0199,0.0201,0.0199,0.0196,0.020200000000000003,0.0196,0.0194,0.0198,0.0196,0.0198,0.0201,0.0196,0.02,0.0201,0.0198,0.0198,0.02,0.0198,0.0195,0.0199,0.0196,0.0194,0.0198,0.0196,0.0194,0.0196,0.0195
,0.0172,0.0206,0.019200000000000002,0.0188,0.0187,0.019100000000000002,0.0196,0.019,0.019200000000000002,0.0193,0.0194,0.019100000000000002,0.019700000000000002,0.0195,0.0196,0.0194,0.0194,0.0194,0.019100000000000002,0.0195,0.0195,0.019700000000000002,0.0196,0.019200000000000002,0.0196,0.0196,0.0193,0.0194,0.019700000000000002,0.0193,0.0198,0.0193,0.0198,0.0199,0.0204,0.0198,0.02,0.0199,0.0198,0.0196,0.0196,0.0196,0.019700000000000002,0.0198,0.02,0.019700000000000002,0.0195,0.0199,0.0199,0.0201,0.0204,0.0205,0.020300000000000002,0.0201,0.02,0.019700000000000002,0.0198,0.0201,0.0199,0.0196,0.019700000000000002,0.0205,0.020200000000000003,0.020200000000000003,0.0201,0.020200000000000003,0.020200000000000003,0.0199,0.020200000000000003,0.0206,0.0195,0.0195,0.0196,0.019700000000000002,0.02,0.0201,0.02,0.0199,0.019700000000000002,0.0196,0.02,0.02,0.020200000000000003,0.0204,0.020200000000000003,0.020200000000000003,0.02,0.0196,0.019700000000000002,0.0196,0.02,0.02,0.0199,0.0204,0.020300000000000002,0.020200000000000003,0.02,0.02,0.0196,0.0199,0.0199,0.0199,0.0201,0.0201,0.02,0.02,0.0199,0.019700000000000002,0.02,0.0198,0.0199,0.0198,0.0198,0.0196,0.0196,0.0196,0.020200000000000003,0.0196,0.0194,0.0198,0.0196,0.0198,0.0201,0.0196,0.02,0.0201,0.0198,0.0198,0.02,0.0198,0.0195,0.0199,0.0196,0.0194,0.0198,0.0196,0.0194,0.0196,0.0195
,0.0173,0.0182,0.0198,0.019700000000000002,0.0198,0.020200000000000003,0.0199,0.0193,0.0196,0.0193,0.0194,0.019100000000000002,0.0194,0.019700000000000002,0.0196,0.0194,0.0194,0.019100000000000002,0.019200000000000002,0.019700000000000002,0.019200000000000002,0.0194,0.0196,0.0194,0.0195,0.0196,0.0196,0.019700000000000002,0.0201,0.0195,0.0195,0.02,0.02,0.0194,0.019700000000000002,0.019700000000000002,0.0196,0.0195,0.0199,0.0195,0.0199,0.0198,0.0196,0.02,0.019700000000000002,0.0196,0.02,0.019700000000000002,0.020200000000000003,0.0206,0.020300000000000002,0.020300000000000002,0.0198,0.020200000000000003,0.02,0.0199,0.0201,0.020300000000000002,0.0199,0.0196,0.0201,0.02,0.0201,0.019700000000000002,0.0201,0.02,0.02,0.02,0.020300000000000002,0.0201,0.019700000000000002,0.019700000000000002,0.02,0.0201,0.0204,0.0201,0.019700000000000002,0.019700000000000002,0.0199,0.0201,0.0199,0.0198,0.0201,0.0201,0.0201,0.019700000000000002,0.02,0.0199,0.0199,0.019700000000000002,0.0196,0.0198,0.0201,0.020200000000000003,0.02,0.0199,0.0201,0.02,0.02,0.0152,0.015300000000000001,0.0154,0.015700000000000002,0.015700000000000002,0.0158,0.016,0.016,0.0159,0.016300000000000002,0.016300000000000002,0.0166,0.0165,0.0166,0.0165,0.0165,0.0196,0.0199,0.0201,0.0201,0.0204,0.020300000000000002,0.0204,0.0204,0.02,0.0198,0.0199,0.02,0.0201,0.02,0.0198,0.0198,0.02,0.0201,0.0204,0.020300000000000002,0.020300000000000002,0.0204,0.020300000000000002,0.020300000000000002
,0.0183,0.018600000000000002,0.0198,0.019700000000000002,0.0198,0.019700000000000002,0.0199,0.0198,0.0196,0.0194,0.019700000000000002,0.019700000000000002,0.0196,0.0195,0.02,0.0198,0.0198,0.0198,0.0195,0.019700000000000002,0.0199,0.0198,0.0196,0.0194,0.0198,0.02,0.02,0.0199,0.02,0.019700000000000002,0.0201,0.0199,0.0199,0.019700000000000002,0.0199,0.019700000000000002,0.02,0.0198,0.02,0.019700000000000002,0.0199,0.020200000000000003,0.0201,0.02,0.0196,0.0198,0.0201,0.020200000000000003,0.0199,0.020200000000000003,0.0205,0.02,0.020300000000000002,0.0204,0.02,0.0198,0.020200000000000003,0.0205,0.0199,0.0199,0.0201,0.0205,0.020300000000000002,0.019700000000000002,0.0201,0.020200000000000003,0.0199,0.0198,0.020300000000000002,0.02,0.02,0.0199,0.0201,0.020300000000000002,0.0204,0.020300000000000002,0.0198,0.0199,0.020200000000000003,0.0205,0.0199,0.0198,0.0201,0.0201,0.0201,0.019700000000000002,0.013300000000000001,0.013600000000000001,0.0137,0.013600000000000001,0.0137,0.013900000000000001,0.0143,0.0148,0.0148,0.0148,0.0149,0.0149,0.0149,0.0199,0.0199,0.020300000000000002,0.020300000000000002,0.020200000000000003,0.0199,0.0198,0.0204,0.020200000000000003,0.02,0.0199,0.020200000000000003,0.0204,0.020200000000000003,0.0199,0.0198,0.0165,0.016800000000000002,0.017,0.0173,0.0176,0.0175,0.0176,0.0177,0.0173,0.0171,0.0173,0.017400000000000002,0.017400000000000002,0.017400000000000002,0.0173,0.0173,0.0175,0.0176,0.0178,0.0177,0.0177,0.0178,0.0177,0.0177
,0.0173,0.0199,0.0195,0.0198,0.0198,0.019700000000000002,0.0198,0.0198,0.0196,0.0196,0.02,0.0199,0.0198,0.019700000000000002,0.019700000000000002,0.0198,0.0194,0.0199,0.0199,0.019700000000000002,0.0196,0.019700000000000002,0.0199,0.0198,0.02,0.0199,0.0195,0.0196,0.0198,0.019700000000000002,0.0195,0.0196,0.0199,0.0194,0.019700000000000002,0.0198,0.02,0.020200000000000003,0.0198,0.0198,0.019700000000000002,0.020300000000000002,0.0199,0.0196,0.0198,0.020300000000000002,0.0205,0.0201,0.020200000000000003,0.0201,0.0205,0.020300000000000002,0.0198,0.020200000000000003,0.0198,0.0196,0.0198,0.0201,0.0198,0.020200000000000003,0.02,0.020200000000000003,0.0201,0.020200000000000003,0.0199,0.0201,0.020200000000000003,0.0198,0.020300000000000002,0.0199,0.020200000000000003,0.0199,0.0201,0.0198,0.02,0.0198,0.0198,0.0198,0.02,0.020200000000000003,0.0199,0.02,0.02,0.02,0.02,0.0199,0.019700000000000002,0.0196,0.0198,0.02,0.020300000000000002,0.020200000000000003,0.020800000000000003,0.0206,0.0205,0.0207,0.0211,0.020900000000000002,0.020900000000000002,0.021,0.0211,0.0211,0.020900000000000002,0.020800000000000003,0.0206,0.020800000000000003,0.020800000000000003,0.020800000000000003,0.0207,0.0204,0.0201,0.02,0.020200000000000003,0.0201,0.0199,0.0201,0.020200000000000003,0.0199,0.0198,0.02,0.0201,0.0199,0.02,0.019700000000000002,0.0196,0.0196,0.019700000000000002,0.02,0.02,0.0201,0.020200000000000003,0.020300000000000002,0.020200000000000003,0.0198,0.02,0.02,0.0199,0.0196,0.019700000000000002
,0.024200000000000003,0.0199,0.02,0.020200000000000003,0.0199,0.0193,0.0198,0.0195,0.0198,0.0196,0.02,0.0199,0.0198,0.0196,0.0195,0.019700000000000002,0.0195,0.0198,0.0193,0.019700000000000002,0.0196,0.0196,0.0195,0.019700000000000002,0.0195,0.0199,0.0195,0.0196,0.0198,0.019700000000000002,0.0195,0.0196,0.0199,0.0199,0.02,0.0196,0.0199,0.020200000000000003,0.0198,0.02,0.0199,0.020300000000000002,0.0199,0.0204,0.0198,0.020300000000000002,0.020200000000000003,0.019700000000000002,0.0198,0.020200000000000003,0.0199,0.02,0.019700000000000002,0.019700000000000002,0.0198,0.0196,0.0198,0.0201,0.0198,0.020200000000000003,0.02,0.019700000000000002,0.02,0.0199,0.0196,0.019700000000000002,0.0199,0.0201,0.02,0.02,0.02,0.0198,0.02,0.020300000000000002,0.0204,0.020300000000000002,0.019700000000000002,0.019700000000000002,0.0199,0.0201,0.02,0.0199,0.0201,0.0199,0.020200000000000003,0.0132,0.019700000000000002,0.0196,0.0198,0.0199,0.0199,0.0198,0.02,0.0198,0.019700000000000002,0.019700000000000002,0.0199,0.0199,0.02,0.020200000000000003,0.020200000000000003,0.020300000000000002,0.0201,0.0201,0.0198,0.0198,0.0198,0.0198,0.0199,0.0199,0.019700000000000002,0.019700000000000002,0.0198,0.019700000000000002,0.019700000000000002,0.019700000000000002,0.0196,0.0195,0.0196,0.0199,0.019700000000000002,0.0195,0.0195,0.0194,0.0193,0.019200000000000002,0.019200000000000002,0.0201,0.02,0.02,0.0201,0.02,0.019700000000000002,0.0198,0.02,0.0199,0.0198,0.0196,0.019700000000000002
,0.0548,0.019200000000000002,0.020300000000000002,0.0189,0.019700000000000002,0.0196,0.0198,0.02,0.020200000000000003,0.0201,0.0205,0.0204,0.020200000000000003,0.0196,0.0195,0.019700000000000002,0.0195,0.0198,0.0193,0.019700000000000002,0.0196,0.0196,0.0195,0.019700000000000002,0.0195,0.0198,0.0201,0.0201,0.0201,0.0199,0.020300000000000002,0.020300000000000002,0.02,0.0199,0.02,0.0196,0.0199,0.019700000000000002,0.0198,0.0198,0.019700000000000002,0.0198,0.020300000000000002,0.0196,0.0204,0.020200000000000003,0.0205,0.020200000000000003,0.0201,0.0199,0.0195,0.0199,0.020300000000000002,0.0198,0.0196,0.0196,0.0195,0.0196,0.02,0.0198,0.0199,0.019700000000000002,0.02,0.0199,0.0196,0.019700000000000002,0.020200000000000003,0.0198,0.02,0.020200000000000003,0.02,0.019700000000000002,0.0199,0.0199,0.0199,0.0195,0.0198,0.0199,0.020200000000000003,0.0205,0.0199,0.02,0.019700000000000002,0.02,0.013000000000000001,0.0201,0.0201,0.0204,0.0201,0.0201,0.019700000000000002,0.02,0.020200000000000003,0.020300000000000002,0.020300000000000002,0.020200000000000003,0.0201,0.0204,0.0204,0.020300000000000002,0.0201,0.0199,0.019700000000000002,0.0199,0.020200000000000003,0.020200000000000003,0.02,0.02,0.0198,0.0201,0.0201,0.0198,0.0196,0.019700000000000002,0.020200000000000003,0.0195,0.0194,0.0194,0.0195,0.0199,0.0198,0.0201,0.0201,0.0199,0.0201,0.02,0.0198,0.019100000000000002,0.0188,0.0189,0.0189,0.0187,0.018600000000000002,0.0182,0.0179,0.0178,0.0177,0.0175,0.0173
,0.0172,0.0205,0.020300000000000002,0.020200000000000003,0.02,0.0201,0.0195,0.02,0.020200000000000003,0.0201,0.0205,0.0204,0.020200000000000003,0.0199,0.019700000000000002,0.02,0.0195,0.02,0.0198,0.0198,0.0201,0.0204,0.02,0.0201,0.0199,0.0198,0.0201,0.0201,0.0201,0.0199,0.020300000000000002,0.020300000000000002,0.02,0.020200000000000003,0.0201,0.0201,0.0199,0.019700000000000002,0.0198,0.02,0.0199,0.02,0.0205,0.0204,0.0204,0.020200000000000003,0.020200000000000003,0.0201,0.0198,0.0199,0.0195,0.0199,0.020300000000000002,0.0198,0.0201,0.02,0.0199,0.019700000000000002,0.0196,0.0198,0.019700000000000002,0.0198,0.0198,0.0199,0.0199,0.019700000000000002,0.020200000000000003,0.0198,0.02,0.020200000000000003,0.02,0.0198,0.0199,0.0199,0.0199,0.0195,0.0199,0.019700000000000002,0.0195,0.019700000000000002,0.0199,0.02,0.02,0.02,0.02,0.020200000000000003,0.0199,0.02,0.0201,0.0201,0.0199,0.0199,0.02,0.020200000000000003,0.020300000000000002,0.020200000000000003,0.019700000000000002,0.02,0.0198,0.0196,0.019700000000000002,0.0198,0.02,0.0198,0.0195,0.019700000000000002,0.0205,0.0205,0.0201,0.0201,0.0201,0.0205,0.020200000000000003,0.02,0.0199,0.0201,0.02,0.020200000000000003,0.02,0.0196,0.0198,0.0198,0.0198,0.0199,0.02,0.0199,0.0199,0.0198,0.019700000000000002,0.0201,0.020300000000000002,0.020200000000000003,0.020200000000000003,0.0198,0.0198,0.0198,0.019700000000000002,0.0199,0.0199
,0.0172,0.0188,0.0198,0.020200000000000003,0.02,0.0201,0.0195,0.0195,0.019700000000000002,0.02,0.0199,0.0199,0.0201,0.0199,0.019700000000000002,0.02,0.0195,0.02,0.0198,0.0198,0.0201,0.0204,0.02,0.0201,0.0199,0.0199,0.0198,0.0201,0.0196,0.020200000000000003,0.0199,0.0198,0.0196,0.020200000000000003,0.0205,0.0201,0.0201,0.0201,0.019700000000000002,0.0201,0.0199,0.0198,0.020300000000000002,0.0198,0.02,0.019700000000000002,0.0199,0.0201,0.019700000000000002,0.0194,0.0194,0.0196,0.019700000000000002,0.0199,0.0115,0.0112,0.011000000000000001,0.0111,0.0112,0.011000000000000001,0.011000000000000001,0.0196,0.011000000000000001,0.0111,0.011000000000000001,0.0111,0.02,0.02,0.0201,0.0199,0.020200000000000003,0.020300000000000002,0.0199,0.020200000000000003,0.02,0.0199,0.0122,0.012100000000000001,0.012100000000000001,0.0122,0.012700000000000001,0.0129,0.013000000000000001,0.0128,0.02,0.0201,0.0201,0.0204,0.0201,0.0201,0.019700000000000002,0.02,0.020200000000000003,0.020300000000000002,0.020300000000000002,0.020200000000000003,0.0201,0.0204,0.0204,0.020300000000000002,0.0201,0.020200000000000003,0.0195,0.019700000000000002,0.0198,0.0195,0.0199,0.0201,0.02,0.0201,0.02,0.019700000000000002,0.0199,0.0199,0.0201,0.02,0.0201,0.0199,0.020200000000000003,0.0204,0.0204,0.0201,0.0198,0.0201,0.02,0.02,0.0201,0.0204,0.0201,0.0198,0.019700000000000002,0.0195,0.019700000000000002,0.0198,0.0198,0.0198,0.0198,0.0196,0.0195
,0.020300000000000002,0.0188,0.0198,0.0198,0.0195,0.0195,0.0196,0.0195,0.019700000000000002,0.019200000000000002,0.0195,0.0199,0.0201,0.02,0.0199,0.0199,0.02,0.0198,0.0201,0.0199,0.02,0.0201,0.019700000000000002,0.0195,0.0199,0.0199,0.0198,0.0201,0.0196,0.020200000000000003,0.02,0.019700000000000002,0.0205,0.02,0.0201,0.02,0.0199,0.0201,0.019700000000000002,0.0201,0.0199,0.02,0.0205,0.0198,0.02,0.019700000000000002,0.0199,0.0201,0.019700000000000002,0.0199,0.02,0.0198,0.0198,0.0199,0.0199,0.020200000000000003,0.0206,0.0201,0.0206,0.0201,0.02,0.0111,0.0199,0.02,0.0194,0.019700000000000002,0.011300000000000001,0.0114,0.0112,0.0114,0.011600000000000001,0.0118,0.011600000000000001,0.0119,0.0119,0.012100000000000001,0.0199,0.020200000000000003,0.0201,0.0198,0.0199,0.02,0.0201,0.020200000000000003,0.0199,0.02,0.0198,0.0198,0.0204,0.0199,0.02,0.019700000000000002,0.019700000000000002,0.0198,0.0198,0.0196,0.02,0.020200000000000003,0.0199,0.020300000000000002,0.02,0.0198,0.019700000000000002,0.0199,0.020200000000000003,0.020200000000000003,0.0205,0.0205,0.02,0.0201,0.0201,0.0205,0.020200000000000003,0.02,0.0199,0.0196,0.0199,0.02,0.0199,0.0198,0.0199,0.0201,0.02,0.019700000000000002,0.019700000000000002,0.019700000000000002,0.020200000000000003,0.02,0.0199,0.019700000000000002,0.019700000000000002,0.019700000000000002,0.019700000000000002,0.020200000000000003,0.0205,0.02,0.0198,0.019700000000000002,0.019700000000000002
,0.020300000000000002,0.019200000000000002,0.0193,0.0198,0.0195,0.0195,0.0196,0.0196,0.0195,0.0196,0.0195,0.0199,0.0201,0.0196,0.0196,0.0201,0.0199,0.0198,0.0201,0.0199,0.02,0.0201,0.019700000000000002,0.0195,0.0199,0.0193,0.0195,0.0196,0.0196,0.019700000000000002,0.0199,0.0198,0.0196,0.02,0.0205,0.02,0.0201,0.0196,0.019700000000000002,0.0199,0.0198,0.0201,0.0201,0.02,0.019700000000000002,0.019700000000000002,0.019700000000000002,0.019700000000000002,0.0196,0.0118,0.0118,0.0115,0.0114,0.011300000000000001,0.020200000000000003,0.0204,0.02,0.0199,0.0199,0.0201,0.02,0.0199,0.020200000000000003,0.0201,0.0201,0.0201,0.02,0.0201,0.0199,0.02,0.0199,0.02,0.020200000000000003,0.0201,0.0199,0.0199,0.0199,0.0201,0.020300000000000002,0.0204,0.0205,0.02,0.0199,0.020200000000000003,0.02,0.0198,0.02,0.02,0.0201,0.0198,0.0199,0.020300000000000002,0.020300000000000002,0.0198,0.02,0.0198,0.020200000000000003,0.020200000000000003,0.020200000000000003,0.0201,0.02,0.02,0.02,0.020200000000000003,0.020200000000000003,0.020200000000000003,0.02,0.02,0.0199,0.02,0.0199,0.0199,0.02,0.0201,0.020300000000000002,0.0196,0.0199,0.0199,0.020200000000000003,0.0204,0.0204,0.0201,0.0198,0.019700000000000002,0.019700000000000002,0.019700000000000002,0.020200000000000003,0.0204,0.0201,0.0198,0.019700000000000002,0.019700000000000002,0.019700000000000002,0.020200000000000003,0.0205,0.02,0.0198,0.019700000000000002,0.019700000000000002
,0.019,0.019200000000000002,0.0189,0.0193,0.0194,0.0195,0.019700000000000002,0.0196,0.0195,0.019200000000000002,0.0195,0.0196,0.02,0.0196,0.0196,0.0199,0.02,0.0199,0.0199,0.0204,0.0198,0.0198,0.0201,0.0199,0.019700000000000002,0.0193,0.0195,0.0196,0.0196,0.019700000000000002,0.02,0.019700000000000002,0.0205,0.0198,0.0199,0.0198,0.0195,0.019700000000000002,0.0195,0.0195,0.0195,0.0199,0.0199,0.02,0.0194,0.0196,0.019700000000000002,0.0195,0.0199,0.0201,0.02,0.0198,0.0201,0.0198,0.0199,0.020200000000000003,0.0206,0.0201,0.0206,0.0198,0.0199,0.020200000000000003,0.020200000000000003,0.02,0.0199,0.0201,0.020200000000000003,0.019700000000000002,0.0201,0.0199,0.020300000000000002,0.020300000000000002,0.0204,0.020300000000000002,0.0198,0.0198,0.02,0.0199,0.0199,0.02,0.0199,0.02,0.02,0.0199,0.02,0.0199,0.02,0.019700000000000002,0.0198,0.020200000000000003,0.020300000000000002,0.019700000000000002,0.0199,0.02,0.02,0.02,0.020200000000000003,0.0201,0.0199,0.0201,0.0199,0.0199,0.0199,0.0194,0.0199,0.020200000000000003,0.020300000000000002,0.02,0.0198,0.020200000000000003,0.020200000000000003,0.0201,0.0199,0.0198,0.020300000000000002,0.020200000000000003,0.020300000000000002,0.020300000000000002,0.0201,0.0201,0.020200000000000003,0.0201,0.02,0.020200000000000003,0.020200000000000003,0.020300000000000002,0.020200000000000003,0.020200000000000003,0.020200000000000003,0.020200000000000003,0.0198,0.0201,0.020300000000000002,0.020200000000000003,0.0199,0.0201,0.0201,0.020300000000000002,0.019700000000000002
,0.016800000000000002,0.018600000000000002,0.0189,0.0193,0.0194,0.0195,0.019700000000000002,0.0199,0.0196,0.0196,0.0195,0.0196,0.019100000000000002,0.0195,0.0196,0.0196,0.0194,0.02,0.0196,0.0195,0.0198,0.0198,0.0201,0.0199,0.019700000000000002,0.0199,0.0199,0.020200000000000003,0.0199,0.0195,0.0196,0.0201,0.0196,0.0199,0.02,0.020200000000000003,0.020200000000000003,0.019700000000000002,0.0201,0.0201,0.0204,0.0134,0.0131,0.0129,0.012400000000000001,0.0123,0.0122,0.0119,0.0119,0.02,0.0199,0.0199,0.0201,0.0198,0.0201,0.02,0.02,0.02,0.0198,0.0198,0.0198,0.0199,0.020200000000000003,0.0201,0.0201,0.0201,0.0199,0.019700000000000002,0.0199,0.0199,0.0201,0.02,0.020300000000000002,0.02,0.0199,0.0199,0.02,0.0201,0.020300000000000002,0.0204,0.0205,0.02,0.0199,0.0199,0.02,0.0199,0.02,0.019700000000000002,0.0198,0.020200000000000003,0.020300000000000002,0.020300000000000002,0.020300000000000002,0.0198,0.02,0.02,0.020200000000000003,0.0201,0.0199,0.0201,0.0199,0.0199,0.0199,0.0194,0.0199,0.020200000000000003,0.020300000000000002,0.02,0.0198,0.020200000000000003,0.020200000000000003,0.0201,0.0199,0.0198,0.020300000000000002,0.020300000000000002,0.02,0.0196,0.0201,0.020200000000000003,0.0201,0.0195,0.0199,0.0198,0.0199,0.0198,0.0199,0.019700000000000002,0.0201,0.0199,0.020200000000000003,0.0201,0.0201,0.020200000000000003,0.0201,0.0199,0.02,0.02,0.0198
,0.0119,0.019100000000000002,0.019700000000000002,0.0196,0.0195,0.0196,0.0195,0.0199,0.0196,0.0194,0.019700000000000002,0.0194,0.02,0.0196,0.0196,0.0196,0.0194,0.02,0.0196,0.0195,0.019700000000000002,0.0198,0.0201,0.0199,0.0199,0.0198,0.019700000000000002,0.0194,0.0198,0.0199,0.0198,0.020200000000000003,0.0198,0.0198,0.0195,0.0195,0.019700000000000002,0.014100000000000001,0.0137,0.0135,0.0134,0.019700000000000002,0.0198,0.020200000000000003,0.020200000000000003,0.0201,0.020200000000000003,0.02,0.0198,0.0201,0.02,0.0198,0.019700000000000002,0.02,0.0198,0.0199,0.0201,0.02,0.0201,0.0198,0.0194,0.0201,0.0201,0.020200000000000003,0.0201,0.020300000000000002,0.020200000000000003,0.019700000000000002,0.0201,0.0199,0.020300000000000002,0.020300000000000002,0.0204,0.020300000000000002,0.0198,0.0199,0.0199,0.0199,0.02,0.0201,0.019700000000000002,0.0198,0.0196,0.0195,0.0199,0.0201,0.0199,0.0198,0.0201,0.020200000000000003,0.020300000000000002,0.02,0.0201,0.020300000000000002,0.02,0.0199,0.0199,0.0199,0.02,0.0196,0.0199,0.0198,0.02,0.020200000000000003,0.020200000000000003,0.020200000000000003,0.0199,0.020200000000000003,0.02,0.0199,0.0199,0.0198,0.0199,0.02,0.0201,0.020300000000000002,0.02,0.0196,0.0201,0.020200000000000003,0.0201,0.0195,0.0199,0.0198,0.0199,0.0198,0.0199,0.019700000000000002,0.0201,0.0199,0.0198,0.0201,0.020300000000000002,0.020200000000000003,0.0199,0.0201,0.0201,0.020300000000000002,0.019700000000000002
,0.023,0.019700000000000002,0.0188,0.02,0.0198,0.0194,0.0194,0.019700000000000002,0.0198,0.0194,0.019700000000000002,0.0194,0.019100000000000002,0.0195,0.0194,0.019100000000000002,0.019700000000000002,0.0196,0.0196,0.0193,0.019700000000000002,0.0199,0.0196,0.0195,0.0196,0.019700000000000002,0.0193,0.0195,0.0196,0.0195,0.0196,0.0198,0.0199,0.0194,0.0148,0.0146,0.014400000000000001,0.019700000000000002,0.0196,0.0199,0.0199,0.0196,0.0195,0.0195,0.0198,0.0199,0.019700000000000002,0.0199,0.02,0.0199,0.019700000000000002,0.0198,0.0198,0.0199,0.0195,0.0194,0.0195,0.019700000000000002,0.019700000000000002,0.0196,0.0196,0.019700000000000002,0.02,0.02,0.0201,0.02,0.0201,0.02,0.0198,0.0199,0.0201,0.0199,0.020200000000000003,0.0201,0.02,0.020200000000000003,0.0196,0.019700000000000002,0.0204,0.020300000000000002,0.0201,0.02,0.020200000000000003,0.02,0.0201,0.020300000000000002,0.0201,0.020200000000000003,0.0204,0.0201,0.02,0.0198,0.0198,0.02,0.02,0.0201,0.0201,0.0199,0.0196,0.019700000000000002,0.0195,0.0199,0.02,0.0199,0.0201,0.02,0.0199,0.02,0.02,0.020200000000000003,0.0199,0.019700000000000002,0.019700000000000002,0.019700000000000002,0.019700000000000002,0.02,0.0201,0.020200000000000003,0.0199,0.02,0.02,0.0198,0.019700000000000002,0.019700000000000002,0.0198,0.0198,0.0199,0.02,0.02,0.02,0.02,0.02,0.0201,0.0198,0.0198,0.0198,0.020200000000000003,0.02,0.0201
,0.0219,0.007200000000000001,0.020300000000000002,0.0189,0.0198,0.0196,0.0193,0.019200000000000002,0.019100000000000002,0.0198,0.019100000000000002,0.019,0.0195,0.0196,0.0194,0.019100000000000002,0.019700000000000002,0.0196,0.0196,0.0193,0.019700000000000002,0.0199,0.0195,0.0199,0.0198,0.019700000000000002,0.0193,0.0195,0.0196,0.0195,0.0196,0.0198,0.0195,0.0198,0.0198,0.020200000000000003,0.0198,0.019700000000000002,0.0196,0.0199,0.0199,0.0196,0.0195,0.0195,0.0198,0.0199,0.020200000000000003,0.02,0.0198,0.02,0.0201,0.0198,0.019700000000000002,0.019700000000000002,0.0193,0.0201,0.0196,0.02,0.02,0.019700000000000002,0.02,0.0196,0.0196,0.0195,0.019700000000000002,0.019700000000000002,0.0199,0.02,0.0198,0.0198,0.0196,0.0201,0.020300000000000002,0.0199,0.0198,0.0195,0.0201,0.0201,0.02,0.02,0.0205,0.0204,0.0196,0.0195,0.019700000000000002,0.020300000000000002,0.0201,0.020200000000000003,0.0204,0.0201,0.02,0.0198,0.0198,0.02,0.02,0.0201,0.0201,0.0199,0.0196,0.019700000000000002,0.0195,0.0199,0.02,0.0199,0.0201,0.02,0.0199,0.02,0.02,0.020200000000000003,0.0199,0.019700000000000002,0.019700000000000002,0.019700000000000002,0.019700000000000002,0.0198,0.019700000000000002,0.0199,0.02,0.0201,0.0199,0.02,0.0199,0.0198,0.0199,0.0201,0.020200000000000003,0.020200000000000003,0.020200000000000003,0.020300000000000002,0.020300000000000002,0.0204,0.0204,0.020200000000000003,0.020200000000000003,0.020300000000000002,0.0204,0.020200000000000003,0.02
,0.0188,0.0204,0.020300000000000002,0.02,0.0193,0.019200000000000002,0.019,0.0193,0.0198,0.019,0.0195,0.0198,0.0083,0.019200000000000002,0.0189,0.019100000000000002,0.019700000000000002,0.0193,0.0198,0.0196,0.0193,0.0194,0.0196,0.0199,0.0198,0.019200000000000002,0.0198,0.0194,0.019700000000000002,0.0198,0.0199,0.0195,0.0199,0.0149,0.0198,0.020200000000000003,0.0198,0.0198,0.0198,0.019700000000000002,0.019700000000000002,0.020200000000000003,0.019700000000000002,0.0199,0.019700000000000002,0.0198,0.0199,0.0199,0.0199,0.019700000000000002,0.0195,0.0196,0.0199,0.0199,0.0193,0.0201,0.0196,0.02,0.02,0.019700000000000002,0.02,0.019700000000000002,0.0199,0.02,0.0195,0.02,0.0199,0.0196,0.02,0.020300000000000002,0.0196,0.0199,0.0201,0.02,0.0198,0.0201,0.0201,0.0201,0.02,0.02,0.0205,0.0204,0.020200000000000003,0.02,0.0201,0.0196,0.020200000000000003,0.020300000000000002,0.0201,0.0199,0.0199,0.0198,0.02,0.02,0.0196,0.0196,0.0195,0.0195,0.019700000000000002,0.0198,0.019700000000000002,0.019700000000000002,0.0199,0.02,0.0201,0.0198,0.0198,0.02,0.02,0.02,0.02,0.0198,0.02,0.019700000000000002,0.019700000000000002,0.0198,0.019700000000000002,0.0199,0.02,0.0201,0.0199,0.02,0.0199,0.0198,0.0199,0.0201,0.020200000000000003,0.020200000000000003,0.020200000000000003,0.020300000000000002,0.020300000000000002,0.0204,0.0204,0.020200000000000003,0.020200000000000003,0.019700000000000002,0.0198,0.0196,0.0199
,0.0188,0.0204,0.018500000000000003,0.0188,0.0188,0.019100000000000002,0.019100000000000002,0.0194,0.019200000000000002,0.0195,0.0054,0.0068000000000000005,0.019700000000000002,0.0095,0.0103,0.011600000000000001,0.019200000000000002,0.0193,0.0193,0.019100000000000002,0.0193,0.0194,0.0193,0.0195,0.019700000000000002,0.015700000000000002,0.0162,0.0158,0.0159,0.0159,0.0158,0.015300000000000001,0.0151,0.020200000000000003,0.02,0.019700000000000002,0.0196,0.0199,0.019700000000000002,0.0196,0.0196,0.0193,0.0195,0.0196,0.019700000000000002,0.019700000000000002,0.0195,0.0198,0.02,0.0201,0.0201,0.02,0.0196,0.0201,0.0198,0.019700000000000002,0.020300000000000002,0.019700000000000002,0.019700000000000002,0.019700000000000002,0.019700000000000002,0.019700000000000002,0.0199,0.02,0.0195,0.02,0.0201,0.0195,0.02,0.020300000000000002,0.0196,0.0199,0.0201,0.02,0.0198,0.0201,0.0198,0.02,0.020200000000000003,0.02,0.0196,0.0194,0.019700000000000002,0.019700000000000002,0.02,0.0201,0.019700000000000002,0.02,0.0199,0.019700000000000002,0.0198,0.0195,0.019700000000000002,0.02,0.0198,0.019700000000000002,0.0199,0.0201,0.019700000000000002,0.0198,0.019700000000000002,0.019700000000000002,0.0199,0.02,0.0201,0.0198,0.0198,0.02,0.02,0.02,0.02,0.0198,0.0199,0.02,0.02,0.0198,0.019700000000000002,0.0199,0.0201,0.02,0.020200000000000003,0.0201,0.019700000000000002,0.0199,0.0201,0.0201,0.02,0.0199,0.0199,0.0199,0.0201,0.02,0.0196,0.0196,0.0195,0.020300000000000002,0.0204,0.020200000000000003,0.02
,0.0334,0.018500000000000003,0.018600000000000002,0.018600000000000002,0.0193,0.019200000000000002,0.0193,0.0188,0.0195,0.019200000000000002,0.019200000000000002,0.0195,0.0193,0.019700000000000002,0.0196,0.0194,0.0125,0.013300000000000001,0.014,0.0146,0.0149,0.015300000000000001,0.0154,0.0158,0.0161,0.0194,0.0194,0.0198,0.0195,0.0194,0.0193,0.0198,0.02,0.0196,0.0196,0.019700000000000002,0.02,0.0195,0.0196,0.0196,0.0195,0.0196,0.0194,0.0198,0.0195,0.0193,0.0194,0.0194,0.0196,0.0206,0.02,0.0198,0.0199,0.0201,0.0199,0.0199,0.020300000000000002,0.019700000000000002,0.019700000000000002,0.019700000000000002,0.019700000000000002,0.0198,0.0198,0.019700000000000002,0.019700000000000002,0.020300000000000002,0.0201,0.0195,0.0196,0.0196,0.0196,0.0196,0.0196,0.019700000000000002,0.019700000000000002,0.0198,0.0196,0.02,0.020200000000000003,0.02,0.0196,0.0194,0.019700000000000002,0.019700000000000002,0.02,0.0201,0.019700000000000002,0.02,0.0199,0.019700000000000002,0.0199,0.0198,0.02,0.02,0.0196,0.0196,0.0195,0.0195,0.0199,0.0198,0.0198,0.019700000000000002,0.0198,0.0198,0.0199,0.0199,0.0199,0.020200000000000003,0.0201,0.0199,0.019700000000000002,0.0196,0.02,0.019700000000000002,0.019700000000000002,0.0199,0.019700000000000002,0.0199,0.0198,0.0201,0.0201,0.0199,0.019700000000000002,0.0196,0.0198,0.0199,0.0204,0.0201,0.020200000000000003,0.02,0.0198,0.0199,0.019700000000000002,0.0199,0.02,0.0199,0.019700000000000002,0.0198,0.0196
,0.0211,0.018000000000000002,0.0181,0.018500000000000003,0.019100000000000002,0.019100000000000002,0.0188,0.0194,0.0193,0.0193,0.0193,0.019200000000000002,0.019200000000000002,0.0194,0.019700000000000002,0.0199,0.0198,0.0194,0.0194,0.0194,0.0195,0.0196,0.0195,0.0193,0.0196,0.0195,0.0195,0.0196,0.019700000000000002,0.02,0.0198,0.019700000000000002,0.0195,0.0199,0.0199,0.0195,0.0196,0.02,0.019700000000000002,0.02,0.0196,0.019700000000000002,0.0195,0.0196,0.0199,0.0198,0.0196,0.0198,0.02,0.0201,0.0201,0.02,0.0196,0.0199,0.0198,0.019700000000000002,0.02,0.0199,0.019700000000000002,0.0201,0.020200000000000003,0.0198,0.0198,0.019700000000000002,0.019700000000000002,0.020300000000000002,0.020300000000000002,0.0196,0.019700000000000002,0.0199,0.0199,0.0199,0.0196,0.0195,0.019700000000000002,0.0198,0.0198,0.019700000000000002,0.019700000000000002,0.0196,0.0194,0.0195,0.0195,0.0196,0.0196,0.0196,0.0199,0.0198,0.019700000000000002,0.0201,0.0201,0.020200000000000003,0.0196,0.0194,0.019700000000000002,0.0198,0.0194,0.0194,0.019700000000000002,0.0199,0.0198,0.0199,0.0199,0.0198,0.0199,0.0199,0.0198,0.0196,0.0195,0.0195,0.0199,0.020300000000000002,0.020200000000000003,0.020200000000000003,0.0201,0.0198,0.019700000000000002,0.0195,0.0201,0.02,0.020200000000000003,0.0201,0.019700000000000002,0.0199,0.0198,0.0199,0.0204,0.0201,0.020200000000000003,0.02,0.0198,0.0199,0.019700000000000002,0.0199,0.02,0.0199,0.019700000000000002,0.0198,0.0196
,0.0207,0.019100000000000002,0.019200000000000002,0.019100000000000002,0.0188,0.0187,0.0194,0.019100000000000002,0.0193,0.0195,0.019100000000000002,0.0188,0.019200000000000002,0.0193,0.0193,0.0196,0.02,0.019100000000000002,0.0198,0.020300000000000002,0.0204,0.019700000000000002,0.0198,0.0196,0.0195,0.02,0.0196,0.0196,0.0195,0.019700000000000002,0.020200000000000003,0.019700000000000002,0.0196,0.0199,0.0199,0.0199,0.02,0.0199,0.0201,0.019700000000000002,0.0201,0.020200000000000003,0.0205,0.0201,0.0204,0.020300000000000002,0.0205,0.020200000000000003,0.0205,0.0206,0.0201,0.02,0.0205,0.02,0.0205,0.0201,0.020300000000000002,0.020300000000000002,0.0204,0.0196,0.0195,0.0207,0.0204,0.0204,0.0198,0.0199,0.020300000000000002,0.0196,0.019700000000000002,0.0199,0.0199,0.0199,0.0196,0.019700000000000002,0.019700000000000002,0.0198,0.020200000000000003,0.019700000000000002,0.0198,0.020200000000000003,0.0201,0.0201,0.02,0.0198,0.0199,0.020200000000000003,0.0201,0.020200000000000003,0.0196,0.0199,0.0199,0.0196,0.0198,0.0196,0.0194,0.0196,0.019700000000000002,0.019700000000000002,0.0199,0.019700000000000002,0.0193,0.0196,0.019700000000000002,0.019700000000000002,0.0198,0.0199,0.0198,0.0195,0.019200000000000002,0.0194,0.0196,0.019700000000000002,0.019700000000000002,0.0198,0.0199,0.02,0.019700000000000002,0.0195,0.0194,0.019700000000000002,0.0199,0.0198,0.0201,0.020200000000000003,0.0201,0.02,0.0196,0.0195,0.0195,0.0196,0.0198,0.0201,0.0201,0.020200000000000003,0.0199,0.02,0.0196,0.0196,0.0196
,0.0207,0.019100000000000002,0.019,0.0183,0.019200000000000002,0.019,0.019,0.019100000000000002,0.019200000000000002,0.019100000000000002,0.0193,0.0194,0.0193,0.0193,0.0193,0.0195,0.0196,0.0194,0.0196,0.0198,0.0198,0.019200000000000002,0.0196,0.019700000000000002,0.0196,0.0196,0.0195,0.0194,0.019700000000000002,0.0198,0.0201,0.02,0.019700000000000002,0.02,0.0199,0.019700000000000002,0.019700000000000002,0.020200000000000003,0.0201,0.02,0.0201,0.020200000000000003,0.0205,0.0201,0.0204,0.020300000000000002,0.0205,0.020200000000000003,0.0201,0.0201,0.0201,0.020200000000000003,0.0194,0.0199,0.0205,0.0201,0.020300000000000002,0.020300000000000002,0.0204,0.0201,0.020200000000000003,0.0196,0.0196,0.0196,0.019700000000000002,0.020200000000000003,0.0199,0.0201,0.0198,0.0201,0.0201,0.019700000000000002,0.0198,0.0201,0.0201,0.0201,0.0204,0.0201,0.0201,0.020300000000000002,0.0204,0.02,0.0196,0.0199,0.02,0.0196,0.0196,0.0194,0.0199,0.0198,0.0198,0.0201,0.019700000000000002,0.019700000000000002,0.02,0.0198,0.0198,0.0198,0.019700000000000002,0.0196,0.0196,0.02,0.019700000000000002,0.0198,0.020200000000000003,0.020200000000000003,0.0198,0.0199,0.0199,0.02,0.0199,0.0198,0.0201,0.02,0.0201,0.0198,0.019700000000000002,0.019700000000000002,0.0195,0.0194,0.0195,0.019700000000000002,0.0196,0.02,0.0199,0.0198,0.02,0.02,0.0199,0.0196,0.0196,0.0195,0.0195,0.019700000000000002,0.0196,0.0195,0.0195,0.0196,0.0194
,0.017400000000000002,0.0179,0.0195,0.019,0.0189,0.0188,0.0196,0.019200000000000002,0.019,0.0198,0.019700000000000002,0.0196,0.0193,0.0194,0.019100000000000002,0.0194,0.019700000000000002,0.0198,0.0196,0.019700000000000002,0.0195,0.019700000000000002,0.0198,0.0196,0.0196,0.0194,0.0198,0.02,0.0201,0.0199,0.0196,0.0199,0.0199,0.020300000000000002,0.0206,0.0206,0.020200000000000003,0.020200000000000003,0.0201,0.019700000000000002,0.0199,0.0198,0.0198,0.0194,0.0198,0.02,0.0204,0.0198,0.0205,0.0196,0.0195,0.02,0.0205,0.0204,0.019700000000000002,0.0195,0.0193,0.0196,0.019700000000000002,0.0198,0.0195,0.0207,0.0204,0.0204,0.019700000000000002,0.020200000000000003,0.0201,0.0205,0.020200000000000003,0.020200000000000003,0.0205,0.020200000000000003,0.0201,0.0196,0.02,0.02,0.0204,0.0195,0.019700000000000002,0.0199,0.0196,0.0195,0.0201,0.0196,0.02,0.020300000000000002,0.0204,0.020300000000000002,0.02,0.020200000000000003,0.0204,0.0205,0.020200000000000003,0.02,0.0201,0.0199,0.0201,0.0201,0.0201,0.0199,0.0198,0.0201,0.02,0.020300000000000002,0.0205,0.0204,0.0201,0.020200000000000003,0.020300000000000002,0.020800000000000003,0.020300000000000002,0.020200000000000003,0.0201,0.0198,0.0196,0.0195,0.0195,0.0196,0.0198,0.0201,0.0201,0.020200000000000003,0.02,0.020200000000000003,0.020200000000000003,0.0201,0.020300000000000002,0.020200000000000003,0.0199,0.0195,0.0196,0.0196,0.019700000000000002,0.0198,0.0199,0.0199,0.0199,0.02,0.0199
,0.0183,0.0179,0.0184,0.0193,0.019700000000000002,0.018600000000000002,0.0196,0.019200000000000002,0.0195,0.0195,0.0193,0.0196,0.0196,0.0196,0.0196,0.0199,0.0195,0.0199,0.0193,0.019700000000000002,0.019200000000000002,0.0196,0.0195,0.019700000000000002,0.0198,0.0195,0.0198,0.0195,0.0195,0.0198,0.0196,0.019700000000000002,0.0196,0.0194,0.0206,0.0206,0.020200000000000003,0.0198,0.0196,0.02,0.02,0.0199,0.0198,0.0194,0.0198,0.02,0.0204,0.0198,0.0201,0.0196,0.0195,0.020200000000000003,0.0194,0.0204,0.0199,0.0199,0.0198,0.0198,0.0198,0.0199,0.019700000000000002,0.019200000000000002,0.0196,0.0196,0.0198,0.019700000000000002,0.0201,0.0205,0.020200000000000003,0.020200000000000003,0.0205,0.020200000000000003,0.0201,0.0196,0.02,0.02,0.0194,0.0201,0.0201,0.020300000000000002,0.0204,0.02,0.0201,0.0196,0.02,0.020300000000000002,0.0204,0.020300000000000002,0.02,0.020200000000000003,0.0204,0.0205,0.020200000000000003,0.02,0.0201,0.0199,0.0201,0.0201,0.0201,0.0199,0.0198,0.0201,0.02,0.020300000000000002,0.0205,0.0204,0.0201,0.020200000000000003,0.020300000000000002,0.020800000000000003,0.020300000000000002,0.020200000000000003,0.0201,0.0198,0.0196,0.02,0.020200000000000003,0.0201,0.0199,0.02,0.02,0.020300000000000002,0.0204,0.0204,0.02,0.020200000000000003,0.0206,0.020300000000000002,0.02,0.019700000000000002,0.019700000000000002,0.0198,0.019700000000000002,0.0198,0.0199,0.0198,0.0199,0.019700000000000002,0.0198
,0.0183,0.018000000000000002,0.0195,0.0193,0.0187,0.019200000000000002,0.0189,0.019200000000000002,0.0195,0.019100000000000002,0.0196,0.0194,0.0193,0.019700000000000002,0.0195,0.0193,0.019200000000000002,0.0195,0.0196,0.0193,0.0198,0.0194,0.0195,0.019700000000000002,0.02,0.0196,0.0196,0.0196,0.0195,0.0201,0.020300000000000002,0.0199,0.02,0.020300000000000002,0.0198,0.0195,0.0199,0.0198,0.0196,0.02,0.02,0.0199,0.0198,0.0194,0.02,0.0195,0.0196,0.0196,0.02,0.019200000000000002,0.019200000000000002,0.0194,0.0198,0.0199,0.020200000000000003,0.0199,0.02,0.0204,0.0199,0.02,0.020300000000000002,0.0198,0.0199,0.0199,0.0199,0.0199,0.0194,0.019700000000000002,0.0198,0.0196,0.019700000000000002,0.0194,0.0196,0.0198,0.0199,0.0194,0.0198,0.0198,0.019700000000000002,0.019700000000000002,0.0195,0.019700000000000002,0.0199,0.0199,0.0198,0.02,0.0199,0.0199,0.0201,0.020200000000000003,0.0201,0.02,0.019700000000000002,0.019700000000000002,0.019700000000000002,0.0198,0.0196,0.0198,0.019700000000000002,0.0198,0.0198,0.0199,0.0201,0.0199,0.02,0.0199,0.0199,0.0196,0.019700000000000002,0.0201,0.0199,0.019700000000000002,0.0195,0.0194,0.0196,0.02,0.020200000000000003,0.0201,0.0199,0.02,0.02,0.020300000000000002,0.0204,0.0204,0.02,0.020200000000000003,0.0206,0.020300000000000002,0.0195,0.0194,0.0199,0.02,0.020300000000000002,0.020300000000000002,0.02,0.0205,0.020300000000000002,0.02,0.02
,0.021500000000000002,0.0198,0.018000000000000002,0.018000000000000002,0.019700000000000002,0.019200000000000002,0.0189,0.0193,0.019100000000000002,0.019100000000000002,0.0198,0.0198,0.02,0.0196,0.019700000000000002,0.0193,0.0193,0.019200000000000002,0.0193,0.0194,0.0194,0.0195,0.0195,0.0195,0.0195,0.0201,0.02,0.0205,0.02,0.0194,0.019700000000000002,0.0199,0.02,0.019700000000000002,0.0196,0.0196,0.019700000000000002,0.0195,0.0198,0.0193,0.0198,0.0194,0.02,0.0194,0.02,0.0195,0.0196,0.0196,0.02,0.02,0.0199,0.0201,0.0199,0.0201,0.0204,0.0201,0.0198,0.0198,0.0198,0.020300000000000002,0.0199,0.020200000000000003,0.0198,0.0199,0.020300000000000002,0.020200000000000003,0.0199,0.02,0.02,0.0199,0.02,0.02,0.0201,0.0201,0.02,0.0199,0.0201,0.0199,0.02,0.0198,0.0201,0.02,0.02,0.020300000000000002,0.020200000000000003,0.020200000000000003,0.0201,0.020200000000000003,0.0201,0.02,0.0198,0.0198,0.0199,0.0201,0.0199,0.0199,0.0199,0.02,0.02,0.0199,0.0199,0.0199,0.02,0.02,0.0199,0.0201,0.02,0.0198,0.0199,0.02,0.0204,0.020300000000000002,0.020200000000000003,0.0201,0.0199,0.0198,0.0199,0.0199,0.0199,0.0198,0.0198,0.0199,0.0199,0.02,0.02,0.0199,0.019700000000000002,0.0196,0.02,0.019700000000000002,0.0199,0.02,0.020300000000000002,0.020300000000000002,0.02,0.0205,0.020300000000000002,0.02,0.02
,0.0187,0.019100000000000002,0.018000000000000002,0.0184,0.0187,0.018500000000000003,0.019100000000000002,0.018600000000000002,0.0195,0.0195,0.0198,0.0198,0.02,0.0194,0.0195,0.0199,0.0198,0.0196,0.0198,0.0195,0.0196,0.020200000000000003,0.0198,0.020300000000000002,0.0198,0.0201,0.02,0.0205,0.02,0.0201,0.020300000000000002,0.0196,0.0193,0.0196,0.019700000000000002,0.0201,0.02,0.019200000000000002,0.0198,0.0195,0.0198,0.0194,0.0198,0.0195,0.0199,0.02,0.019700000000000002,0.0198,0.0194,0.0199,0.0199,0.02,0.0204,0.02,0.02,0.020200000000000003,0.019700000000000002,0.0198,0.020300000000000002,0.02,0.0196,0.0199,0.020200000000000003,0.0196,0.0198,0.019700000000000002,0.02,0.0199,0.0199,0.0199,0.0204,0.0201,0.020300000000000002,0.0201,0.0199,0.0199,0.0199,0.0198,0.0195,0.0196,0.0198,0.02,0.0196,0.019700000000000002,0.0195,0.0196,0.0199,0.0199,0.02,0.0199,0.0198,0.019700000000000002,0.0199,0.0198,0.0198,0.0198,0.0196,0.0193,0.0195,0.019700000000000002,0.0198,0.019700000000000002,0.0199,0.0199,0.0196,0.0194,0.019700000000000002,0.02,0.0199,0.0199,0.02,0.0198,0.0196,0.0195,0.0194,0.019700000000000002,0.0199,0.0196,0.0196,0.0196,0.0196,0.0198,0.02,0.0198,0.0199,0.0201,0.02,0.02,0.019700000000000002,0.0196,0.0194,0.0195,0.0196,0.02,0.0198,0.0199,0.02,0.0199,0.02
,0.0187,0.0184,0.0196,0.018000000000000002,0.0187,0.018500000000000003,0.019,0.019100000000000002,0.018600000000000002,0.019,0.0188,0.0188,0.019200000000000002,0.0194,0.0195,0.0199,0.0198,0.0196,0.0198,0.0195,0.0196,0.0199,0.0196,0.020300000000000002,0.0198,0.0201,0.0199,0.0198,0.019700000000000002,0.0195,0.0199,0.020200000000000003,0.019700000000000002,0.0196,0.0196,0.0196,0.019700000000000002,0.0199,0.0198,0.0193,0.019700000000000002,0.0199,0.0194,0.0196,0.019700000000000002,0.0195,0.0195,0.0199,0.0196,0.020200000000000003,0.0199,0.0196,0.02,0.0198,0.02,0.020200000000000003,0.019700000000000002,0.0198,0.020300000000000002,0.02,0.0196,0.0196,0.020300000000000002,0.02,0.0195,0.0199,0.0199,0.0204,0.0201,0.020300000000000002,0.02,0.0195,0.02,0.0193,0.02,0.0204,0.02,0.020200000000000003,0.0201,0.0196,0.0198,0.02,0.0196,0.019700000000000002,0.0195,0.0196,0.0199,0.0199,0.02,0.0199,0.0198,0.019700000000000002,0.0199,0.0198,0.0198,0.0198,0.0196,0.0193,0.0195,0.019700000000000002,0.0198,0.019700000000000002,0.0199,0.0199,0.0196,0.0194,0.019700000000000002,0.02,0.0199,0.0199,0.02,0.0198,0.0196,0.0195,0.0194,0.0196,0.0199,0.0199,0.0198,0.02,0.0194,0.0195,0.019700000000000002,0.0201,0.02,0.0199,0.0199,0.0198,0.0198,0.0194,0.0195,0.0198,0.02,0.0199,0.019700000000000002,0.0199,0.0198,0.0198,0.0196
,0.0164,0.0194,0.0188,0.0187,0.0187,0.019100000000000002,0.019200000000000002,0.018600000000000002,0.018600000000000002,0.0188,0.019200000000000002,0.0193,0.0195,0.0188,0.019200000000000002,0.0195,0.0193,0.020300000000000002,0.020200000000000003,0.0204,0.019700000000000002,0.020200000000000003,0.0198,0.0195,0.0196,0.0201,0.0199,0.0198,0.019700000000000002,0.0195,0.0199,0.020200000000000003,0.019700000000000002,0.0195,0.019100000000000002,0.0194,0.0196,0.019200000000000002,0.0198,0.02,0.0198,0.0198,0.0196,0.0198,0.020200000000000003,0.0199,0.0196,0.0198,0.0199,0.0196,0.02,0.0198,0.0198,0.0201,0.0198,0.0195,0.0194,0.0198,0.0199,0.019700000000000002,0.0195,0.0196,0.020300000000000002,0.02,0.0195,0.0199,0.02,0.019700000000000002,0.0195,0.0199,0.0201,0.0196,0.0198,0.02,0.020200000000000003,0.0198,0.0199,0.0198,0.0195,0.0196,0.020200000000000003,0.02,0.02,0.0201,0.020300000000000002,0.0199,0.0199,0.0198,0.0199,0.0198,0.0199,0.0201,0.0201,0.02,0.0201,0.0199,0.0199,0.02,0.02,0.02,0.0198,0.02,0.02,0.0201,0.02,0.0198,0.019700000000000002,0.019700000000000002,0.019700000000000002,0.02,0.0198,0.0198,0.02,0.02,0.02,0.0196,0.0199,0.0199,0.0198,0.02,0.0194,0.0195,0.019700000000000002,0.0201,0.02,0.0199,0.0199,0.0198,0.0198,0.0194,0.0195,0.0198,0.02,0.0199,0.019700000000000002,0.0199,0.0198,0.0198,0.0196
,0.019100000000000002,0.0178,0.0184,0.0194,0.0195,0.019100000000000002,0.0196,0.0189,0.019100000000000002,0.0193,0.0189,0.0193,0.020200000000000003,0.0204,0.020800000000000003,0.0206,0.0205,0.019200000000000002,0.019100000000000002,0.0204,0.019700000000000002,0.0199,0.0196,0.0195,0.0196,0.019200000000000002,0.019200000000000002,0.019100000000000002,0.019100000000000002,0.019200000000000002,0.0193,0.0194,0.0194,0.0195,0.019100000000000002,0.0194,0.0196,0.019200000000000002,0.019,0.019200000000000002,0.0193,0.0193,0.0201,0.02,0.0201,0.019700000000000002,0.019700000000000002,0.020200000000000003,0.0199,0.0196,0.0198,0.0198,0.0198,0.0201,0.0198,0.0195,0.0194,0.0198,0.0199,0.019700000000000002,0.0195,0.0194,0.0198,0.02,0.019700000000000002,0.0195,0.02,0.019700000000000002,0.0195,0.0199,0.0201,0.0196,0.0198,0.0193,0.02,0.0198,0.02,0.0198,0.02,0.02,0.02,0.019700000000000002,0.02,0.019700000000000002,0.0199,0.0201,0.020200000000000003,0.02,0.0199,0.0201,0.0201,0.020200000000000003,0.020200000000000003,0.0204,0.0201,0.0201,0.0201,0.020300000000000002,0.02,0.02,0.02,0.020200000000000003,0.020300000000000002,0.02,0.0199,0.0199,0.0201,0.020300000000000002,0.020200000000000003,0.0201,0.0198,0.0201,0.02,0.0199,0.0199,0.02,0.020200000000000003,0.0198,0.0199,0.019700000000000002,0.0199,0.0198,0.0199,0.02,0.02,0.02,0.02,0.0198,0.0199,0.0199,0.02,0.02,0.02,0.02,0.0199,0.0198,0.019700000000000002,0.0199,0.0198
,0.018600000000000002,0.018500000000000003,0.0177,0.0189,0.0193,0.0194,0.019700000000000002,0.020200000000000003,0.0201,0.0188,0.019,0.0189,0.0194,0.0195,0.020800000000000003,0.0206,0.0205,0.020300000000000002,0.020200000000000003,0.019200000000000002,0.0189,0.019100000000000002,0.0193,0.019200000000000002,0.0195,0.019100000000000002,0.019,0.0193,0.0195,0.019700000000000002,0.0195,0.019100000000000002,0.0193,0.0195,0.0194,0.0194,0.0195,0.0194,0.0195,0.0193,0.0196,0.019700000000000002,0.0199,0.0198,0.019700000000000002,0.0196,0.0195,0.0194,0.0196,0.019700000000000002,0.02,0.0193,0.0198,0.0199,0.0198,0.0198,0.0199,0.0199,0.0198,0.0196,0.019700000000000002,0.0194,0.0198,0.02,0.019700000000000002,0.0199,0.0193,0.0199,0.0198,0.019700000000000002,0.0198,0.0199,0.0199,0.0201,0.0201,0.0201,0.0194,0.0196,0.0198,0.02,0.0201,0.0199,0.02,0.0196,0.0195,0.019200000000000002,0.019700000000000002,0.0198,0.0199,0.0196,0.019700000000000002,0.019700000000000002,0.0196,0.019700000000000002,0.02,0.0199,0.0199,0.019700000000000002,0.0194,0.0194,0.019700000000000002,0.0198,0.0198,0.0199,0.02,0.019700000000000002,0.0199,0.0198,0.0195,0.0193,0.0196,0.019700000000000002,0.0199,0.019700000000000002,0.0195,0.0199,0.0199,0.02,0.0201,0.0199,0.0201,0.0198,0.0198,0.02,0.0198,0.0201,0.0201,0.0201,0.0201,0.020200000000000003,0.020200000000000003,0.02,0.020200000000000003,0.0201,0.020200000000000003,0.020200000000000003,0.020200000000000003,0.020200000000000003,0.0199
,0.0178,0.0171,0.0177,0.019,0.019100000000000002,0.019200000000000002,0.019700000000000002,0.020200000000000003,0.0201,0.02,0.0189,0.0189,0.020200000000000003,0.0204,0.0199,0.0199,0.0194,0.019100000000000002,0.0193,0.0194,0.0195,0.0194,0.0196,0.0194,0.0195,0.019100000000000002,0.019,0.0193,0.0195,0.019700000000000002,0.0195,0.019100000000000002,0.0193,0.019200000000000002,0.0193,0.0194,0.0195,0.0195,0.0194,0.0194,0.0196,0.019100000000000002,0.019200000000000002,0.0198,0.019700000000000002,0.0196,0.0195,0.0194,0.0196,0.019700000000000002,0.0198,0.0193,0.0198,0.0199,0.019700000000000002,0.0193,0.0195,0.019200000000000002,0.019700000000000002,0.0194,0.019100000000000002,0.0198,0.0201,0.02,0.0199,0.0195,0.0198,0.0198,0.0199,0.02,0.0196,0.019700000000000002,0.0194,0.0199,0.0198,0.019700000000000002,0.0194,0.0196,0.0198,0.02,0.0201,0.0199,0.02,0.0196,0.0195,0.019200000000000002,0.019700000000000002,0.0198,0.0199,0.0196,0.019700000000000002,0.019700000000000002,0.0196,0.019700000000000002,0.02,0.0199,0.0199,0.019700000000000002,0.0194,0.0194,0.019700000000000002,0.0198,0.0198,0.0199,0.02,0.019700000000000002,0.0199,0.0198,0.0195,0.0198,0.019700000000000002,0.0199,0.02,0.02,0.0199,0.0194,0.0198,0.0198,0.0198,0.019700000000000002,0.02,0.0201,0.0198,0.02,0.0198,0.0198,0.0201,0.020300000000000002,0.020300000000000002,0.0204,0.02,0.02,0.02,0.02,0.019700000000000002,0.0198,0.0198,0.0198,0.019700000000000002
,0.019100000000000002,0.0171,0.019,0.0181,0.0184,0.0199,0.018600000000000002,0.0194,0.019200000000000002,0.02,0.0199,0.02,0.019,0.019200000000000002,0.019100000000000002,0.0193,0.0198,0.0195,0.0194,0.019,0.0188,0.019,0.019200000000000002,0.0194,0.0193,0.019100000000000002,0.0194,0.0194,0.0194,0.0194,0.0193,0.0196,0.0194,0.0194,0.0194,0.0193,0.0193,0.0195,0.0194,0.0194,0.0196,0.019700000000000002,0.0199,0.0194,0.0195,0.0194,0.0195,0.020200000000000003,0.020200000000000003,0.0194,0.0195,0.0201,0.0199,0.0199,0.0201,0.020300000000000002,0.0199,0.0204,0.020300000000000002,0.02,0.0201,0.0195,0.0193,0.0193,0.019700000000000002,0.0195,0.0193,0.0199,0.0198,0.019700000000000002,0.0196,0.019700000000000002,0.0194,0.0199,0.0198,0.019700000000000002,0.019200000000000002,0.0195,0.019700000000000002,0.0196,0.019700000000000002,0.0195,0.0196,0.0198,0.0196,0.0199,0.02,0.0199,0.0201,0.020300000000000002,0.0201,0.0198,0.0198,0.0198,0.02,0.019700000000000002,0.019700000000000002,0.02,0.0198,0.0196,0.0195,0.0196,0.0199,0.0199,0.02,0.020200000000000003,0.020300000000000002,0.0204,0.020200000000000003,0.0193,0.0196,0.019700000000000002,0.0199,0.019700000000000002,0.0195,0.0199,0.0201,0.0201,0.02,0.02,0.0198,0.019700000000000002,0.0199,0.02,0.0198,0.0198,0.0201,0.020300000000000002,0.020300000000000002,0.0204,0.02,0.02,0.02,0.02,0.019700000000000002,0.0198,0.02,0.02,0.02
,0.018000000000000002,0.017,0.019,0.0181,0.0184,0.0199,0.018600000000000002,0.018600000000000002,0.0188,0.019700000000000002,0.0199,0.02,0.019,0.018600000000000002,0.0193,0.0193,0.019100000000000002,0.019200000000000002,0.019700000000000002,0.019,0.0188,0.019,0.019200000000000002,0.0194,0.0195,0.0193,0.0194,0.0193,0.0193,0.0193,0.0193,0.0194,0.0193,0.0194,0.0194,0.0193,0.0193,0.0201,0.019700000000000002,0.0201,0.0198,0.0199,0.0196,0.0199,0.0196,0.0198,0.0194,0.0195,0.0195,0.02,0.020200000000000003,0.0194,0.019200000000000002,0.019200000000000002,0.0199,0.0201,0.019700000000000002,0.0199,0.0201,0.0198,0.0199,0.02,0.0205,0.02,0.020200000000000003,0.02,0.0195,0.0194,0.0193,0.0195,0.0195,0.0193,0.019700000000000002,0.0195,0.0194,0.019700000000000002,0.0201,0.0201,0.0205,0.0205,0.020300000000000002,0.0196,0.0194,0.0198,0.0196,0.0199,0.02,0.0199,0.0201,0.020300000000000002,0.0201,0.0198,0.0198,0.0198,0.02,0.019700000000000002,0.019700000000000002,0.02,0.0198,0.0196,0.0195,0.0196,0.0199,0.0199,0.02,0.020200000000000003,0.020300000000000002,0.0204,0.020200000000000003,0.0198,0.019700000000000002,0.0199,0.02,0.02,0.0199,0.0194,0.0198,0.0198,0.0198,0.019700000000000002,0.02,0.0201,0.0198,0.019700000000000002,0.0196,0.0196,0.0195,0.0195,0.0196,0.0198,0.0198,0.019700000000000002,0.0199,0.0199,0.019700000000000002,0.0198,0.0198,0.0198,0.019700000000000002
,0.018000000000000002,0.017,0.018000000000000002,0.0184,0.020200000000000003,0.0182,0.019,0.018600000000000002,0.019100000000000002,0.019,0.0196,0.0073,0.0092,0.018600000000000002,0.0193,0.0193,0.019100000000000002,0.019200000000000002,0.0194,0.0195,0.0196,0.019,0.0193,0.0193,0.0195,0.0193,0.0194,0.0193,0.0193,0.0193,0.0193,0.0194,0.0193,0.02,0.0198,0.0196,0.0198,0.0196,0.019700000000000002,0.019700000000000002,0.0201,0.0199,0.0201,0.0199,0.0196,0.0198,0.0195,0.020200000000000003,0.020200000000000003,0.0204,0.0205,0.020200000000000003,0.020200000000000003,0.0205,0.0201,0.0199,0.0199,0.020300000000000002,0.0199,0.0193,0.0201,0.0198,0.020200000000000003,0.0198,0.02,0.0198,0.02,0.0205,0.020300000000000002,0.020200000000000003,0.0201,0.020200000000000003,0.0205,0.0206,0.020300000000000002,0.020200000000000003,0.0199,0.0199,0.02,0.0199,0.0199,0.0196,0.0196,0.0198,0.0194,0.0205,0.020300000000000002,0.020300000000000002,0.0199,0.019700000000000002,0.0199,0.0201,0.020200000000000003,0.020200000000000003,0.020200000000000003,0.020200000000000003,0.02,0.0198,0.02,0.02,0.019700000000000002,0.019700000000000002,0.0198,0.0199,0.0199,0.019700000000000002,0.019700000000000002,0.019700000000000002,0.0199,0.019700000000000002,0.0196,0.0199,0.0201,0.020300000000000002,0.020300000000000002,0.0199,0.0201,0.0201,0.02,0.02,0.0198,0.019700000000000002,0.0199,0.019700000000000002,0.0196,0.0196,0.0195,0.0195,0.0196,0.0198,0.0198,0.019700000000000002,0.0199,0.0199,0.019700000000000002,0.0198,0.02,0.02,0.02
,0.019200000000000002,0.0188,0.018000000000000002,0.0184,0.020200000000000003,0.0182,0.019,0.019200000000000002,0.0188,0.019,0.0057,0.019200000000000002,0.0195,0.0109,0.0123,0.019100000000000002,0.019100000000000002,0.0195,0.019200000000000002,0.0196,0.0195,0.019,0.0193,0.0193,0.0195,0.0198,0.020200000000000003,0.020200000000000003,0.020200000000000003,0.02,0.0198,0.019700000000000002,0.02,0.020800000000000003,0.020900000000000002,0.020900000000000002,0.0198,0.0196,0.019700000000000002,0.019700000000000002,0.0201,0.0199,0.0196,0.02,0.0198,0.0199,0.0201,0.0201,0.0199,0.0198,0.02,0.0198,0.02,0.0201,0.0198,0.0196,0.0196,0.0195,0.020200000000000003,0.0201,0.0201,0.0195,0.019700000000000002,0.0196,0.0196,0.019700000000000002,0.0198,0.0201,0.0201,0.02,0.0199,0.02,0.02,0.020200000000000003,0.0201,0.02,0.0196,0.019700000000000002,0.0195,0.0201,0.0201,0.020200000000000003,0.0201,0.020300000000000002,0.0204,0.0193,0.0195,0.0198,0.0195,0.0196,0.019700000000000002,0.0199,0.0199,0.02,0.02,0.019700000000000002,0.0196,0.0198,0.02,0.02,0.019700000000000002,0.019700000000000002,0.0198,0.0199,0.0199,0.019700000000000002,0.019700000000000002,0.019700000000000002,0.0199,0.019700000000000002,0.0196,0.0199,0.0201,0.020300000000000002,0.020300000000000002,0.020300000000000002,0.02,0.0198,0.02,0.019700000000000002,0.0196,0.0196,0.0196,0.019700000000000002,0.0199,0.019700000000000002,0.02,0.02,0.0199,0.0199,0.0198,0.0196,0.0194,0.0193,0.0195,0.0196,0.0198,0.0199,0.0198
,0.0167,0.0188,0.020300000000000002,0.0201,0.0189,0.019,0.019100000000000002,0.019200000000000002,0.019100000000000002,0.0188,0.0194,0.0195,0.019200000000000002,0.0195,0.019,0.019100000000000002,0.019100000000000002,0.0195,0.019200000000000002,0.0196,0.0196,0.0196,0.0194,0.019700000000000002,0.0196,0.0196,0.02,0.0198,0.0196,0.020200000000000003,0.020200000000000003,0.020300000000000002,0.0204,0.0199,0.0198,0.019700000000000002,0.0198,0.0205,0.020300000000000002,0.020200000000000003,0.0204,0.0205,0.0205,0.020300000000000002,0.020200000000000003,0.0204,0.0206,0.020300000000000002,0.020300000000000002,0.0201,0.020300000000000002,0.02,0.0199,0.020200000000000003,0.0198,0.019700000000000002,0.0196,0.0199,0.0199,0.0193,0.019700000000000002,0.0195,0.019700000000000002,0.0196,0.0196,0.019700000000000002,0.0199,0.0201,0.019700000000000002,0.0198,0.020300000000000002,0.02,0.020200000000000003,0.0201,0.0199,0.02,0.0196,0.019700000000000002,0.0195,0.0199,0.0199,0.02,0.0199,0.0201,0.0201,0.02,0.02,0.0201,0.019700000000000002,0.0195,0.019700000000000002,0.0196,0.0196,0.019700000000000002,0.02,0.02,0.0198,0.0198,0.0198,0.02,0.019700000000000002,0.0198,0.02,0.0199,0.019700000000000002,0.019700000000000002,0.0195,0.0193,0.019,0.0187,0.0187,0.0188,0.0187,0.0183,0.0184,0.020300000000000002,0.02,0.0198,0.02,0.019700000000000002,0.0196,0.0196,0.0196,0.019700000000000002,0.02,0.0198,0.0204,0.0204,0.020300000000000002,0.0205,0.0206,0.0204,0.020200000000000003,0.0201,0.0205,0.020800000000000003,0.020800000000000003,0.020800000000000003,0.0206
,0.0177,0.0182,0.020300000000000002,0.0201,0.0189,0.019,0.019100000000000002,0.0188,0.019100000000000002,0.0188,0.0194,0.0195,0.019200000000000002,0.019,0.0195,0.0134,0.014700000000000001,0.0158,0.0162,0.0172,0.0176,0.0183,0.018500000000000003,0.019,0.0194,0.0196,0.0198,0.019700000000000002,0.0198,0.0198,0.0195,0.0194,0.0195,0.0201,0.02,0.02,0.021,0.0198,0.0195,0.0194,0.0198,0.019700000000000002,0.019700000000000002,0.0195,0.0195,0.019700000000000002,0.02,0.0199,0.0199,0.0199,0.0199,0.0198,0.020200000000000003,0.0201,0.0198,0.019700000000000002,0.0196,0.0195,0.020300000000000002,0.0198,0.0198,0.0195,0.0198,0.02,0.0198,0.02,0.0199,0.0201,0.019700000000000002,0.0198,0.020300000000000002,0.02,0.020200000000000003,0.0201,0.0199,0.02,0.0198,0.0198,0.0196,0.019700000000000002,0.0198,0.019700000000000002,0.0196,0.019700000000000002,0.0199,0.02,0.020300000000000002,0.020200000000000003,0.0199,0.019700000000000002,0.02,0.0195,0.0194,0.0198,0.02,0.019700000000000002,0.0196,0.0198,0.0198,0.0201,0.0198,0.02,0.0204,0.0204,0.020300000000000002,0.020200000000000003,0.02,0.02,0.0198,0.0195,0.0196,0.0199,0.0199,0.019700000000000002,0.0199,0.018500000000000003,0.018000000000000002,0.018000000000000002,0.018000000000000002,0.0179,0.0178,0.0173,0.017,0.0166,0.016300000000000002,0.016300000000000002,0.0162,0.0158,0.0155,0.0155,0.0151,0.015000000000000001,0.014700000000000001,0.014400000000000001,0.013800000000000002,0.0137,0.0131,0.0126,0.012
,0.0373,0.0187,0.0187,0.019200000000000002,0.0195,0.0193,0.019,0.0188,0.019100000000000002,0.019,0.0188,0.019100000000000002,0.0196,0.019,0.019,0.0194,0.0196,0.019700000000000002,0.0193,0.0196,0.0194,0.019700000000000002,0.019200000000000002,0.019700000000000002,0.0196,0.0195,0.0198,0.019700000000000002,0.0196,0.0199,0.019700000000000002,0.019700000000000002,0.0196,0.0201,0.0198,0.019700000000000002,0.0201,0.0199,0.0199,0.020200000000000003,0.0198,0.0201,0.0198,0.0195,0.0198,0.02,0.019700000000000002,0.020300000000000002,0.02,0.020300000000000002,0.019700000000000002,0.0201,0.0198,0.019700000000000002,0.0199,0.019700000000000002,0.0199,0.0199,0.0196,0.020300000000000002,0.0201,0.0201,0.0198,0.02,0.0198,0.02,0.0199,0.0196,0.0196,0.0198,0.019700000000000002,0.0198,0.02,0.0199,0.0201,0.0199,0.0198,0.0198,0.0196,0.019700000000000002,0.0198,0.019700000000000002,0.0196,0.019700000000000002,0.0199,0.02,0.020300000000000002,0.020200000000000003,0.0199,0.019700000000000002,0.02,0.0196,0.0196,0.019700000000000002,0.0195,0.0195,0.0196,0.0198,0.019200000000000002,0.0195,0.0198,0.0193,0.0196,0.019700000000000002,0.0198,0.0193,0.0195,0.019700000000000002,0.02,0.0201,0.0201,0.020200000000000003,0.02,0.0198,0.019700000000000002,0.0201,0.0198,0.0199,0.02,0.0201,0.0204,0.02,0.0198,0.019700000000000002,0.0195,0.0196,0.02,0.0199,0.0199,0.02,0.0198,0.0201,0.020200000000000003,0.02,0.0199,0.02,0.0199,0.019700000000000002,0.0196
,0.0373,0.0198,0.0187,0.019200000000000002,0.0195,0.0193,0.0188,0.019,0.019,0.019,0.0188,0.019100000000000002,0.0196,0.0195,0.0193,0.0198,0.0196,0.0198,0.0193,0.0195,0.019700000000000002,0.0195,0.0195,0.019700000000000002,0.019700000000000002,0.0194,0.0195,0.0195,0.0195,0.0194,0.0196,0.019700000000000002,0.0196,0.020200000000000003,0.019700000000000002,0.0196,0.0198,0.02,0.020200000000000003,0.0199,0.02,0.02,0.0199,0.02,0.0199,0.019700000000000002,0.0198,0.0195,0.019700000000000002,0.0201,0.0198,0.0193,0.0198,0.019700000000000002,0.0199,0.019700000000000002,0.0199,0.0199,0.0196,0.0198,0.0198,0.0196,0.0198,0.0198,0.02,0.0196,0.0199,0.0196,0.0196,0.0198,0.019700000000000002,0.0198,0.02,0.0199,0.0201,0.0199,0.0201,0.0201,0.0199,0.02,0.0201,0.020300000000000002,0.020200000000000003,0.0201,0.020200000000000003,0.0201,0.02,0.0199,0.0199,0.0196,0.019700000000000002,0.0196,0.0196,0.0201,0.020200000000000003,0.0199,0.0201,0.020200000000000003,0.0201,0.02,0.020200000000000003,0.0201,0.02,0.0199,0.0195,0.0196,0.0196,0.0198,0.019700000000000002,0.0195,0.019700000000000002,0.0195,0.019700000000000002,0.0195,0.019700000000000002,0.019700000000000002,0.0198,0.0198,0.0198,0.019700000000000002,0.0196,0.0196,0.0198,0.0199,0.0201,0.0201,0.02,0.0198,0.0199,0.0199,0.0199,0.0198,0.0196,0.0198,0.0199,0.0198,0.0196,0.0198,0.0195
,0.0064,0.0198,0.0189,0.019200000000000002,0.019,0.019,0.0196,0.0193,0.019100000000000002,0.019100000000000002,0.019100000000000002,0.019100000000000002,0.019,0.0195,0.0193,0.0198,0.0194,0.0195,0.0194,0.0194,0.0195,0.0198,0.0196,0.0196,0.0196,0.0194,0.0195,0.0195,0.0195,0.0194,0.0196,0.0196,0.0201,0.0198,0.0198,0.019700000000000002,0.0199,0.0195,0.0196,0.0198,0.019700000000000002,0.0193,0.02,0.0198,0.0194,0.019700000000000002,0.0195,0.0196,0.02,0.020300000000000002,0.019700000000000002,0.0201,0.0198,0.0196,0.020200000000000003,0.0198,0.0201,0.0198,0.020200000000000003,0.019700000000000002,0.0194,0.0195,0.019700000000000002,0.0196,0.019700000000000002,0.0196,0.0198,0.0199,0.0201,0.020200000000000003,0.020200000000000003,0.0201,0.02,0.0199,0.0199,0.0199,0.02,0.020300000000000002,0.020300000000000002,0.0201,0.02,0.0198,0.0198,0.0198,0.0198,0.019700000000000002,0.0196,0.0198,0.019700000000000002,0.019700000000000002,0.0199,0.02,0.02,0.02,0.02,0.0201,0.0198,0.0198,0.0196,0.019700000000000002,0.019700000000000002,0.019700000000000002,0.019700000000000002,0.019700000000000002,0.0196,0.0196,0.019700000000000002,0.0199,0.02,0.0201,0.0201,0.020200000000000003,0.020200000000000003,0.0201,0.02,0.019700000000000002,0.0198,0.019200000000000002,0.0195,0.019700000000000002,0.0199,0.019700000000000002,0.0199,0.0201,0.020200000000000003,0.02,0.0199,0.0198,0.019700000000000002,0.0199,0.0196,0.0196,0.02,0.02,0.020200000000000003,0.0198,0.0198,0.0198,0.0199
,0.030600000000000002,0.0189,0.018600000000000002,0.019,0.0187,0.019,0.0196,0.019100000000000002,0.0195,0.0195,0.019100000000000002,0.019100000000000002,0.019,0.019100000000000002,0.0193,0.019700000000000002,0.0194,0.0195,0.0194,0.0194,0.0195,0.0198,0.0196,0.0196,0.0196,0.0198,0.0196,0.02,0.0199,0.019700000000000002,0.0201,0.0199,0.02,0.0198,0.0196,0.0196,0.019700000000000002,0.0195,0.0198,0.0194,0.019700000000000002,0.0193,0.02,0.0198,0.0194,0.0198,0.0196,0.0198,0.019700000000000002,0.0201,0.0198,0.0193,0.0198,0.0196,0.020200000000000003,0.0198,0.0201,0.0198,0.020200000000000003,0.0198,0.020300000000000002,0.0194,0.0193,0.0195,0.0194,0.0193,0.0196,0.0198,0.0199,0.020200000000000003,0.0201,0.019700000000000002,0.0199,0.0198,0.02,0.02,0.0194,0.0194,0.0195,0.02,0.0198,0.0196,0.0195,0.0193,0.0193,0.0194,0.0196,0.0196,0.0194,0.0196,0.0194,0.019700000000000002,0.0198,0.0199,0.0196,0.0194,0.0194,0.0196,0.0198,0.0198,0.02,0.0196,0.0194,0.0194,0.0196,0.0199,0.019700000000000002,0.0194,0.0194,0.0198,0.0198,0.0198,0.0195,0.0193,0.0196,0.0199,0.0196,0.019700000000000002,0.0198,0.019700000000000002,0.0196,0.0196,0.0194,0.0195,0.019700000000000002,0.019700000000000002,0.0195,0.0194,0.0195,0.02,0.0195,0.0193,0.0195,0.0196,0.02,0.0196,0.0198,0.0195,0.0196
,0.0172,0.0179,0.0194,0.0195,0.019700000000000002,0.0195,0.0193,0.0194,0.0194,0.019700000000000002,0.0193,0.0193,0.0196,0.019100000000000002,0.0196,0.019100000000000002,0.019,0.0194,0.019700000000000002,0.0193,0.0193,0.0193,0.0193,0.0199,0.0195,0.0196,0.0198,0.0193,0.0195,0.0198,0.0196,0.0193,0.0199,0.0198,0.0196,0.0196,0.019700000000000002,0.019700000000000002,0.0196,0.0198,0.020200000000000003,0.0198,0.02,0.0199,0.0196,0.019700000000000002,0.0195,0.0196,0.02,0.019700000000000002,0.02,0.0199,0.0201,0.0198,0.0199,0.0201,0.0201,0.0201,0.0198,0.02,0.0199,0.0199,0.0201,0.0195,0.0194,0.0193,0.0194,0.0195,0.0199,0.019700000000000002,0.0193,0.0194,0.0194,0.0196,0.019700000000000002,0.0196,0.0194,0.0194,0.0195,0.02,0.0198,0.0196,0.0195,0.0193,0.0193,0.0194,0.0196,0.0196,0.0194,0.0196,0.0194,0.019700000000000002,0.0198,0.0199,0.0196,0.0194,0.0194,0.0196,0.0198,0.0198,0.02,0.0196,0.0194,0.0194,0.0196,0.0199,0.019700000000000002,0.0194,0.0194,0.0198,0.0198,0.0198,0.0195,0.0193,0.0196,0.0198,0.019700000000000002,0.0196,0.0193,0.0195,0.0199,0.0198,0.019700000000000002,0.0194,0.0195,0.0199,0.0198,0.0198,0.0193,0.0196,0.0199,0.02,0.019700000000000002,0.0193,0.0199,0.02,0.019700000000000002,0.0195,0.019700000000000002
,0.042800000000000005,0.019,0.0194,0.0195,0.019700000000000002,0.0195,0.0193,0.019100000000000002,0.0194,0.02,0.0189,0.019700000000000002,0.0193,0.019200000000000002,0.0193,0.019100000000000002,0.019,0.0194,0.019700000000000002,0.0193,0.0193,0.0193,0.0196,0.0193,0.0198,0.0196,0.0198,0.0193,0.0195,0.0198,0.0196,0.0193,0.0199,0.0196,0.0198,0.0199,0.0196,0.019700000000000002,0.0198,0.0194,0.020200000000000003,0.0198,0.02,0.0199,0.0196,0.0198,0.0196,0.0198,0.019700000000000002,0.019700000000000002,0.02,0.0199,0.0201,0.0198,0.0194,0.0195,0.0198,0.0199,0.0194,0.019700000000000002,0.0194,0.0194,0.0193,0.0201,0.02,0.0201,0.0194,0.0195,0.0199,0.019700000000000002,0.0193,0.0194,0.0194,0.0196,0.019700000000000002,0.0196,0.020200000000000003,0.02,0.02,0.020200000000000003,0.020200000000000003,0.020200000000000003,0.0201,0.0201,0.020300000000000002,0.020300000000000002,0.020300000000000002,0.0201,0.020200000000000003,0.0201,0.020200000000000003,0.0201,0.020200000000000003,0.020300000000000002,0.020200000000000003,0.0201,0.02,0.02,0.02,0.02,0.02,0.02,0.02,0.0201,0.0201,0.019700000000000002,0.019700000000000002,0.019700000000000002,0.0199,0.019700000000000002,0.0198,0.0198,0.02,0.0199,0.0201,0.0198,0.019700000000000002,0.0196,0.0193,0.0195,0.0199,0.0198,0.019700000000000002,0.0194,0.0195,0.0199,0.0198,0.0198,0.0193,0.0196,0.0199,0.02,0.019700000000000002,0.0193,0.0199,0.02,0.019700000000000002,0.0195,0.019700000000000002
,0.042800000000000005,0.019,0.019,0.0187,0.0188,0.019,0.0195,0.0193,0.0196,0.02,0.0193,0.0194,0.0199,0.019200000000000002,0.0193,0.019200000000000002,0.0194,0.019,0.0194,0.0196,0.0198,0.0196,0.0193,0.0193,0.0198,0.019700000000000002,0.0198,0.019200000000000002,0.019700000000000002,0.0196,0.0193,0.0194,0.0196,0.0196,0.0198,0.0199,0.0196,0.0196,0.0199,0.0198,0.0198,0.0196,0.020300000000000002,0.02,0.0199,0.0195,0.0201,0.0198,0.0196,0.0196,0.019700000000000002,0.0199,0.0201,0.0196,0.0194,0.0193,0.0196,0.0193,0.020200000000000003,0.0198,0.020300000000000002,0.0198,0.02,0.020200000000000003,0.0198,0.0201,0.0199,0.019700000000000002,0.0196,0.019700000000000002,0.019700000000000002,0.0198,0.0199,0.02,0.020200000000000003,0.020200000000000003,0.0199,0.0199,0.019700000000000002,0.0194,0.0195,0.0193,0.0195,0.0198,0.0199,0.02,0.0201,0.0198,0.0195,0.0195,0.019700000000000002,0.0195,0.0194,0.0196,0.019700000000000002,0.0198,0.0198,0.0201,0.0201,0.020200000000000003,0.02,0.0201,0.02,0.019700000000000002,0.019700000000000002,0.019700000000000002,0.0201,0.0201,0.019700000000000002,0.0198,0.02,0.02,0.0198,0.0198,0.0196,0.0199,0.0199,0.02,0.0198,0.019700000000000002,0.019700000000000002,0.019700000000000002,0.019700000000000002,0.02,0.0201,0.0199,0.02,0.02,0.02,0.0201,0.02,0.02,0.0198,0.019700000000000002,0.0198,0.0198,0.019700000000000002,0.0198,0.0198
,0.0177,0.019100000000000002,0.0193,0.0193,0.019100000000000002,0.0189,0.0194,0.0193,0.019200000000000002,0.0193,0.0198,0.0198,0.02,0.0196,0.0196,0.0198,0.019700000000000002,0.0196,0.0199,0.019700000000000002,0.0195,0.019200000000000002,0.0196,0.0195,0.0193,0.0198,0.0195,0.0196,0.0198,0.019700000000000002,0.0194,0.0196,0.0195,0.0196,0.0198,0.0196,0.0198,0.0196,0.0199,0.0198,0.0198,0.0196,0.020300000000000002,0.02,0.0199,0.0195,0.0201,0.0198,0.0196,0.019700000000000002,0.0199,0.0199,0.0195,0.0199,0.0195,0.0195,0.0196,0.0193,0.0194,0.019700000000000002,0.0196,0.0199,0.02,0.020200000000000003,0.019700000000000002,0.0198,0.020200000000000003,0.0198,0.02,0.020200000000000003,0.02,0.0196,0.019700000000000002,0.019700000000000002,0.02,0.02,0.0198,0.0195,0.0195,0.019700000000000002,0.0199,0.019700000000000002,0.0194,0.0195,0.0198,0.0198,0.019700000000000002,0.0196,0.019700000000000002,0.019700000000000002,0.0199,0.019700000000000002,0.0198,0.019200000000000002,0.02,0.019700000000000002,0.019700000000000002,0.0201,0.0199,0.02,0.0201,0.0198,0.0199,0.0199,0.0199,0.0201,0.02,0.019700000000000002,0.0201,0.0199,0.019700000000000002,0.02,0.02,0.0201,0.0199,0.0199,0.02,0.0199,0.019700000000000002,0.0199,0.0198,0.02,0.0198,0.019700000000000002,0.0198,0.0199,0.0199,0.0198,0.0198,0.02,0.0198,0.0199,0.02,0.02,0.02,0.0199,0.0199,0.0196,0.019700000000000002
,0.017400000000000002,0.0189,0.0183,0.018600000000000002,0.018600000000000002,0.0193,0.0189,0.019200000000000002,0.0188,0.0194,0.0198,0.0194,0.0195,0.0196,0.0195,0.0194,0.0196,0.0196,0.02,0.0198,0.02,0.0198,0.019700000000000002,0.0198,0.02,0.0196,0.019200000000000002,0.0196,0.019200000000000002,0.019700000000000002,0.0194,0.0196,0.0195,0.0196,0.0198,0.0193,0.0198,0.0198,0.019700000000000002,0.019700000000000002,0.0195,0.0198,0.0198,0.0201,0.0198,0.019700000000000002,0.0195,0.0194,0.0195,0.019700000000000002,0.0198,0.019700000000000002,0.0196,0.0196,0.0194,0.0193,0.0189,0.0196,0.0195,0.0195,0.019700000000000002,0.0198,0.0196,0.0198,0.0198,0.0201,0.0196,0.0195,0.0195,0.0199,0.0195,0.0194,0.02,0.020200000000000003,0.02,0.0193,0.019700000000000002,0.020300000000000002,0.020300000000000002,0.02,0.0198,0.0198,0.02,0.0201,0.020200000000000003,0.02,0.02,0.0198,0.02,0.0201,0.02,0.0201,0.0199,0.0198,0.019200000000000002,0.0195,0.0195,0.0193,0.0195,0.0196,0.0196,0.0196,0.019700000000000002,0.019700000000000002,0.0196,0.0195,0.0193,0.019200000000000002,0.019200000000000002,0.019200000000000002,0.0194,0.0195,0.0196,0.0198,0.0198,0.019700000000000002,0.0196,0.0201,0.0201,0.020200000000000003,0.0198,0.0199,0.02,0.02,0.0199,0.019700000000000002,0.0199,0.02,0.0199,0.0196,0.0201,0.020200000000000003,0.0199,0.02,0.02,0.0199,0.0198,0.0199,0.02
,0.0184,0.0189,0.0195,0.019,0.019200000000000002,0.0193,0.0189,0.0194,0.0188,0.0196,0.0195,0.0198,0.02,0.0196,0.0195,0.0194,0.0196,0.0196,0.02,0.0198,0.02,0.0198,0.019700000000000002,0.0198,0.0199,0.0198,0.0195,0.0193,0.0198,0.0196,0.0196,0.0198,0.0195,0.0196,0.0198,0.0193,0.0198,0.02,0.0196,0.0196,0.020200000000000003,0.0194,0.0194,0.019700000000000002,0.0199,0.0198,0.020300000000000002,0.0201,0.0198,0.019700000000000002,0.019100000000000002,0.0195,0.0193,0.0201,0.0199,0.0199,0.0198,0.02,0.02,0.02,0.0199,0.019700000000000002,0.0196,0.0199,0.019700000000000002,0.0195,0.020200000000000003,0.0195,0.0196,0.019700000000000002,0.0198,0.02,0.019700000000000002,0.0195,0.0195,0.0198,0.019700000000000002,0.020300000000000002,0.020300000000000002,0.02,0.0198,0.0198,0.02,0.0201,0.020200000000000003,0.02,0.0199,0.0199,0.0198,0.0201,0.0199,0.0201,0.02,0.0199,0.0198,0.0199,0.0198,0.0199,0.02,0.0201,0.0199,0.0199,0.0199,0.0201,0.0201,0.02,0.02,0.02,0.02,0.0199,0.0199,0.0198,0.0198,0.0198,0.0198,0.019700000000000002,0.019700000000000002,0.0196,0.0196,0.0195,0.0195,0.0196,0.019700000000000002,0.0199,0.020200000000000003,0.019700000000000002,0.0194,0.0193,0.0193,0.019700000000000002,0.0195,0.0193,0.019700000000000002,0.0196,0.019200000000000002,0.0195,0.0198,0.0196,0.0199
,0.0187,0.018000000000000002,0.0187,0.0188,0.0187,0.0189,0.0194,0.019200000000000002,0.019200000000000002,0.0194,0.019200000000000002,0.019,0.0193,0.0193,0.019700000000000002,0.0193,0.0195,0.0194,0.0194,0.0194,0.019700000000000002,0.0193,0.0195,0.019700000000000002,0.02,0.0196,0.019200000000000002,0.0193,0.019200000000000002,0.0196,0.0196,0.0198,0.0195,0.0195,0.0193,0.0196,0.0196,0.019700000000000002,0.0198,0.019700000000000002,0.0194,0.0193,0.019700000000000002,0.0195,0.0198,0.019700000000000002,0.0195,0.0194,0.0194,0.019700000000000002,0.019100000000000002,0.0195,0.0193,0.0196,0.0194,0.0194,0.0194,0.0193,0.0193,0.0193,0.019100000000000002,0.0201,0.0201,0.02,0.0198,0.0198,0.0198,0.0198,0.02,0.020200000000000003,0.02,0.02,0.02,0.020200000000000003,0.02,0.0198,0.019700000000000002,0.019700000000000002,0.019700000000000002,0.0201,0.02,0.02,0.020200000000000003,0.02,0.019700000000000002,0.0198,0.0199,0.0199,0.0198,0.0201,0.0199,0.0201,0.02,0.0199,0.0198,0.0199,0.0198,0.0199,0.02,0.0201,0.0199,0.0199,0.0199,0.0201,0.0201,0.02,0.02,0.02,0.02,0.0199,0.0199,0.0198,0.0198,0.0198,0.0198,0.0198,0.0198,0.0198,0.0199,0.02,0.02,0.0201,0.0201,0.02,0.0201,0.0201,0.020200000000000003,0.020300000000000002,0.0204,0.020300000000000002,0.0201,0.02,0.02,0.02,0.0198,0.0198,0.0199,0.0198,0.019700000000000002
,0.0187,0.018500000000000003,0.0195,0.0188,0.0187,0.0189,0.0194,0.0196,0.0194,0.0195,0.019200000000000002,0.019,0.0193,0.0196,0.019200000000000002,0.019100000000000002,0.0195,0.0194,0.0194,0.0194,0.019700000000000002,0.0193,0.0195,0.019700000000000002,0.0199,0.0195,0.0194,0.0195,0.0193,0.0195,0.0196,0.0193,0.0195,0.0195,0.02,0.0194,0.020200000000000003,0.0199,0.02,0.0199,0.0199,0.02,0.02,0.0201,0.0199,0.019700000000000002,0.0198,0.0193,0.019200000000000002,0.02,0.02,0.0201,0.0201,0.02,0.0196,0.0195,0.019200000000000002,0.019200000000000002,0.019700000000000002,0.0196,0.0198,0.019,0.0193,0.0193,0.019200000000000002,0.019200000000000002,0.0196,0.0198,0.0199,0.02,0.02,0.0198,0.019700000000000002,0.0199,0.02,0.0198,0.0195,0.0193,0.0193,0.019200000000000002,0.0193,0.019200000000000002,0.0194,0.0194,0.0195,0.0196,0.0195,0.0194,0.0195,0.0196,0.0196,0.0194,0.0195,0.0195,0.0194,0.019200000000000002,0.0193,0.0193,0.019100000000000002,0.0189,0.019200000000000002,0.019200000000000002,0.0193,0.0193,0.0193,0.019200000000000002,0.019,0.019100000000000002,0.019100000000000002,0.019100000000000002,0.019200000000000002,0.019100000000000002,0.019,0.019,0.019200000000000002,0.0198,0.0198,0.0198,0.0199,0.02,0.02,0.0201,0.0201,0.02,0.0201,0.0201,0.020200000000000003,0.020300000000000002,0.0204,0.020300000000000002,0.0201,0.02,0.02,0.02,0.0198,0.0198,0.0199,0.0198,0.019700000000000002
,0.017,0.0183,0.0188,0.0195,0.0129,0.019,0.0188,0.0196,0.0194,0.019200000000000002,0.019200000000000002,0.0198,0.0196,0.0196,0.019200000000000002,0.0193,0.019700000000000002,0.0194,0.019200000000000002,0.0195,0.0193,0.0193,0.0193,0.019200000000000002,0.0193,0.020200000000000003,0.02,0.0196,0.0201,0.020200000000000003,0.0201,0.0199,0.02,0.020300000000000002,0.0201,0.0198,0.0198,0.019100000000000002,0.019100000000000002,0.0196,0.019200000000000002,0.0194,0.019200000000000002,0.019700000000000002,0.0193,0.0194,0.0198,0.0193,0.019200000000000002,0.0194,0.0196,0.0196,0.0194,0.0194,0.0196,0.0195,0.019200000000000002,0.019200000000000002,0.019700000000000002,0.0196,0.0198,0.019700000000000002,0.0196,0.019700000000000002,0.0196,0.0193,0.019200000000000002,0.0193,0.0195,0.0196,0.019700000000000002,0.019700000000000002,0.0196,0.019700000000000002,0.0196,0.0193,0.0198,0.019700000000000002,0.0196,0.0195,0.0195,0.0195,0.0193,0.0199,0.0199,0.020200000000000003,0.0199,0.0201,0.019700000000000002,0.0195,0.0195,0.0195,0.0195,0.0195,0.019700000000000002,0.0194,0.0196,0.0198,0.02,0.0199,0.0201,0.020300000000000002,0.02,0.0198,0.019700000000000002,0.019700000000000002,0.0199,0.0198,0.0196,0.0195,0.0198,0.02,0.0201,0.020200000000000003,0.0201,0.019100000000000002,0.019200000000000002,0.019200000000000002,0.019200000000000002,0.019200000000000002,0.0194,0.0194,0.0195,0.0194,0.0193,0.0194,0.0193,0.0194,0.0196,0.0196,0.019700000000000002,0.019700000000000002,0.0198,0.0198,0.019700000000000002,0.019700000000000002,0.019700000000000002,0.0196,0.0196
,0.018600000000000002,0.0179,0.0188,0.0195,0.0198,0.019700000000000002,0.02,0.019100000000000002,0.0189,0.019200000000000002,0.0195,0.0194,0.019700000000000002,0.019700000000000002,0.019700000000000002,0.0196,0.0198,0.0195,0.0199,0.019700000000000002,0.0196,0.0196,0.0196,0.0204,0.020200000000000003,0.0194,0.019700000000000002,0.019200000000000002,0.019100000000000002,0.0198,0.0195,0.019200000000000002,0.02,0.019200000000000002,0.0188,0.0195,0.019200000000000002,0.0199,0.019100000000000002,0.019100000000000002,0.019200000000000002,0.0194,0.019200000000000002,0.019700000000000002,0.0193,0.0194,0.0199,0.0201,0.02,0.0199,0.0194,0.0196,0.019700000000000002,0.0196,0.019700000000000002,0.019200000000000002,0.019700000000000002,0.0196,0.02,0.0196,0.019700000000000002,0.02,0.0195,0.019700000000000002,0.0196,0.0193,0.0196,0.019700000000000002,0.019700000000000002,0.0196,0.0194,0.02,0.0201,0.0198,0.0198,0.0199,0.0198,0.019700000000000002,0.0196,0.0195,0.0195,0.0195,0.0193,0.0199,0.0199,0.020200000000000003,0.0199,0.0201,0.019700000000000002,0.0195,0.0195,0.0195,0.0195,0.0195,0.019700000000000002,0.0194,0.0196,0.0198,0.02,0.0199,0.0201,0.020300000000000002,0.02,0.0198,0.019700000000000002,0.019700000000000002,0.0199,0.0198,0.0196,0.0195,0.0198,0.02,0.0201,0.020200000000000003,0.0201,0.02,0.0199,0.0198,0.02,0.019700000000000002,0.019700000000000002,0.0196,0.0195,0.0194,0.0195,0.0196,0.019700000000000002,0.0199,0.0199,0.019700000000000002,0.0196,0.0199,0.0201,0.020200000000000003,0.0204,0.020200000000000003,0.020300000000000002,0.0198,0.0198
,0.0177,0.0179,0.0182,0.0199,0.0201,0.019200000000000002,0.02,0.0196,0.019700000000000002,0.019,0.0198,0.019700000000000002,0.0195,0.0196,0.0198,0.0196,0.0198,0.0198,0.0195,0.0198,0.0194,0.0196,0.0199,0.0198,0.0189,0.0189,0.0189,0.019,0.019200000000000002,0.019200000000000002,0.0193,0.0194,0.019100000000000002,0.019700000000000002,0.0196,0.019200000000000002,0.0196,0.019100000000000002,0.019100000000000002,0.0196,0.0193,0.0193,0.019100000000000002,0.0188,0.019100000000000002,0.019,0.0193,0.0195,0.0193,0.0199,0.0194,0.0196,0.0196,0.0196,0.019700000000000002,0.019700000000000002,0.0199,0.0195,0.02,0.0196,0.019700000000000002,0.019700000000000002,0.0196,0.0199,0.0198,0.0193,0.0196,0.019700000000000002,0.019700000000000002,0.0196,0.0194,0.02,0.0201,0.0198,0.0198,0.0199,0.0195,0.0196,0.0196,0.0196,0.0195,0.0196,0.019700000000000002,0.0196,0.0196,0.02,0.0199,0.02,0.0201,0.02,0.0199,0.02,0.0199,0.0198,0.0199,0.0199,0.0199,0.0199,0.0198,0.0198,0.0198,0.0196,0.0198,0.0199,0.0198,0.020200000000000003,0.020200000000000003,0.0199,0.020300000000000002,0.020300000000000002,0.0199,0.0199,0.019700000000000002,0.0195,0.0195,0.02,0.0199,0.0198,0.02,0.019700000000000002,0.019700000000000002,0.0196,0.0195,0.0194,0.0195,0.0196,0.019700000000000002,0.0199,0.0199,0.019700000000000002,0.0196,0.0199,0.0201,0.020200000000000003,0.0204,0.020200000000000003,0.020300000000000002,0.0198,0.0198
,0.0184,0.019200000000000002,0.019100000000000002,0.0187,0.0201,0.0198,0.0196,0.0196,0.019700000000000002,0.0199,0.0198,0.019700000000000002,0.0195,0.0196,0.0195,0.019700000000000002,0.019700000000000002,0.0193,0.0195,0.0194,0.019200000000000002,0.019100000000000002,0.019,0.019,0.0195,0.019700000000000002,0.0194,0.0194,0.0193,0.0194,0.0198,0.0196,0.0198,0.019700000000000002,0.0196,0.019200000000000002,0.0196,0.0199,0.0196,0.0195,0.019700000000000002,0.0195,0.019200000000000002,0.0195,0.0199,0.0193,0.019700000000000002,0.0196,0.019700000000000002,0.0196,0.019700000000000002,0.0196,0.019700000000000002,0.0198,0.0198,0.019200000000000002,0.019700000000000002,0.0196,0.0198,0.02,0.0198,0.02,0.0195,0.0199,0.0198,0.0193,0.0193,0.0196,0.0198,0.0198,0.0196,0.019700000000000002,0.019700000000000002,0.0195,0.0195,0.0198,0.0195,0.0196,0.0196,0.0196,0.0195,0.0196,0.019700000000000002,0.0196,0.0196,0.02,0.0199,0.02,0.0201,0.02,0.0199,0.02,0.02,0.02,0.0201,0.02,0.0199,0.019700000000000002,0.0196,0.019700000000000002,0.0196,0.0196,0.0198,0.0199,0.0198,0.020200000000000003,0.020200000000000003,0.0199,0.020300000000000002,0.020300000000000002,0.0199,0.0199,0.019700000000000002,0.0195,0.0195,0.0198,0.0198,0.02,0.0199,0.019700000000000002,0.0196,0.0195,0.0195,0.0196,0.02,0.02,0.0198,0.0196,0.019700000000000002,0.019200000000000002,0.019700000000000002,0.02,0.0198,0.0199,0.019700000000000002,0.019700000000000002,0.0196,0.0198,0.02
,0.0184,0.0188,0.0196,0.019100000000000002,0.018600000000000002,0.0198,0.0196,0.0194,0.0188,0.0199,0.019200000000000002,0.0193,0.0193,0.0196,0.0195,0.019700000000000002,0.019700000000000002,0.0193,0.0194,0.0196,0.019200000000000002,0.019200000000000002,0.0194,0.0198,0.0196,0.0198,0.0199,0.0194,0.0193,0.0194,0.0198,0.0196,0.0198,0.0195,0.0193,0.019100000000000002,0.0194,0.019100000000000002,0.0196,0.0195,0.019700000000000002,0.0195,0.019200000000000002,0.0195,0.0199,0.0193,0.019700000000000002,0.0196,0.019700000000000002,0.0196,0.019700000000000002,0.0196,0.0196,0.0198,0.0198,0.019700000000000002,0.0199,0.0195,0.0198,0.02,0.0198,0.019700000000000002,0.0195,0.0199,0.019700000000000002,0.0198,0.0193,0.0196,0.0198,0.0198,0.0196,0.019700000000000002,0.019700000000000002,0.0195,0.0195,0.0198,0.0199,0.0196,0.020200000000000003,0.019700000000000002,0.0193,0.0196,0.0199,0.0198,0.0196,0.0198,0.0195,0.0199,0.0201,0.0201,0.019700000000000002,0.019700000000000002,0.0199,0.0198,0.0199,0.0199,0.0199,0.0199,0.0198,0.0198,0.0198,0.0198,0.0199,0.0199,0.0199,0.0198,0.0199,0.0198,0.019700000000000002,0.019700000000000002,0.0198,0.0195,0.0195,0.0195,0.0195,0.019700000000000002,0.0198,0.0198,0.019700000000000002,0.0193,0.0196,0.0199,0.0198,0.0196,0.02,0.02,0.0198,0.0196,0.019700000000000002,0.019200000000000002,0.019700000000000002,0.02,0.0198,0.0199,0.019700000000000002,0.019700000000000002,0.0196,0.0198,0.02
,0.016800000000000002,0.019200000000000002,0.0195,0.019100000000000002,0.019200000000000002,0.0195,0.0188,0.0188,0.0195,0.019200000000000002,0.02,0.0199,0.0198,0.019100000000000002,0.0194,0.0194,0.019200000000000002,0.019,0.0194,0.0196,0.019200000000000002,0.019200000000000002,0.0194,0.0194,0.0194,0.019700000000000002,0.0194,0.0199,0.0201,0.0196,0.0196,0.0198,0.0194,0.0195,0.0193,0.019100000000000002,0.0194,0.02,0.0196,0.0196,0.0196,0.019700000000000002,0.0196,0.0198,0.0198,0.0194,0.0195,0.0196,0.019700000000000002,0.019700000000000002,0.0198,0.0196,0.019700000000000002,0.0196,0.020300000000000002,0.0201,0.019700000000000002,0.0199,0.0199,0.0199,0.0199,0.019700000000000002,0.0195,0.0199,0.019700000000000002,0.0198,0.0199,0.0196,0.02,0.0195,0.019700000000000002,0.0198,0.0201,0.0198,0.0199,0.02,0.0199,0.0196,0.020200000000000003,0.019700000000000002,0.0193,0.0196,0.0199,0.0198,0.0196,0.0198,0.0195,0.0199,0.0201,0.0201,0.019700000000000002,0.019700000000000002,0.02,0.02,0.0201,0.02,0.0199,0.019700000000000002,0.0196,0.019700000000000002,0.0196,0.0198,0.0199,0.0199,0.0199,0.0198,0.0199,0.0198,0.019700000000000002,0.019700000000000002,0.0198,0.0195,0.0195,0.0195,0.0195,0.0198,0.0198,0.02,0.0199,0.019700000000000002,0.0196,0.0195,0.0195,0.0196,0.0199,0.0199,0.019700000000000002,0.0195,0.0196,0.0198,0.019700000000000002,0.0196,0.0196,0.019700000000000002,0.0201,0.020200000000000003,0.020200000000000003,0.0201,0.0201
,0.0189,0.0177,0.0195,0.019100000000000002,0.019,0.019700000000000002,0.0196,0.0195,0.0196,0.0194,0.02,0.0199,0.0198,0.0195,0.0198,0.0198,0.0194,0.019100000000000002,0.0193,0.019100000000000002,0.0193,0.0195,0.0195,0.0198,0.0194,0.0193,0.0195,0.0195,0.019200000000000002,0.0195,0.0195,0.019200000000000002,0.0194,0.0196,0.0194,0.019,0.0196,0.02,0.0196,0.0196,0.0196,0.019700000000000002,0.0196,0.0198,0.0198,0.0194,0.0195,0.0196,0.019700000000000002,0.019700000000000002,0.0198,0.0196,0.019700000000000002,0.0196,0.0195,0.0199,0.0199,0.019700000000000002,0.0201,0.019700000000000002,0.0201,0.0194,0.0199,0.0195,0.019700000000000002,0.0198,0.0199,0.0196,0.02,0.0201,0.019700000000000002,0.0198,0.0201,0.0198,0.0199,0.02,0.0198,0.019700000000000002,0.0199,0.0199,0.019700000000000002,0.019700000000000002,0.0198,0.0196,0.0194,0.019,0.019200000000000002,0.0193,0.0196,0.0195,0.0196,0.019200000000000002,0.019200000000000002,0.0194,0.0194,0.019700000000000002,0.0196,0.0196,0.0194,0.0193,0.0196,0.0195,0.0196,0.0195,0.019200000000000002,0.019,0.019100000000000002,0.019200000000000002,0.0195,0.0195,0.0193,0.019200000000000002,0.019700000000000002,0.019200000000000002,0.019200000000000002,0.019700000000000002,0.0198,0.0198,0.019700000000000002,0.0193,0.0196,0.0199,0.0198,0.0196,0.0199,0.0199,0.019700000000000002,0.0195,0.0196,0.0198,0.019700000000000002,0.0196,0.0196,0.019700000000000002,0.0201,0.020200000000000003,0.020200000000000003,0.0201,0.0201
,0.0189,0.019700000000000002,0.019200000000000002,0.0193,0.019,0.019700000000000002,0.0198,0.0195,0.02,0.019700000000000002,0.019,0.019100000000000002,0.019100000000000002,0.0195,0.0198,0.0194,0.020200000000000003,0.0196,0.0195,0.0196,0.0198,0.0196,0.019700000000000002,0.0198,0.019200000000000002,0.0193,0.0195,0.0195,0.0198,0.0196,0.0195,0.019200000000000002,0.0198,0.0199,0.019700000000000002,0.019,0.0196,0.0198,0.0199,0.0198,0.0198,0.0201,0.0198,0.0198,0.0198,0.0193,0.0199,0.0196,0.0194,0.0199,0.02,0.0199,0.02,0.0198,0.0195,0.0199,0.0199,0.019700000000000002,0.0201,0.019700000000000002,0.0199,0.02,0.0199,0.0195,0.019700000000000002,0.0198,0.0194,0.02,0.0196,0.0195,0.0196,0.0199,0.0198,0.0198,0.0196,0.0204,0.0198,0.019700000000000002,0.0199,0.0199,0.020200000000000003,0.020200000000000003,0.0194,0.02,0.02,0.0201,0.0201,0.0201,0.0201,0.0198,0.0198,0.0198,0.02,0.02,0.02,0.02,0.0199,0.0198,0.0199,0.02,0.0198,0.0198,0.019700000000000002,0.0199,0.020200000000000003,0.0199,0.0199,0.0199,0.019700000000000002,0.0199,0.02,0.0204,0.020200000000000003,0.0201,0.0201,0.019,0.019200000000000002,0.0193,0.0195,0.0196,0.0194,0.0195,0.019200000000000002,0.0194,0.0196,0.0198,0.019700000000000002,0.0194,0.019700000000000002,0.0195,0.0194,0.0189,0.019,0.019200000000000002,0.0193,0.0193,0.0194,0.019700000000000002,0.0198
,0.0188,0.0194,0.018000000000000002,0.018000000000000002,0.018600000000000002,0.0188,0.0193,0.019100000000000002,0.0196,0.019700000000000002,0.0193,0.0193,0.0193,0.019100000000000002,0.0193,0.0198,0.020200000000000003,0.0196,0.0195,0.0196,0.0198,0.0196,0.019700000000000002,0.0198,0.019200000000000002,0.019700000000000002,0.0195,0.0196,0.019200000000000002,0.0195,0.0198,0.0198,0.0194,0.0199,0.0194,0.019700000000000002,0.0198,0.0199,0.0199,0.0199,0.0199,0.0198,0.0196,0.0194,0.0199,0.0198,0.0199,0.0196,0.0194,0.02,0.0196,0.0199,0.02,0.0199,0.019700000000000002,0.019700000000000002,0.02,0.019700000000000002,0.0196,0.0195,0.019200000000000002,0.0194,0.0199,0.0201,0.0198,0.0198,0.0194,0.02,0.0196,0.0201,0.0196,0.0199,0.0198,0.0198,0.0196,0.0204,0.0198,0.0198,0.02,0.0201,0.019700000000000002,0.019700000000000002,0.0201,0.0198,0.0198,0.0196,0.019700000000000002,0.019700000000000002,0.02,0.0199,0.0198,0.019700000000000002,0.020200000000000003,0.0198,0.019700000000000002,0.0201,0.0198,0.019700000000000002,0.019700000000000002,0.0201,0.020300000000000002,0.019700000000000002,0.0198,0.0198,0.0196,0.0198,0.02,0.0199,0.019700000000000002,0.0198,0.02,0.020300000000000002,0.0201,0.020200000000000003,0.0201,0.019700000000000002,0.0199,0.02,0.0201,0.0201,0.020200000000000003,0.0198,0.0199,0.02,0.02,0.019700000000000002,0.0201,0.02,0.020200000000000003,0.02,0.0201,0.020200000000000003,0.02,0.019700000000000002,0.0196,0.0198,0.02,0.02,0.02
,0.0188,0.0194,0.019200000000000002,0.0193,0.019700000000000002,0.0196,0.0193,0.019200000000000002,0.019700000000000002,0.019700000000000002,0.0201,0.0199,0.0194,0.0194,0.0193,0.0196,0.019700000000000002,0.0198,0.0199,0.019700000000000002,0.019700000000000002,0.02,0.0196,0.019700000000000002,0.0198,0.019100000000000002,0.0196,0.0195,0.0198,0.0196,0.0198,0.0198,0.0194,0.020200000000000003,0.0198,0.0199,0.0201,0.0196,0.019700000000000002,0.019700000000000002,0.0195,0.0196,0.0196,0.0194,0.0198,0.0193,0.019700000000000002,0.019700000000000002,0.0198,0.0199,0.0195,0.019700000000000002,0.0196,0.0199,0.0193,0.0193,0.0195,0.0193,0.0198,0.0199,0.02,0.019200000000000002,0.0194,0.0194,0.019200000000000002,0.019200000000000002,0.0198,0.02,0.0199,0.02,0.02,0.02,0.020200000000000003,0.020200000000000003,0.0199,0.0198,0.019100000000000002,0.019200000000000002,0.0196,0.0196,0.0196,0.019200000000000002,0.0198,0.0198,0.0198,0.0196,0.019700000000000002,0.019700000000000002,0.02,0.0199,0.0198,0.019700000000000002,0.020200000000000003,0.0198,0.019700000000000002,0.0201,0.0198,0.019700000000000002,0.019700000000000002,0.0201,0.020300000000000002,0.019700000000000002,0.0198,0.0198,0.0198,0.0199,0.0195,0.0196,0.019700000000000002,0.019700000000000002,0.0194,0.019700000000000002,0.0198,0.0199,0.02,0.02,0.0199,0.0199,0.0199,0.0199,0.0201,0.020200000000000003,0.02,0.0201,0.0201,0.02,0.02,0.0201,0.0198,0.019700000000000002,0.0198,0.0196,0.0196,0.0195,0.0196,0.019700000000000002,0.02,0.0201,0.02
,0.018000000000000002,0.018000000000000002,0.0194,0.019200000000000002,0.019200000000000002,0.019,0.0196,0.019200000000000002,0.019700000000000002,0.0198,0.019100000000000002,0.019200000000000002,0.02,0.0193,0.019100000000000002,0.019200000000000002,0.0195,0.0193,0.0196,0.019200000000000002,0.0195,0.019200000000000002,0.019200000000000002,0.0195,0.0188,0.019100000000000002,0.0196,0.0196,0.0195,0.019700000000000002,0.0196,0.019700000000000002,0.0199,0.0193,0.019700000000000002,0.0193,0.019700000000000002,0.0196,0.019700000000000002,0.019700000000000002,0.0195,0.0196,0.02,0.0201,0.02,0.0196,0.0199,0.0201,0.019700000000000002,0.0199,0.0195,0.019700000000000002,0.0196,0.0199,0.0199,0.019700000000000002,0.02,0.0198,0.0198,0.0198,0.02,0.0199,0.0196,0.0196,0.0198,0.0199,0.0196,0.019700000000000002,0.0193,0.0194,0.0194,0.0193,0.019200000000000002,0.0194,0.0195,0.0196,0.0198,0.019700000000000002,0.0199,0.0201,0.0201,0.02,0.0196,0.0194,0.0195,0.019700000000000002,0.019700000000000002,0.0198,0.0199,0.0201,0.0201,0.02,0.0201,0.020200000000000003,0.02,0.020200000000000003,0.0196,0.0198,0.0196,0.0195,0.0196,0.0198,0.0199,0.0199,0.0196,0.0198,0.02,0.0199,0.019700000000000002,0.019700000000000002,0.0194,0.019700000000000002,0.0198,0.0199,0.02,0.02,0.020300000000000002,0.02,0.02,0.0196,0.0195,0.0199,0.0199,0.0199,0.0199,0.02,0.0199,0.0201,0.02,0.02,0.02,0.0198,0.0198,0.0199,0.0198,0.0198,0.0199,0.0198,0.0198
,0.011000000000000001,0.0184,0.0195,0.0198,0.019200000000000002,0.019,0.0196,0.0199,0.0198,0.0198,0.019100000000000002,0.019200000000000002,0.0194,0.0199,0.019700000000000002,0.0196,0.0195,0.019200000000000002,0.0196,0.019200000000000002,0.0195,0.019200000000000002,0.019200000000000002,0.0195,0.0188,0.019700000000000002,0.0193,0.019100000000000002,0.0195,0.019100000000000002,0.019700000000000002,0.0193,0.0198,0.0193,0.019700000000000002,0.0193,0.019700000000000002,0.019700000000000002,0.0198,0.0199,0.0198,0.0196,0.0195,0.0199,0.0198,0.0196,0.0201,0.0196,0.0196,0.019700000000000002,0.02,0.019200000000000002,0.0196,0.0195,0.0195,0.0196,0.0199,0.0196,0.0193,0.0195,0.0195,0.0199,0.0198,0.019700000000000002,0.0199,0.02,0.0201,0.0204,0.02,0.0198,0.0198,0.0198,0.0196,0.0196,0.0198,0.0198,0.0198,0.02,0.0198,0.0198,0.0196,0.0199,0.0201,0.0201,0.0204,0.020200000000000003,0.0199,0.0199,0.0199,0.0198,0.019700000000000002,0.019700000000000002,0.0198,0.019700000000000002,0.0198,0.0201,0.02,0.02,0.020200000000000003,0.020300000000000002,0.0204,0.0201,0.02,0.0201,0.0201,0.0201,0.02,0.0199,0.0199,0.0199,0.0199,0.0199,0.0199,0.02,0.02,0.02,0.020300000000000002,0.02,0.02,0.0196,0.0195,0.0199,0.0199,0.0199,0.0199,0.02,0.0199,0.0201,0.02,0.02,0.02,0.0198,0.0198,0.0199,0.0198,0.0198,0.0199,0.0198,0.0198
,0.0182,0.019200000000000002,0.0195,0.0198,0.0196,0.02,0.019,0.0199,0.0198,0.0205,0.0194,0.0196,0.0194,0.0193,0.019100000000000002,0.019200000000000002,0.0195,0.019200000000000002,0.019200000000000002,0.0195,0.0193,0.0194,0.0194,0.0193,0.019200000000000002,0.019700000000000002,0.019700000000000002,0.0196,0.0198,0.0198,0.019700000000000002,0.0196,0.0198,0.0196,0.0198,0.0198,0.019700000000000002,0.0194,0.0196,0.019700000000000002,0.0193,0.0194,0.0201,0.019700000000000002,0.020200000000000003,0.0198,0.0198,0.0198,0.0196,0.019100000000000002,0.019100000000000002,0.0199,0.02,0.019700000000000002,0.0199,0.0195,0.0195,0.0196,0.019700000000000002,0.0194,0.0195,0.0195,0.019700000000000002,0.0196,0.0196,0.0199,0.0199,0.020200000000000003,0.0201,0.020200000000000003,0.0198,0.019700000000000002,0.0198,0.0199,0.0198,0.02,0.0193,0.0194,0.019700000000000002,0.0195,0.0196,0.0199,0.0196,0.019200000000000002,0.0196,0.0198,0.0196,0.0196,0.0196,0.019700000000000002,0.019700000000000002,0.019700000000000002,0.0196,0.019700000000000002,0.0199,0.0199,0.0196,0.0196,0.019700000000000002,0.019700000000000002,0.0198,0.0193,0.0196,0.0198,0.0198,0.0198,0.0196,0.0195,0.0195,0.0196,0.0194,0.019200000000000002,0.019200000000000002,0.019200000000000002,0.0194,0.0199,0.0199,0.0199,0.0199,0.0199,0.0199,0.0199,0.0198,0.0199,0.0199,0.02,0.0201,0.020200000000000003,0.020200000000000003,0.02,0.02,0.0199,0.0199,0.02,0.02,0.020200000000000003,0.020300000000000002,0.020300000000000002,0.020300000000000002
,0.0187,0.0194,0.019100000000000002,0.019100000000000002,0.0196,0.02,0.0194,0.019100000000000002,0.019100000000000002,0.0193,0.0194,0.0194,0.019100000000000002,0.0194,0.0195,0.0198,0.0199,0.0196,0.02,0.0198,0.0198,0.0199,0.0199,0.019700000000000002,0.0196,0.019700000000000002,0.019700000000000002,0.019700000000000002,0.019700000000000002,0.02,0.019700000000000002,0.0196,0.0194,0.0199,0.0193,0.0196,0.0195,0.0198,0.0195,0.0193,0.0196,0.0198,0.0194,0.0198,0.020200000000000003,0.0198,0.0201,0.0196,0.0196,0.0196,0.019700000000000002,0.0198,0.0196,0.0198,0.019700000000000002,0.0204,0.0199,0.019700000000000002,0.0196,0.0195,0.0198,0.0195,0.0195,0.0196,0.0193,0.0196,0.019700000000000002,0.0195,0.0193,0.0195,0.0196,0.0199,0.0198,0.0196,0.0195,0.0193,0.0195,0.0194,0.019700000000000002,0.0198,0.0194,0.0195,0.0196,0.0196,0.0194,0.019700000000000002,0.0198,0.0195,0.0198,0.0196,0.0196,0.0194,0.0196,0.019700000000000002,0.0199,0.0195,0.0194,0.019200000000000002,0.0194,0.0196,0.0198,0.019700000000000002,0.019700000000000002,0.0195,0.0193,0.0195,0.019700000000000002,0.0199,0.0198,0.020200000000000003,0.020300000000000002,0.020300000000000002,0.020300000000000002,0.0199,0.0198,0.0195,0.0196,0.0195,0.019700000000000002,0.019700000000000002,0.0195,0.019700000000000002,0.0196,0.0196,0.019700000000000002,0.0193,0.0193,0.019100000000000002,0.0194,0.0194,0.0199,0.0198,0.0198,0.0196,0.0193,0.019200000000000002,0.0195,0.0196,0.0194
,0.0181,0.019200000000000002,0.0188,0.0189,0.0194,0.0195,0.0195,0.019100000000000002,0.019100000000000002,0.0205,0.0193,0.0194,0.019100000000000002,0.0198,0.019700000000000002,0.0195,0.0194,0.0198,0.0194,0.0193,0.0195,0.019700000000000002,0.0194,0.019700000000000002,0.019700000000000002,0.0195,0.02,0.0195,0.0198,0.0198,0.0198,0.0198,0.0198,0.0198,0.0194,0.0195,0.0198,0.0199,0.019700000000000002,0.02,0.019700000000000002,0.0199,0.0196,0.019700000000000002,0.019200000000000002,0.0189,0.019100000000000002,0.019200000000000002,0.019700000000000002,0.0193,0.0196,0.0199,0.0194,0.0196,0.0195,0.0198,0.02,0.019700000000000002,0.020200000000000003,0.0198,0.0201,0.0199,0.0201,0.020300000000000002,0.02,0.019700000000000002,0.0196,0.019700000000000002,0.0195,0.0195,0.0193,0.019200000000000002,0.0195,0.019700000000000002,0.0196,0.0198,0.020300000000000002,0.020200000000000003,0.020300000000000002,0.020300000000000002,0.020300000000000002,0.020300000000000002,0.020300000000000002,0.020300000000000002,0.020300000000000002,0.020300000000000002,0.020300000000000002,0.020200000000000003,0.020300000000000002,0.020300000000000002,0.020300000000000002,0.0204,0.020300000000000002,0.020200000000000003,0.02,0.0199,0.0199,0.0199,0.02,0.02,0.0198,0.0196,0.0196,0.0194,0.0195,0.0196,0.0196,0.0195,0.0198,0.020200000000000003,0.020300000000000002,0.020300000000000002,0.020300000000000002,0.0199,0.0198,0.0198,0.0198,0.0196,0.019700000000000002,0.019700000000000002,0.0199,0.0198,0.0199,0.019700000000000002,0.0195,0.0196,0.02,0.0201,0.020300000000000002,0.020200000000000003,0.0199,0.0199,0.0198,0.02,0.0201,0.0198,0.02,0.0195,0.0194
,0.0188,0.0184,0.0187,0.0184,0.019,0.0194,0.0189,0.0193,0.019,0.019100000000000002,0.02,0.0199,0.0199,0.0198,0.019700000000000002,0.0195,0.019200000000000002,0.0196,0.0196,0.0195,0.019700000000000002,0.019700000000000002,0.0195,0.0198,0.0198,0.0195,0.02,0.019700000000000002,0.0196,0.019700000000000002,0.0198,0.0195,0.0199,0.0196,0.0201,0.019700000000000002,0.0198,0.019700000000000002,0.019200000000000002,0.02,0.019100000000000002,0.0199,0.0201,0.0195,0.0193,0.0196,0.0198,0.0195,0.0196,0.0201,0.0198,0.0199,0.02,0.0199,0.019700000000000002,0.0204,0.0196,0.0196,0.0198,0.020200000000000003,0.0198,0.0199,0.0201,0.020300000000000002,0.02,0.019700000000000002,0.02,0.02,0.02,0.019700000000000002,0.019700000000000002,0.0201,0.020200000000000003,0.020300000000000002,0.0204,0.020300000000000002,0.020300000000000002,0.020200000000000003,0.020300000000000002,0.020300000000000002,0.020300000000000002,0.020300000000000002,0.020300000000000002,0.020300000000000002,0.020300000000000002,0.020300000000000002,0.020300000000000002,0.020200000000000003,0.020300000000000002,0.020300000000000002,0.020300000000000002,0.0204,0.020300000000000002,0.020200000000000003,0.02,0.0199,0.0199,0.0199,0.02,0.02,0.0198,0.0196,0.0196,0.0194,0.0195,0.0196,0.0196,0.0199,0.0196,0.0198,0.0193,0.019,0.019200000000000002,0.0195,0.0198,0.0198,0.0198,0.0196,0.019700000000000002,0.019700000000000002,0.0199,0.0198,0.0199,0.019700000000000002,0.0195,0.0196,0.02,0.0201,0.020300000000000002,0.020200000000000003,0.0199,0.0199,0.0198,0.02,0.0201,0.0198,0.02,0.0195,0.0194
,0.016900000000000002,0.018500000000000003,0.0188,0.019200000000000002,0.019200000000000002,0.019100000000000002,0.0193,0.0199,0.0198,0.019100000000000002,0.02,0.0199,0.0199,0.020300000000000002,0.0194,0.0195,0.0194,0.0196,0.0196,0.0195,0.019700000000000002,0.019700000000000002,0.0195,0.0198,0.0198,0.02,0.0198,0.0196,0.0196,0.0196,0.0196,0.0195,0.0196,0.0196,0.0201,0.019700000000000002,0.019100000000000002,0.019200000000000002,0.019700000000000002,0.019,0.019700000000000002,0.019200000000000002,0.0194,0.0193,0.02,0.0196,0.0195,0.0198,0.02,0.0201,0.0198,0.0199,0.019700000000000002,0.019700000000000002,0.0199,0.019700000000000002,0.02,0.019700000000000002,0.0196,0.0195,0.0196,0.0199,0.0196,0.0199,0.019700000000000002,0.0204,0.02,0.02,0.02,0.019700000000000002,0.019700000000000002,0.0201,0.020200000000000003,0.020300000000000002,0.0204,0.020300000000000002,0.0198,0.02,0.0199,0.019700000000000002,0.0194,0.0194,0.0196,0.0198,0.0198,0.02,0.0198,0.0199,0.0198,0.0196,0.0195,0.0195,0.0196,0.019700000000000002,0.0195,0.019700000000000002,0.0198,0.0199,0.02,0.02,0.02,0.0201,0.0199,0.019700000000000002,0.02,0.019700000000000002,0.019700000000000002,0.0198,0.0198,0.0199,0.0199,0.0199,0.02,0.0199,0.02,0.0196,0.0196,0.0195,0.0195,0.0193,0.019700000000000002,0.0198,0.0198,0.0199,0.02,0.02,0.02,0.0199,0.0198,0.019700000000000002,0.0198,0.0198,0.0198,0.0198,0.02,0.02,0.0199,0.019700000000000002,0.0198
,0.0178,0.0178,0.018500000000000003,0.0188,0.0188,0.0194,0.0194,0.0193,0.0196,0.0196,0.0193,0.019200000000000002,0.019,0.019200000000000002,0.020200000000000003,0.020200000000000003,0.02,0.0196,0.0198,0.020200000000000003,0.0198,0.02,0.0199,0.0199,0.02,0.02,0.0198,0.0196,0.0196,0.0196,0.0196,0.0195,0.0196,0.019100000000000002,0.0189,0.0199,0.0198,0.0199,0.0201,0.0201,0.019700000000000002,0.0198,0.0198,0.0199,0.020300000000000002,0.019700000000000002,0.0199,0.0198,0.0196,0.0201,0.019700000000000002,0.0196,0.02,0.0199,0.0199,0.019700000000000002,0.0196,0.019700000000000002,0.020200000000000003,0.0198,0.0196,0.0196,0.0195,0.0198,0.0199,0.0199,0.020300000000000002,0.019700000000000002,0.0199,0.0199,0.0198,0.0195,0.0199,0.0195,0.0195,0.0199,0.0198,0.02,0.0199,0.019700000000000002,0.0194,0.0194,0.0196,0.0198,0.0198,0.02,0.0198,0.0199,0.0198,0.0196,0.0195,0.0195,0.0196,0.019700000000000002,0.0195,0.019700000000000002,0.0198,0.0199,0.02,0.02,0.02,0.0201,0.0199,0.019700000000000002,0.02,0.019700000000000002,0.019700000000000002,0.0198,0.0198,0.0199,0.0199,0.0199,0.02,0.0199,0.02,0.02,0.0199,0.0199,0.0199,0.0199,0.0199,0.0196,0.019700000000000002,0.0195,0.0195,0.02,0.02,0.0199,0.0198,0.019700000000000002,0.0198,0.0198,0.0198,0.0198,0.02,0.02,0.0199,0.019700000000000002,0.0198
,0.0178,0.0182,0.0184,0.018500000000000003,0.0188,0.019200000000000002,0.0194,0.0196,0.0196,0.0196,0.0195,0.0193,0.0194,0.020300000000000002,0.020200000000000003,0.020200000000000003,0.02,0.019700000000000002,0.0196,0.019700000000000002,0.0195,0.0195,0.0199,0.0199,0.02,0.0194,0.0198,0.0199,0.0196,0.0195,0.0195,0.019,0.019100000000000002,0.02,0.0198,0.019100000000000002,0.0195,0.019700000000000002,0.0201,0.0201,0.019700000000000002,0.0198,0.0198,0.0199,0.020300000000000002,0.019700000000000002,0.0199,0.0198,0.0196,0.019700000000000002,0.0199,0.0199,0.0198,0.019700000000000002,0.0201,0.0198,0.0201,0.019700000000000002,0.0198,0.0196,0.0196,0.0199,0.0196,0.0199,0.019700000000000002,0.0204,0.020300000000000002,0.019700000000000002,0.0199,0.0199,0.0198,0.0195,0.0199,0.0195,0.0195,0.0199,0.0194,0.0196,0.019700000000000002,0.020200000000000003,0.02,0.0198,0.0196,0.0196,0.0199,0.019700000000000002,0.0199,0.0199,0.019700000000000002,0.0196,0.02,0.020200000000000003,0.0201,0.0199,0.0194,0.0196,0.0195,0.0195,0.0198,0.019700000000000002,0.0198,0.02,0.02,0.0199,0.0198,0.02,0.0199,0.0198,0.02,0.020300000000000002,0.020300000000000002,0.02,0.02,0.02,0.019700000000000002,0.02,0.0199,0.0199,0.0199,0.0199,0.0199,0.0198,0.0198,0.0199,0.02,0.019100000000000002,0.019200000000000002,0.019700000000000002,0.0195,0.019700000000000002,0.0195,0.019200000000000002,0.0193,0.0199,0.02,0.02,0.02,0.02,0.0199
,0.017,0.0187,0.019100000000000002,0.019100000000000002,0.0184,0.019200000000000002,0.0187,0.0196,0.0196,0.0195,0.019700000000000002,0.0198,0.0195,0.0195,0.0193,0.019700000000000002,0.0196,0.0196,0.0198,0.020200000000000003,0.0198,0.02,0.0196,0.0198,0.0194,0.0193,0.0189,0.019100000000000002,0.0188,0.019100000000000002,0.0196,0.0194,0.020200000000000003,0.02,0.0198,0.0199,0.0195,0.019700000000000002,0.0196,0.0198,0.0201,0.019700000000000002,0.0195,0.020200000000000003,0.0198,0.019700000000000002,0.020200000000000003,0.0198,0.0198,0.02,0.0199,0.0199,0.0198,0.019700000000000002,0.0195,0.02,0.0196,0.019700000000000002,0.020200000000000003,0.0195,0.019700000000000002,0.019700000000000002,0.0199,0.02,0.019700000000000002,0.0198,0.02,0.0198,0.0198,0.019700000000000002,0.0196,0.019700000000000002,0.0199,0.020200000000000003,0.0201,0.019700000000000002,0.0196,0.0201,0.020300000000000002,0.019700000000000002,0.0196,0.0194,0.0196,0.020200000000000003,0.020300000000000002,0.0199,0.0195,0.0195,0.0195,0.0198,0.0198,0.019700000000000002,0.02,0.0199,0.0199,0.0198,0.0199,0.0198,0.0198,0.019700000000000002,0.0198,0.02,0.02,0.0199,0.0198,0.02,0.0199,0.0198,0.02,0.020300000000000002,0.020300000000000002,0.02,0.02,0.02,0.019700000000000002,0.019700000000000002,0.0199,0.0198,0.0199,0.0199,0.0201,0.0201,0.0201,0.02,0.02,0.020200000000000003,0.0201,0.0201,0.02,0.02,0.0199,0.0198,0.0199,0.0194,0.0198,0.0195,0.0196,0.02,0.0199
,0.0165,0.0187,0.019100000000000002,0.019100000000000002,0.0195,0.019200000000000002,0.0193,0.0189,0.0188,0.0195,0.0195,0.0196,0.019700000000000002,0.020300000000000002,0.0198,0.019200000000000002,0.019200000000000002,0.019,0.0194,0.0189,0.019,0.019200000000000002,0.019,0.019200000000000002,0.0188,0.02,0.0199,0.020300000000000002,0.0198,0.0196,0.0198,0.0198,0.0196,0.0195,0.0198,0.0198,0.0196,0.019200000000000002,0.0196,0.0196,0.0196,0.0194,0.0198,0.0198,0.0196,0.0195,0.0194,0.0199,0.02,0.019700000000000002,0.0198,0.0194,0.0196,0.0199,0.0195,0.02,0.0196,0.019700000000000002,0.020200000000000003,0.0195,0.019700000000000002,0.019700000000000002,0.0196,0.0199,0.019700000000000002,0.0199,0.0201,0.0198,0.0201,0.02,0.0198,0.019700000000000002,0.0198,0.0196,0.0196,0.0195,0.019700000000000002,0.0198,0.019700000000000002,0.019700000000000002,0.0196,0.0194,0.0196,0.020200000000000003,0.020300000000000002,0.0199,0.0195,0.0195,0.0195,0.0196,0.02,0.020200000000000003,0.0201,0.0199,0.0194,0.0196,0.0195,0.0195,0.019700000000000002,0.02,0.0199,0.0198,0.0198,0.0198,0.02,0.0199,0.0199,0.0201,0.0199,0.0198,0.0198,0.0198,0.0199,0.0199,0.019700000000000002,0.019700000000000002,0.0199,0.0198,0.0199,0.0199,0.0201,0.0201,0.0201,0.02,0.02,0.020200000000000003,0.0201,0.0201,0.02,0.02,0.0199,0.0198,0.0199,0.0199,0.02,0.02,0.02,0.0195,0.0194
,0.019200000000000002,0.018500000000000003,0.0189,0.0187,0.0195,0.018500000000000003,0.0193,0.0193,0.019100000000000002,0.0188,0.0201,0.020200000000000003,0.0193,0.0193,0.019200000000000002,0.0196,0.02,0.0199,0.0198,0.0204,0.0198,0.019700000000000002,0.0201,0.0198,0.02,0.02,0.0199,0.020300000000000002,0.0198,0.0196,0.0198,0.0198,0.020200000000000003,0.0195,0.0194,0.019700000000000002,0.019700000000000002,0.019100000000000002,0.0193,0.0194,0.019100000000000002,0.0194,0.019700000000000002,0.019700000000000002,0.0194,0.0195,0.019700000000000002,0.0195,0.0199,0.0194,0.019700000000000002,0.0196,0.0196,0.0201,0.019,0.0193,0.0194,0.0193,0.019100000000000002,0.0193,0.0195,0.019700000000000002,0.0196,0.0199,0.019700000000000002,0.0199,0.0199,0.0196,0.0198,0.0199,0.0198,0.0195,0.0199,0.020200000000000003,0.019700000000000002,0.0194,0.019700000000000002,0.0201,0.020300000000000002,0.0196,0.019700000000000002,0.0198,0.0198,0.0199,0.0199,0.0198,0.0199,0.020200000000000003,0.0199,0.020200000000000003,0.02,0.0199,0.020200000000000003,0.0204,0.0201,0.0198,0.0199,0.020300000000000002,0.02,0.02,0.0199,0.019700000000000002,0.0199,0.02,0.0198,0.0198,0.0196,0.0196,0.0196,0.019700000000000002,0.0198,0.02,0.02,0.02,0.02,0.0198,0.0198,0.02,0.02,0.0198,0.02,0.0198,0.019700000000000002,0.0196,0.019700000000000002,0.0196,0.019700000000000002,0.0198,0.0199,0.0198,0.019700000000000002,0.0198,0.0201,0.020200000000000003,0.020300000000000002,0.0201,0.0201,0.0201,0.02
,0.019200000000000002,0.0188,0.019,0.0189,0.019200000000000002,0.019,0.019,0.0195,0.019,0.0195,0.0201,0.020200000000000003,0.0198,0.0196,0.0198,0.0196,0.02,0.0199,0.0198,0.0204,0.0198,0.019700000000000002,0.0201,0.0198,0.02,0.0193,0.0194,0.0195,0.0193,0.0196,0.0194,0.0193,0.019700000000000002,0.020300000000000002,0.0201,0.019,0.0194,0.019100000000000002,0.0193,0.0194,0.019100000000000002,0.0194,0.019700000000000002,0.019700000000000002,0.0194,0.0195,0.019700000000000002,0.0195,0.02,0.0196,0.0196,0.0196,0.0196,0.0201,0.020300000000000002,0.0204,0.0204,0.02,0.02,0.0199,0.020200000000000003,0.0195,0.0193,0.019200000000000002,0.020200000000000003,0.020200000000000003,0.0199,0.0196,0.0198,0.0199,0.0198,0.0195,0.0199,0.020200000000000003,0.019700000000000002,0.0194,0.0198,0.02,0.0196,0.0199,0.0199,0.0198,0.0199,0.0198,0.0201,0.0201,0.020200000000000003,0.02,0.0196,0.0199,0.0196,0.019700000000000002,0.0199,0.0199,0.019700000000000002,0.019700000000000002,0.019700000000000002,0.0196,0.0198,0.0199,0.02,0.0198,0.0196,0.0199,0.0196,0.0199,0.0199,0.0199,0.0198,0.0199,0.0201,0.020200000000000003,0.020200000000000003,0.020200000000000003,0.0201,0.02,0.02,0.020200000000000003,0.020300000000000002,0.0199,0.0199,0.019700000000000002,0.019700000000000002,0.0196,0.0196,0.019700000000000002,0.0199,0.0201,0.02,0.0201,0.0204,0.0204,0.020200000000000003,0.020300000000000002,0.0199,0.019700000000000002,0.02,0.0199,0.019700000000000002
,0.016800000000000002,0.018500000000000003,0.019,0.0188,0.019,0.019200000000000002,0.0193,0.019,0.019200000000000002,0.019,0.019,0.0193,0.019700000000000002,0.020300000000000002,0.02,0.0199,0.019700000000000002,0.0198,0.02,0.0201,0.019700000000000002,0.0201,0.02,0.0194,0.0194,0.020200000000000003,0.0201,0.0201,0.020200000000000003,0.020300000000000002,0.0199,0.0204,0.0199,0.0193,0.0195,0.019,0.0194,0.019700000000000002,0.0205,0.020200000000000003,0.0204,0.0204,0.0201,0.0195,0.0195,0.0201,0.0193,0.0195,0.0189,0.0204,0.019700000000000002,0.0193,0.019100000000000002,0.0193,0.02,0.0198,0.02,0.0195,0.0195,0.0194,0.02,0.0205,0.0206,0.0205,0.019100000000000002,0.0194,0.0201,0.0201,0.020300000000000002,0.0199,0.0199,0.0196,0.0195,0.0199,0.020300000000000002,0.0201,0.014,0.013800000000000002,0.0134,0.0131,0.0128,0.012400000000000001,0.012400000000000001,0.0122,0.0122,0.0118,0.011600000000000001,0.011300000000000001,0.0109,0.0106,0.010400000000000001,0.0102,0.01,0.0098,0.0094,0.0092,0.0091,0.008700000000000001,0.0086,0.008400000000000001,0.020200000000000003,0.0205,0.0201,0.020200000000000003,0.0201,0.02,0.0199,0.0198,0.019700000000000002,0.019700000000000002,0.019700000000000002,0.019700000000000002,0.0198,0.0199,0.02,0.020200000000000003,0.02,0.0199,0.02,0.02,0.0201,0.02,0.0201,0.020200000000000003,0.0205,0.0201,0.0199,0.0196,0.0196,0.0196,0.0198,0.0201,0.020200000000000003,0.02,0.0201,0.020200000000000003,0.020300000000000002,0.0204,0.02
,0.020300000000000002,0.0188,0.019100000000000002,0.0188,0.019,0.0193,0.019,0.019200000000000002,0.019200000000000002,0.0195,0.019100000000000002,0.019,0.019,0.0196,0.02,0.0198,0.02,0.02,0.0198,0.0199,0.0201,0.0193,0.019200000000000002,0.0198,0.0204,0.020200000000000003,0.019,0.019,0.0189,0.0188,0.019100000000000002,0.019200000000000002,0.0193,0.0194,0.0195,0.0204,0.0205,0.0195,0.0194,0.019200000000000002,0.0193,0.0194,0.0193,0.0201,0.020300000000000002,0.0193,0.0204,0.0198,0.0198,0.0196,0.02,0.0198,0.020300000000000002,0.020300000000000002,0.018600000000000002,0.0183,0.0183,0.0179,0.0176,0.017400000000000002,0.0177,0.02,0.0198,0.0198,0.0199,0.02,0.0194,0.019100000000000002,0.02,0.0201,0.020200000000000003,0.020200000000000003,0.0204,0.0204,0.014700000000000001,0.0143,0.0201,0.0201,0.02,0.0201,0.02,0.02,0.020200000000000003,0.0204,0.0204,0.020200000000000003,0.02,0.02,0.02,0.020200000000000003,0.020200000000000003,0.0201,0.020300000000000002,0.020200000000000003,0.020200000000000003,0.02,0.0201,0.0198,0.0199,0.0199,0.0083,0.0079,0.0077,0.0077,0.007200000000000001,0.0071,0.006900000000000001,0.0068000000000000005,0.0064,0.006200000000000001,0.0061,0.0059,0.0057,0.0055000000000000005,0.0053,0.02,0.0199,0.02,0.020200000000000003,0.0204,0.020300000000000002,0.020300000000000002,0.020300000000000002,0.0201,0.0199,0.0198,0.0199,0.02,0.02,0.02,0.0199,0.019700000000000002,0.02,0.0201,0.0204,0.0206,0.020300000000000002,0.020300000000000002,0.0204
,0.020300000000000002,0.0194,0.018000000000000002,0.018500000000000003,0.019,0.0193,0.0188,0.0195,0.0193,0.0195,0.0193,0.019100000000000002,0.019100000000000002,0.019200000000000002,0.019,0.0193,0.019200000000000002,0.019200000000000002,0.0188,0.019100000000000002,0.019100000000000002,0.020200000000000003,0.0199,0.0201,0.020300000000000002,0.019,0.0199,0.0198,0.02,0.0201,0.02,0.019100000000000002,0.0193,0.0193,0.0195,0.0195,0.0195,0.0195,0.0195,0.0196,0.019700000000000002,0.0196,0.0198,0.0199,0.019700000000000002,0.019700000000000002,0.0198,0.0198,0.0205,0.0196,0.0198,0.0196,0.0194,0.0201,0.0196,0.0195,0.0198,0.0193,0.0194,0.0198,0.0199,0.017400000000000002,0.017,0.0167,0.016800000000000002,0.0167,0.0196,0.019700000000000002,0.0194,0.019200000000000002,0.019700000000000002,0.0195,0.014700000000000001,0.0146,0.0201,0.02,0.0193,0.0195,0.019700000000000002,0.0194,0.019100000000000002,0.0196,0.0194,0.019200000000000002,0.0194,0.0194,0.0195,0.0195,0.0196,0.0196,0.0195,0.0193,0.019200000000000002,0.0193,0.0194,0.0195,0.0194,0.0194,0.0196,0.0196,0.0195,0.0196,0.0194,0.0196,0.0198,0.019700000000000002,0.02,0.0199,0.0195,0.0195,0.0196,0.019700000000000002,0.019700000000000002,0.0196,0.0196,0.0051,0.0198,0.0196,0.0196,0.019700000000000002,0.0196,0.0196,0.0196,0.0198,0.0199,0.0199,0.019700000000000002,0.0198,0.0198,0.0198,0.0198,0.0198,0.019700000000000002,0.019700000000000002,0.019700000000000002,0.0194,0.019200000000000002,0.019100000000000002,0.0193
,0.020200000000000003,0.0178,0.0193,0.019100000000000002,0.018600000000000002,0.0188,0.0188,0.019700000000000002,0.0196,0.019200000000000002,0.019200000000000002,0.0194,0.0193,0.0193,0.0188,0.0189,0.0193,0.0195,0.0193,0.019200000000000002,0.0187,0.0188,0.0189,0.019,0.019,0.0193,0.019,0.0195,0.0194,0.0194,0.019200000000000002,0.019100000000000002,0.0193,0.0199,0.02,0.020300000000000002,0.0198,0.0195,0.0195,0.0196,0.019700000000000002,0.0196,0.0198,0.0199,0.019700000000000002,0.019700000000000002,0.0198,0.0198,0.0198,0.0189,0.019,0.0188,0.018500000000000003,0.019,0.0196,0.0195,0.0198,0.0193,0.0194,0.0198,0.0199,0.0196,0.0194,0.0196,0.0196,0.0196,0.0162,0.0159,0.0162,0.015700000000000002,0.0154,0.0149,0.019100000000000002,0.0194,0.0194,0.0194,0.0198,0.0196,0.0196,0.0196,0.0196,0.019700000000000002,0.0199,0.0198,0.0199,0.0199,0.0198,0.0198,0.019700000000000002,0.0198,0.0199,0.0199,0.019700000000000002,0.0196,0.0196,0.019700000000000002,0.0196,0.0196,0.0196,0.0195,0.0195,0.0195,0.0195,0.0196,0.0196,0.0196,0.0195,0.0195,0.0195,0.0195,0.0196,0.0196,0.0196,0.019700000000000002,0.0196,0.0196,0.0198,0.0199,0.0201,0.0201,0.02,0.0198,0.0198,0.0198,0.0199,0.0196,0.019700000000000002,0.0196,0.0198,0.0201,0.020200000000000003,0.0199,0.0199,0.019700000000000002,0.0198,0.019700000000000002,0.0198,0.020200000000000003,0.020300000000000002
,0.018000000000000002,0.0194,0.0193,0.019100000000000002,0.019100000000000002,0.019,0.0193,0.0194,0.019200000000000002,0.0199,0.019200000000000002,0.0194,0.0193,0.0196,0.019700000000000002,0.019700000000000002,0.0196,0.0195,0.0195,0.019700000000000002,0.0198,0.019700000000000002,0.0193,0.019200000000000002,0.0194,0.0193,0.019,0.0195,0.0194,0.0194,0.019200000000000002,0.0199,0.0201,0.0201,0.0198,0.019700000000000002,0.0198,0.0196,0.0201,0.02,0.02,0.020300000000000002,0.0198,0.0196,0.0199,0.0196,0.0196,0.02,0.0195,0.0198,0.019200000000000002,0.02,0.019700000000000002,0.019700000000000002,0.02,0.02,0.0198,0.020200000000000003,0.0201,0.020300000000000002,0.0205,0.0196,0.0194,0.0196,0.0196,0.0196,0.0194,0.0194,0.019700000000000002,0.020200000000000003,0.0201,0.0201,0.0201,0.0199,0.020200000000000003,0.0199,0.0198,0.0196,0.0196,0.0196,0.0196,0.019700000000000002,0.0199,0.0198,0.0199,0.0199,0.0198,0.0198,0.019700000000000002,0.0198,0.0199,0.0199,0.019700000000000002,0.0196,0.0196,0.019700000000000002,0.0196,0.0196,0.0196,0.0195,0.0195,0.0195,0.0195,0.0196,0.0196,0.0196,0.0195,0.0195,0.0195,0.0195,0.0196,0.0196,0.0196,0.019700000000000002,0.0196,0.0196,0.0198,0.0199,0.0201,0.0201,0.02,0.0198,0.0198,0.0198,0.0199,0.0196,0.019700000000000002,0.0196,0.0198,0.0201,0.020200000000000003,0.0199,0.0199,0.019700000000000002,0.0198,0.019700000000000002,0.0198,0.020200000000000003,0.020300000000000002
,0.0217,0.018500000000000003,0.019200000000000002,0.0195,0.019100000000000002,0.019,0.0193,0.0196,0.019200000000000002,0.019200000000000002,0.019200000000000002,0.0193,0.0188,0.0196,0.019700000000000002,0.019700000000000002,0.0196,0.0195,0.0195,0.019700000000000002,0.0198,0.019700000000000002,0.0199,0.0199,0.0194,0.0199,0.019700000000000002,0.0195,0.0196,0.0198,0.019700000000000002,0.019700000000000002,0.02,0.0201,0.0198,0.019700000000000002,0.0205,0.0193,0.0199,0.019700000000000002,0.019700000000000002,0.0196,0.019700000000000002,0.0201,0.019200000000000002,0.019200000000000002,0.0189,0.0193,0.0189,0.0198,0.019200000000000002,0.02,0.019700000000000002,0.019700000000000002,0.0199,0.0199,0.0199,0.0198,0.0199,0.0199,0.0198,0.019700000000000002,0.02,0.0201,0.019700000000000002,0.0199,0.0194,0.0194,0.019700000000000002,0.020200000000000003,0.0201,0.0201,0.0201,0.0199,0.020200000000000003,0.0199,0.0198,0.02,0.019700000000000002,0.02,0.02,0.019700000000000002,0.0201,0.02,0.020200000000000003,0.02,0.0196,0.0201,0.020200000000000003,0.0201,0.02,0.0198,0.0201,0.0201,0.0201,0.0199,0.0199,0.0199,0.02,0.0199,0.0199,0.020200000000000003,0.0201,0.020200000000000003,0.019700000000000002,0.0201,0.020200000000000003,0.02,0.02,0.0198,0.0198,0.02,0.02,0.0196,0.0198,0.0196,0.0201,0.0198,0.0199,0.0198,0.02,0.0198,0.019700000000000002,0.020200000000000003,0.020200000000000003,0.0198,0.0198,0.0199,0.02,0.0198,0.0196,0.019700000000000002,0.0201,0.02,0.0196,0.0199,0.0198,0.02,0.019700000000000002
,0.038,0.0188,0.0154,0.0193,0.02,0.0194,0.0195,0.0194,0.019200000000000002,0.019100000000000002,0.020200000000000003,0.02,0.0196,0.0188,0.019,0.0188,0.019100000000000002,0.019100000000000002,0.019,0.019100000000000002,0.018600000000000002,0.0193,0.0193,0.019200000000000002,0.0195,0.0199,0.019700000000000002,0.0195,0.0196,0.0198,0.019700000000000002,0.019700000000000002,0.02,0.019700000000000002,0.0198,0.0195,0.0198,0.018600000000000002,0.019100000000000002,0.019,0.019200000000000002,0.0189,0.019200000000000002,0.019,0.0198,0.0195,0.0196,0.0193,0.0198,0.0199,0.020200000000000003,0.0201,0.02,0.02,0.0196,0.0196,0.0195,0.0195,0.0195,0.0195,0.0194,0.02,0.02,0.0201,0.0201,0.02,0.020300000000000002,0.020200000000000003,0.0199,0.0201,0.0201,0.0198,0.0198,0.02,0.020200000000000003,0.0198,0.0199,0.02,0.020200000000000003,0.0206,0.0204,0.020200000000000003,0.020200000000000003,0.02,0.02,0.0199,0.02,0.02,0.0198,0.019700000000000002,0.0196,0.0196,0.0196,0.0196,0.0199,0.02,0.0201,0.0199,0.0198,0.020200000000000003,0.0199,0.0198,0.0196,0.0199,0.02,0.0199,0.0199,0.020300000000000002,0.020200000000000003,0.020200000000000003,0.020300000000000002,0.020300000000000002,0.020300000000000002,0.0199,0.0199,0.020200000000000003,0.0196,0.02,0.020300000000000002,0.0199,0.0199,0.0198,0.019700000000000002,0.0196,0.0198,0.020300000000000002,0.0201,0.020300000000000002,0.020200000000000003,0.0199,0.0199,0.0199,0.0201,0.02,0.0198,0.0198,0.0199,0.0201,0.0201
,0.0172,0.0054,0.0196,0.0195,0.019,0.019200000000000002,0.0195,0.0195,0.019200000000000002,0.019200000000000002,0.0188,0.019100000000000002,0.0188,0.0188,0.019,0.0188,0.019100000000000002,0.019100000000000002,0.019,0.019100000000000002,0.018600000000000002,0.0193,0.0199,0.0199,0.0195,0.0193,0.0193,0.019,0.0194,0.019700000000000002,0.019700000000000002,0.019700000000000002,0.0199,0.018500000000000003,0.0187,0.0187,0.019,0.019,0.0189,0.0194,0.0195,0.019100000000000002,0.0196,0.0195,0.02,0.0195,0.0196,0.0193,0.0198,0.0199,0.0198,0.020200000000000003,0.020200000000000003,0.0199,0.019700000000000002,0.0196,0.0195,0.0195,0.0195,0.0195,0.0194,0.0198,0.0196,0.0196,0.0196,0.0199,0.0195,0.0201,0.0201,0.02,0.0201,0.020300000000000002,0.0205,0.0201,0.0201,0.020200000000000003,0.0199,0.0198,0.0199,0.020200000000000003,0.020300000000000002,0.02,0.0198,0.0195,0.0196,0.02,0.0198,0.0198,0.020200000000000003,0.02,0.0198,0.02,0.0199,0.020300000000000002,0.0204,0.0204,0.0201,0.0199,0.02,0.0198,0.019700000000000002,0.0198,0.0199,0.0199,0.0198,0.0199,0.0199,0.0199,0.02,0.019700000000000002,0.0196,0.0196,0.0196,0.0196,0.0196,0.02,0.02,0.0199,0.019700000000000002,0.0199,0.020200000000000003,0.02,0.020200000000000003,0.020200000000000003,0.0201,0.02,0.020200000000000003,0.02,0.02,0.0201,0.0199,0.0201,0.0201,0.0201,0.0198,0.0199,0.0201,0.0199,0.0201
,0.0217,0.019100000000000002,0.0194,0.0196,0.019700000000000002,0.0195,0.0198,0.0195,0.019200000000000002,0.019100000000000002,0.0194,0.019200000000000002,0.020200000000000003,0.0198,0.0195,0.0188,0.0193,0.0178,0.0195,0.0193,0.019100000000000002,0.0194,0.0193,0.0195,0.019200000000000002,0.0193,0.0193,0.019,0.0195,0.0181,0.0181,0.0182,0.018500000000000003,0.0195,0.0195,0.0194,0.0193,0.019,0.0189,0.0194,0.0195,0.019100000000000002,0.0196,0.0195,0.0198,0.0201,0.0199,0.020300000000000002,0.02,0.019700000000000002,0.0198,0.019700000000000002,0.0198,0.0196,0.0196,0.0199,0.0198,0.02,0.0198,0.0196,0.0198,0.0198,0.0196,0.0196,0.0196,0.0199,0.0198,0.0198,0.02,0.020200000000000003,0.0201,0.0199,0.019700000000000002,0.0198,0.0198,0.0199,0.019700000000000002,0.0198,0.0199,0.020200000000000003,0.020300000000000002,0.02,0.0198,0.0195,0.0196,0.02,0.0198,0.0198,0.020200000000000003,0.02,0.0198,0.02,0.0199,0.020300000000000002,0.0204,0.0204,0.0201,0.0199,0.02,0.0198,0.019700000000000002,0.0198,0.0199,0.0199,0.0198,0.0199,0.0199,0.0199,0.02,0.019700000000000002,0.0196,0.0196,0.0196,0.0196,0.0196,0.0198,0.0201,0.0201,0.0201,0.020300000000000002,0.0199,0.02,0.0201,0.0204,0.0204,0.0204,0.020300000000000002,0.0204,0.020300000000000002,0.0204,0.0204,0.0205,0.0204,0.0204,0.0201,0.0199,0.02,0.0199,0.0199
,0.017400000000000002,0.019200000000000002,0.0194,0.0196,0.019700000000000002,0.0195,0.0198,0.019200000000000002,0.019700000000000002,0.019100000000000002,0.0188,0.019100000000000002,0.019200000000000002,0.019700000000000002,0.0193,0.0195,0.0193,0.019,0.0195,0.0193,0.019100000000000002,0.0194,0.0193,0.0195,0.019200000000000002,0.019700000000000002,0.0198,0.0196,0.0194,0.019700000000000002,0.0194,0.0194,0.0196,0.0195,0.0195,0.0194,0.0193,0.0195,0.020200000000000003,0.0196,0.0198,0.0198,0.02,0.020200000000000003,0.02,0.019700000000000002,0.0198,0.0199,0.0198,0.019700000000000002,0.019700000000000002,0.0201,0.020200000000000003,0.0199,0.0198,0.0199,0.020200000000000003,0.019700000000000002,0.0201,0.019700000000000002,0.0201,0.0199,0.0201,0.020200000000000003,0.0196,0.0195,0.0198,0.0198,0.02,0.020200000000000003,0.0201,0.0199,0.0198,0.0201,0.0199,0.0198,0.0199,0.0198,0.0199,0.019700000000000002,0.0198,0.0199,0.0199,0.0198,0.019700000000000002,0.019700000000000002,0.0195,0.0194,0.0194,0.0195,0.019700000000000002,0.0196,0.019700000000000002,0.019700000000000002,0.019700000000000002,0.0198,0.019700000000000002,0.0196,0.0196,0.0196,0.0199,0.02,0.02,0.02,0.02,0.02,0.02,0.0201,0.0201,0.0204,0.02,0.0199,0.020200000000000003,0.020300000000000002,0.020300000000000002,0.0198,0.02,0.0199,0.019700000000000002,0.0199,0.0199,0.02,0.0201,0.0204,0.0204,0.0204,0.020300000000000002,0.0204,0.020300000000000002,0.0204,0.0204,0.0205,0.0204,0.0204,0.0201,0.0199,0.02,0.0199,0.0199
,0.0176,0.0182,0.0198,0.0196,0.0196,0.0196,0.0198,0.019200000000000002,0.019700000000000002,0.019700000000000002,0.0195,0.019200000000000002,0.0193,0.0194,0.0193,0.0195,0.0184,0.0196,0.0171,0.016300000000000002,0.0159,0.0151,0.014400000000000001,0.013900000000000001,0.0132,0.0179,0.018000000000000002,0.0178,0.0179,0.019700000000000002,0.0194,0.0194,0.0196,0.0196,0.019700000000000002,0.02,0.0198,0.0196,0.0196,0.0196,0.02,0.0198,0.02,0.0199,0.0199,0.020200000000000003,0.0195,0.0198,0.0199,0.019700000000000002,0.0198,0.019700000000000002,0.0198,0.0196,0.0196,0.0199,0.020200000000000003,0.019700000000000002,0.0201,0.019700000000000002,0.0201,0.0198,0.0196,0.02,0.0199,0.019700000000000002,0.0198,0.020300000000000002,0.019700000000000002,0.0201,0.02,0.02,0.019700000000000002,0.0198,0.0198,0.0199,0.019700000000000002,0.0198,0.0199,0.019700000000000002,0.0198,0.0199,0.0199,0.0198,0.019700000000000002,0.019700000000000002,0.0195,0.0194,0.0194,0.0195,0.019700000000000002,0.0196,0.019700000000000002,0.019700000000000002,0.019700000000000002,0.0198,0.019700000000000002,0.0196,0.0196,0.0196,0.0199,0.02,0.02,0.02,0.02,0.02,0.020300000000000002,0.020300000000000002,0.0201,0.0201,0.02,0.02,0.02,0.0199,0.0199,0.0201,0.0198,0.019700000000000002,0.0199,0.02,0.02,0.0199,0.0198,0.0198,0.0198,0.019700000000000002,0.019700000000000002,0.0198,0.0199,0.0201,0.02,0.0198,0.0198,0.02,0.0199,0.0198,0.0198,0.019700000000000002,0.019700000000000002
,0.0181,0.019200000000000002,0.0198,0.0196,0.0194,0.0194,0.019700000000000002,0.0198,0.02,0.019700000000000002,0.0195,0.019200000000000002,0.0193,0.0193,0.0193,0.0195,0.0194,0.019,0.0196,0.0194,0.0198,0.0195,0.019700000000000002,0.0198,0.0199,0.0122,0.0117,0.0111,0.010700000000000001,0.01,0.009300000000000001,0.0091,0.0194,0.0196,0.019700000000000002,0.02,0.0198,0.0195,0.020200000000000003,0.0196,0.02,0.0198,0.02,0.0201,0.0199,0.0198,0.0199,0.02,0.0199,0.0201,0.0199,0.020300000000000002,0.02,0.0201,0.0198,0.020300000000000002,0.0206,0.020200000000000003,0.020200000000000003,0.020300000000000002,0.0201,0.0198,0.0196,0.020200000000000003,0.0196,0.0195,0.0199,0.020300000000000002,0.019700000000000002,0.0201,0.02,0.02,0.0198,0.0201,0.0199,0.0198,0.0199,0.0199,0.0198,0.0198,0.0199,0.019700000000000002,0.0198,0.019700000000000002,0.0199,0.0199,0.0199,0.0199,0.02,0.02,0.0198,0.0198,0.0199,0.0199,0.0199,0.020200000000000003,0.02,0.020200000000000003,0.020300000000000002,0.0201,0.02,0.0201,0.020300000000000002,0.020200000000000003,0.02,0.02,0.02,0.0201,0.0201,0.0201,0.02,0.02,0.02,0.0199,0.0199,0.0199,0.0198,0.019700000000000002,0.0199,0.02,0.02,0.0199,0.0198,0.0198,0.0198,0.019700000000000002,0.019700000000000002,0.0201,0.0201,0.0201,0.02,0.0198,0.0198,0.0201,0.0198,0.02,0.0199,0.019700000000000002,0.0196
,0.018600000000000002,0.0194,0.0198,0.0198,0.0194,0.0194,0.019700000000000002,0.0195,0.02,0.02,0.0193,0.019700000000000002,0.0195,0.0193,0.0193,0.0196,0.0196,0.0194,0.0198,0.0199,0.0198,0.0201,0.0195,0.0196,0.0198,0.0193,0.0196,0.0196,0.019700000000000002,0.0198,0.0195,0.0194,0.0194,0.0083,0.02,0.0199,0.020200000000000003,0.020200000000000003,0.0201,0.0196,0.0194,0.0199,0.0201,0.0199,0.0199,0.020200000000000003,0.0195,0.0198,0.0199,0.0201,0.0199,0.020300000000000002,0.02,0.0201,0.0196,0.020300000000000002,0.0206,0.020200000000000003,0.020200000000000003,0.020300000000000002,0.0201,0.0204,0.02,0.019700000000000002,0.0199,0.0201,0.0198,0.0199,0.0199,0.0199,0.0201,0.0199,0.0196,0.0195,0.02,0.02,0.020300000000000002,0.020300000000000002,0.0205,0.0205,0.0204,0.020200000000000003,0.0201,0.02,0.020200000000000003,0.0199,0.020300000000000002,0.020300000000000002,0.0204,0.020300000000000002,0.020200000000000003,0.020200000000000003,0.0199,0.020300000000000002,0.020300000000000002,0.02,0.02,0.0199,0.02,0.0199,0.0199,0.0199,0.0198,0.0198,0.0198,0.0198,0.0198,0.019700000000000002,0.019700000000000002,0.0199,0.020200000000000003,0.0199,0.019700000000000002,0.0199,0.0196,0.0199,0.020200000000000003,0.0199,0.019700000000000002,0.0199,0.0196,0.0199,0.0201,0.02,0.0199,0.02,0.019700000000000002,0.0198,0.0199,0.02,0.0201,0.02,0.0196,0.02,0.0199,0.0198,0.0198,0.019700000000000002,0.019700000000000002
,0.02,0.0194,0.0198,0.0198,0.0195,0.019700000000000002,0.0193,0.0195,0.0193,0.0198,0.0193,0.019700000000000002,0.0195,0.019200000000000002,0.0194,0.0196,0.019700000000000002,0.0196,0.0195,0.02,0.019700000000000002,0.0194,0.0175,0.0176,0.0178,0.0196,0.0195,0.0194,0.0194,0.0196,0.0195,0.0198,0.0089,0.0199,0.0077,0.0076,0.02,0.007,0.0199,0.006200000000000001,0.0196,0.019200000000000002,0.019200000000000002,0.019,0.019100000000000002,0.019100000000000002,0.019700000000000002,0.02,0.02,0.02,0.02,0.02,0.02,0.02,0.019700000000000002,0.019700000000000002,0.0205,0.020300000000000002,0.0204,0.0206,0.0204,0.0204,0.02,0.019700000000000002,0.020300000000000002,0.020300000000000002,0.020200000000000003,0.020200000000000003,0.020300000000000002,0.020300000000000002,0.020300000000000002,0.020300000000000002,0.020300000000000002,0.020300000000000002,0.020300000000000002,0.0204,0.020300000000000002,0.020200000000000003,0.020200000000000003,0.0199,0.0199,0.019700000000000002,0.0199,0.02,0.0199,0.02,0.0198,0.0199,0.0204,0.0205,0.0204,0.020300000000000002,0.020200000000000003,0.02,0.020300000000000002,0.0204,0.0204,0.0204,0.020200000000000003,0.020200000000000003,0.020300000000000002,0.02,0.02,0.020300000000000002,0.0201,0.0199,0.019700000000000002,0.02,0.0196,0.019700000000000002,0.0198,0.0198,0.0198,0.0198,0.0199,0.0199,0.020200000000000003,0.0199,0.019700000000000002,0.0199,0.0196,0.0199,0.0201,0.02,0.0199,0.02,0.019700000000000002,0.0201,0.0201,0.02,0.0201,0.02,0.0196,0.0201,0.0198,0.02,0.0199,0.019700000000000002,0.0196
,0.02,0.020200000000000003,0.018500000000000003,0.019100000000000002,0.0195,0.019700000000000002,0.0194,0.0198,0.0193,0.0193,0.019700000000000002,0.0199,0.0199,0.019200000000000002,0.0194,0.0196,0.019700000000000002,0.020200000000000003,0.0198,0.0176,0.0176,0.017400000000000002,0.019700000000000002,0.0196,0.0198,0.0196,0.0195,0.0194,0.0194,0.0196,0.0195,0.0194,0.020200000000000003,0.0198,0.0196,0.0195,0.0074,0.0198,0.0067,0.0196,0.0196,0.019200000000000002,0.019200000000000002,0.019,0.019100000000000002,0.019100000000000002,0.019700000000000002,0.02,0.02,0.019700000000000002,0.02,0.02,0.02,0.02,0.0206,0.0205,0.019700000000000002,0.0195,0.019700000000000002,0.019700000000000002,0.019700000000000002,0.0205,0.0205,0.0201,0.0199,0.0201,0.020300000000000002,0.020200000000000003,0.0205,0.0204,0.020300000000000002,0.020300000000000002,0.0206,0.020300000000000002,0.0204,0.0204,0.020300000000000002,0.020200000000000003,0.020200000000000003,0.0199,0.0199,0.019700000000000002,0.0199,0.02,0.0199,0.02,0.0198,0.0199,0.0204,0.0205,0.0204,0.020300000000000002,0.020200000000000003,0.02,0.020300000000000002,0.0204,0.0204,0.0204,0.020200000000000003,0.020200000000000003,0.020300000000000002,0.02,0.02,0.020300000000000002,0.0201,0.0199,0.019700000000000002,0.02,0.0196,0.0199,0.020200000000000003,0.0199,0.019700000000000002,0.0199,0.0196,0.0199,0.02,0.02,0.0199,0.0198,0.0198,0.019700000000000002,0.019700000000000002,0.019700000000000002,0.0198,0.0198,0.0199,0.0198,0.0198,0.0199,0.02,0.02,0.02,0.0199,0.0201,0.0199,0.0199,0.0199,0.0198
,0.0196,0.0188,0.019100000000000002,0.0193,0.0194,0.019,0.0074,0.019700000000000002,0.0198,0.019700000000000002,0.019700000000000002,0.0199,0.0193,0.02,0.0199,0.020200000000000003,0.0196,0.0196,0.0199,0.0196,0.0196,0.0194,0.0194,0.019700000000000002,0.0198,0.0196,0.0198,0.019700000000000002,0.0196,0.0196,0.0198,0.02,0.019700000000000002,0.0198,0.0196,0.0199,0.0201,0.0195,0.019700000000000002,0.0198,0.0061,0.0198,0.0058000000000000005,0.0055000000000000005,0.02,0.0199,0.0199,0.0198,0.0199,0.02,0.02,0.0199,0.0194,0.0195,0.02,0.019700000000000002,0.0198,0.019700000000000002,0.02,0.0198,0.0195,0.0198,0.020200000000000003,0.0198,0.019700000000000002,0.0201,0.020200000000000003,0.020200000000000003,0.020300000000000002,0.020300000000000002,0.020300000000000002,0.020300000000000002,0.0206,0.020300000000000002,0.0204,0.0204,0.0204,0.020200000000000003,0.0201,0.0199,0.0201,0.020200000000000003,0.0199,0.019700000000000002,0.0196,0.0199,0.0199,0.02,0.020200000000000003,0.0204,0.020300000000000002,0.020300000000000002,0.020200000000000003,0.02,0.0198,0.02,0.020300000000000002,0.0204,0.020300000000000002,0.020200000000000003,0.0201,0.0199,0.0198,0.0198,0.0196,0.019700000000000002,0.0198,0.0198,0.019700000000000002,0.019700000000000002,0.019700000000000002,0.0199,0.0199,0.0199,0.02,0.0199,0.0199,0.0199,0.0201,0.0201,0.02,0.0201,0.0201,0.0198,0.0199,0.0201,0.02,0.0201,0.02,0.02,0.02,0.0201,0.02,0.0199,0.0196,0.0196,0.0196,0.019700000000000002,0.0201
,0.0196,0.020200000000000003,0.018500000000000003,0.018500000000000003,0.0196,0.0057,0.019100000000000002,0.009000000000000001,0.0106,0.0193,0.0198,0.0196,0.0201,0.0193,0.0198,0.02,0.019700000000000002,0.0201,0.0195,0.020300000000000002,0.0196,0.0194,0.0194,0.0196,0.0193,0.020200000000000003,0.020300000000000002,0.020300000000000002,0.0201,0.020200000000000003,0.019700000000000002,0.0195,0.020200000000000003,0.0194,0.019200000000000002,0.0193,0.0196,0.0195,0.019700000000000002,0.0196,0.019700000000000002,0.0059,0.02,0.0199,0.0051,0.0198,0.0199,0.0205,0.0201,0.020300000000000002,0.020200000000000003,0.0206,0.020300000000000002,0.0204,0.020200000000000003,0.0199,0.0199,0.0201,0.019700000000000002,0.0198,0.0201,0.02,0.020200000000000003,0.020200000000000003,0.020200000000000003,0.02,0.020300000000000002,0.0204,0.0199,0.0195,0.0199,0.0198,0.0196,0.0198,0.0196,0.0201,0.0204,0.020200000000000003,0.0201,0.0199,0.0201,0.020200000000000003,0.0199,0.019700000000000002,0.0196,0.0199,0.0199,0.02,0.020200000000000003,0.0204,0.020300000000000002,0.020300000000000002,0.020200000000000003,0.02,0.0198,0.02,0.020300000000000002,0.0204,0.020300000000000002,0.020200000000000003,0.0201,0.0199,0.0198,0.0198,0.0196,0.019700000000000002,0.0198,0.0198,0.019700000000000002,0.019700000000000002,0.019700000000000002,0.0199,0.0199,0.0199,0.02,0.0199,0.0199,0.0199,0.0201,0.0201,0.02,0.0201,0.0201,0.0198,0.0199,0.0201,0.02,0.0201,0.02,0.02,0.02,0.0201,0.02,0.0199,0.0196,0.0196,0.0196,0.019700000000000002,0.0201
,0.035300000000000005,0.0177,0.019,0.018600000000000002,0.018600000000000002,0.0196,0.0182,0.019200000000000002,0.0195,0.0119,0.013000000000000001,0.0137,0.0146,0.015000000000000001,0.0159,0.0166,0.0167,0.017400000000000002,0.0173,0.0196,0.0201,0.02,0.0196,0.0195,0.0198,0.02,0.0201,0.020200000000000003,0.0204,0.0205,0.0204,0.020200000000000003,0.0194,0.020200000000000003,0.019200000000000002,0.0193,0.0196,0.020200000000000003,0.0194,0.0194,0.019700000000000002,0.019700000000000002,0.0198,0.0198,0.0196,0.020300000000000002,0.0201,0.0196,0.02,0.0199,0.0196,0.0196,0.02,0.0201,0.020200000000000003,0.0199,0.0199,0.0201,0.019700000000000002,0.0198,0.0201,0.0199,0.0199,0.019700000000000002,0.0195,0.0198,0.0198,0.0198,0.0199,0.0195,0.0199,0.0198,0.0196,0.0198,0.0196,0.0201,0.0201,0.0201,0.02,0.0199,0.019700000000000002,0.02,0.019700000000000002,0.0196,0.0201,0.020300000000000002,0.019700000000000002,0.0198,0.019700000000000002,0.0201,0.02,0.0198,0.020200000000000003,0.0198,0.019700000000000002,0.019700000000000002,0.0198,0.02,0.020300000000000002,0.020200000000000003,0.02,0.019700000000000002,0.019700000000000002,0.0198,0.0195,0.0198,0.0201,0.0201,0.0199,0.0199,0.02,0.0198,0.0199,0.0199,0.019700000000000002,0.0199,0.0198,0.0198,0.0199,0.0199,0.0199,0.02,0.02,0.0199,0.0199,0.0201,0.0201,0.020200000000000003,0.02,0.0199,0.019700000000000002,0.019700000000000002,0.0198,0.0198,0.0198,0.019700000000000002,0.0196,0.019700000000000002,0.0196
,0.035300000000000005,0.0187,0.0189,0.0181,0.018500000000000003,0.0189,0.0195,0.018500000000000003,0.0187,0.019200000000000002,0.0194,0.0193,0.0195,0.0199,0.0198,0.0193,0.0195,0.0195,0.0194,0.0195,0.0195,0.0201,0.0204,0.0201,0.0204,0.019700000000000002,0.0195,0.0199,0.019700000000000002,0.0196,0.019100000000000002,0.019200000000000002,0.020300000000000002,0.0194,0.0204,0.020300000000000002,0.0207,0.0194,0.020200000000000003,0.0205,0.0206,0.020300000000000002,0.020300000000000002,0.0206,0.020300000000000002,0.0198,0.02,0.020200000000000003,0.020200000000000003,0.02,0.0199,0.0201,0.0198,0.0201,0.0205,0.02,0.0196,0.0204,0.020300000000000002,0.02,0.0199,0.0199,0.0199,0.020200000000000003,0.020200000000000003,0.02,0.020300000000000002,0.0204,0.0199,0.0198,0.0195,0.0198,0.0194,0.019700000000000002,0.02,0.0201,0.0198,0.0195,0.0199,0.0198,0.0201,0.02,0.0198,0.02,0.0201,0.0199,0.0198,0.02,0.02,0.02,0.0199,0.019700000000000002,0.0195,0.0201,0.0201,0.020300000000000002,0.0199,0.0199,0.0196,0.0196,0.0198,0.0199,0.020300000000000002,0.020300000000000002,0.0198,0.0199,0.0196,0.0194,0.0199,0.0198,0.0198,0.0198,0.0199,0.0199,0.0199,0.0198,0.020300000000000002,0.0205,0.0201,0.02,0.0199,0.0198,0.0199,0.0198,0.02,0.0198,0.0198,0.019700000000000002,0.0198,0.0199,0.0198,0.0199,0.0198,0.0198,0.0196,0.019700000000000002,0.0198,0.0198,0.020200000000000003
,0.0204,0.0189,0.0181,0.019100000000000002,0.018500000000000003,0.018600000000000002,0.0189,0.0194,0.0196,0.0193,0.0194,0.0193,0.0193,0.0201,0.02,0.020200000000000003,0.02,0.0198,0.0198,0.0201,0.0196,0.0199,0.0198,0.019700000000000002,0.0196,0.019,0.019100000000000002,0.019200000000000002,0.019,0.019100000000000002,0.0201,0.019200000000000002,0.0194,0.0199,0.019700000000000002,0.0194,0.0194,0.02,0.0201,0.0201,0.02,0.02,0.0198,0.0198,0.02,0.0198,0.02,0.020200000000000003,0.02,0.0204,0.0199,0.0201,0.0198,0.0201,0.0198,0.0201,0.0198,0.02,0.02,0.019100000000000002,0.02,0.020300000000000002,0.0201,0.0201,0.020200000000000003,0.020300000000000002,0.020200000000000003,0.0199,0.0195,0.0199,0.020200000000000003,0.0198,0.0196,0.0195,0.0199,0.020200000000000003,0.0201,0.0201,0.020200000000000003,0.0201,0.0201,0.0199,0.02,0.0199,0.0199,0.0199,0.02,0.0201,0.020200000000000003,0.020200000000000003,0.020200000000000003,0.020200000000000003,0.02,0.02,0.0198,0.0201,0.0201,0.0201,0.0201,0.020300000000000002,0.0204,0.020300000000000002,0.020200000000000003,0.020200000000000003,0.0201,0.0201,0.0201,0.0201,0.020200000000000003,0.02,0.02,0.0196,0.0195,0.0198,0.02,0.0199,0.0201,0.02,0.019700000000000002,0.019700000000000002,0.0199,0.020200000000000003,0.0199,0.02,0.0201,0.0201,0.0201,0.020300000000000002,0.020300000000000002,0.020200000000000003,0.0198,0.0201,0.02,0.0205,0.020300000000000002,0.020200000000000003,0.0199,0.020200000000000003,0.02
,0.0204,0.0179,0.0188,0.0187,0.0193,0.0188,0.019200000000000002,0.0189,0.0188,0.018500000000000003,0.0193,0.019200000000000002,0.0193,0.019200000000000002,0.0189,0.0189,0.0188,0.019,0.019,0.0188,0.0201,0.019,0.019200000000000002,0.019200000000000002,0.0189,0.019,0.019100000000000002,0.019200000000000002,0.019,0.019100000000000002,0.019100000000000002,0.0201,0.02,0.020200000000000003,0.0201,0.019700000000000002,0.020200000000000003,0.0204,0.0199,0.02,0.0201,0.020200000000000003,0.0198,0.0198,0.02,0.0201,0.020300000000000002,0.020300000000000002,0.020300000000000002,0.0198,0.020200000000000003,0.02,0.02,0.020200000000000003,0.019700000000000002,0.0193,0.019700000000000002,0.0198,0.019700000000000002,0.0198,0.0193,0.0199,0.0196,0.0196,0.02,0.02,0.020200000000000003,0.020300000000000002,0.0201,0.0199,0.019700000000000002,0.0196,0.0199,0.0201,0.0201,0.02,0.019700000000000002,0.020200000000000003,0.0199,0.0198,0.019700000000000002,0.02,0.0204,0.0201,0.020200000000000003,0.0198,0.0195,0.020200000000000003,0.020200000000000003,0.0204,0.0205,0.020200000000000003,0.02,0.0198,0.0198,0.0196,0.0199,0.0204,0.020300000000000002,0.020300000000000002,0.0204,0.020300000000000002,0.0205,0.0204,0.02,0.02,0.0198,0.02,0.02,0.02,0.0199,0.0199,0.0199,0.0204,0.0206,0.0199,0.0204,0.0204,0.0204,0.0204,0.0205,0.0204,0.020200000000000003,0.0199,0.0201,0.0201,0.020200000000000003,0.02,0.020200000000000003,0.020200000000000003,0.0205,0.0206,0.0207,0.0201,0.0199,0.020200000000000003,0.020200000000000003,0.02,0.020200000000000003
,0.032,0.019200000000000002,0.0188,0.0187,0.019,0.019100000000000002,0.019200000000000002,0.0189,0.0188,0.0189,0.0195,0.0195,0.0194,0.019200000000000002,0.0189,0.0189,0.0188,0.019,0.0194,0.0195,0.019,0.02,0.019200000000000002,0.019200000000000002,0.0189,0.0195,0.0205,0.0193,0.0195,0.0195,0.0199,0.0195,0.0198,0.0201,0.020300000000000002,0.020300000000000002,0.0201,0.0201,0.0198,0.0204,0.02,0.02,0.020300000000000002,0.0199,0.0199,0.0198,0.0199,0.020200000000000003,0.0198,0.0198,0.0201,0.0204,0.020300000000000002,0.02,0.0196,0.0196,0.0196,0.0194,0.0194,0.0196,0.02,0.0196,0.0198,0.0199,0.0195,0.0198,0.0199,0.0199,0.0201,0.0196,0.0196,0.0196,0.0204,0.020300000000000002,0.0198,0.02,0.020300000000000002,0.0198,0.0195,0.0199,0.019700000000000002,0.0195,0.0198,0.0198,0.0199,0.02,0.0201,0.0196,0.0199,0.02,0.02,0.0198,0.019700000000000002,0.019700000000000002,0.0199,0.0198,0.0199,0.019700000000000002,0.019700000000000002,0.0199,0.0198,0.0199,0.0199,0.02,0.0201,0.020200000000000003,0.0199,0.0201,0.0201,0.02,0.0198,0.0198,0.0201,0.0198,0.0199,0.0206,0.019700000000000002,0.019700000000000002,0.0196,0.019700000000000002,0.0196,0.019700000000000002,0.0199,0.0199,0.0201,0.0199,0.02,0.0198,0.0199,0.0199,0.0199,0.0199,0.02,0.0201,0.02,0.0199,0.0198,0.0199,0.019700000000000002
,0.0184,0.019200000000000002,0.0179,0.0183,0.019,0.018600000000000002,0.018500000000000003,0.0189,0.019200000000000002,0.0189,0.019,0.0184,0.0189,0.0195,0.019700000000000002,0.0198,0.0199,0.0194,0.019,0.0188,0.019,0.019,0.02,0.0205,0.0201,0.0194,0.019700000000000002,0.02,0.02,0.0206,0.0201,0.0201,0.020300000000000002,0.0199,0.02,0.0198,0.0198,0.0201,0.0199,0.02,0.0198,0.0204,0.0204,0.020300000000000002,0.0205,0.019200000000000002,0.019700000000000002,0.0193,0.02,0.019700000000000002,0.019700000000000002,0.0195,0.0196,0.0198,0.02,0.02,0.0201,0.02,0.020200000000000003,0.020200000000000003,0.019700000000000002,0.02,0.02,0.0199,0.0198,0.02,0.0196,0.020200000000000003,0.0196,0.0201,0.020200000000000003,0.020300000000000002,0.0195,0.02,0.02,0.02,0.0196,0.0196,0.0196,0.0194,0.019700000000000002,0.019700000000000002,0.019700000000000002,0.0196,0.0196,0.0194,0.0194,0.0196,0.0196,0.0196,0.0195,0.0194,0.0193,0.0194,0.019700000000000002,0.0198,0.019700000000000002,0.0198,0.019700000000000002,0.0196,0.0196,0.019700000000000002,0.0198,0.0198,0.0198,0.0198,0.0199,0.0199,0.0198,0.0198,0.0195,0.0196,0.0196,0.0195,0.0196,0.019700000000000002,0.019700000000000002,0.019700000000000002,0.0196,0.0196,0.0196,0.0196,0.019700000000000002,0.019700000000000002,0.0199,0.02,0.02,0.0201,0.02,0.0199,0.0201,0.0198,0.019700000000000002,0.0196,0.019700000000000002,0.0199,0.0199,0.02,0.0198
,0.032,0.0176,0.0193,0.0193,0.0184,0.018600000000000002,0.0195,0.018500000000000003,0.019,0.019100000000000002,0.0195,0.0193,0.0189,0.0189,0.018500000000000003,0.019100000000000002,0.019200000000000002,0.0193,0.0194,0.0195,0.019200000000000002,0.0195,0.0194,0.019200000000000002,0.0196,0.0189,0.019,0.0189,0.0194,0.0194,0.0195,0.0195,0.019100000000000002,0.0188,0.019200000000000002,0.0198,0.0198,0.019100000000000002,0.0193,0.0196,0.0196,0.0193,0.0198,0.0195,0.019100000000000002,0.0199,0.019700000000000002,0.019700000000000002,0.02,0.019700000000000002,0.0198,0.019700000000000002,0.0195,0.0196,0.02,0.02,0.0201,0.02,0.020200000000000003,0.020200000000000003,0.019700000000000002,0.0198,0.0196,0.019700000000000002,0.02,0.0201,0.0198,0.0198,0.0199,0.0199,0.019700000000000002,0.02,0.02,0.0199,0.0195,0.0193,0.0199,0.02,0.02,0.020300000000000002,0.020300000000000002,0.02,0.0199,0.020300000000000002,0.0198,0.019700000000000002,0.0196,0.0199,0.02,0.0201,0.020200000000000003,0.020200000000000003,0.020200000000000003,0.02,0.0199,0.019700000000000002,0.019700000000000002,0.0199,0.02,0.020200000000000003,0.020200000000000003,0.0201,0.02,0.02,0.0201,0.020300000000000002,0.020300000000000002,0.0205,0.0205,0.0205,0.0205,0.0204,0.020300000000000002,0.0201,0.020300000000000002,0.0196,0.020200000000000003,0.02,0.02,0.0199,0.0198,0.019700000000000002,0.019700000000000002,0.0199,0.02,0.0201,0.0204,0.020200000000000003,0.020200000000000003,0.0201,0.020300000000000002,0.020300000000000002,0.0201,0.020200000000000003,0.020200000000000003,0.020200000000000003,0.0204,0.0205,0.0205
,0.0172,0.018600000000000002,0.0179,0.0181,0.0195,0.0187,0.019100000000000002,0.0195,0.019,0.0189,0.0195,0.0193,0.019,0.0194,0.019200000000000002,0.0189,0.019100000000000002,0.019100000000000002,0.019200000000000002,0.019100000000000002,0.019,0.019200000000000002,0.019200000000000002,0.019,0.0188,0.020200000000000003,0.02,0.0198,0.019700000000000002,0.019700000000000002,0.019700000000000002,0.0198,0.02,0.0199,0.02,0.019700000000000002,0.0194,0.019700000000000002,0.019700000000000002,0.019700000000000002,0.0198,0.0198,0.0199,0.0194,0.0194,0.0199,0.019700000000000002,0.019700000000000002,0.0196,0.0201,0.020300000000000002,0.020200000000000003,0.0198,0.0196,0.0199,0.0198,0.019700000000000002,0.02,0.0199,0.0198,0.0195,0.0198,0.0196,0.019700000000000002,0.02,0.0201,0.0198,0.0199,0.020200000000000003,0.020200000000000003,0.0198,0.02,0.0201,0.0207,0.020300000000000002,0.0201,0.0199,0.02,0.02,0.020300000000000002,0.020300000000000002,0.02,0.0199,0.020300000000000002,0.0198,0.019700000000000002,0.0196,0.0199,0.02,0.0201,0.020200000000000003,0.020200000000000003,0.020200000000000003,0.02,0.0199,0.019700000000000002,0.019700000000000002,0.0199,0.02,0.020200000000000003,0.020200000000000003,0.0201,0.02,0.02,0.0199,0.020200000000000003,0.0204,0.020300000000000002,0.0204,0.020300000000000002,0.020200000000000003,0.02,0.0198,0.0198,0.0199,0.0204,0.0198,0.0199,0.02,0.02,0.02,0.02,0.0199,0.0199,0.02,0.0201,0.0204,0.020200000000000003,0.020200000000000003,0.0201,0.020300000000000002,0.020300000000000002,0.0201,0.020200000000000003,0.020200000000000003,0.020200000000000003,0.0204,0.0205,0.0205
,0.017,0.018000000000000002,0.0179,0.0181,0.019100000000000002,0.019100000000000002,0.019100000000000002,0.019100000000000002,0.0194,0.0194,0.0193,0.019200000000000002,0.0189,0.0193,0.0195,0.019100000000000002,0.0196,0.0193,0.0196,0.0196,0.0195,0.0196,0.0194,0.0195,0.0199,0.020200000000000003,0.02,0.0198,0.019700000000000002,0.019700000000000002,0.019700000000000002,0.0198,0.02,0.0198,0.0198,0.0195,0.0193,0.019700000000000002,0.019700000000000002,0.019700000000000002,0.0198,0.0198,0.0199,0.0194,0.0194,0.0198,0.0196,0.0196,0.019700000000000002,0.0201,0.020300000000000002,0.020200000000000003,0.0198,0.0196,0.0199,0.0198,0.019700000000000002,0.02,0.0199,0.0198,0.0195,0.02,0.019700000000000002,0.020300000000000002,0.02,0.019700000000000002,0.0198,0.0199,0.020200000000000003,0.020200000000000003,0.0198,0.02,0.0201,0.0207,0.020300000000000002,0.0201,0.020300000000000002,0.0201,0.02,0.019700000000000002,0.0196,0.0199,0.0199,0.019700000000000002,0.0199,0.0199,0.0198,0.02,0.020200000000000003,0.0205,0.0198,0.0198,0.02,0.0199,0.0198,0.020200000000000003,0.020200000000000003,0.020300000000000002,0.0201,0.019700000000000002,0.0199,0.0201,0.020200000000000003,0.0198,0.0201,0.020300000000000002,0.020300000000000002,0.0205,0.0205,0.0205,0.0205,0.0204,0.020300000000000002,0.0201,0.020300000000000002,0.02,0.020200000000000003,0.02,0.02,0.0199,0.0198,0.019700000000000002,0.019700000000000002,0.0199,0.0199,0.0198,0.0198,0.0198,0.019700000000000002,0.019700000000000002,0.0196,0.0196,0.019700000000000002,0.019700000000000002,0.019700000000000002,0.0199,0.02,0.019700000000000002,0.019700000000000002
,0.038200000000000005,0.018000000000000002,0.0179,0.0194,0.019100000000000002,0.0189,0.019700000000000002,0.019100000000000002,0.0194,0.019700000000000002,0.0195,0.019200000000000002,0.019100000000000002,0.0194,0.0195,0.019100000000000002,0.0196,0.0193,0.0196,0.0196,0.0195,0.0196,0.0194,0.0195,0.0199,0.0195,0.0195,0.019200000000000002,0.019200000000000002,0.0194,0.019700000000000002,0.0198,0.0199,0.0198,0.0198,0.0195,0.0193,0.0198,0.0196,0.0195,0.0196,0.0198,0.0199,0.0199,0.02,0.0196,0.0199,0.0198,0.02,0.0196,0.0196,0.0193,0.0196,0.0199,0.0199,0.0199,0.019700000000000002,0.0199,0.0195,0.02,0.0201,0.02,0.019700000000000002,0.0198,0.0196,0.02,0.0196,0.0199,0.020200000000000003,0.0201,0.0199,0.0195,0.0199,0.0199,0.02,0.0198,0.020300000000000002,0.0201,0.02,0.019700000000000002,0.019700000000000002,0.0199,0.0199,0.019700000000000002,0.0199,0.0199,0.0198,0.02,0.020200000000000003,0.0205,0.0198,0.0198,0.02,0.0199,0.0198,0.020200000000000003,0.020200000000000003,0.020300000000000002,0.0201,0.019700000000000002,0.0199,0.0201,0.020200000000000003,0.0198,0.0199,0.020200000000000003,0.0204,0.020300000000000002,0.0204,0.020300000000000002,0.020200000000000003,0.02,0.0198,0.0198,0.0199,0.0204,0.0198,0.0199,0.02,0.02,0.02,0.02,0.0199,0.0199,0.0199,0.0198,0.0198,0.0198,0.019700000000000002,0.019700000000000002,0.0196,0.0196,0.019700000000000002,0.019700000000000002,0.019700000000000002,0.0199,0.02,0.019700000000000002,0.019700000000000002
,0.027100000000000003,0.0181,0.0179,0.0183,0.0194,0.0189,0.019200000000000002,0.0194,0.019700000000000002,0.0194,0.0193,0.019200000000000002,0.0194,0.019200000000000002,0.019100000000000002,0.0196,0.0193,0.0193,0.0195,0.0196,0.019700000000000002,0.019700000000000002,0.0195,0.0194,0.019200000000000002,0.0195,0.0195,0.019200000000000002,0.019200000000000002,0.0194,0.019700000000000002,0.0198,0.0199,0.0201,0.02,0.019700000000000002,0.0198,0.02,0.020300000000000002,0.02,0.020200000000000003,0.0198,0.0201,0.020200000000000003,0.0199,0.0196,0.0199,0.0198,0.02,0.0196,0.0196,0.0193,0.0196,0.0199,0.0199,0.0199,0.0198,0.0199,0.0195,0.02,0.0201,0.0198,0.0199,0.020300000000000002,0.02,0.019700000000000002,0.020200000000000003,0.0198,0.020200000000000003,0.0199,0.02,0.0201,0.0199,0.0199,0.0199,0.020200000000000003,0.0201,0.019700000000000002,0.0198,0.0198,0.0196,0.0199,0.0201,0.0199,0.019700000000000002,0.0198,0.0199,0.0199,0.0198,0.0199,0.0201,0.0201,0.020300000000000002,0.020200000000000003,0.02,0.0199,0.0198,0.0198,0.0198,0.0198,0.02,0.019700000000000002,0.0196,0.0195,0.0193,0.0193,0.0195,0.0196,0.019700000000000002,0.02,0.0198,0.02,0.02,0.0198,0.0198,0.02,0.0193,0.0195,0.0196,0.0199,0.0198,0.0198,0.02,0.0198,0.0198,0.02,0.0199,0.0199,0.020300000000000002,0.0201,0.020300000000000002,0.0199,0.0199,0.0198,0.0198,0.0199,0.0198,0.0199,0.019700000000000002
,0.027100000000000003,0.0181,0.019100000000000002,0.0183,0.0184,0.0195,0.019200000000000002,0.0193,0.0195,0.0195,0.0193,0.019200000000000002,0.0194,0.0194,0.019100000000000002,0.0196,0.0193,0.0193,0.0195,0.0196,0.019700000000000002,0.019700000000000002,0.0195,0.0194,0.019200000000000002,0.0199,0.019700000000000002,0.02,0.019700000000000002,0.0198,0.019700000000000002,0.019700000000000002,0.0196,0.0199,0.019700000000000002,0.0201,0.020300000000000002,0.02,0.020300000000000002,0.02,0.020200000000000003,0.0198,0.0201,0.020200000000000003,0.0199,0.0196,0.0196,0.0195,0.019700000000000002,0.0196,0.02,0.0198,0.0199,0.0199,0.02,0.0196,0.019700000000000002,0.019700000000000002,0.02,0.0198,0.019700000000000002,0.0198,0.0199,0.0198,0.0196,0.02,0.0196,0.0199,0.0198,0.0201,0.0199,0.0195,0.0199,0.0198,0.02,0.0198,0.0201,0.019700000000000002,0.0198,0.0198,0.019700000000000002,0.0199,0.0201,0.0199,0.019700000000000002,0.0198,0.0199,0.0199,0.0198,0.0199,0.0201,0.0201,0.020300000000000002,0.020200000000000003,0.02,0.0199,0.0198,0.0198,0.0198,0.0198,0.02,0.019700000000000002,0.0196,0.0195,0.0193,0.0193,0.0195,0.0196,0.019700000000000002,0.02,0.0198,0.02,0.02,0.0198,0.0198,0.0196,0.0193,0.0195,0.0196,0.0199,0.0198,0.0198,0.02,0.0198,0.0198,0.02,0.0199,0.0199,0.020300000000000002,0.0201,0.020300000000000002,0.0199,0.0199,0.0198,0.0198,0.0199,0.0198,0.0199,0.019700000000000002
,0.0179,0.017,0.0179,0.0181,0.0184,0.019100000000000002,0.019200000000000002,0.0193,0.0195,0.0193,0.0193,0.019700000000000002,0.0194,0.0194,0.019100000000000002,0.0193,0.0188,0.019200000000000002,0.0194,0.0194,0.0198,0.019700000000000002,0.019700000000000002,0.0194,0.0198,0.0201,0.0199,0.0199,0.0196,0.019700000000000002,0.0198,0.0198,0.0198,0.0199,0.019700000000000002,0.0201,0.020300000000000002,0.019700000000000002,0.019700000000000002,0.0199,0.019700000000000002,0.0194,0.0199,0.019700000000000002,0.019700000000000002,0.0196,0.0196,0.0195,0.0195,0.0196,0.02,0.0198,0.0199,0.0199,0.02,0.0196,0.0198,0.019700000000000002,0.02,0.0198,0.019700000000000002,0.0196,0.0196,0.0194,0.0195,0.0198,0.020200000000000003,0.0198,0.0198,0.0199,0.02,0.0201,0.0199,0.0198,0.0199,0.020200000000000003,0.02,0.0198,0.0198,0.02,0.019700000000000002,0.019700000000000002,0.0196,0.0196,0.0196,0.019700000000000002,0.0198,0.019700000000000002,0.0199,0.02,0.02,0.019700000000000002,0.0199,0.0196,0.019700000000000002,0.0198,0.0195,0.0198,0.0196,0.0196,0.0199,0.0198,0.019700000000000002,0.019700000000000002,0.0199,0.0199,0.02,0.0199,0.0198,0.0198,0.0199,0.0198,0.019700000000000002,0.019700000000000002,0.019700000000000002,0.0196,0.019700000000000002,0.019700000000000002,0.019700000000000002,0.019700000000000002,0.019700000000000002,0.0199,0.0199,0.0199,0.0199,0.019700000000000002,0.0195,0.0196,0.0196,0.019700000000000002,0.0199,0.0199,0.0199,0.0199,0.019700000000000002,0.0198,0.02,0.02,0.0199
,0.017,0.017,0.0179,0.0181,0.019,0.019100000000000002,0.0187,0.019100000000000002,0.0194,0.0193,0.0194,0.0198,0.0193,0.019700000000000002,0.0194,0.019200000000000002,0.02,0.0198,0.0194,0.0194,0.019700000000000002,0.0196,0.02,0.0194,0.019700000000000002,0.0196,0.02,0.0199,0.0196,0.019700000000000002,0.0198,0.0198,0.0198,0.0199,0.0199,0.0198,0.0196,0.019700000000000002,0.019700000000000002,0.0194,0.019700000000000002,0.0193,0.0195,0.0195,0.019700000000000002,0.0198,0.0195,0.0194,0.019700000000000002,0.019700000000000002,0.019700000000000002,0.0199,0.0198,0.019700000000000002,0.0195,0.019700000000000002,0.0195,0.0198,0.0195,0.019700000000000002,0.0196,0.0196,0.0196,0.0194,0.0195,0.0198,0.0198,0.0199,0.0198,0.0199,0.019700000000000002,0.0198,0.019700000000000002,0.0195,0.0196,0.0195,0.02,0.0198,0.0198,0.02,0.019700000000000002,0.019700000000000002,0.0196,0.0196,0.0196,0.019700000000000002,0.0198,0.019700000000000002,0.0199,0.02,0.02,0.019700000000000002,0.0199,0.0196,0.019700000000000002,0.0198,0.0195,0.0198,0.0196,0.0196,0.0199,0.0198,0.019700000000000002,0.019700000000000002,0.0199,0.0199,0.02,0.0199,0.0198,0.0198,0.0199,0.0198,0.019700000000000002,0.019700000000000002,0.019700000000000002,0.019700000000000002,0.019700000000000002,0.019700000000000002,0.019700000000000002,0.019700000000000002,0.019700000000000002,0.0199,0.0199,0.0199,0.0199,0.019700000000000002,0.0195,0.0196,0.0196,0.019700000000000002,0.0199,0.0199,0.0199,0.0199,0.019700000000000002,0.0198,0.02,0.02,0.0199
,0.017,0.0196,0.0188,0.0189,0.019,0.0188,0.019200000000000002,0.0193,0.0195,0.0193,0.0196,0.0193,0.0193,0.02,0.019700000000000002,0.02,0.0193,0.0194,0.0198,0.0198,0.0194,0.0196,0.0198,0.02,0.0198,0.0201,0.0199,0.0195,0.0196,0.0198,0.02,0.019700000000000002,0.0199,0.0198,0.0199,0.0198,0.019700000000000002,0.0194,0.0193,0.0199,0.019700000000000002,0.0194,0.0199,0.019700000000000002,0.019700000000000002,0.0198,0.0195,0.0194,0.0195,0.0199,0.0194,0.0199,0.0198,0.019700000000000002,0.0201,0.0201,0.0201,0.0201,0.02,0.02,0.02,0.0196,0.0195,0.0199,0.0193,0.0199,0.0198,0.0199,0.0198,0.0199,0.019700000000000002,0.0198,0.019700000000000002,0.0195,0.0196,0.0195,0.0196,0.0195,0.0196,0.0194,0.0199,0.0195,0.0199,0.0196,0.019700000000000002,0.0198,0.0196,0.019700000000000002,0.0196,0.0196,0.0196,0.0195,0.0195,0.0196,0.0196,0.0196,0.0196,0.019200000000000002,0.0195,0.0194,0.019100000000000002,0.0194,0.0194,0.0196,0.019700000000000002,0.0198,0.0195,0.0199,0.019700000000000002,0.019700000000000002,0.0199,0.0199,0.0199,0.0198,0.0198,0.019700000000000002,0.0196,0.019700000000000002,0.019700000000000002,0.019700000000000002,0.0193,0.0195,0.0195,0.0198,0.0196,0.0199,0.02,0.0199,0.0201,0.019700000000000002,0.0198,0.019700000000000002,0.019700000000000002,0.0195,0.0195,0.019700000000000002,0.0198,0.02,0.0196
,0.0351,0.0184,0.0188,0.0189,0.0181,0.0188,0.019200000000000002,0.019100000000000002,0.0194,0.0195,0.0196,0.0193,0.0193,0.0193,0.0196,0.019700000000000002,0.0196,0.0194,0.02,0.019700000000000002,0.0198,0.0199,0.019100000000000002,0.02,0.0198,0.0199,0.0198,0.019700000000000002,0.0199,0.0201,0.0199,0.0198,0.0194,0.0199,0.019700000000000002,0.0194,0.0196,0.0194,0.0193,0.0194,0.019700000000000002,0.0193,0.0195,0.0195,0.019700000000000002,0.0198,0.0194,0.02,0.0193,0.0199,0.019700000000000002,0.0196,0.0196,0.0195,0.020200000000000003,0.020300000000000002,0.020200000000000003,0.0204,0.0201,0.02,0.020300000000000002,0.0201,0.0201,0.0204,0.0204,0.0204,0.019200000000000002,0.0198,0.0194,0.019700000000000002,0.019700000000000002,0.0199,0.0196,0.0196,0.0195,0.0195,0.0201,0.02,0.020300000000000002,0.020300000000000002,0.020200000000000003,0.020200000000000003,0.02,0.02,0.0198,0.0201,0.02,0.02,0.0201,0.020300000000000002,0.020200000000000003,0.0201,0.0201,0.020300000000000002,0.020300000000000002,0.02,0.0201,0.02,0.0199,0.0199,0.0199,0.019700000000000002,0.020300000000000002,0.020200000000000003,0.0198,0.0198,0.0198,0.0198,0.0199,0.0199,0.020200000000000003,0.0199,0.02,0.02,0.020200000000000003,0.019700000000000002,0.02,0.0199,0.02,0.0201,0.0199,0.0201,0.020300000000000002,0.020200000000000003,0.0199,0.0198,0.0204,0.0199,0.02,0.02,0.0201,0.0201,0.0199,0.0201,0.0199,0.02,0.02,0.02,0.02
,0.0351,0.019,0.0195,0.019,0.0181,0.019100000000000002,0.0187,0.018600000000000002,0.019100000000000002,0.0195,0.0194,0.0196,0.0193,0.0193,0.0193,0.0198,0.020200000000000003,0.0195,0.019700000000000002,0.0199,0.0198,0.019700000000000002,0.0198,0.019200000000000002,0.019700000000000002,0.0194,0.0193,0.0196,0.0198,0.0201,0.0199,0.0198,0.0194,0.0194,0.02,0.0194,0.019700000000000002,0.0198,0.0196,0.0194,0.019700000000000002,0.0195,0.0196,0.019700000000000002,0.0195,0.0198,0.0198,0.0198,0.0198,0.020200000000000003,0.020200000000000003,0.0201,0.020200000000000003,0.0201,0.0196,0.0196,0.0196,0.0196,0.019700000000000002,0.0198,0.0198,0.0201,0.020300000000000002,0.02,0.020200000000000003,0.020300000000000002,0.0205,0.020300000000000002,0.020300000000000002,0.0204,0.020300000000000002,0.020200000000000003,0.0204,0.020200000000000003,0.02,0.0199,0.020300000000000002,0.02,0.020200000000000003,0.020300000000000002,0.020200000000000003,0.02,0.019700000000000002,0.019700000000000002,0.02,0.020200000000000003,0.020200000000000003,0.0201,0.020200000000000003,0.02,0.020200000000000003,0.0205,0.0205,0.0207,0.0199,0.0201,0.0201,0.020300000000000002,0.020200000000000003,0.02,0.0198,0.0201,0.0198,0.019700000000000002,0.020300000000000002,0.02,0.0204,0.0205,0.020300000000000002,0.0204,0.020200000000000003,0.020200000000000003,0.020300000000000002,0.0205,0.020200000000000003,0.0199,0.0201,0.020300000000000002,0.0204,0.02,0.0199,0.0201,0.020300000000000002,0.020300000000000002,0.020200000000000003,0.0198,0.02,0.020200000000000003,0.020300000000000002,0.020200000000000003,0.020200000000000003,0.02,0.0204,0.0195,0.019700000000000002,0.02,0.0199,0.02,0.0201
,0.0175,0.0181,0.018500000000000003,0.0188,0.019,0.0193,0.0184,0.018600000000000002,0.019100000000000002,0.0193,0.0195,0.0193,0.019100000000000002,0.0195,0.0196,0.0198,0.020200000000000003,0.0195,0.019700000000000002,0.0199,0.0198,0.019700000000000002,0.0198,0.0198,0.0196,0.0194,0.0196,0.0194,0.0199,0.0201,0.02,0.0195,0.0195,0.0194,0.019700000000000002,0.0195,0.02,0.0194,0.02,0.0198,0.0196,0.0201,0.0199,0.0196,0.0198,0.0198,0.0198,0.0198,0.0198,0.0196,0.0196,0.02,0.02,0.02,0.019700000000000002,0.0199,0.019700000000000002,0.02,0.0199,0.020300000000000002,0.02,0.0199,0.0199,0.020300000000000002,0.0199,0.02,0.020300000000000002,0.02,0.0198,0.0199,0.02,0.02,0.0204,0.0201,0.0199,0.02,0.0057,0.0058000000000000005,0.0059,0.006,0.006200000000000001,0.006200000000000001,0.0063,0.006500000000000001,0.0068000000000000005,0.007,0.0071,0.0073,0.0074,0.0076,0.0078000000000000005,0.0079,0.008,0.0083,0.0086,0.008700000000000001,0.0089,0.009000000000000001,0.0091,0.0091,0.009300000000000001,0.0095,0.0099,0.01,0.0103,0.010400000000000001,0.0106,0.010700000000000001,0.0109,0.0111,0.0115,0.011600000000000001,0.012,0.012100000000000001,0.0123,0.02,0.0126,0.0126,0.013000000000000001,0.013300000000000001,0.0135,0.0137,0.013900000000000001,0.0142,0.0143,0.014400000000000001,0.015000000000000001,0.015000000000000001,0.0152,0.0152,0.0155,0.0158,0.0158,0.020300000000000002,0.0206,0.020800000000000003,0.0204,0.0204,0.0205
,0.0194,0.0184,0.0188,0.019,0.019100000000000002,0.019100000000000002,0.0184,0.018500000000000003,0.0188,0.0193,0.0195,0.0193,0.019100000000000002,0.019100000000000002,0.0193,0.0195,0.0199,0.019700000000000002,0.0196,0.019700000000000002,0.0198,0.0199,0.019700000000000002,0.019700000000000002,0.019700000000000002,0.0194,0.0196,0.0196,0.0194,0.0194,0.0194,0.0196,0.0195,0.0198,0.0195,0.0198,0.0194,0.019700000000000002,0.0199,0.02,0.0201,0.019700000000000002,0.019700000000000002,0.0196,0.0198,0.0199,0.02,0.0201,0.02,0.0199,0.0201,0.0201,0.0196,0.0198,0.0195,0.0196,0.0198,0.02,0.0199,0.0201,0.0201,0.0198,0.0199,0.019700000000000002,0.019700000000000002,0.0198,0.02,0.0199,0.019700000000000002,0.0199,0.0195,0.0194,0.0051,0.005200000000000001,0.0054,0.0055000000000000005,0.019700000000000002,0.019700000000000002,0.019700000000000002,0.0195,0.0198,0.0198,0.0195,0.019700000000000002,0.0196,0.0199,0.0199,0.019700000000000002,0.0194,0.0193,0.0195,0.0198,0.0198,0.019700000000000002,0.0193,0.0194,0.019700000000000002,0.0198,0.0199,0.0194,0.0193,0.0196,0.0199,0.0198,0.0195,0.019200000000000002,0.0198,0.0196,0.0201,0.0195,0.0196,0.0201,0.0196,0.0193,0.0198,0.012400000000000001,0.019700000000000002,0.0194,0.0198,0.0196,0.0198,0.0193,0.019700000000000002,0.0199,0.0195,0.0194,0.019700000000000002,0.0199,0.019700000000000002,0.019700000000000002,0.0201,0.0196,0.0193,0.0161,0.0164,0.0166,0.0165,0.016900000000000002,0.0172
,0.0206,0.0181,0.0188,0.019100000000000002,0.019100000000000002,0.0182,0.0198,0.018500000000000003,0.0188,0.0187,0.0193,0.019200000000000002,0.0196,0.019100000000000002,0.0193,0.0195,0.0199,0.019700000000000002,0.0196,0.019700000000000002,0.0198,0.0199,0.019700000000000002,0.019700000000000002,0.019700000000000002,0.0196,0.0194,0.019200000000000002,0.0195,0.0198,0.0194,0.0195,0.0201,0.019200000000000002,0.0198,0.0198,0.0201,0.0201,0.020200000000000003,0.0198,0.0201,0.02,0.02,0.0196,0.0196,0.02,0.019700000000000002,0.0199,0.0205,0.02,0.019700000000000002,0.0196,0.02,0.020300000000000002,0.0195,0.019700000000000002,0.019700000000000002,0.0195,0.019700000000000002,0.0196,0.0195,0.0201,0.0199,0.019700000000000002,0.0199,0.0198,0.019700000000000002,0.0198,0.0198,0.0196,0.0198,0.0199,0.0193,0.0196,0.019700000000000002,0.0199,0.0198,0.0199,0.0195,0.0196,0.0199,0.0198,0.0199,0.02,0.0201,0.0199,0.02,0.02,0.0201,0.02,0.0201,0.0198,0.0199,0.02,0.0198,0.0198,0.019700000000000002,0.019700000000000002,0.019700000000000002,0.0196,0.0196,0.0196,0.0196,0.0199,0.0196,0.0199,0.0198,0.0196,0.02,0.019700000000000002,0.0196,0.0198,0.0195,0.0196,0.019700000000000002,0.0195,0.0198,0.0201,0.02,0.0195,0.019700000000000002,0.0196,0.019700000000000002,0.0198,0.019700000000000002,0.020300000000000002,0.020300000000000002,0.0198,0.019700000000000002,0.0194,0.0194,0.0199,0.02,0.020200000000000003,0.0201,0.0199,0.0196,0.0196,0.0198
,0.016800000000000002,0.0184,0.0182,0.0187,0.0199,0.0182,0.0193,0.0196,0.019700000000000002,0.0196,0.0193,0.019200000000000002,0.0196,0.019200000000000002,0.019100000000000002,0.019200000000000002,0.019200000000000002,0.0194,0.0196,0.019,0.0198,0.0194,0.019200000000000002,0.0194,0.019200000000000002,0.0196,0.0194,0.019200000000000002,0.0195,0.0194,0.019200000000000002,0.019100000000000002,0.019100000000000002,0.019700000000000002,0.019700000000000002,0.02,0.0199,0.0193,0.0195,0.0196,0.0194,0.019700000000000002,0.019700000000000002,0.0196,0.0198,0.0198,0.0198,0.020200000000000003,0.0199,0.0195,0.019700000000000002,0.019700000000000002,0.019700000000000002,0.0196,0.0198,0.0194,0.019700000000000002,0.0198,0.019700000000000002,0.019700000000000002,0.02,0.0194,0.0198,0.019700000000000002,0.0195,0.019200000000000002,0.0196,0.0199,0.0198,0.0196,0.019700000000000002,0.0198,0.02,0.020200000000000003,0.0199,0.0201,0.02,0.0199,0.020300000000000002,0.0201,0.0204,0.0199,0.019700000000000002,0.0195,0.0198,0.0198,0.019700000000000002,0.0198,0.0198,0.0199,0.02,0.020200000000000003,0.020200000000000003,0.019700000000000002,0.0199,0.0198,0.0198,0.0198,0.0198,0.0196,0.0198,0.0199,0.019700000000000002,0.0194,0.0198,0.02,0.0201,0.02,0.0199,0.02,0.0199,0.0198,0.0199,0.0199,0.02,0.019700000000000002,0.0199,0.0199,0.020200000000000003,0.0201,0.020200000000000003,0.020300000000000002,0.020200000000000003,0.020200000000000003,0.0201,0.02,0.0199,0.02,0.02,0.020200000000000003,0.0201,0.020200000000000003,0.020200000000000003,0.020200000000000003,0.020200000000000003,0.020200000000000003,0.020200000000000003,0.0201,0.0201
,0.016800000000000002,0.0181,0.019,0.0194,0.0188,0.0198,0.019700000000000002,0.0193,0.0194,0.0187,0.019700000000000002,0.0199,0.0201,0.019200000000000002,0.019100000000000002,0.019200000000000002,0.019200000000000002,0.0194,0.0196,0.019,0.0198,0.0194,0.019200000000000002,0.0194,0.019200000000000002,0.0199,0.019200000000000002,0.0193,0.019200000000000002,0.019200000000000002,0.019200000000000002,0.019700000000000002,0.0196,0.02,0.0193,0.0194,0.0193,0.0193,0.0195,0.0196,0.0194,0.0199,0.019700000000000002,0.02,0.0199,0.0199,0.020200000000000003,0.019700000000000002,0.02,0.0199,0.0198,0.0195,0.0193,0.019700000000000002,0.0199,0.0199,0.019200000000000002,0.0199,0.0196,0.0194,0.0196,0.02,0.0196,0.0196,0.019700000000000002,0.02,0.0199,0.019700000000000002,0.0195,0.0194,0.0199,0.0194,0.019700000000000002,0.019700000000000002,0.0196,0.0198,0.0194,0.0195,0.02,0.0193,0.0195,0.0195,0.0193,0.0196,0.0196,0.0193,0.019100000000000002,0.019200000000000002,0.0194,0.0195,0.0195,0.0195,0.0195,0.0195,0.0196,0.0196,0.0195,0.0194,0.0193,0.019100000000000002,0.019100000000000002,0.0194,0.0196,0.0194,0.019200000000000002,0.0194,0.019700000000000002,0.0198,0.0199,0.0196,0.019700000000000002,0.0199,0.0199,0.0199,0.0199,0.02,0.019700000000000002,0.0199,0.0199,0.0201,0.02,0.02,0.0196,0.019700000000000002,0.0195,0.0198,0.0195,0.0195,0.0198,0.0196,0.0195,0.019700000000000002,0.0199,0.0196,0.0198,0.0198,0.019700000000000002,0.0196,0.02
,0.0171,0.0187,0.019,0.0189,0.0194,0.0189,0.0189,0.019700000000000002,0.0198,0.019100000000000002,0.0184,0.018500000000000003,0.019200000000000002,0.0198,0.0199,0.019700000000000002,0.0201,0.0198,0.0198,0.0198,0.0198,0.019100000000000002,0.0194,0.0194,0.0193,0.0198,0.0199,0.019700000000000002,0.020200000000000003,0.02,0.0196,0.020300000000000002,0.020300000000000002,0.0193,0.0195,0.0195,0.0196,0.0194,0.0196,0.019700000000000002,0.0193,0.0196,0.0198,0.020300000000000002,0.0198,0.0196,0.0195,0.019700000000000002,0.0196,0.019700000000000002,0.0199,0.0198,0.0193,0.019700000000000002,0.019700000000000002,0.0199,0.0198,0.0199,0.0199,0.019700000000000002,0.019700000000000002,0.0198,0.0195,0.0196,0.0199,0.019700000000000002,0.0194,0.0198,0.0198,0.0199,0.0196,0.02,0.0194,0.0194,0.02,0.0193,0.019700000000000002,0.0193,0.0196,0.0196,0.0195,0.0195,0.0193,0.0196,0.0196,0.0193,0.019100000000000002,0.019200000000000002,0.0194,0.0195,0.0195,0.0195,0.0195,0.0195,0.0196,0.0196,0.0195,0.0194,0.0193,0.019100000000000002,0.019100000000000002,0.0194,0.0196,0.0194,0.0199,0.020200000000000003,0.02,0.019700000000000002,0.0195,0.0196,0.019700000000000002,0.0196,0.0198,0.019700000000000002,0.0196,0.0198,0.019700000000000002,0.019700000000000002,0.0199,0.0194,0.0196,0.0198,0.0196,0.0193,0.0196,0.0195,0.019700000000000002,0.0194,0.0198,0.0198,0.02,0.020300000000000002,0.0199,0.0196,0.0198,0.0198,0.019700000000000002,0.0196,0.02
,0.0171,0.0187,0.0193,0.019200000000000002,0.0189,0.019700000000000002,0.019200000000000002,0.0188,0.019100000000000002,0.0195,0.0193,0.0198,0.0194,0.0189,0.019,0.019,0.0189,0.019700000000000002,0.019200000000000002,0.0194,0.019200000000000002,0.0196,0.0196,0.0198,0.0201,0.0188,0.0195,0.0196,0.0195,0.0196,0.019,0.019700000000000002,0.0196,0.0193,0.0195,0.0195,0.0196,0.02,0.0195,0.02,0.0196,0.02,0.019700000000000002,0.0194,0.0195,0.0194,0.0194,0.0194,0.019700000000000002,0.0194,0.0196,0.0196,0.0198,0.0196,0.019200000000000002,0.0196,0.0194,0.0196,0.0194,0.0194,0.0196,0.0198,0.0195,0.0195,0.0193,0.0195,0.0193,0.0196,0.0195,0.0196,0.0199,0.0193,0.0201,0.0195,0.019200000000000002,0.0194,0.019700000000000002,0.0193,0.0196,0.0193,0.0196,0.019700000000000002,0.0196,0.0195,0.0196,0.0194,0.0198,0.0195,0.019700000000000002,0.0193,0.02,0.020300000000000002,0.02,0.0193,0.0196,0.0198,0.0196,0.02,0.0201,0.02,0.0196,0.0196,0.0195,0.0195,0.019200000000000002,0.0194,0.019700000000000002,0.0198,0.0195,0.0196,0.019700000000000002,0.0196,0.0198,0.019700000000000002,0.0196,0.0196,0.0196,0.019200000000000002,0.0199,0.0194,0.0196,0.0198,0.0196,0.0193,0.0196,0.0198,0.0195,0.0195,0.019700000000000002,0.0196,0.0195,0.019700000000000002,0.02,0.0196,0.0199,0.02,0.0199,0.02,0.019700000000000002
,0.0172,0.0195,0.0193,0.0189,0.019100000000000002,0.0189,0.0188,0.0195,0.0189,0.0189,0.0184,0.018500000000000003,0.019200000000000002,0.0195,0.0194,0.0193,0.0196,0.019,0.018600000000000002,0.0194,0.019200000000000002,0.0194,0.019200000000000002,0.019200000000000002,0.0193,0.0188,0.0195,0.0196,0.0195,0.0196,0.019,0.019700000000000002,0.0196,0.0194,0.0198,0.0199,0.0196,0.0194,0.0199,0.0198,0.02,0.019700000000000002,0.0196,0.0194,0.0194,0.0199,0.0196,0.0198,0.02,0.019700000000000002,0.0199,0.02,0.0198,0.019700000000000002,0.019200000000000002,0.0193,0.0194,0.0196,0.0194,0.0194,0.019700000000000002,0.0195,0.0199,0.0201,0.0193,0.019700000000000002,0.0193,0.0196,0.0195,0.0196,0.0199,0.0193,0.0195,0.0198,0.0196,0.0194,0.0199,0.0201,0.02,0.020200000000000003,0.02,0.0195,0.019700000000000002,0.0193,0.02,0.020200000000000003,0.02,0.0195,0.0195,0.0194,0.0194,0.019700000000000002,0.0198,0.0196,0.0195,0.0195,0.0195,0.0195,0.0196,0.0194,0.019200000000000002,0.019200000000000002,0.0196,0.0196,0.019700000000000002,0.019700000000000002,0.0196,0.0199,0.0194,0.019700000000000002,0.0198,0.0194,0.019700000000000002,0.0195,0.019700000000000002,0.0193,0.019700000000000002,0.019700000000000002,0.019700000000000002,0.0199,0.019700000000000002,0.0195,0.0198,0.0199,0.019700000000000002,0.0195,0.0193,0.0198,0.02,0.0199,0.0195,0.0196,0.019700000000000002,0.019700000000000002,0.0196,0.0198,0.019700000000000002,0.019700000000000002,0.019200000000000002
,0.0178,0.0195,0.0188,0.0193,0.0193,0.019200000000000002,0.0194,0.0187,0.0194,0.0189,0.019,0.0193,0.0189,0.0189,0.019,0.019,0.0189,0.019100000000000002,0.0195,0.0193,0.019100000000000002,0.0193,0.0195,0.019200000000000002,0.0193,0.0195,0.0193,0.019700000000000002,0.0198,0.019700000000000002,0.0199,0.0198,0.0198,0.019700000000000002,0.0199,0.0199,0.0193,0.019700000000000002,0.0198,0.0198,0.0196,0.02,0.0198,0.0194,0.0199,0.0198,0.019700000000000002,0.0196,0.0198,0.0193,0.019100000000000002,0.019200000000000002,0.0193,0.0193,0.0194,0.0196,0.0193,0.0193,0.0193,0.0194,0.0198,0.0195,0.0195,0.0195,0.0199,0.0196,0.019700000000000002,0.0199,0.02,0.02,0.0195,0.0196,0.0195,0.0195,0.019200000000000002,0.0196,0.0196,0.019700000000000002,0.0198,0.0195,0.0198,0.02,0.0201,0.02,0.0199,0.02,0.0199,0.020300000000000002,0.020300000000000002,0.0201,0.0199,0.019700000000000002,0.0196,0.02,0.0201,0.0201,0.0201,0.0198,0.019700000000000002,0.0199,0.0198,0.0198,0.02,0.019200000000000002,0.0198,0.019700000000000002,0.0193,0.0196,0.0194,0.019700000000000002,0.0198,0.0194,0.019700000000000002,0.0195,0.019700000000000002,0.0196,0.0196,0.019200000000000002,0.019700000000000002,0.0199,0.019700000000000002,0.0195,0.0198,0.0199,0.019700000000000002,0.0195,0.0193,0.0198,0.02,0.0199,0.0195,0.0196,0.019700000000000002,0.019700000000000002,0.0196,0.019700000000000002,0.0196,0.0196,0.019200000000000002
,0.0172,0.0176,0.0195,0.0193,0.0193,0.018500000000000003,0.019,0.0195,0.0198,0.0194,0.02,0.0196,0.019,0.0194,0.019200000000000002,0.019200000000000002,0.019200000000000002,0.019,0.018600000000000002,0.0193,0.019700000000000002,0.0196,0.019200000000000002,0.019200000000000002,0.019200000000000002,0.0198,0.02,0.0194,0.0194,0.0195,0.0196,0.019700000000000002,0.02,0.02,0.02,0.0194,0.0196,0.0195,0.019700000000000002,0.0198,0.0196,0.0196,0.0196,0.0196,0.0193,0.0199,0.0198,0.0196,0.0199,0.0193,0.019100000000000002,0.019200000000000002,0.0193,0.0193,0.0194,0.0193,0.0193,0.0193,0.0193,0.0194,0.0198,0.0196,0.0195,0.0194,0.0194,0.0195,0.0195,0.019700000000000002,0.0198,0.0194,0.019700000000000002,0.0195,0.019700000000000002,0.0201,0.0201,0.0196,0.019700000000000002,0.0195,0.0193,0.0193,0.0194,0.0196,0.0194,0.0193,0.0194,0.0195,0.0195,0.0195,0.019200000000000002,0.019100000000000002,0.019100000000000002,0.0194,0.0194,0.0195,0.019700000000000002,0.019700000000000002,0.019700000000000002,0.0196,0.019700000000000002,0.0196,0.0199,0.0199,0.019700000000000002,0.0199,0.0198,0.019700000000000002,0.0193,0.0199,0.019200000000000002,0.0195,0.0194,0.0195,0.0198,0.0198,0.019700000000000002,0.0193,0.0196,0.0195,0.0196,0.0194,0.0194,0.0195,0.0194,0.019700000000000002,0.019700000000000002,0.019700000000000002,0.0195,0.0196,0.019700000000000002,0.0195,0.0193,0.0193,0.0193,0.019700000000000002,0.0196,0.0198,0.019700000000000002,0.019700000000000002,0.0194
,0.0183,0.0176,0.0187,0.0189,0.0196,0.0187,0.019,0.0189,0.0187,0.019700000000000002,0.0188,0.019200000000000002,0.0195,0.0188,0.019100000000000002,0.019200000000000002,0.0193,0.019100000000000002,0.019,0.0194,0.019200000000000002,0.0194,0.019200000000000002,0.0196,0.0193,0.0198,0.0193,0.0198,0.0198,0.0193,0.019700000000000002,0.0196,0.0194,0.0195,0.019200000000000002,0.0199,0.0193,0.0196,0.019700000000000002,0.019700000000000002,0.0199,0.0199,0.019700000000000002,0.019700000000000002,0.0198,0.019700000000000002,0.0195,0.0193,0.0195,0.019700000000000002,0.019700000000000002,0.0195,0.019700000000000002,0.0199,0.0194,0.019700000000000002,0.0198,0.0193,0.0198,0.019700000000000002,0.0196,0.0196,0.0195,0.0194,0.0194,0.0195,0.019700000000000002,0.0196,0.0198,0.0195,0.019700000000000002,0.0194,0.0195,0.0195,0.019700000000000002,0.0196,0.019700000000000002,0.0195,0.0193,0.0193,0.0194,0.0196,0.0194,0.0193,0.0194,0.0195,0.0195,0.0195,0.019200000000000002,0.019100000000000002,0.019100000000000002,0.0194,0.0194,0.0195,0.019700000000000002,0.019700000000000002,0.019700000000000002,0.0196,0.019700000000000002,0.0199,0.0198,0.0198,0.02,0.02,0.0196,0.0194,0.019200000000000002,0.019200000000000002,0.019200000000000002,0.0194,0.0194,0.0193,0.0195,0.0196,0.019700000000000002,0.0196,0.0198,0.019700000000000002,0.0194,0.0196,0.0196,0.0194,0.0193,0.0195,0.0196,0.0196,0.0198,0.019700000000000002,0.019700000000000002,0.0195,0.0193,0.0193,0.0193,0.019700000000000002,0.0196,0.019700000000000002,0.0196,0.0196,0.0194
,0.0183,0.019200000000000002,0.019,0.019100000000000002,0.0196,0.018500000000000003,0.0193,0.0189,0.0187,0.0189,0.0195,0.0196,0.0194,0.019700000000000002,0.0194,0.0196,0.0195,0.0195,0.0198,0.0196,0.019700000000000002,0.0198,0.02,0.019700000000000002,0.0198,0.0198,0.0199,0.0198,0.0195,0.0198,0.02,0.0196,0.0199,0.0196,0.0193,0.0195,0.0193,0.0194,0.019700000000000002,0.0198,0.019700000000000002,0.0195,0.0194,0.0196,0.0193,0.019700000000000002,0.0195,0.0193,0.0195,0.019700000000000002,0.019700000000000002,0.0195,0.019700000000000002,0.0199,0.0194,0.019700000000000002,0.0198,0.0193,0.0198,0.019700000000000002,0.0196,0.0196,0.0196,0.0194,0.0196,0.019700000000000002,0.019700000000000002,0.0196,0.0198,0.0195,0.019700000000000002,0.0194,0.0193,0.0198,0.019700000000000002,0.0196,0.0195,0.0195,0.019700000000000002,0.0193,0.0194,0.0199,0.0194,0.0195,0.019700000000000002,0.019700000000000002,0.0194,0.0196,0.019700000000000002,0.0193,0.0199,0.0199,0.0195,0.0196,0.019700000000000002,0.0198,0.0196,0.019700000000000002,0.0195,0.0195,0.0199,0.0193,0.02,0.019200000000000002,0.02,0.0201,0.019200000000000002,0.019200000000000002,0.019200000000000002,0.0194,0.0194,0.0193,0.0195,0.0196,0.019700000000000002,0.0198,0.0198,0.019700000000000002,0.0196,0.0194,0.0194,0.0195,0.0194,0.019700000000000002,0.019700000000000002,0.019700000000000002,0.0195,0.0196,0.0194,0.0193,0.0194,0.0194,0.0196,0.02,0.019700000000000002,0.019700000000000002,0.0198,0.0193,0.0194
,0.0184,0.018000000000000002,0.018500000000000003,0.018000000000000002,0.019,0.0195,0.0193,0.019,0.0189,0.0189,0.0196,0.019100000000000002,0.0195,0.0198,0.0196,0.019700000000000002,0.0198,0.019700000000000002,0.019700000000000002,0.019200000000000002,0.019700000000000002,0.0199,0.0199,0.0198,0.0196,0.0194,0.0195,0.0196,0.0196,0.0195,0.0193,0.0194,0.0199,0.019700000000000002,0.0198,0.0199,0.0198,0.0195,0.019700000000000002,0.0195,0.019700000000000002,0.0195,0.0194,0.0196,0.0193,0.0196,0.0194,0.0196,0.019700000000000002,0.0196,0.019700000000000002,0.0196,0.0196,0.019700000000000002,0.0193,0.0194,0.0196,0.019700000000000002,0.0193,0.0195,0.019700000000000002,0.0196,0.0196,0.0194,0.0196,0.019700000000000002,0.0199,0.019700000000000002,0.0198,0.019700000000000002,0.0195,0.0194,0.0193,0.0198,0.019700000000000002,0.0196,0.0195,0.0199,0.019700000000000002,0.0195,0.0194,0.019700000000000002,0.019700000000000002,0.0196,0.0196,0.0193,0.019700000000000002,0.0199,0.019700000000000002,0.019200000000000002,0.0193,0.0199,0.0195,0.0196,0.019700000000000002,0.0198,0.0196,0.019700000000000002,0.0195,0.0195,0.0199,0.0193,0.019700000000000002,0.0199,0.0196,0.0194,0.0199,0.02,0.0198,0.02,0.0204,0.020300000000000002,0.020300000000000002,0.0204,0.02,0.0198,0.02,0.0199,0.0199,0.020200000000000003,0.0199,0.0201,0.0198,0.02,0.0199,0.02,0.0201,0.019700000000000002,0.0196,0.019700000000000002,0.0196,0.0196,0.0198,0.02,0.02,0.02,0.0201,0.020200000000000003,0.0204
,0.0158,0.0171,0.0178,0.0184,0.0181,0.019200000000000002,0.0195,0.019,0.0189,0.019700000000000002,0.019200000000000002,0.0195,0.0194,0.019200000000000002,0.0193,0.0194,0.019200000000000002,0.0195,0.019200000000000002,0.0196,0.0196,0.0195,0.0194,0.0195,0.0195,0.0201,0.019700000000000002,0.0198,0.019700000000000002,0.0198,0.0195,0.0196,0.0196,0.0193,0.0195,0.0193,0.0199,0.0195,0.019700000000000002,0.0195,0.0196,0.0194,0.0195,0.0198,0.0195,0.0196,0.0194,0.0196,0.019700000000000002,0.0196,0.019700000000000002,0.0196,0.0196,0.019700000000000002,0.0193,0.0194,0.0196,0.019700000000000002,0.0193,0.0195,0.019700000000000002,0.0196,0.0198,0.019700000000000002,0.0196,0.019700000000000002,0.0199,0.019700000000000002,0.0198,0.019700000000000002,0.0195,0.0194,0.0195,0.0195,0.0194,0.019200000000000002,0.0195,0.0199,0.019700000000000002,0.0195,0.0194,0.019700000000000002,0.019700000000000002,0.0196,0.0196,0.0193,0.019700000000000002,0.0199,0.019700000000000002,0.0193,0.0199,0.019700000000000002,0.019100000000000002,0.0194,0.019700000000000002,0.0196,0.0195,0.019700000000000002,0.0196,0.0196,0.0195,0.019700000000000002,0.0195,0.019200000000000002,0.0194,0.0193,0.0194,0.0195,0.0196,0.0194,0.0196,0.019700000000000002,0.019100000000000002,0.019100000000000002,0.019200000000000002,0.0199,0.0194,0.0193,0.019700000000000002,0.019200000000000002,0.0196,0.019700000000000002,0.0193,0.0193,0.0196,0.0194,0.0194,0.0195,0.019700000000000002,0.0195,0.019200000000000002,0.0194,0.0194,0.0194,0.0193,0.0196,0.0196,0.0196,0.019700000000000002
,0.0166,0.0181,0.018500000000000003,0.0184,0.0195,0.019200000000000002,0.0111,0.019700000000000002,0.0193,0.0106,0.019200000000000002,0.0196,0.0089,0.0196,0.0194,0.0195,0.0195,0.0198,0.0195,0.019700000000000002,0.0196,0.019200000000000002,0.0194,0.0196,0.0198,0.0193,0.019200000000000002,0.0193,0.019200000000000002,0.0194,0.019700000000000002,0.0199,0.0195,0.0193,0.0195,0.0193,0.0199,0.0196,0.019100000000000002,0.019200000000000002,0.0194,0.0195,0.0195,0.0193,0.019700000000000002,0.0194,0.019700000000000002,0.0195,0.0193,0.0195,0.019700000000000002,0.019700000000000002,0.0201,0.019700000000000002,0.0194,0.02,0.0196,0.019700000000000002,0.019700000000000002,0.0199,0.0196,0.0196,0.0198,0.019700000000000002,0.0196,0.019700000000000002,0.0195,0.0195,0.0193,0.0193,0.0195,0.019700000000000002,0.0195,0.0195,0.0194,0.019200000000000002,0.0194,0.0196,0.0194,0.0195,0.019700000000000002,0.0198,0.0198,0.0196,0.0194,0.0193,0.019100000000000002,0.0195,0.0196,0.019700000000000002,0.0198,0.0195,0.0194,0.0196,0.0194,0.0196,0.0198,0.0198,0.02,0.02,0.019700000000000002,0.0195,0.0195,0.0196,0.0194,0.0198,0.0198,0.0198,0.019700000000000002,0.019700000000000002,0.019700000000000002,0.0198,0.019200000000000002,0.0196,0.019700000000000002,0.019200000000000002,0.019700000000000002,0.019700000000000002,0.019700000000000002,0.019700000000000002,0.0196,0.0199,0.0195,0.0194,0.0195,0.0195,0.0196,0.0194,0.0196,0.019700000000000002,0.0198,0.0196,0.0196,0.0196,0.0194,0.0194,0.0195,0.0195,0.0194
,0.025400000000000002,0.019100000000000002,0.0181,0.019100000000000002,0.01,0.0196,0.019100000000000002,0.011300000000000001,0.010700000000000001,0.0189,0.019700000000000002,0.0195,0.0194,0.0083,0.007500000000000001,0.0071,0.0063,0.006,0.0054,0.019100000000000002,0.0194,0.0195,0.0198,0.019700000000000002,0.019700000000000002,0.019200000000000002,0.019200000000000002,0.0195,0.019200000000000002,0.019100000000000002,0.0194,0.0195,0.0193,0.019700000000000002,0.019700000000000002,0.019200000000000002,0.0198,0.0196,0.019100000000000002,0.019200000000000002,0.0194,0.0196,0.0195,0.0193,0.0195,0.0193,0.019700000000000002,0.0195,0.0193,0.0194,0.019700000000000002,0.019200000000000002,0.0193,0.0201,0.0201,0.0201,0.019700000000000002,0.02,0.019700000000000002,0.0199,0.0196,0.0196,0.019100000000000002,0.019200000000000002,0.0194,0.019200000000000002,0.0195,0.0195,0.0199,0.0195,0.0196,0.0196,0.0195,0.0196,0.0195,0.0196,0.0199,0.019700000000000002,0.0199,0.0198,0.019700000000000002,0.0198,0.0198,0.0196,0.0194,0.0193,0.019100000000000002,0.0195,0.0196,0.019700000000000002,0.0198,0.0195,0.0194,0.0196,0.0194,0.0196,0.0198,0.0198,0.02,0.02,0.019700000000000002,0.0195,0.0195,0.0196,0.0194,0.0198,0.0198,0.0198,0.019700000000000002,0.019700000000000002,0.019700000000000002,0.0198,0.019200000000000002,0.0196,0.019700000000000002,0.0193,0.019700000000000002,0.019700000000000002,0.019700000000000002,0.019700000000000002,0.0196,0.0199,0.0193,0.0195,0.0194,0.0199,0.0199,0.019700000000000002,0.019700000000000002,0.020200000000000003,0.0201,0.0198,0.0199,0.0199,0.020200000000000003,0.0199,0.019700000000000002,0.0201,0.019700000000000002
,0.0378,0.0189,0.018500000000000003,0.0195,0.0188,0.010700000000000001,0.019100000000000002,0.019100000000000002,0.0194,0.0189,0.0103,0.0095,0.0194,0.019200000000000002,0.0194,0.019100000000000002,0.0189,0.019100000000000002,0.0193,0.019100000000000002,0.0194,0.0195,0.0198,0.019700000000000002,0.0193,0.0198,0.019200000000000002,0.0195,0.019200000000000002,0.0195,0.0194,0.0195,0.0193,0.0194,0.019,0.019200000000000002,0.0198,0.02,0.0196,0.0196,0.0195,0.0195,0.0193,0.0193,0.0194,0.0194,0.0194,0.019700000000000002,0.02,0.020300000000000002,0.020300000000000002,0.0196,0.0193,0.019700000000000002,0.0196,0.0194,0.0198,0.019700000000000002,0.0196,0.0193,0.0194,0.0196,0.019100000000000002,0.019200000000000002,0.0194,0.019200000000000002,0.0195,0.0195,0.0193,0.0193,0.0195,0.019700000000000002,0.0196,0.0194,0.0195,0.019700000000000002,0.0194,0.0196,0.0194,0.0195,0.019700000000000002,0.0196,0.0196,0.0198,0.0199,0.020300000000000002,0.02,0.0196,0.019700000000000002,0.0198,0.0195,0.0196,0.02,0.0196,0.0196,0.0196,0.0196,0.0194,0.0193,0.0194,0.0196,0.019700000000000002,0.0196,0.0199,0.0201,0.0201,0.020200000000000003,0.0201,0.019700000000000002,0.0193,0.0194,0.0195,0.0194,0.0194,0.0193,0.0193,0.0194,0.019700000000000002,0.0196,0.019700000000000002,0.0198,0.0195,0.0195,0.0194,0.0195,0.0195,0.0196,0.0196,0.0201,0.019700000000000002,0.0198,0.0196,0.0196,0.0196,0.0194,0.0194,0.0195,0.0198,0.02
,0.0179,0.0171,0.0193,0.0187,0.0188,0.0195,0.019,0.019100000000000002,0.0194,0.019200000000000002,0.0194,0.019200000000000002,0.0188,0.019200000000000002,0.0194,0.019100000000000002,0.0189,0.019100000000000002,0.0193,0.0196,0.019700000000000002,0.019200000000000002,0.0193,0.0193,0.019700000000000002,0.019200000000000002,0.019700000000000002,0.019,0.019100000000000002,0.019100000000000002,0.0195,0.0193,0.019100000000000002,0.0194,0.019,0.0195,0.0198,0.0196,0.0196,0.0196,0.0195,0.0196,0.0193,0.0193,0.0194,0.020200000000000003,0.0196,0.0194,0.019700000000000002,0.0194,0.019700000000000002,0.019200000000000002,0.019700000000000002,0.0196,0.0196,0.0194,0.0196,0.0195,0.0194,0.0198,0.0201,0.019100000000000002,0.0193,0.019200000000000002,0.019200000000000002,0.019200000000000002,0.0195,0.0195,0.0199,0.0195,0.0196,0.0196,0.0195,0.0196,0.0195,0.0196,0.0199,0.019700000000000002,0.0199,0.0198,0.019700000000000002,0.0196,0.0196,0.0198,0.0199,0.020300000000000002,0.02,0.0196,0.019700000000000002,0.0198,0.0195,0.0196,0.02,0.0196,0.0196,0.0196,0.0196,0.0194,0.0193,0.0194,0.0196,0.019700000000000002,0.0196,0.0199,0.0201,0.0201,0.020200000000000003,0.0201,0.019700000000000002,0.0193,0.0194,0.0195,0.0194,0.0194,0.0193,0.0195,0.0194,0.019700000000000002,0.0196,0.019700000000000002,0.0198,0.0195,0.0193,0.0195,0.0194,0.0199,0.0199,0.0194,0.0196,0.0194,0.0194,0.0194,0.0199,0.0199,0.02,0.020200000000000003,0.0196,0.0195,0.02
,0.048100000000000004,0.019100000000000002,0.0056,0.0083,0.0198,0.0194,0.019,0.0194,0.019200000000000002,0.019200000000000002,0.0194,0.019200000000000002,0.0188,0.0189,0.019,0.019200000000000002,0.019200000000000002,0.019200000000000002,0.0193,0.0196,0.019700000000000002,0.019200000000000002,0.019,0.0194,0.0195,0.0198,0.019700000000000002,0.019,0.019100000000000002,0.0195,0.0195,0.0193,0.019100000000000002,0.0194,0.019700000000000002,0.0196,0.0196,0.0196,0.019700000000000002,0.0201,0.0198,0.0201,0.0198,0.0196,0.0201,0.0195,0.019200000000000002,0.0196,0.0198,0.019,0.0195,0.0193,0.0193,0.019700000000000002,0.0193,0.019200000000000002,0.019200000000000002,0.0201,0.0196,0.0193,0.0194,0.02,0.0196,0.019200000000000002,0.019200000000000002,0.019200000000000002,0.019200000000000002,0.019200000000000002,0.019200000000000002,0.019200000000000002,0.019200000000000002,0.019100000000000002,0.0196,0.0194,0.0195,0.019700000000000002,0.0193,0.0194,0.0194,0.0193,0.0194,0.0196,0.019100000000000002,0.019,0.0189,0.0189,0.02,0.0201,0.02,0.02,0.0198,0.0195,0.0195,0.0195,0.02,0.0201,0.02,0.0199,0.0199,0.0196,0.0198,0.0198,0.0199,0.0195,0.0195,0.0199,0.0201,0.02,0.0201,0.0198,0.0195,0.019700000000000002,0.0196,0.02,0.0201,0.0195,0.0199,0.02,0.0201,0.02,0.0201,0.0194,0.0194,0.019700000000000002,0.019700000000000002,0.019700000000000002,0.0196,0.019700000000000002,0.019700000000000002,0.0194,0.0194,0.0194,0.0199,0.0199,0.0198,0.0194,0.0194,0.0196,0.0195
,0.0273,0.018000000000000002,0.018600000000000002,0.019100000000000002,0.019,0.0196,0.0196,0.0194,0.019200000000000002,0.019100000000000002,0.0195,0.0194,0.019200000000000002,0.0189,0.019,0.019200000000000002,0.0188,0.018500000000000003,0.0193,0.0188,0.019,0.019200000000000002,0.0193,0.0194,0.0195,0.0193,0.019,0.0195,0.0194,0.0195,0.019,0.019200000000000002,0.019200000000000002,0.0194,0.019700000000000002,0.0196,0.0196,0.0194,0.0195,0.0196,0.0196,0.0195,0.0193,0.019100000000000002,0.0195,0.0195,0.019200000000000002,0.0194,0.019700000000000002,0.019,0.0194,0.0195,0.0196,0.019700000000000002,0.0193,0.019200000000000002,0.019200000000000002,0.0195,0.0196,0.0198,0.0204,0.019100000000000002,0.0193,0.019700000000000002,0.0195,0.02,0.019200000000000002,0.019200000000000002,0.019200000000000002,0.019200000000000002,0.019200000000000002,0.019100000000000002,0.019200000000000002,0.0194,0.0193,0.0196,0.0193,0.0194,0.0194,0.0193,0.0194,0.0196,0.019100000000000002,0.019,0.0189,0.02,0.019200000000000002,0.0194,0.0194,0.0194,0.0196,0.0195,0.0193,0.019200000000000002,0.0194,0.0194,0.0195,0.0194,0.019700000000000002,0.0196,0.019700000000000002,0.019700000000000002,0.0194,0.0193,0.019200000000000002,0.019100000000000002,0.019100000000000002,0.019,0.019,0.019,0.019100000000000002,0.0193,0.0194,0.020200000000000003,0.0199,0.02,0.0195,0.0199,0.0198,0.0199,0.0198,0.020200000000000003,0.020300000000000002,0.0198,0.0196,0.019700000000000002,0.02,0.0199,0.0196,0.0199,0.0199,0.02,0.0199,0.0199,0.02,0.0194,0.0194,0.0196,0.0195
,0.0177,0.018000000000000002,0.018600000000000002,0.019100000000000002,0.0194,0.0196,0.0196,0.0199,0.0196,0.019100000000000002,0.0195,0.0194,0.019200000000000002,0.0193,0.019700000000000002,0.0196,0.019200000000000002,0.019200000000000002,0.0193,0.0188,0.019,0.019,0.0188,0.0187,0.019,0.019200000000000002,0.019,0.0195,0.0194,0.0196,0.019,0.019200000000000002,0.0198,0.0194,0.019100000000000002,0.0194,0.0194,0.0194,0.0195,0.0196,0.0196,0.0195,0.0193,0.019100000000000002,0.0195,0.0193,0.0194,0.019200000000000002,0.0194,0.019700000000000002,0.0195,0.0193,0.0193,0.0193,0.0198,0.0199,0.019700000000000002,0.0198,0.0198,0.0198,0.0198,0.0199,0.0198,0.0198,0.0198,0.0198,0.02,0.02,0.0198,0.0198,0.0198,0.0201,0.019200000000000002,0.0194,0.0193,0.0196,0.0198,0.0199,0.0199,0.019700000000000002,0.0199,0.0196,0.0196,0.0196,0.0199,0.0189,0.019200000000000002,0.0194,0.0194,0.0194,0.0196,0.0195,0.0193,0.019200000000000002,0.0194,0.0194,0.0195,0.0194,0.019700000000000002,0.0196,0.019700000000000002,0.019700000000000002,0.0194,0.0193,0.019200000000000002,0.019100000000000002,0.019100000000000002,0.019,0.019,0.0198,0.0199,0.0198,0.0196,0.0196,0.0194,0.0196,0.019100000000000002,0.019100000000000002,0.019100000000000002,0.019200000000000002,0.019100000000000002,0.0193,0.0193,0.0193,0.019,0.019200000000000002,0.0193,0.0195,0.0196,0.0198,0.0195,0.0195,0.0195,0.019700000000000002,0.0194,0.0194,0.0194,0.0194,0.019200000000000002
,0.0221,0.0187,0.019100000000000002,0.019200000000000002,0.0194,0.019200000000000002,0.0195,0.0199,0.0196,0.019700000000000002,0.0194,0.020200000000000003,0.019700000000000002,0.0193,0.019700000000000002,0.0196,0.0188,0.018500000000000003,0.0193,0.0193,0.019100000000000002,0.019,0.0188,0.0187,0.019,0.0193,0.0193,0.019100000000000002,0.0193,0.0195,0.019200000000000002,0.0193,0.019200000000000002,0.0194,0.019100000000000002,0.0194,0.0194,0.0189,0.019200000000000002,0.0196,0.0195,0.0195,0.019100000000000002,0.019200000000000002,0.0194,0.0193,0.0194,0.0198,0.0199,0.019700000000000002,0.0194,0.0195,0.0196,0.0193,0.0199,0.0198,0.020200000000000003,0.0201,0.0199,0.020200000000000003,0.02,0.0201,0.0196,0.0201,0.02,0.0198,0.0198,0.019700000000000002,0.019700000000000002,0.0196,0.0194,0.0195,0.020200000000000003,0.0201,0.0196,0.0196,0.0199,0.0201,0.0201,0.0198,0.0198,0.02,0.02,0.0199,0.019700000000000002,0.0198,0.0199,0.02,0.02,0.0201,0.02,0.0195,0.0199,0.0198,0.02,0.020300000000000002,0.020200000000000003,0.0198,0.02,0.0199,0.020200000000000003,0.0196,0.0196,0.0199,0.0195,0.019700000000000002,0.02,0.02,0.0196,0.019,0.019100000000000002,0.0193,0.0194,0.0196,0.0194,0.019200000000000002,0.019100000000000002,0.019100000000000002,0.019100000000000002,0.019200000000000002,0.019100000000000002,0.0193,0.0193,0.0193,0.019,0.019200000000000002,0.0193,0.0195,0.0196,0.0198,0.0195,0.0195,0.0195,0.019700000000000002,0.0194,0.0194,0.0194,0.0194,0.019200000000000002
,0.0112,0.0196,0.0196,0.0196,0.0196,0.019200000000000002,0.0193,0.02,0.02,0.019700000000000002,0.0194,0.0195,0.0195,0.0201,0.02,0.0204,0.019100000000000002,0.019,0.0194,0.019200000000000002,0.019200000000000002,0.0193,0.0194,0.0196,0.0195,0.019200000000000002,0.0193,0.019100000000000002,0.0193,0.0196,0.019200000000000002,0.019200000000000002,0.0198,0.0196,0.0194,0.0194,0.0193,0.0189,0.019200000000000002,0.0196,0.0195,0.0195,0.019100000000000002,0.019200000000000002,0.0194,0.019700000000000002,0.019700000000000002,0.019200000000000002,0.0194,0.0201,0.0199,0.02,0.02,0.0199,0.0199,0.020200000000000003,0.020300000000000002,0.0198,0.019700000000000002,0.0195,0.0196,0.0198,0.02,0.0201,0.0201,0.02,0.020300000000000002,0.019700000000000002,0.0201,0.0201,0.019700000000000002,0.0201,0.0194,0.0196,0.0195,0.0198,0.020200000000000003,0.0198,0.019700000000000002,0.0196,0.02,0.019700000000000002,0.02,0.019700000000000002,0.0194,0.020200000000000003,0.0198,0.019700000000000002,0.0196,0.02,0.0198,0.0194,0.019700000000000002,0.0198,0.0195,0.0198,0.0199,0.0195,0.0198,0.02,0.02,0.0204,0.0201,0.019700000000000002,0.0198,0.02,0.0199,0.0201,0.02,0.019700000000000002,0.0196,0.019700000000000002,0.019700000000000002,0.0196,0.0193,0.019200000000000002,0.0198,0.0198,0.02,0.02,0.019700000000000002,0.019700000000000002,0.020200000000000003,0.0204,0.0196,0.0198,0.019700000000000002,0.019700000000000002,0.0199,0.0198,0.0198,0.0199,0.0198,0.0199,0.020300000000000002,0.0199,0.019700000000000002,0.0196,0.0194
,0.016300000000000002,0.019100000000000002,0.020200000000000003,0.018000000000000002,0.0195,0.0195,0.0187,0.02,0.0198,0.0198,0.0201,0.020200000000000003,0.019700000000000002,0.0195,0.0194,0.0195,0.0198,0.0201,0.019,0.020200000000000003,0.020200000000000003,0.0193,0.0194,0.0196,0.0195,0.0194,0.0195,0.019700000000000002,0.0194,0.0194,0.019700000000000002,0.019200000000000002,0.0196,0.0196,0.0194,0.0194,0.0193,0.0201,0.0201,0.0206,0.0205,0.020200000000000003,0.0198,0.02,0.0196,0.0198,0.0199,0.0198,0.0199,0.0199,0.020200000000000003,0.020200000000000003,0.0201,0.0198,0.019700000000000002,0.0198,0.0198,0.0196,0.0196,0.0194,0.0199,0.019700000000000002,0.019700000000000002,0.019700000000000002,0.0201,0.0198,0.020200000000000003,0.019700000000000002,0.019700000000000002,0.02,0.02,0.0201,0.0201,0.0195,0.02,0.02,0.02,0.019700000000000002,0.0201,0.0201,0.0201,0.02,0.02,0.0195,0.0196,0.0198,0.0199,0.0198,0.0195,0.0196,0.0196,0.019700000000000002,0.0196,0.0199,0.0199,0.0196,0.0199,0.0198,0.02,0.020200000000000003,0.0201,0.0196,0.0199,0.0198,0.0199,0.0201,0.02,0.0198,0.019700000000000002,0.019700000000000002,0.0196,0.0199,0.0199,0.0199,0.0199,0.0196,0.0198,0.0201,0.02,0.0201,0.020200000000000003,0.019700000000000002,0.019700000000000002,0.0194,0.0194,0.019700000000000002,0.0198,0.0195,0.0193,0.0193,0.0198,0.0196,0.0194,0.0195,0.0196,0.0195,0.0196,0.019700000000000002,0.0196
,0.016300000000000002,0.016900000000000002,0.0177,0.0201,0.018000000000000002,0.0196,0.02,0.0184,0.018600000000000002,0.0198,0.0201,0.0195,0.0195,0.0201,0.019700000000000002,0.0188,0.02,0.019200000000000002,0.02,0.019200000000000002,0.019200000000000002,0.0193,0.0193,0.0193,0.019700000000000002,0.0194,0.0195,0.019700000000000002,0.0194,0.0194,0.019700000000000002,0.0193,0.0196,0.0204,0.020300000000000002,0.0205,0.020300000000000002,0.0199,0.0195,0.0201,0.0199,0.0198,0.0194,0.0201,0.0198,0.019700000000000002,0.019700000000000002,0.0201,0.020200000000000003,0.0199,0.019700000000000002,0.019700000000000002,0.019700000000000002,0.019700000000000002,0.0193,0.0195,0.019700000000000002,0.0195,0.0196,0.0198,0.0198,0.020200000000000003,0.0198,0.0194,0.0195,0.019700000000000002,0.0196,0.02,0.0199,0.0198,0.019700000000000002,0.02,0.020200000000000003,0.0204,0.02,0.0198,0.0199,0.0198,0.02,0.0199,0.0195,0.0198,0.02,0.019700000000000002,0.019700000000000002,0.0199,0.0201,0.02,0.0199,0.0199,0.0198,0.0199,0.0199,0.019700000000000002,0.02,0.0201,0.02,0.0198,0.019700000000000002,0.0194,0.0195,0.0199,0.0199,0.0199,0.019700000000000002,0.0195,0.019700000000000002,0.019700000000000002,0.0199,0.0198,0.0194,0.019700000000000002,0.0195,0.019700000000000002,0.019700000000000002,0.0198,0.0198,0.019700000000000002,0.019700000000000002,0.0196,0.0194,0.0199,0.0198,0.0199,0.0199,0.019700000000000002,0.0199,0.0201,0.02,0.0201,0.0195,0.0198,0.02,0.0199,0.0198,0.019700000000000002,0.0199,0.02,0.019700000000000002
,0.0176,0.0188,0.019200000000000002,0.0195,0.020300000000000002,0.018000000000000002,0.019100000000000002,0.0199,0.019200000000000002,0.019,0.02,0.0199,0.0199,0.0195,0.02,0.0199,0.0195,0.019200000000000002,0.019,0.0199,0.0187,0.020300000000000002,0.0193,0.0193,0.019700000000000002,0.0201,0.019700000000000002,0.0199,0.020200000000000003,0.020300000000000002,0.0204,0.020300000000000002,0.02,0.0199,0.0198,0.0201,0.0194,0.0199,0.0195,0.0201,0.0199,0.0198,0.0194,0.02,0.0196,0.019700000000000002,0.02,0.0201,0.0199,0.0195,0.0195,0.0199,0.019700000000000002,0.0195,0.0196,0.0198,0.0199,0.0199,0.0195,0.0196,0.0196,0.0198,0.019700000000000002,0.0198,0.019700000000000002,0.0195,0.0198,0.0201,0.0199,0.0198,0.0196,0.019700000000000002,0.0199,0.019700000000000002,0.0196,0.0198,0.0198,0.019700000000000002,0.019700000000000002,0.0201,0.020200000000000003,0.0201,0.0201,0.02,0.020200000000000003,0.020300000000000002,0.020200000000000003,0.0199,0.0199,0.0199,0.0196,0.019700000000000002,0.02,0.0199,0.02,0.0201,0.0199,0.020200000000000003,0.020200000000000003,0.02,0.0201,0.0201,0.0199,0.0199,0.0198,0.02,0.0194,0.0198,0.0196,0.0195,0.0196,0.0198,0.0196,0.019700000000000002,0.02,0.019200000000000002,0.019700000000000002,0.0198,0.0201,0.02,0.02,0.0199,0.0198,0.0199,0.0198,0.0199,0.0199,0.0199,0.0198,0.0198,0.0198,0.0198,0.0198,0.0198,0.0198,0.019700000000000002,0.0196,0.0196,0.019700000000000002
,0.017,0.0188,0.019200000000000002,0.0195,0.019200000000000002,0.02,0.019100000000000002,0.019200000000000002,0.020200000000000003,0.019100000000000002,0.0199,0.0187,0.0189,0.0198,0.0194,0.0204,0.02,0.02,0.020300000000000002,0.0193,0.0187,0.0193,0.020200000000000003,0.020200000000000003,0.0201,0.0199,0.020300000000000002,0.0201,0.0198,0.0201,0.0201,0.02,0.0201,0.0199,0.0198,0.0201,0.0194,0.0199,0.0201,0.02,0.0199,0.02,0.019700000000000002,0.0196,0.019700000000000002,0.0198,0.0196,0.0193,0.0198,0.019700000000000002,0.019700000000000002,0.0198,0.0196,0.0193,0.005,0.005200000000000001,0.005,0.005,0.0195,0.0193,0.0194,0.0199,0.0198,0.02,0.0199,0.0198,0.0194,0.019700000000000002,0.0198,0.0199,0.0196,0.0194,0.0194,0.0195,0.02,0.0199,0.0196,0.019700000000000002,0.0198,0.0198,0.019700000000000002,0.0196,0.0199,0.0194,0.0196,0.0193,0.0195,0.0196,0.0201,0.0198,0.019700000000000002,0.0196,0.0194,0.0193,0.0199,0.019700000000000002,0.0198,0.0193,0.0195,0.0196,0.0198,0.0196,0.0194,0.0199,0.0198,0.0194,0.02,0.0199,0.02,0.0198,0.0199,0.0199,0.0198,0.0198,0.0199,0.019700000000000002,0.02,0.02,0.019700000000000002,0.0196,0.019700000000000002,0.0198,0.0195,0.0198,0.02,0.0195,0.0199,0.0199,0.019700000000000002,0.0198,0.0198,0.0196,0.0198,0.019700000000000002,0.0198,0.02,0.02,0.0199,0.019700000000000002
,0.0175,0.0184,0.0183,0.0188,0.019200000000000002,0.0189,0.018600000000000002,0.019200000000000002,0.019200000000000002,0.019100000000000002,0.0189,0.0196,0.0196,0.019,0.0188,0.0195,0.0195,0.02,0.020300000000000002,0.0199,0.0201,0.020200000000000003,0.0201,0.0204,0.0199,0.0199,0.020300000000000002,0.0201,0.0198,0.0201,0.0201,0.02,0.0201,0.02,0.0199,0.02,0.0199,0.0199,0.0196,0.0196,0.019700000000000002,0.019700000000000002,0.0195,0.019700000000000002,0.0196,0.0196,0.0195,0.019700000000000002,0.0195,0.02,0.019700000000000002,0.0198,0.0199,0.0201,0.0198,0.019700000000000002,0.019700000000000002,0.0196,0.0195,0.0193,0.0194,0.0199,0.0198,0.0199,0.02,0.0198,0.0195,0.0194,0.0196,0.0198,0.0195,0.0195,0.0196,0.0199,0.0199,0.0195,0.019700000000000002,0.0199,0.0198,0.0198,0.019700000000000002,0.0196,0.0199,0.0194,0.0196,0.0193,0.0195,0.0196,0.0201,0.0198,0.019700000000000002,0.0196,0.0194,0.0193,0.0199,0.019700000000000002,0.0198,0.0193,0.0195,0.0196,0.0198,0.0196,0.0194,0.0199,0.0198,0.0194,0.0194,0.0198,0.0196,0.0195,0.0196,0.0198,0.0196,0.019700000000000002,0.02,0.0199,0.019700000000000002,0.0198,0.019700000000000002,0.0196,0.019700000000000002,0.0198,0.0195,0.0198,0.02,0.0195,0.0199,0.0199,0.019700000000000002,0.0194,0.0193,0.0194,0.0196,0.0199,0.0199,0.0196,0.0199,0.0056,0.0055000000000000005
,0.0175,0.0183,0.0175,0.018500000000000003,0.0187,0.0189,0.019,0.0189,0.019200000000000002,0.0201,0.0194,0.019200000000000002,0.0194,0.0196,0.0199,0.0194,0.019200000000000002,0.0194,0.0195,0.0193,0.0201,0.020200000000000003,0.0201,0.0204,0.0199,0.019700000000000002,0.020300000000000002,0.020200000000000003,0.02,0.019700000000000002,0.019700000000000002,0.0201,0.0198,0.019700000000000002,0.0195,0.0195,0.0198,0.0195,0.0194,0.0194,0.0196,0.0194,0.019700000000000002,0.0198,0.0193,0.019100000000000002,0.0194,0.0196,0.0198,0.005200000000000001,0.0053,0.005200000000000001,0.0051,0.005200000000000001,0.0198,0.019700000000000002,0.019700000000000002,0.0196,0.02,0.019700000000000002,0.0198,0.0199,0.0198,0.0199,0.02,0.0198,0.019700000000000002,0.0198,0.0196,0.019200000000000002,0.0198,0.0195,0.0195,0.019700000000000002,0.019700000000000002,0.019700000000000002,0.0196,0.019700000000000002,0.02,0.02,0.02,0.0195,0.0195,0.019700000000000002,0.0196,0.0195,0.0195,0.0193,0.0193,0.0194,0.0195,0.0195,0.019700000000000002,0.0198,0.019700000000000002,0.0196,0.019700000000000002,0.019700000000000002,0.019700000000000002,0.019700000000000002,0.0196,0.0196,0.0196,0.0195,0.0196,0.0195,0.0196,0.0196,0.0196,0.0195,0.0196,0.019700000000000002,0.0196,0.019700000000000002,0.0198,0.019700000000000002,0.0196,0.0196,0.0196,0.019700000000000002,0.0196,0.0195,0.0196,0.02,0.0201,0.02,0.0196,0.0194,0.0194,0.0198,0.0198,0.0196,0.0198,0.0199,0.0199,0.0196,0.0199,0.0198,0.0196
,0.0183,0.0183,0.0188,0.018600000000000002,0.0184,0.0189,0.019200000000000002,0.019,0.019200000000000002,0.0188,0.0194,0.019200000000000002,0.0194,0.019100000000000002,0.0194,0.019700000000000002,0.019200000000000002,0.0194,0.0195,0.0195,0.019700000000000002,0.019700000000000002,0.0196,0.0196,0.0198,0.0198,0.0195,0.0195,0.02,0.0195,0.0195,0.0198,0.0199,0.019700000000000002,0.0194,0.019100000000000002,0.0198,0.019700000000000002,0.0196,0.0194,0.0193,0.0195,0.019700000000000002,0.0198,0.0195,0.0198,0.0201,0.019700000000000002,0.0195,0.0199,0.019700000000000002,0.019700000000000002,0.0195,0.0199,0.0195,0.0199,0.019700000000000002,0.0201,0.02,0.019700000000000002,0.0198,0.0199,0.020200000000000003,0.02,0.019700000000000002,0.0199,0.019700000000000002,0.0198,0.0196,0.0198,0.0195,0.0201,0.0195,0.0199,0.0199,0.0195,0.019700000000000002,0.02,0.0199,0.019700000000000002,0.0193,0.0195,0.0196,0.0199,0.0199,0.0198,0.0196,0.0195,0.0199,0.0198,0.019700000000000002,0.0199,0.0196,0.019700000000000002,0.019700000000000002,0.019700000000000002,0.019700000000000002,0.0199,0.0195,0.019700000000000002,0.0199,0.0199,0.02,0.019700000000000002,0.0201,0.02,0.0201,0.0198,0.019700000000000002,0.0196,0.0198,0.019700000000000002,0.0198,0.0199,0.0196,0.0195,0.0195,0.019700000000000002,0.0201,0.02,0.0198,0.0199,0.0198,0.0198,0.0198,0.0199,0.0195,0.019700000000000002,0.019700000000000002,0.0199,0.0198,0.019700000000000002,0.0198,0.0199,0.0051,0.005200000000000001,0.0054,0.0198,0.0196
,0.0167,0.018000000000000002,0.0188,0.019100000000000002,0.0184,0.0189,0.0188,0.019,0.019100000000000002,0.019100000000000002,0.0201,0.02,0.0196,0.019100000000000002,0.0194,0.0194,0.0198,0.0194,0.0198,0.019700000000000002,0.019700000000000002,0.0201,0.0196,0.020200000000000003,0.0196,0.0198,0.0195,0.0194,0.0198,0.0198,0.019700000000000002,0.0193,0.0198,0.0196,0.0194,0.0194,0.0194,0.019700000000000002,0.0193,0.0194,0.0196,0.0196,0.0196,0.019700000000000002,0.019700000000000002,0.0051,0.005200000000000001,0.0051,0.0051,0.02,0.0196,0.0195,0.0195,0.0199,0.0195,0.0199,0.019700000000000002,0.0201,0.019700000000000002,0.0201,0.019700000000000002,0.0199,0.020200000000000003,0.02,0.019700000000000002,0.0199,0.019700000000000002,0.0199,0.0201,0.0201,0.02,0.019700000000000002,0.02,0.0201,0.019700000000000002,0.0198,0.020200000000000003,0.020300000000000002,0.020200000000000003,0.02,0.0198,0.0196,0.0199,0.0199,0.0199,0.0198,0.019700000000000002,0.019700000000000002,0.0199,0.020200000000000003,0.0201,0.020200000000000003,0.020300000000000002,0.0199,0.0199,0.0199,0.0198,0.0196,0.0195,0.0194,0.0195,0.0198,0.0199,0.0198,0.0201,0.02,0.0201,0.0198,0.019700000000000002,0.0196,0.0198,0.019700000000000002,0.0198,0.0199,0.0196,0.0196,0.0195,0.019700000000000002,0.0201,0.02,0.0198,0.0199,0.0198,0.0198,0.0198,0.0199,0.0195,0.019700000000000002,0.019700000000000002,0.0199,0.0198,0.019700000000000002,0.0198,0.0199,0.0198,0.0199,0.0195,0.0195,0.02
,0.018000000000000002,0.018000000000000002,0.018600000000000002,0.019100000000000002,0.019100000000000002,0.018600000000000002,0.0187,0.0189,0.019,0.019100000000000002,0.019200000000000002,0.019200000000000002,0.0194,0.0199,0.019700000000000002,0.0199,0.0198,0.0196,0.020200000000000003,0.0194,0.019100000000000002,0.0195,0.0194,0.0194,0.019700000000000002,0.019200000000000002,0.0194,0.0194,0.0193,0.0195,0.0193,0.0196,0.019200000000000002,0.0195,0.019700000000000002,0.0195,0.0198,0.0198,0.0198,0.0196,0.019700000000000002,0.0193,0.0194,0.0194,0.0196,0.019700000000000002,0.019700000000000002,0.0198,0.0199,0.0198,0.0196,0.0195,0.0201,0.0196,0.019700000000000002,0.0196,0.0204,0.019700000000000002,0.019700000000000002,0.02,0.02,0.0198,0.0195,0.0198,0.019700000000000002,0.020300000000000002,0.019700000000000002,0.0199,0.0201,0.0201,0.02,0.019700000000000002,0.02,0.0198,0.019700000000000002,0.0198,0.020200000000000003,0.020300000000000002,0.020200000000000003,0.02,0.0198,0.0196,0.0199,0.0199,0.0199,0.0198,0.019700000000000002,0.019700000000000002,0.0199,0.020200000000000003,0.0201,0.020200000000000003,0.020300000000000002,0.0199,0.0199,0.0199,0.0198,0.0196,0.0195,0.0194,0.0195,0.0198,0.0199,0.0198,0.0194,0.0196,0.02,0.0198,0.019700000000000002,0.019700000000000002,0.019700000000000002,0.02,0.0201,0.0204,0.02,0.0196,0.019700000000000002,0.0199,0.020200000000000003,0.0199,0.0201,0.0199,0.019700000000000002,0.02,0.02,0.020300000000000002,0.02,0.0199,0.0195,0.0199,0.02,0.0199,0.0198,0.0201,0.0198,0.0199,0.0195,0.0195,0.02
,0.0167,0.0182,0.0184,0.018500000000000003,0.019100000000000002,0.0188,0.018500000000000003,0.0187,0.018600000000000002,0.0189,0.0193,0.0193,0.019,0.0194,0.0198,0.019700000000000002,0.0194,0.0195,0.019700000000000002,0.0194,0.0193,0.0194,0.0195,0.019100000000000002,0.0193,0.0195,0.0193,0.0193,0.0194,0.0194,0.0194,0.0198,0.019100000000000002,0.02,0.0196,0.0198,0.0196,0.0198,0.0198,0.0194,0.0195,0.019700000000000002,0.0198,0.0201,0.0198,0.0195,0.019700000000000002,0.0198,0.0199,0.02,0.0198,0.0194,0.019700000000000002,0.019700000000000002,0.020300000000000002,0.0201,0.0198,0.019700000000000002,0.0195,0.0196,0.019700000000000002,0.0201,0.02,0.020300000000000002,0.0201,0.0199,0.0201,0.0199,0.0199,0.0198,0.020200000000000003,0.0196,0.02,0.0198,0.019700000000000002,0.0198,0.02,0.0201,0.020300000000000002,0.020300000000000002,0.0201,0.02,0.0199,0.0201,0.020200000000000003,0.0201,0.0199,0.0199,0.0204,0.020300000000000002,0.0204,0.020300000000000002,0.0205,0.0205,0.0204,0.0205,0.0204,0.0204,0.0205,0.0205,0.02,0.0205,0.0205,0.0204,0.0204,0.02,0.0204,0.0204,0.020300000000000002,0.02,0.020200000000000003,0.0201,0.0198,0.0199,0.0201,0.0201,0.0201,0.020200000000000003,0.0204,0.020300000000000002,0.0201,0.020200000000000003,0.020300000000000002,0.020300000000000002,0.020300000000000002,0.020200000000000003,0.020300000000000002,0.0204,0.020300000000000002,0.020300000000000002,0.020200000000000003,0.020200000000000003,0.020200000000000003,0.020200000000000003,0.0201,0.0199,0.0198,0.0201,0.02
,0.0193,0.0172,0.0184,0.018500000000000003,0.018600000000000002,0.0194,0.018500000000000003,0.018600000000000002,0.018600000000000002,0.0189,0.019100000000000002,0.019100000000000002,0.019200000000000002,0.019100000000000002,0.019100000000000002,0.019200000000000002,0.0194,0.0194,0.0193,0.0196,0.019200000000000002,0.019200000000000002,0.0193,0.0198,0.0193,0.0195,0.0196,0.019700000000000002,0.0195,0.019700000000000002,0.0198,0.0196,0.0193,0.0194,0.019700000000000002,0.019700000000000002,0.0199,0.0196,0.0196,0.0194,0.0195,0.019700000000000002,0.0198,0.0201,0.0198,0.0195,0.019700000000000002,0.0196,0.0194,0.0198,0.0198,0.0194,0.019700000000000002,0.0196,0.0194,0.019200000000000002,0.0196,0.019700000000000002,0.0195,0.0196,0.019700000000000002,0.0196,0.0195,0.0194,0.019,0.0196,0.0201,0.0201,0.0195,0.0201,0.020200000000000003,0.0198,0.019700000000000002,0.020200000000000003,0.02,0.0201,0.02,0.0196,0.020200000000000003,0.0201,0.02,0.020200000000000003,0.020300000000000002,0.0201,0.0204,0.020200000000000003,0.02,0.0196,0.0201,0.0201,0.020200000000000003,0.02,0.020200000000000003,0.0204,0.0204,0.0201,0.0198,0.0198,0.0201,0.020200000000000003,0.02,0.020300000000000002,0.0204,0.02,0.02,0.0201,0.0201,0.02,0.019700000000000002,0.0196,0.019700000000000002,0.019700000000000002,0.0198,0.0201,0.020200000000000003,0.0201,0.0201,0.0201,0.020300000000000002,0.0201,0.02,0.020300000000000002,0.02,0.0201,0.02,0.020200000000000003,0.0201,0.0201,0.02,0.02,0.020200000000000003,0.0201,0.020200000000000003,0.0196,0.020200000000000003,0.020200000000000003,0.020200000000000003,0.0201,0.0201
,0.0193,0.0176,0.0182,0.0181,0.018600000000000002,0.0194,0.019100000000000002,0.018600000000000002,0.018600000000000002,0.0189,0.0193,0.018600000000000002,0.0194,0.019200000000000002,0.019200000000000002,0.0193,0.0195,0.019200000000000002,0.0196,0.019,0.0193,0.0193,0.0193,0.0193,0.0195,0.0194,0.0196,0.019700000000000002,0.0198,0.0194,0.0196,0.0196,0.0196,0.0199,0.019700000000000002,0.0196,0.019700000000000002,0.0196,0.0198,0.0201,0.0198,0.0194,0.0196,0.0196,0.0198,0.0195,0.0194,0.0198,0.0199,0.0198,0.0198,0.0199,0.0201,0.020300000000000002,0.0194,0.019200000000000002,0.0196,0.019700000000000002,0.0194,0.0198,0.0199,0.0196,0.0195,0.0194,0.019,0.0196,0.0195,0.019700000000000002,0.019200000000000002,0.0196,0.0194,0.0195,0.020300000000000002,0.020200000000000003,0.02,0.020200000000000003,0.0194,0.019700000000000002,0.0196,0.0199,0.0195,0.019200000000000002,0.019700000000000002,0.019700000000000002,0.0196,0.019700000000000002,0.019700000000000002,0.0198,0.0201,0.0199,0.0198,0.019700000000000002,0.0198,0.0201,0.0199,0.020200000000000003,0.020200000000000003,0.020300000000000002,0.02,0.02,0.020200000000000003,0.020200000000000003,0.0198,0.02,0.020300000000000002,0.02,0.0199,0.02,0.020300000000000002,0.020300000000000002,0.0198,0.0199,0.0199,0.0195,0.0196,0.0201,0.02,0.0199,0.0196,0.0199,0.0198,0.0196,0.0201,0.020200000000000003,0.019700000000000002,0.0198,0.020200000000000003,0.02,0.0201,0.0196,0.02,0.0201,0.019700000000000002,0.0196,0.0198,0.019700000000000002,0.0198,0.0198,0.0199
,0.0165,0.0178,0.0181,0.018500000000000003,0.0187,0.019,0.019100000000000002,0.0189,0.0187,0.0189,0.019,0.0189,0.0189,0.019100000000000002,0.0195,0.019,0.019100000000000002,0.019100000000000002,0.019,0.0196,0.0194,0.0195,0.0196,0.019200000000000002,0.0196,0.0194,0.0194,0.0195,0.019700000000000002,0.0198,0.0196,0.019700000000000002,0.0194,0.0199,0.019700000000000002,0.0196,0.019700000000000002,0.0195,0.0199,0.019700000000000002,0.0198,0.0194,0.0196,0.0196,0.0198,0.0195,0.0194,0.0196,0.0194,0.0195,0.019700000000000002,0.019700000000000002,0.02,0.019200000000000002,0.0199,0.0199,0.0198,0.0198,0.0195,0.019700000000000002,0.0195,0.02,0.02,0.0198,0.02,0.0198,0.0195,0.019700000000000002,0.019200000000000002,0.0196,0.0194,0.0195,0.019700000000000002,0.0196,0.0196,0.0196,0.0194,0.019700000000000002,0.0196,0.0199,0.0195,0.019200000000000002,0.019700000000000002,0.019700000000000002,0.0196,0.019700000000000002,0.019700000000000002,0.0198,0.0201,0.0199,0.020200000000000003,0.0204,0.02,0.02,0.0198,0.0196,0.0198,0.019700000000000002,0.0199,0.0201,0.0201,0.0198,0.0195,0.0199,0.0198,0.0198,0.02,0.0199,0.0198,0.0198,0.0198,0.0199,0.02,0.0198,0.019700000000000002,0.02,0.019700000000000002,0.019700000000000002,0.0198,0.02,0.0199,0.020200000000000003,0.0201,0.020200000000000003,0.020200000000000003,0.019700000000000002,0.0196,0.0195,0.0195,0.0196,0.019700000000000002,0.0199,0.0198,0.0198,0.020200000000000003,0.020300000000000002,0.020300000000000002,0.02,0.0201
,0.0175,0.0178,0.018000000000000002,0.0183,0.018600000000000002,0.018500000000000003,0.018600000000000002,0.0189,0.019100000000000002,0.0188,0.0189,0.019200000000000002,0.019,0.019200000000000002,0.019200000000000002,0.019,0.0194,0.0194,0.0195,0.0194,0.0196,0.0194,0.0195,0.0196,0.0195,0.0199,0.0194,0.0196,0.0194,0.0194,0.02,0.0196,0.0194,0.019200000000000002,0.019700000000000002,0.0196,0.0194,0.0195,0.0199,0.0201,0.0196,0.0196,0.0199,0.0199,0.0198,0.0198,0.0198,0.0198,0.0199,0.0195,0.0195,0.019100000000000002,0.0195,0.0198,0.0195,0.0196,0.0195,0.0196,0.019700000000000002,0.019700000000000002,0.0201,0.0198,0.0195,0.0198,0.0195,0.0196,0.0196,0.0199,0.0201,0.0199,0.0198,0.0194,0.019700000000000002,0.0196,0.0196,0.0196,0.0201,0.019700000000000002,0.0196,0.0195,0.0201,0.02,0.0198,0.020200000000000003,0.020200000000000003,0.020200000000000003,0.020300000000000002,0.02,0.0199,0.02,0.0198,0.019700000000000002,0.0198,0.0201,0.0199,0.0196,0.0198,0.019700000000000002,0.0199,0.0201,0.0201,0.0198,0.0195,0.0199,0.0198,0.0198,0.02,0.0199,0.0198,0.0198,0.0198,0.0199,0.02,0.0198,0.019700000000000002,0.019700000000000002,0.019700000000000002,0.019700000000000002,0.0198,0.02,0.0199,0.020200000000000003,0.0201,0.020200000000000003,0.020200000000000003,0.019700000000000002,0.0196,0.0195,0.0195,0.0196,0.019700000000000002,0.0199,0.0198,0.0198,0.02,0.019700000000000002,0.0196,0.0198,0.019700000000000002
,0.0175,0.0187,0.0181,0.0187,0.0181,0.019,0.0189,0.0189,0.019,0.0189,0.0189,0.019200000000000002,0.0187,0.019100000000000002,0.019200000000000002,0.0193,0.019200000000000002,0.019200000000000002,0.0198,0.0195,0.0195,0.0194,0.0196,0.0194,0.019700000000000002,0.0199,0.0194,0.0196,0.0194,0.0198,0.0196,0.019700000000000002,0.0195,0.019200000000000002,0.019700000000000002,0.0196,0.0194,0.019700000000000002,0.0201,0.02,0.0199,0.0198,0.0199,0.020200000000000003,0.0201,0.019700000000000002,0.0198,0.02,0.019700000000000002,0.0195,0.0195,0.019100000000000002,0.0195,0.019200000000000002,0.0193,0.0198,0.0198,0.0196,0.019700000000000002,0.019700000000000002,0.0195,0.0199,0.0195,0.0198,0.0195,0.0196,0.0198,0.0196,0.0198,0.0198,0.0196,0.0205,0.0198,0.0201,0.02,0.0196,0.020300000000000002,0.0207,0.020300000000000002,0.020300000000000002,0.0204,0.0199,0.0201,0.0198,0.0198,0.0201,0.0196,0.0198,0.02,0.0198,0.0196,0.0198,0.0196,0.0198,0.0198,0.019700000000000002,0.0198,0.0198,0.02,0.019700000000000002,0.0195,0.0195,0.0198,0.0198,0.019700000000000002,0.0198,0.0201,0.02,0.0198,0.0193,0.0195,0.019700000000000002,0.0196,0.0195,0.0196,0.019700000000000002,0.0199,0.0199,0.019700000000000002,0.0195,0.0195,0.0194,0.0194,0.0194,0.0195,0.019700000000000002,0.0198,0.019700000000000002,0.0195,0.0196,0.0198,0.0195,0.0195,0.019700000000000002,0.02,0.019700000000000002,0.0196,0.0198,0.019700000000000002
,0.0164,0.0063,0.0177,0.0187,0.019200000000000002,0.0187,0.007500000000000001,0.019200000000000002,0.019,0.019200000000000002,0.019200000000000002,0.0188,0.019100000000000002,0.0193,0.0198,0.0195,0.0195,0.019700000000000002,0.019700000000000002,0.0195,0.0194,0.019700000000000002,0.019700000000000002,0.02,0.019700000000000002,0.0196,0.0195,0.0198,0.0195,0.0196,0.02,0.0196,0.0195,0.0198,0.0198,0.0198,0.0199,0.0198,0.0195,0.0195,0.0196,0.0195,0.0194,0.020200000000000003,0.020300000000000002,0.019700000000000002,0.0194,0.019200000000000002,0.019200000000000002,0.0198,0.02,0.0198,0.0196,0.0194,0.0193,0.0198,0.0198,0.0196,0.0205,0.0201,0.0205,0.0198,0.02,0.0198,0.020300000000000002,0.02,0.0205,0.0201,0.0201,0.0204,0.020300000000000002,0.0196,0.0204,0.0205,0.0205,0.0205,0.0199,0.0194,0.0196,0.0198,0.0199,0.0199,0.0198,0.0201,0.0198,0.0194,0.0196,0.02,0.0201,0.0198,0.019700000000000002,0.0198,0.0196,0.0198,0.0198,0.019700000000000002,0.0198,0.0198,0.02,0.019700000000000002,0.0195,0.0195,0.0198,0.0198,0.019700000000000002,0.0198,0.0201,0.02,0.0198,0.0193,0.0195,0.019700000000000002,0.0196,0.0195,0.0196,0.019700000000000002,0.0199,0.0199,0.019700000000000002,0.0198,0.0198,0.0195,0.0196,0.019700000000000002,0.019700000000000002,0.02,0.020300000000000002,0.020200000000000003,0.0198,0.02,0.0207,0.020300000000000002,0.020200000000000003,0.0201,0.020200000000000003,0.02,0.0201,0.0204,0.020200000000000003
,0.0171,0.017,0.018600000000000002,0.0189,0.019200000000000002,0.0193,0.0196,0.0059,0.0196,0.0193,0.0189,0.0188,0.0187,0.0187,0.019200000000000002,0.0195,0.0196,0.019700000000000002,0.019700000000000002,0.0193,0.0195,0.0194,0.0196,0.0194,0.0198,0.0196,0.0194,0.0198,0.0196,0.0198,0.019700000000000002,0.0199,0.0199,0.0195,0.0195,0.0195,0.0193,0.0161,0.016800000000000002,0.0176,0.0184,0.0193,0.0195,0.019700000000000002,0.0194,0.0193,0.0194,0.019200000000000002,0.019200000000000002,0.0193,0.019700000000000002,0.0196,0.0193,0.019700000000000002,0.02,0.02,0.0205,0.0205,0.0196,0.0201,0.019700000000000002,0.0199,0.020300000000000002,0.02,0.0196,0.0201,0.0198,0.0196,0.0198,0.0198,0.0196,0.0196,0.0198,0.019700000000000002,0.0199,0.019700000000000002,0.0199,0.0194,0.0196,0.0198,0.0199,0.0199,0.019700000000000002,0.0199,0.0198,0.0194,0.0196,0.02,0.0201,0.0198,0.0196,0.0196,0.0198,0.0201,0.020200000000000003,0.0196,0.0195,0.0198,0.0199,0.0201,0.0201,0.020300000000000002,0.02,0.020200000000000003,0.0204,0.020300000000000002,0.0201,0.020200000000000003,0.0204,0.020200000000000003,0.02,0.0196,0.0198,0.0196,0.020200000000000003,0.019700000000000002,0.0196,0.019700000000000002,0.0198,0.020200000000000003,0.0207,0.0205,0.020200000000000003,0.020200000000000003,0.020200000000000003,0.019700000000000002,0.0199,0.0198,0.019700000000000002,0.019700000000000002,0.0199,0.019700000000000002,0.0196,0.0199,0.0198,0.0198,0.0199,0.0194,0.019200000000000002
,0.008,0.0177,0.008400000000000001,0.0098,0.0187,0.0193,0.0196,0.0196,0.0196,0.019200000000000002,0.0194,0.0195,0.0195,0.0195,0.0198,0.0195,0.0195,0.0195,0.0194,0.0188,0.0189,0.0188,0.019700000000000002,0.0196,0.0194,0.0196,0.0194,0.0198,0.0195,0.0196,0.0198,0.0196,0.0196,0.0189,0.013300000000000001,0.0142,0.0151,0.019100000000000002,0.019,0.019100000000000002,0.019100000000000002,0.0193,0.019200000000000002,0.0193,0.019200000000000002,0.0199,0.0198,0.0196,0.0195,0.0193,0.019700000000000002,0.0196,0.0193,0.019700000000000002,0.02,0.0196,0.0193,0.0195,0.0196,0.0201,0.019700000000000002,0.019700000000000002,0.0194,0.02,0.0193,0.0195,0.02,0.019700000000000002,0.0198,0.020200000000000003,0.0201,0.0196,0.0198,0.019700000000000002,0.0199,0.019700000000000002,0.0198,0.0198,0.0194,0.0198,0.020300000000000002,0.019700000000000002,0.0198,0.0201,0.0199,0.02,0.0199,0.0201,0.0199,0.019700000000000002,0.0199,0.0199,0.020200000000000003,0.019700000000000002,0.0199,0.0199,0.020300000000000002,0.0198,0.019700000000000002,0.0201,0.0201,0.0199,0.0199,0.0201,0.0201,0.020300000000000002,0.0196,0.0198,0.019700000000000002,0.02,0.019700000000000002,0.0201,0.020200000000000003,0.02,0.020300000000000002,0.0198,0.020300000000000002,0.02,0.0199,0.0195,0.0195,0.0194,0.0196,0.019700000000000002,0.019700000000000002,0.019700000000000002,0.0199,0.0198,0.019700000000000002,0.019700000000000002,0.0199,0.019700000000000002,0.0196,0.0199,0.019700000000000002,0.019700000000000002,0.0196,0.0195,0.0196
,0.016800000000000002,0.0182,0.0193,0.0193,0.0098,0.019,0.0195,0.0196,0.0198,0.0193,0.0194,0.0195,0.0195,0.0187,0.0184,0.018600000000000002,0.0183,0.0188,0.0184,0.0188,0.0189,0.0188,0.019700000000000002,0.0196,0.0194,0.019200000000000002,0.0188,0.0188,0.019200000000000002,0.0187,0.019,0.019,0.019100000000000002,0.0189,0.0193,0.019200000000000002,0.019,0.019100000000000002,0.0193,0.019200000000000002,0.019200000000000002,0.0195,0.019200000000000002,0.019100000000000002,0.019200000000000002,0.0195,0.019200000000000002,0.0195,0.0196,0.02,0.02,0.0201,0.0204,0.0201,0.02,0.0196,0.0193,0.0195,0.019700000000000002,0.0198,0.0194,0.0198,0.019700000000000002,0.02,0.0193,0.0195,0.0196,0.0195,0.0196,0.0199,0.0196,0.019700000000000002,0.0198,0.0194,0.019700000000000002,0.0196,0.0198,0.0198,0.0194,0.0198,0.020300000000000002,0.019700000000000002,0.019700000000000002,0.0199,0.0199,0.02,0.0199,0.0201,0.0199,0.020300000000000002,0.0206,0.0199,0.02,0.019700000000000002,0.0199,0.0199,0.020300000000000002,0.0198,0.019700000000000002,0.0201,0.0201,0.020300000000000002,0.02,0.020200000000000003,0.0204,0.0195,0.020300000000000002,0.0204,0.020300000000000002,0.020200000000000003,0.0199,0.0198,0.019700000000000002,0.020200000000000003,0.0195,0.0201,0.020200000000000003,0.02,0.0201,0.02,0.0199,0.019700000000000002,0.020200000000000003,0.020300000000000002,0.0198,0.0199,0.0201,0.0198,0.0199,0.0204,0.0201,0.0198,0.02,0.0198,0.019700000000000002,0.019700000000000002,0.0196,0.0195,0.0196
,0.016300000000000002,0.0182,0.0193,0.0193,0.0196,0.009000000000000001,0.0195,0.019700000000000002,0.0198,0.0194,0.019200000000000002,0.0194,0.0194,0.0195,0.0184,0.018600000000000002,0.0183,0.0188,0.0184,0.0196,0.019700000000000002,0.0195,0.0188,0.018500000000000003,0.0187,0.019200000000000002,0.0188,0.0188,0.019200000000000002,0.0187,0.019,0.019,0.019100000000000002,0.0123,0.019100000000000002,0.019100000000000002,0.019100000000000002,0.019100000000000002,0.0193,0.019200000000000002,0.019200000000000002,0.0195,0.019200000000000002,0.019100000000000002,0.019200000000000002,0.0195,0.019200000000000002,0.0195,0.0196,0.0196,0.0193,0.0196,0.019700000000000002,0.0196,0.019700000000000002,0.0199,0.0194,0.019700000000000002,0.019700000000000002,0.0198,0.0194,0.019700000000000002,0.0194,0.0196,0.0198,0.0196,0.0196,0.0195,0.0196,0.0199,0.0196,0.0196,0.0198,0.0194,0.019700000000000002,0.0196,0.020200000000000003,0.0201,0.020200000000000003,0.0201,0.02,0.020300000000000002,0.020200000000000003,0.02,0.020200000000000003,0.02,0.020300000000000002,0.0198,0.0199,0.019700000000000002,0.0199,0.0199,0.020200000000000003,0.0198,0.020200000000000003,0.0199,0.02,0.020200000000000003,0.02,0.0198,0.020300000000000002,0.0194,0.0193,0.0198,0.0196,0.020200000000000003,0.0201,0.020200000000000003,0.0204,0.020200000000000003,0.02,0.0201,0.020200000000000003,0.020200000000000003,0.0195,0.02,0.020200000000000003,0.02,0.0201,0.02,0.0199,0.019700000000000002,0.020200000000000003,0.020300000000000002,0.0198,0.0199,0.0201,0.0198,0.0199,0.0204,0.0201,0.0198,0.02,0.0198,0.0201,0.020300000000000002,0.0199,0.0198,0.02
,0.016800000000000002,0.0196,0.0167,0.013600000000000001,0.0196,0.0194,0.008700000000000001,0.019700000000000002,0.006900000000000001,0.0194,0.019200000000000002,0.0194,0.0194,0.019,0.0194,0.0193,0.02,0.0195,0.0194,0.0196,0.019700000000000002,0.0195,0.0188,0.018500000000000003,0.0187,0.0059,0.0066,0.0071,0.008,0.008700000000000001,0.0097,0.0105,0.0114,0.019,0.0193,0.019200000000000002,0.019,0.019200000000000002,0.0196,0.0198,0.0198,0.020300000000000002,0.0198,0.019700000000000002,0.02,0.02,0.0199,0.0199,0.0201,0.0196,0.0193,0.0196,0.019700000000000002,0.0196,0.019700000000000002,0.0199,0.0194,0.019700000000000002,0.020200000000000003,0.0201,0.0201,0.0198,0.019700000000000002,0.0196,0.0198,0.0196,0.019700000000000002,0.0199,0.020300000000000002,0.02,0.0204,0.0201,0.02,0.020300000000000002,0.020200000000000003,0.02,0.020200000000000003,0.0201,0.020200000000000003,0.0201,0.02,0.020300000000000002,0.020200000000000003,0.02,0.020200000000000003,0.02,0.020300000000000002,0.0198,0.0199,0.020300000000000002,0.0206,0.0199,0.02,0.0198,0.0204,0.0207,0.020200000000000003,0.0198,0.0199,0.0198,0.019700000000000002,0.0205,0.0204,0.0204,0.020200000000000003,0.019700000000000002,0.02,0.020300000000000002,0.02,0.0198,0.0199,0.0201,0.020300000000000002,0.0201,0.0199,0.02,0.0199,0.0198,0.0196,0.019700000000000002,0.02,0.0196,0.02,0.02,0.0198,0.0196,0.020200000000000003,0.0201,0.02,0.0199,0.0198,0.0198,0.0198,0.0199,0.0201,0.020300000000000002,0.0199,0.0198,0.02
,0.016900000000000002,0.019,0.0193,0.019100000000000002,0.011600000000000001,0.0194,0.0189,0.0189,0.0198,0.0059,0.0194,0.0199,0.0193,0.019,0.0194,0.0193,0.02,0.0195,0.0194,0.018600000000000002,0.0189,0.0188,0.019,0.0189,0.0053,0.0189,0.019100000000000002,0.0187,0.0189,0.0189,0.019100000000000002,0.019,0.0189,0.0187,0.0189,0.0193,0.0194,0.0201,0.0198,0.0196,0.0195,0.0194,0.019,0.0193,0.0193,0.0195,0.0195,0.0194,0.019700000000000002,0.0198,0.0198,0.019700000000000002,0.0195,0.0194,0.02,0.02,0.02,0.0201,0.019700000000000002,0.020200000000000003,0.020300000000000002,0.02,0.0201,0.0204,0.0201,0.0198,0.020200000000000003,0.02,0.020300000000000002,0.02,0.0204,0.0201,0.02,0.020200000000000003,0.020200000000000003,0.02,0.02,0.020200000000000003,0.0201,0.020200000000000003,0.020300000000000002,0.0204,0.02,0.020300000000000002,0.0204,0.020300000000000002,0.0201,0.0198,0.0204,0.0205,0.0204,0.020200000000000003,0.0196,0.0198,0.020200000000000003,0.0199,0.02,0.020200000000000003,0.0199,0.0199,0.019700000000000002,0.02,0.0198,0.0198,0.0196,0.0196,0.019700000000000002,0.0198,0.0196,0.0198,0.0199,0.02,0.02,0.0198,0.0199,0.0199,0.0198,0.019700000000000002,0.0196,0.0196,0.0195,0.0198,0.0198,0.0201,0.02,0.0198,0.02,0.019700000000000002,0.0195,0.019700000000000002,0.0201,0.0198,0.0201,0.0201,0.0196,0.0196,0.0195,0.0195,0.0196
,0.0213,0.019700000000000002,0.0187,0.019,0.019,0.010100000000000001,0.019700000000000002,0.0077,0.0188,0.0199,0.0194,0.0199,0.0198,0.019100000000000002,0.0188,0.0194,0.0194,0.0188,0.019200000000000002,0.018600000000000002,0.019,0.019,0.019100000000000002,0.019100000000000002,0.0187,0.0194,0.019,0.0193,0.0195,0.019200000000000002,0.019,0.0194,0.019100000000000002,0.0187,0.0189,0.0193,0.0194,0.019200000000000002,0.0196,0.0196,0.0195,0.0194,0.019,0.0193,0.0193,0.0195,0.0195,0.0194,0.019700000000000002,0.0199,0.0198,0.0199,0.0199,0.0194,0.0201,0.02,0.02,0.020300000000000002,0.019700000000000002,0.020200000000000003,0.020300000000000002,0.0199,0.0201,0.0204,0.0201,0.020200000000000003,0.019700000000000002,0.0199,0.0196,0.0199,0.0205,0.0206,0.02,0.020300000000000002,0.0194,0.0198,0.0196,0.0198,0.0195,0.0196,0.0198,0.0198,0.0198,0.019700000000000002,0.0193,0.0199,0.02,0.0195,0.0198,0.0195,0.0198,0.0198,0.0198,0.0201,0.0199,0.019700000000000002,0.0198,0.020200000000000003,0.0199,0.0199,0.019700000000000002,0.02,0.0198,0.0198,0.0196,0.0196,0.019700000000000002,0.0198,0.0196,0.0198,0.0199,0.02,0.02,0.0198,0.0199,0.0198,0.0198,0.019700000000000002,0.0196,0.0196,0.0195,0.0198,0.0198,0.0201,0.02,0.0196,0.0196,0.0198,0.0195,0.0196,0.019700000000000002,0.02,0.019700000000000002,0.02,0.02,0.0199,0.0198,0.0195,0.02
,0.0213,0.019700000000000002,0.0187,0.019100000000000002,0.0196,0.019,0.0189,0.019200000000000002,0.019,0.0188,0.0054,0.018500000000000003,0.0193,0.019100000000000002,0.0188,0.0194,0.0194,0.019200000000000002,0.019200000000000002,0.0187,0.019,0.019,0.019100000000000002,0.019100000000000002,0.019,0.0194,0.019,0.0193,0.0195,0.019200000000000002,0.019,0.0194,0.019100000000000002,0.0198,0.0195,0.0199,0.0198,0.0198,0.0198,0.0195,0.0196,0.0194,0.019100000000000002,0.0199,0.02,0.020300000000000002,0.0196,0.019200000000000002,0.0198,0.0198,0.0198,0.019700000000000002,0.0195,0.02,0.0196,0.02,0.02,0.020300000000000002,0.0198,0.0196,0.019700000000000002,0.0199,0.0201,0.0204,0.0201,0.0198,0.020200000000000003,0.02,0.0199,0.0198,0.02,0.0199,0.0204,0.020300000000000002,0.0198,0.020200000000000003,0.0199,0.0198,0.0195,0.0201,0.019700000000000002,0.0198,0.019700000000000002,0.0198,0.0198,0.0198,0.0199,0.0199,0.0198,0.0198,0.0198,0.0198,0.0196,0.0193,0.019700000000000002,0.0199,0.0198,0.0198,0.019700000000000002,0.0198,0.0198,0.0198,0.0198,0.0199,0.02,0.020200000000000003,0.0199,0.02,0.0196,0.019700000000000002,0.0195,0.019700000000000002,0.0195,0.0196,0.0198,0.0198,0.0199,0.0195,0.019700000000000002,0.019700000000000002,0.0196,0.019700000000000002,0.02,0.0201,0.02,0.0198,0.02,0.019700000000000002,0.0195,0.019700000000000002,0.019700000000000002,0.0198,0.019700000000000002,0.0204,0.0201,0.0201,0.02,0.0198,0.0195
,0.021,0.0173,0.0175,0.019100000000000002,0.019200000000000002,0.0196,0.0189,0.0183,0.019,0.019,0.019200000000000002,0.018500000000000003,0.0198,0.019,0.0194,0.0188,0.0187,0.0188,0.0194,0.019700000000000002,0.0195,0.0194,0.019100000000000002,0.0193,0.019,0.019200000000000002,0.019200000000000002,0.019700000000000002,0.0195,0.0196,0.0198,0.0198,0.0198,0.0196,0.0195,0.0194,0.0196,0.0198,0.0198,0.0195,0.0196,0.0201,0.0199,0.019700000000000002,0.019700000000000002,0.0196,0.0204,0.0201,0.020200000000000003,0.020200000000000003,0.0201,0.02,0.0201,0.0199,0.0201,0.0199,0.0196,0.0198,0.019700000000000002,0.0198,0.0194,0.0198,0.0194,0.0194,0.0199,0.0201,0.020300000000000002,0.02,0.0196,0.0199,0.02,0.0199,0.0196,0.0193,0.0194,0.0196,0.02,0.019700000000000002,0.0194,0.0198,0.0198,0.02,0.0199,0.0194,0.0199,0.0199,0.0195,0.019700000000000002,0.0198,0.0198,0.0198,0.0198,0.0196,0.0193,0.0196,0.0196,0.0196,0.019700000000000002,0.0196,0.0195,0.0196,0.02,0.019700000000000002,0.019700000000000002,0.0199,0.02,0.02,0.02,0.0199,0.02,0.02,0.02,0.02,0.02,0.020200000000000003,0.0199,0.0199,0.02,0.02,0.0198,0.019700000000000002,0.0199,0.02,0.0199,0.019700000000000002,0.0196,0.0196,0.0198,0.0199,0.0198,0.0199,0.02,0.02,0.02,0.0204,0.0205,0.020300000000000002,0.0195,0.0198
,0.0279,0.0188,0.019200000000000002,0.0175,0.019200000000000002,0.0184,0.018600000000000002,0.0183,0.0188,0.019,0.0198,0.0189,0.019100000000000002,0.0195,0.0189,0.0188,0.0187,0.019200000000000002,0.019,0.019700000000000002,0.0195,0.0194,0.019100000000000002,0.0193,0.019200000000000002,0.0198,0.019700000000000002,0.019200000000000002,0.019200000000000002,0.019100000000000002,0.0193,0.0193,0.0195,0.0196,0.0195,0.0194,0.0196,0.020300000000000002,0.0199,0.0195,0.0201,0.0194,0.019100000000000002,0.019700000000000002,0.019700000000000002,0.0196,0.0196,0.019200000000000002,0.0198,0.0195,0.0198,0.0199,0.0201,0.019700000000000002,0.0198,0.0195,0.0196,0.0196,0.0198,0.0198,0.019700000000000002,0.0196,0.0196,0.0196,0.02,0.0198,0.0196,0.0199,0.0196,0.0193,0.019700000000000002,0.0199,0.0196,0.019700000000000002,0.02,0.0199,0.02,0.019700000000000002,0.0194,0.0198,0.0198,0.02,0.0199,0.0198,0.0198,0.0198,0.0199,0.0199,0.019700000000000002,0.0198,0.02,0.0199,0.0196,0.0195,0.019700000000000002,0.0199,0.0198,0.0198,0.019700000000000002,0.0198,0.0198,0.0198,0.0198,0.0199,0.0199,0.02,0.02,0.02,0.0199,0.02,0.02,0.02,0.02,0.02,0.020200000000000003,0.0201,0.0199,0.02,0.02,0.0198,0.019700000000000002,0.0199,0.02,0.019700000000000002,0.020200000000000003,0.020200000000000003,0.0201,0.0198,0.0199,0.020300000000000002,0.0204,0.0205,0.0201,0.0198,0.02,0.0199,0.0198,0.0196,0.0195
,0.016900000000000002,0.0182,0.019100000000000002,0.0189,0.0188,0.0184,0.0194,0.0187,0.0196,0.0196,0.0189,0.019200000000000002,0.0195,0.0195,0.0194,0.0188,0.0188,0.0188,0.0194,0.0194,0.0194,0.019700000000000002,0.0198,0.0198,0.019200000000000002,0.019200000000000002,0.019200000000000002,0.019200000000000002,0.019200000000000002,0.019100000000000002,0.0193,0.0193,0.0195,0.0198,0.0199,0.02,0.0199,0.02,0.0201,0.0199,0.02,0.0195,0.02,0.019700000000000002,0.0201,0.0196,0.0201,0.02,0.0198,0.020200000000000003,0.0201,0.02,0.0198,0.0199,0.0195,0.0195,0.0195,0.0194,0.0198,0.0195,0.0199,0.020300000000000002,0.0201,0.020200000000000003,0.0199,0.019700000000000002,0.0198,0.0196,0.0194,0.0195,0.019700000000000002,0.0196,0.02,0.0193,0.02,0.0199,0.0195,0.0195,0.019700000000000002,0.0195,0.0196,0.0196,0.0198,0.0196,0.0196,0.0199,0.019700000000000002,0.019700000000000002,0.0194,0.0196,0.0195,0.0195,0.0194,0.0196,0.0194,0.0196,0.019700000000000002,0.0194,0.0194,0.0195,0.019700000000000002,0.0199,0.0199,0.0195,0.0194,0.0196,0.0196,0.020200000000000003,0.0204,0.0204,0.020800000000000003,0.0199,0.0198,0.0201,0.0201,0.0201,0.0199,0.019700000000000002,0.02,0.0201,0.020200000000000003,0.020200000000000003,0.0198,0.0199,0.019700000000000002,0.0196,0.0196,0.019700000000000002,0.0199,0.0198,0.0199,0.02,0.02,0.0198,0.0198,0.0199,0.0196,0.0201,0.0198
,0.0166,0.0188,0.0188,0.0189,0.0183,0.019100000000000002,0.018600000000000002,0.019100000000000002,0.0188,0.0196,0.019200000000000002,0.0194,0.019700000000000002,0.019200000000000002,0.0199,0.020200000000000003,0.0193,0.020200000000000003,0.0194,0.0199,0.0194,0.0204,0.020200000000000003,0.0199,0.019700000000000002,0.02,0.019700000000000002,0.019700000000000002,0.0199,0.0199,0.02,0.0198,0.02,0.0199,0.0201,0.0201,0.0201,0.02,0.019200000000000002,0.0194,0.019700000000000002,0.0199,0.0199,0.0195,0.019700000000000002,0.02,0.0199,0.0199,0.0196,0.0196,0.0198,0.0194,0.019700000000000002,0.0198,0.0195,0.019700000000000002,0.019700000000000002,0.0195,0.02,0.019700000000000002,0.0196,0.0199,0.0198,0.020200000000000003,0.0199,0.0201,0.0195,0.02,0.0198,0.0199,0.020200000000000003,0.02,0.019700000000000002,0.019700000000000002,0.0199,0.0196,0.02,0.0201,0.019700000000000002,0.020300000000000002,0.02,0.0201,0.019700000000000002,0.020200000000000003,0.0199,0.020200000000000003,0.0196,0.0199,0.02,0.02,0.020200000000000003,0.0199,0.0198,0.0205,0.0201,0.0199,0.02,0.020300000000000002,0.020200000000000003,0.0201,0.0199,0.02,0.020300000000000002,0.020200000000000003,0.02,0.020200000000000003,0.020200000000000003,0.0194,0.0194,0.0195,0.0198,0.02,0.0198,0.0196,0.02,0.020200000000000003,0.0198,0.019700000000000002,0.0196,0.0194,0.0194,0.0196,0.0199,0.0201,0.0199,0.019700000000000002,0.02,0.0199,0.019700000000000002,0.0196,0.0193,0.0196,0.019700000000000002,0.0198,0.0198,0.0199,0.0196,0.0196,0.0198
,0.016900000000000002,0.0189,0.0188,0.019100000000000002,0.0188,0.019100000000000002,0.0194,0.0187,0.0196,0.018600000000000002,0.0196,0.0194,0.019700000000000002,0.0199,0.0199,0.0194,0.0195,0.019200000000000002,0.019700000000000002,0.0194,0.0201,0.0196,0.0194,0.0195,0.019700000000000002,0.0196,0.0195,0.0196,0.0196,0.0198,0.02,0.0198,0.02,0.0199,0.0201,0.0201,0.0201,0.0196,0.0201,0.0199,0.02,0.0199,0.02,0.019700000000000002,0.0201,0.02,0.0201,0.02,0.0198,0.0198,0.020200000000000003,0.0198,0.019700000000000002,0.019700000000000002,0.02,0.02,0.02,0.02,0.02,0.02,0.0196,0.0201,0.020300000000000002,0.0199,0.0204,0.020300000000000002,0.0199,0.019700000000000002,0.0196,0.02,0.0195,0.020200000000000003,0.02,0.0195,0.02,0.02,0.02,0.0198,0.019700000000000002,0.0198,0.019700000000000002,0.0198,0.02,0.0199,0.0198,0.0199,0.0196,0.0201,0.0196,0.02,0.0198,0.0196,0.02,0.0198,0.0195,0.02,0.02,0.0196,0.019700000000000002,0.0199,0.02,0.019700000000000002,0.020200000000000003,0.0199,0.020300000000000002,0.0204,0.0201,0.02,0.0199,0.02,0.0199,0.0198,0.02,0.0199,0.02,0.0199,0.019700000000000002,0.0201,0.020300000000000002,0.0204,0.0204,0.0204,0.020300000000000002,0.0204,0.0204,0.020200000000000003,0.02,0.02,0.02,0.0199,0.0196,0.0195,0.019700000000000002,0.019700000000000002,0.0198,0.0198,0.0196,0.0198,0.0196
,0.019100000000000002,0.0189,0.018600000000000002,0.0181,0.018600000000000002,0.0184,0.0183,0.019100000000000002,0.018600000000000002,0.018600000000000002,0.0196,0.0194,0.019,0.019200000000000002,0.0198,0.020200000000000003,0.0195,0.0194,0.0196,0.0199,0.0201,0.0196,0.0194,0.0195,0.0195,0.0196,0.0195,0.0196,0.0196,0.0198,0.02,0.0198,0.02,0.0194,0.0195,0.019700000000000002,0.0199,0.0195,0.0193,0.0193,0.019700000000000002,0.0198,0.019700000000000002,0.0193,0.0194,0.0194,0.0195,0.0195,0.0196,0.0194,0.0199,0.02,0.0193,0.0195,0.02,0.0204,0.02,0.020300000000000002,0.02,0.02,0.0196,0.019700000000000002,0.019700000000000002,0.0196,0.0195,0.0196,0.0196,0.0199,0.0201,0.019700000000000002,0.0201,0.020200000000000003,0.0198,0.02,0.0199,0.0201,0.020300000000000002,0.0205,0.020300000000000002,0.020200000000000003,0.020300000000000002,0.020200000000000003,0.0199,0.0196,0.019700000000000002,0.019700000000000002,0.0198,0.0199,0.0199,0.02,0.02,0.02,0.02,0.0201,0.02,0.0199,0.0199,0.019700000000000002,0.0198,0.0198,0.0201,0.02,0.020200000000000003,0.0204,0.0198,0.019700000000000002,0.0196,0.0201,0.020200000000000003,0.020300000000000002,0.0199,0.019700000000000002,0.0198,0.020200000000000003,0.0198,0.02,0.0196,0.020200000000000003,0.02,0.02,0.0201,0.0198,0.0195,0.0201,0.0198,0.0201,0.020200000000000003,0.019700000000000002,0.019700000000000002,0.0196,0.02,0.0199,0.019700000000000002,0.0196,0.0199,0.0199,0.0201,0.0201,0.02
,0.0181,0.0193,0.019100000000000002,0.0181,0.018600000000000002,0.0183,0.019,0.0183,0.019200000000000002,0.0187,0.018500000000000003,0.0194,0.019,0.0187,0.0193,0.0194,0.0194,0.020200000000000003,0.0196,0.0193,0.0193,0.0204,0.0194,0.0195,0.0195,0.0196,0.0195,0.019100000000000002,0.0195,0.0193,0.019700000000000002,0.0195,0.0196,0.0195,0.019200000000000002,0.019700000000000002,0.0198,0.019700000000000002,0.019700000000000002,0.0193,0.0195,0.0194,0.0194,0.0196,0.019700000000000002,0.0196,0.0201,0.0198,0.019700000000000002,0.02,0.02,0.02,0.02,0.0199,0.02,0.0204,0.02,0.020300000000000002,0.020200000000000003,0.020300000000000002,0.0201,0.019700000000000002,0.020300000000000002,0.0199,0.0204,0.020300000000000002,0.0201,0.0199,0.0201,0.019700000000000002,0.0201,0.020200000000000003,0.020300000000000002,0.0199,0.019700000000000002,0.0199,0.020300000000000002,0.0205,0.020300000000000002,0.020200000000000003,0.020300000000000002,0.020200000000000003,0.0199,0.0196,0.019700000000000002,0.019700000000000002,0.0198,0.0199,0.0199,0.02,0.02,0.02,0.02,0.0201,0.02,0.0199,0.0199,0.019700000000000002,0.0198,0.0198,0.0201,0.02,0.020200000000000003,0.0204,0.0198,0.019700000000000002,0.0196,0.0201,0.020200000000000003,0.020300000000000002,0.019700000000000002,0.019700000000000002,0.0198,0.020200000000000003,0.0198,0.0199,0.0196,0.020200000000000003,0.02,0.02,0.0201,0.0198,0.0195,0.0201,0.0198,0.0201,0.020200000000000003,0.019700000000000002,0.019700000000000002,0.0196,0.02,0.0199,0.019700000000000002,0.0196,0.019700000000000002,0.02,0.020300000000000002,0.020300000000000002,0.0204
,0.0181,0.0179,0.019100000000000002,0.0188,0.0188,0.0184,0.019200000000000002,0.0194,0.0193,0.0193,0.018500000000000003,0.0193,0.019100000000000002,0.0187,0.0195,0.0188,0.0193,0.019100000000000002,0.0194,0.0193,0.0193,0.0196,0.0199,0.020300000000000002,0.0201,0.0198,0.02,0.0196,0.0196,0.0196,0.0198,0.0193,0.0195,0.019200000000000002,0.0194,0.0194,0.0195,0.0196,0.02,0.0194,0.0196,0.019700000000000002,0.0194,0.0196,0.0195,0.0195,0.0195,0.0196,0.0196,0.02,0.0198,0.0198,0.0199,0.020200000000000003,0.0196,0.019700000000000002,0.0198,0.020200000000000003,0.0196,0.019700000000000002,0.0193,0.02,0.0199,0.0199,0.020300000000000002,0.0204,0.0196,0.0199,0.0201,0.020300000000000002,0.020300000000000002,0.02,0.020300000000000002,0.0199,0.019700000000000002,0.0199,0.0199,0.02,0.0201,0.02,0.020200000000000003,0.0205,0.0199,0.0201,0.02,0.019700000000000002,0.020200000000000003,0.0199,0.0201,0.0204,0.0201,0.02,0.0201,0.0199,0.020300000000000002,0.020300000000000002,0.0199,0.0199,0.020200000000000003,0.0199,0.0199,0.0198,0.0198,0.02,0.020200000000000003,0.019700000000000002,0.019700000000000002,0.02,0.020200000000000003,0.020200000000000003,0.0199,0.0195,0.0198,0.0199,0.0199,0.0199,0.02,0.0199,0.0198,0.0201,0.02,0.0198,0.0198,0.0201,0.0201,0.019700000000000002,0.0199,0.02,0.0205,0.0198,0.0201,0.0204,0.0199,0.0195,0.0199,0.0199,0.0201,0.0201,0.02
,0.009600000000000001,0.0193,0.018600000000000002,0.018600000000000002,0.0188,0.019,0.0188,0.019700000000000002,0.0193,0.0193,0.019,0.0194,0.0195,0.019200000000000002,0.0193,0.0188,0.0193,0.019100000000000002,0.0194,0.0198,0.0201,0.0196,0.0199,0.020300000000000002,0.019100000000000002,0.0198,0.0194,0.0198,0.020300000000000002,0.0204,0.0201,0.02,0.019700000000000002,0.02,0.0198,0.02,0.020300000000000002,0.0194,0.019200000000000002,0.0199,0.0198,0.0198,0.02,0.02,0.0196,0.019700000000000002,0.019700000000000002,0.0196,0.019700000000000002,0.02,0.0198,0.0198,0.0199,0.020200000000000003,0.0193,0.019700000000000002,0.0196,0.0193,0.0198,0.0196,0.0199,0.020200000000000003,0.02,0.0198,0.0198,0.020200000000000003,0.020200000000000003,0.020300000000000002,0.0198,0.0199,0.019700000000000002,0.0199,0.0201,0.0199,0.019700000000000002,0.0198,0.0198,0.020200000000000003,0.0198,0.02,0.0201,0.0196,0.0201,0.0201,0.02,0.02,0.019700000000000002,0.0199,0.0201,0.0196,0.0198,0.02,0.0198,0.0195,0.0196,0.0201,0.0201,0.0199,0.020200000000000003,0.0199,0.0199,0.0198,0.0198,0.02,0.020200000000000003,0.019700000000000002,0.019700000000000002,0.02,0.020200000000000003,0.020200000000000003,0.019700000000000002,0.0195,0.0198,0.0199,0.0199,0.0199,0.02,0.0199,0.0198,0.0201,0.02,0.0198,0.0198,0.0201,0.0201,0.019700000000000002,0.0199,0.02,0.0205,0.0198,0.0201,0.0204,0.020300000000000002,0.020200000000000003,0.0201,0.020200000000000003,0.02,0.02,0.0201
,0.0172,0.0183,0.018600000000000002,0.0187,0.0193,0.019,0.018600000000000002,0.019,0.019200000000000002,0.019200000000000002,0.0194,0.019100000000000002,0.0193,0.0198,0.019700000000000002,0.0198,0.0196,0.0196,0.0198,0.0193,0.0195,0.0194,0.0194,0.0195,0.0201,0.0194,0.02,0.0198,0.020300000000000002,0.0204,0.0201,0.02,0.02,0.02,0.0198,0.02,0.020300000000000002,0.0196,0.02,0.0199,0.0198,0.0198,0.0199,0.02,0.020300000000000002,0.0201,0.0198,0.0199,0.0199,0.0193,0.0194,0.0195,0.0195,0.0195,0.02,0.019700000000000002,0.0198,0.0195,0.0199,0.0199,0.020300000000000002,0.019200000000000002,0.0198,0.0198,0.0198,0.020200000000000003,0.0198,0.0205,0.0198,0.0199,0.019700000000000002,0.0199,0.0196,0.02,0.0195,0.0199,0.0198,0.020200000000000003,0.0198,0.02,0.0201,0.0196,0.0201,0.0201,0.02,0.02,0.019700000000000002,0.0199,0.0201,0.0196,0.0198,0.02,0.0198,0.0195,0.020300000000000002,0.020300000000000002,0.0199,0.02,0.02,0.020200000000000003,0.020300000000000002,0.020200000000000003,0.019700000000000002,0.0199,0.02,0.0201,0.02,0.0198,0.0201,0.0199,0.020200000000000003,0.0201,0.020200000000000003,0.02,0.02,0.0199,0.0198,0.02,0.0199,0.0199,0.0201,0.02,0.02,0.019700000000000002,0.0199,0.02,0.0199,0.0201,0.020200000000000003,0.0205,0.0204,0.0204,0.0199,0.0195,0.0201,0.02,0.019700000000000002,0.02,0.020200000000000003
,0.020200000000000003,0.0179,0.0183,0.018500000000000003,0.018600000000000002,0.018600000000000002,0.0187,0.0189,0.0188,0.019100000000000002,0.0193,0.019,0.019,0.0193,0.0194,0.0193,0.0195,0.0195,0.0196,0.0193,0.0196,0.0195,0.0193,0.0196,0.019700000000000002,0.0195,0.019100000000000002,0.019700000000000002,0.0196,0.0196,0.0195,0.0194,0.02,0.0195,0.019200000000000002,0.0194,0.0196,0.0195,0.0196,0.0198,0.0195,0.0198,0.0199,0.02,0.020300000000000002,0.0201,0.0198,0.0199,0.0199,0.0199,0.0196,0.0198,0.0199,0.020300000000000002,0.020300000000000002,0.019700000000000002,0.0201,0.019700000000000002,0.0199,0.0199,0.020300000000000002,0.0198,0.02,0.0196,0.0195,0.0196,0.0198,0.020300000000000002,0.0198,0.019700000000000002,0.0198,0.0201,0.0196,0.02,0.0195,0.0199,0.0198,0.0198,0.020300000000000002,0.020200000000000003,0.020300000000000002,0.020300000000000002,0.0204,0.0199,0.02,0.0196,0.0196,0.019700000000000002,0.02,0.020200000000000003,0.0201,0.0198,0.0198,0.0198,0.0199,0.02,0.02,0.020200000000000003,0.0199,0.02,0.020200000000000003,0.020200000000000003,0.0198,0.0199,0.019700000000000002,0.0198,0.02,0.0198,0.02,0.020300000000000002,0.02,0.0199,0.0198,0.019700000000000002,0.0198,0.0198,0.0199,0.0199,0.0199,0.02,0.02,0.0201,0.0201,0.0199,0.0199,0.019700000000000002,0.0196,0.019700000000000002,0.019700000000000002,0.02,0.02,0.020200000000000003,0.0198,0.0196,0.0201,0.020200000000000003,0.019700000000000002,0.02,0.020200000000000003
,0.0182,0.0176,0.0181,0.0182,0.0184,0.019100000000000002,0.019,0.0189,0.019200000000000002,0.0188,0.018600000000000002,0.019200000000000002,0.0193,0.019,0.019200000000000002,0.0195,0.0195,0.0196,0.0194,0.0194,0.019200000000000002,0.0195,0.0193,0.0193,0.019200000000000002,0.0194,0.0195,0.0193,0.0195,0.0195,0.0196,0.019100000000000002,0.0198,0.0196,0.019200000000000002,0.0195,0.0194,0.0194,0.0194,0.0193,0.0193,0.0194,0.0194,0.0195,0.0195,0.0194,0.0194,0.0194,0.0194,0.02,0.02,0.020200000000000003,0.02,0.0198,0.020300000000000002,0.019700000000000002,0.0201,0.019700000000000002,0.0199,0.0195,0.0201,0.020200000000000003,0.0195,0.0195,0.0195,0.0195,0.0198,0.019700000000000002,0.02,0.0204,0.02,0.0199,0.020300000000000002,0.020300000000000002,0.020200000000000003,0.02,0.02,0.0199,0.0198,0.0201,0.020300000000000002,0.02,0.0199,0.0206,0.0198,0.0204,0.0199,0.020200000000000003,0.02,0.020200000000000003,0.0201,0.0198,0.0198,0.0198,0.0199,0.02,0.02,0.020200000000000003,0.0199,0.02,0.020200000000000003,0.020200000000000003,0.0198,0.0199,0.019700000000000002,0.0198,0.02,0.0198,0.02,0.020300000000000002,0.02,0.0199,0.0198,0.019700000000000002,0.0198,0.0199,0.0199,0.0199,0.0199,0.02,0.02,0.0201,0.0201,0.0199,0.0199,0.019700000000000002,0.0196,0.019700000000000002,0.019700000000000002,0.02,0.02,0.020200000000000003,0.0198,0.0196,0.0194,0.02,0.0199,0.0198,0.0196
,0.020200000000000003,0.0196,0.0199,0.019700000000000002,0.018600000000000002,0.018600000000000002,0.013800000000000002,0.019100000000000002,0.019200000000000002,0.019,0.0193,0.019200000000000002,0.019,0.0195,0.019700000000000002,0.019,0.019100000000000002,0.0195,0.019,0.0193,0.019700000000000002,0.0193,0.0196,0.019200000000000002,0.0195,0.0195,0.019200000000000002,0.019100000000000002,0.0188,0.0194,0.0193,0.019200000000000002,0.019,0.0195,0.0196,0.019700000000000002,0.0199,0.019700000000000002,0.0198,0.0196,0.0199,0.0194,0.0199,0.0198,0.0201,0.0196,0.0199,0.02,0.019700000000000002,0.0199,0.0198,0.0198,0.02,0.0196,0.0201,0.0198,0.0198,0.020200000000000003,0.0199,0.0195,0.0201,0.0199,0.0198,0.02,0.02,0.020300000000000002,0.0198,0.0196,0.019700000000000002,0.0204,0.02,0.0199,0.02,0.0198,0.02,0.020300000000000002,0.02,0.0199,0.0198,0.0201,0.020300000000000002,0.02,0.0199,0.0206,0.02,0.0196,0.0196,0.019700000000000002,0.020200000000000003,0.020300000000000002,0.02,0.0199,0.020200000000000003,0.0199,0.0201,0.020200000000000003,0.020200000000000003,0.02,0.020200000000000003,0.0204,0.0204,0.019700000000000002,0.0199,0.0205,0.020300000000000002,0.02,0.02,0.0205,0.0204,0.019700000000000002,0.0201,0.020300000000000002,0.020200000000000003,0.0196,0.0193,0.0199,0.019200000000000002,0.0193,0.0193,0.019700000000000002,0.0194,0.0198,0.0194,0.0193,0.0193,0.019200000000000002,0.0193,0.0195,0.0194,0.0194,0.0195,0.0196,0.019700000000000002,0.0196,0.0194,0.02,0.0199,0.0198,0.0196
,0.0175,0.018500000000000003,0.0189,0.0057,0.0198,0.0187,0.0189,0.0161,0.0176,0.019100000000000002,0.0188,0.019200000000000002,0.0194,0.0193,0.0193,0.019200000000000002,0.019,0.0193,0.019200000000000002,0.0195,0.0194,0.0195,0.019700000000000002,0.019200000000000002,0.019100000000000002,0.019700000000000002,0.0195,0.0195,0.0196,0.0194,0.0196,0.0195,0.0195,0.0196,0.019700000000000002,0.0196,0.0196,0.0199,0.019700000000000002,0.0201,0.0204,0.0196,0.0196,0.0199,0.0204,0.02,0.0196,0.019700000000000002,0.02,0.0199,0.0198,0.0198,0.02,0.0196,0.0201,0.0198,0.0198,0.020200000000000003,0.0198,0.02,0.019700000000000002,0.0199,0.0198,0.02,0.02,0.020300000000000002,0.0194,0.019700000000000002,0.02,0.019700000000000002,0.0194,0.0194,0.02,0.0198,0.02,0.020300000000000002,0.0194,0.0195,0.0195,0.019200000000000002,0.0196,0.019700000000000002,0.0195,0.0198,0.0194,0.0195,0.0196,0.019700000000000002,0.0193,0.0196,0.0193,0.0195,0.019200000000000002,0.0193,0.019,0.0195,0.0194,0.0193,0.0193,0.0193,0.0195,0.0194,0.0194,0.0193,0.0193,0.0194,0.0194,0.019100000000000002,0.0195,0.019200000000000002,0.0194,0.0193,0.0196,0.0199,0.02,0.0194,0.0201,0.020200000000000003,0.02,0.0201,0.0201,0.0201,0.0204,0.0199,0.019700000000000002,0.0194,0.0196,0.0193,0.019700000000000002,0.0194,0.0194,0.0194,0.02,0.0196,0.019700000000000002,0.0196,0.0196,0.019700000000000002,0.019700000000000002
,0.0184,0.0184,0.0189,0.018500000000000003,0.0088,0.011600000000000001,0.0194,0.019,0.0193,0.0193,0.019200000000000002,0.0195,0.0193,0.0195,0.0194,0.0193,0.0194,0.0194,0.0195,0.0193,0.0195,0.0195,0.0194,0.0196,0.0195,0.0196,0.019200000000000002,0.0195,0.0195,0.0201,0.0194,0.0194,0.0196,0.0198,0.02,0.0194,0.0199,0.0196,0.02,0.0195,0.0198,0.0198,0.0198,0.0198,0.019700000000000002,0.02,0.0199,0.019700000000000002,0.0198,0.0199,0.0201,0.020200000000000003,0.0199,0.02,0.0195,0.0199,0.0201,0.0196,0.0198,0.02,0.019700000000000002,0.0196,0.0199,0.0199,0.0199,0.0195,0.0198,0.0196,0.019700000000000002,0.0195,0.0195,0.0195,0.0195,0.0196,0.0199,0.0193,0.019700000000000002,0.0199,0.019700000000000002,0.0195,0.0198,0.019700000000000002,0.019700000000000002,0.0195,0.02,0.020200000000000003,0.0195,0.0198,0.019700000000000002,0.02,0.0194,0.0193,0.019200000000000002,0.0196,0.0194,0.0193,0.0194,0.019200000000000002,0.0194,0.0196,0.0194,0.0195,0.0193,0.019200000000000002,0.0193,0.0193,0.0195,0.019700000000000002,0.019700000000000002,0.0196,0.019200000000000002,0.0194,0.0194,0.0193,0.019200000000000002,0.0201,0.0195,0.0195,0.019100000000000002,0.0198,0.019200000000000002,0.0195,0.0196,0.0193,0.0198,0.02,0.02,0.020200000000000003,0.0201,0.0201,0.0193,0.019200000000000002,0.0194,0.0199,0.0198,0.0196,0.0193,0.019700000000000002,0.0194
,0.017400000000000002,0.0184,0.0184,0.018500000000000003,0.0187,0.019700000000000002,0.018600000000000002,0.0195,0.0187,0.0198,0.019200000000000002,0.020200000000000003,0.0194,0.019200000000000002,0.019200000000000002,0.0194,0.019,0.0194,0.0193,0.0195,0.0193,0.019100000000000002,0.019,0.019100000000000002,0.019200000000000002,0.0196,0.0196,0.019100000000000002,0.019200000000000002,0.0195,0.0198,0.019700000000000002,0.0195,0.0199,0.0196,0.0196,0.0194,0.0196,0.02,0.0195,0.0198,0.0198,0.0198,0.0198,0.019700000000000002,0.02,0.0199,0.0201,0.0198,0.0199,0.0201,0.020200000000000003,0.0199,0.02,0.0195,0.0199,0.0201,0.0196,0.0196,0.0195,0.0198,0.0196,0.0199,0.0199,0.0199,0.0195,0.0195,0.0198,0.020200000000000003,0.0198,0.02,0.0198,0.0195,0.0195,0.019700000000000002,0.0194,0.0196,0.0198,0.0193,0.0193,0.019200000000000002,0.0196,0.0195,0.0194,0.0193,0.0194,0.0194,0.0193,0.0194,0.0193,0.0198,0.019200000000000002,0.0195,0.019700000000000002,0.019700000000000002,0.019700000000000002,0.019700000000000002,0.019700000000000002,0.0195,0.020200000000000003,0.0198,0.0195,0.0194,0.0196,0.019700000000000002,0.0201,0.0195,0.0198,0.0196,0.0198,0.0195,0.0198,0.0198,0.019200000000000002,0.0195,0.0193,0.019200000000000002,0.0194,0.0195,0.019200000000000002,0.0193,0.0196,0.0196,0.0195,0.019200000000000002,0.019200000000000002,0.0193,0.0194,0.0195,0.0194,0.0201,0.02,0.0196,0.019200000000000002,0.0196,0.0196,0.0199,0.0196,0.0195
,0.018500000000000003,0.0194,0.019,0.0181,0.0187,0.0187,0.018600000000000002,0.0189,0.0187,0.0189,0.02,0.0193,0.0194,0.0194,0.0194,0.019200000000000002,0.0193,0.0195,0.0196,0.0195,0.0193,0.019100000000000002,0.019,0.019100000000000002,0.0193,0.0196,0.0196,0.019100000000000002,0.019200000000000002,0.0195,0.0198,0.019700000000000002,0.0196,0.0199,0.0196,0.0196,0.0194,0.0201,0.0205,0.0198,0.019700000000000002,0.0198,0.020200000000000003,0.0199,0.0201,0.0201,0.020200000000000003,0.019700000000000002,0.0198,0.02,0.0199,0.02,0.0198,0.019700000000000002,0.019200000000000002,0.0195,0.0194,0.0194,0.0198,0.0199,0.02,0.0195,0.0194,0.0194,0.0194,0.0194,0.0195,0.0198,0.020200000000000003,0.0198,0.02,0.0198,0.0198,0.019700000000000002,0.0195,0.0194,0.0196,0.0199,0.0196,0.0194,0.0198,0.0198,0.019700000000000002,0.0193,0.0198,0.0195,0.019700000000000002,0.019700000000000002,0.0199,0.020300000000000002,0.019700000000000002,0.0198,0.019700000000000002,0.0194,0.0196,0.0193,0.0198,0.02,0.020200000000000003,0.0194,0.0196,0.019700000000000002,0.0196,0.0196,0.0198,0.0193,0.0194,0.0195,0.019700000000000002,0.0196,0.0196,0.0193,0.019700000000000002,0.0196,0.0196,0.0196,0.0199,0.020200000000000003,0.0199,0.0193,0.0193,0.0195,0.0201,0.0196,0.0194,0.0198,0.0194,0.0195,0.02,0.019700000000000002,0.0196,0.0198,0.0201,0.02,0.019700000000000002,0.0198,0.019100000000000002,0.019200000000000002,0.019100000000000002
,0.018500000000000003,0.0178,0.0194,0.019200000000000002,0.018500000000000003,0.019,0.0201,0.0189,0.0199,0.0189,0.0196,0.0188,0.0195,0.0194,0.0194,0.019200000000000002,0.0193,0.0195,0.0196,0.0194,0.0195,0.0199,0.0195,0.0195,0.0193,0.0196,0.0195,0.019700000000000002,0.0196,0.0195,0.0196,0.019700000000000002,0.0195,0.0198,0.02,0.0199,0.0201,0.0201,0.019700000000000002,0.02,0.0199,0.0195,0.020200000000000003,0.0201,0.0196,0.0201,0.0198,0.0201,0.0198,0.02,0.0199,0.02,0.0198,0.019700000000000002,0.0198,0.019700000000000002,0.019700000000000002,0.0198,0.0195,0.0195,0.0193,0.02,0.0198,0.019700000000000002,0.019700000000000002,0.019700000000000002,0.0196,0.0195,0.0194,0.0193,0.0193,0.0193,0.0198,0.019700000000000002,0.0195,0.0194,0.019200000000000002,0.0198,0.0196,0.0194,0.0198,0.0198,0.019700000000000002,0.0193,0.0198,0.0195,0.019700000000000002,0.019700000000000002,0.0199,0.020300000000000002,0.019700000000000002,0.0198,0.019700000000000002,0.0194,0.0196,0.0193,0.0198,0.02,0.020200000000000003,0.0194,0.019700000000000002,0.019700000000000002,0.0193,0.0201,0.0196,0.0196,0.0195,0.019700000000000002,0.02,0.02,0.0196,0.0193,0.019700000000000002,0.0199,0.019700000000000002,0.019700000000000002,0.0196,0.0193,0.0201,0.0195,0.0198,0.0196,0.0196,0.0196,0.0196,0.0198,0.0196,0.0199,0.02,0.020200000000000003,0.019700000000000002,0.0198,0.019700000000000002,0.02,0.0201,0.02,0.020200000000000003,0.0199,0.019700000000000002
,0.0184,0.016900000000000002,0.0177,0.0195,0.019200000000000002,0.0187,0.0201,0.0201,0.0199,0.02,0.0193,0.0188,0.0195,0.019200000000000002,0.019100000000000002,0.0195,0.0195,0.0196,0.0193,0.0194,0.0195,0.0199,0.0193,0.0194,0.0195,0.019700000000000002,0.02,0.0198,0.0196,0.02,0.0198,0.019700000000000002,0.0198,0.0198,0.02,0.0199,0.0201,0.0198,0.0205,0.0198,0.019700000000000002,0.0198,0.020200000000000003,0.0199,0.0201,0.0198,0.020200000000000003,0.02,0.0201,0.0196,0.0199,0.0193,0.0196,0.019100000000000002,0.0195,0.019700000000000002,0.019700000000000002,0.0195,0.0204,0.0201,0.020200000000000003,0.0193,0.0193,0.019,0.019,0.019100000000000002,0.019700000000000002,0.0198,0.0193,0.0196,0.0196,0.019700000000000002,0.0194,0.019700000000000002,0.0194,0.0194,0.0193,0.0196,0.0196,0.019700000000000002,0.0195,0.0193,0.0195,0.019700000000000002,0.019700000000000002,0.0194,0.0193,0.0198,0.0196,0.0194,0.019200000000000002,0.019700000000000002,0.0196,0.0195,0.019200000000000002,0.0194,0.0194,0.0194,0.019100000000000002,0.0196,0.0196,0.019700000000000002,0.0196,0.0201,0.0196,0.0196,0.0195,0.019700000000000002,0.02,0.02,0.0196,0.019700000000000002,0.0196,0.0201,0.019700000000000002,0.0195,0.019700000000000002,0.0196,0.0195,0.0195,0.0196,0.02,0.0198,0.0198,0.0199,0.0199,0.0196,0.0204,0.0201,0.02,0.0198,0.019700000000000002,0.0198,0.0199,0.020200000000000003,0.02,0.0198,0.0201,0.0198
,0.0184,0.018500000000000003,0.0179,0.0181,0.0193,0.0194,0.019200000000000002,0.0201,0.0194,0.02,0.0193,0.02,0.0196,0.019200000000000002,0.019100000000000002,0.0195,0.0195,0.0196,0.0193,0.0196,0.0199,0.019700000000000002,0.0195,0.0194,0.0196,0.019700000000000002,0.02,0.0198,0.0196,0.02,0.0198,0.019700000000000002,0.0198,0.0198,0.0199,0.02,0.0198,0.0198,0.019700000000000002,0.02,0.0199,0.0195,0.020200000000000003,0.0201,0.0196,0.0198,0.0198,0.02,0.0201,0.0194,0.019200000000000002,0.0194,0.019700000000000002,0.0198,0.02,0.0199,0.019700000000000002,0.020200000000000003,0.0204,0.0201,0.020200000000000003,0.0199,0.0196,0.0201,0.0204,0.020200000000000003,0.019200000000000002,0.019200000000000002,0.019700000000000002,0.0196,0.0196,0.019700000000000002,0.0199,0.0196,0.0194,0.0193,0.0196,0.02,0.0194,0.019700000000000002,0.0199,0.019700000000000002,0.0196,0.02,0.0199,0.019700000000000002,0.0199,0.0199,0.0196,0.0196,0.0195,0.019700000000000002,0.020300000000000002,0.0201,0.019700000000000002,0.0195,0.0195,0.0195,0.0199,0.0201,0.02,0.0199,0.0198,0.0198,0.0198,0.0198,0.02,0.0196,0.0195,0.0198,0.0201,0.0193,0.019700000000000002,0.0201,0.019700000000000002,0.019700000000000002,0.019700000000000002,0.019700000000000002,0.0199,0.0196,0.0198,0.0198,0.0201,0.0201,0.0199,0.0199,0.0196,0.0204,0.0201,0.02,0.0198,0.019700000000000002,0.0198,0.0199,0.02,0.0201,0.0198,0.0196,0.0198
,0.021,0.0176,0.0198,0.020200000000000003,0.0204,0.0204,0.02,0.019100000000000002,0.0201,0.0196,0.0198,0.02,0.019100000000000002,0.02,0.0194,0.019700000000000002,0.019700000000000002,0.019700000000000002,0.019700000000000002,0.0198,0.0201,0.020200000000000003,0.0199,0.0196,0.0196,0.020200000000000003,0.0199,0.0196,0.02,0.0199,0.02,0.020200000000000003,0.0199,0.0198,0.0199,0.02,0.0198,0.019,0.019,0.0196,0.0193,0.0193,0.0194,0.0195,0.0193,0.0194,0.0193,0.0194,0.0194,0.0194,0.0194,0.019700000000000002,0.0193,0.0193,0.02,0.0199,0.019700000000000002,0.020200000000000003,0.0205,0.0204,0.020300000000000002,0.0199,0.0196,0.0201,0.0204,0.020200000000000003,0.02,0.019700000000000002,0.0198,0.0195,0.0199,0.0198,0.0201,0.0198,0.0193,0.0199,0.0199,0.02,0.0193,0.02,0.019700000000000002,0.0198,0.0199,0.02,0.0199,0.019700000000000002,0.0199,0.0199,0.0196,0.0196,0.0195,0.019700000000000002,0.020300000000000002,0.0201,0.019700000000000002,0.0195,0.0195,0.0195,0.0199,0.0201,0.02,0.0199,0.0198,0.0198,0.0198,0.0198,0.02,0.019700000000000002,0.019700000000000002,0.02,0.019700000000000002,0.020200000000000003,0.0199,0.02,0.0198,0.019700000000000002,0.02,0.0196,0.0195,0.0195,0.0196,0.02,0.0198,0.0198,0.019700000000000002,0.0195,0.0195,0.0195,0.0194,0.019700000000000002,0.0199,0.0198,0.0199,0.02,0.02,0.0201,0.0198,0.0196,0.0198
,0.035,0.019,0.0198,0.0179,0.0204,0.0204,0.02,0.020300000000000002,0.0201,0.02,0.0198,0.0193,0.0196,0.0194,0.0199,0.0199,0.019700000000000002,0.020200000000000003,0.0201,0.0198,0.0201,0.020200000000000003,0.0199,0.0196,0.020200000000000003,0.020200000000000003,0.0199,0.0196,0.02,0.0199,0.02,0.020200000000000003,0.0199,0.02,0.0196,0.019100000000000002,0.0195,0.020200000000000003,0.02,0.0193,0.019700000000000002,0.019700000000000002,0.019700000000000002,0.0194,0.0194,0.019700000000000002,0.0196,0.0196,0.0193,0.0199,0.020200000000000003,0.0204,0.020200000000000003,0.020200000000000003,0.0199,0.0199,0.0199,0.020300000000000002,0.019700000000000002,0.0194,0.0194,0.020300000000000002,0.020200000000000003,0.020200000000000003,0.0196,0.0198,0.02,0.0198,0.0199,0.02,0.0199,0.0198,0.0196,0.0198,0.0201,0.0195,0.0199,0.02,0.0193,0.02,0.019700000000000002,0.0198,0.0196,0.019700000000000002,0.0194,0.0198,0.0195,0.019700000000000002,0.019700000000000002,0.0199,0.0198,0.019700000000000002,0.0199,0.0198,0.0198,0.02,0.019700000000000002,0.0194,0.0199,0.02,0.0196,0.0196,0.019700000000000002,0.0198,0.019700000000000002,0.0198,0.019700000000000002,0.0196,0.0195,0.0198,0.0201,0.020200000000000003,0.0199,0.02,0.0198,0.0201,0.02,0.019700000000000002,0.0199,0.0196,0.0198,0.0198,0.0201,0.0201,0.019700000000000002,0.0195,0.0195,0.0195,0.0194,0.019700000000000002,0.0199,0.0198,0.0199,0.02,0.0196,0.019700000000000002,0.0194,0.0195,0.019700000000000002
,0.018000000000000002,0.0196,0.0184,0.020200000000000003,0.0182,0.019700000000000002,0.0187,0.020300000000000002,0.019,0.02,0.0193,0.0196,0.019700000000000002,0.02,0.0199,0.0199,0.0198,0.020200000000000003,0.0201,0.019700000000000002,0.0194,0.0196,0.0199,0.0199,0.020200000000000003,0.0195,0.02,0.020300000000000002,0.0201,0.0199,0.020200000000000003,0.0204,0.020200000000000003,0.019200000000000002,0.02,0.0201,0.020300000000000002,0.020200000000000003,0.0188,0.02,0.0201,0.0201,0.0195,0.019100000000000002,0.019700000000000002,0.019700000000000002,0.019200000000000002,0.0196,0.019700000000000002,0.0199,0.020200000000000003,0.0204,0.020200000000000003,0.020200000000000003,0.020200000000000003,0.0201,0.0201,0.0196,0.02,0.0198,0.0198,0.0195,0.0199,0.0201,0.020300000000000002,0.0201,0.0196,0.019700000000000002,0.0198,0.0195,0.0201,0.019700000000000002,0.0196,0.0198,0.0201,0.0195,0.02,0.0201,0.0201,0.0198,0.0201,0.0201,0.0199,0.0199,0.020200000000000003,0.020300000000000002,0.0206,0.020300000000000002,0.0199,0.0195,0.0196,0.0195,0.0199,0.0195,0.0199,0.0195,0.0196,0.0194,0.02,0.0199,0.019700000000000002,0.0198,0.0201,0.019700000000000002,0.0196,0.0196,0.0198,0.0195,0.019700000000000002,0.02,0.02,0.0195,0.0199,0.0199,0.019700000000000002,0.0201,0.020200000000000003,0.019700000000000002,0.0196,0.0201,0.020300000000000002,0.019700000000000002,0.0196,0.019700000000000002,0.0198,0.0199,0.0198,0.019700000000000002,0.02,0.0201,0.0201,0.019700000000000002,0.0199,0.0199,0.0196,0.019700000000000002,0.0194,0.0195,0.019700000000000002
,0.0369,0.018600000000000002,0.0187,0.0187,0.018600000000000002,0.0181,0.0195,0.0187,0.0195,0.0198,0.019700000000000002,0.0196,0.019700000000000002,0.019700000000000002,0.0195,0.0196,0.019700000000000002,0.0199,0.0198,0.019700000000000002,0.0194,0.0196,0.0199,0.0199,0.0196,0.020300000000000002,0.0204,0.020300000000000002,0.0201,0.0199,0.0195,0.0194,0.0194,0.02,0.019200000000000002,0.019100000000000002,0.020300000000000002,0.019100000000000002,0.019700000000000002,0.0193,0.0193,0.0196,0.0199,0.019700000000000002,0.0201,0.0199,0.019700000000000002,0.0198,0.019700000000000002,0.0198,0.0196,0.0199,0.0199,0.0199,0.020300000000000002,0.020200000000000003,0.02,0.0198,0.0195,0.0198,0.0198,0.0196,0.019700000000000002,0.0199,0.0196,0.0198,0.0199,0.0198,0.0199,0.02,0.0198,0.020300000000000002,0.020200000000000003,0.0201,0.0201,0.019700000000000002,0.020200000000000003,0.0198,0.020200000000000003,0.020300000000000002,0.02,0.020200000000000003,0.0204,0.0206,0.0204,0.0204,0.0201,0.0196,0.02,0.0199,0.0199,0.019700000000000002,0.0199,0.020300000000000002,0.0201,0.020200000000000003,0.0195,0.0199,0.0199,0.019700000000000002,0.02,0.020300000000000002,0.0201,0.0195,0.019700000000000002,0.0201,0.020200000000000003,0.020200000000000003,0.02,0.0199,0.0199,0.0196,0.020200000000000003,0.0198,0.0196,0.0201,0.019700000000000002,0.0199,0.019700000000000002,0.0194,0.0198,0.0198,0.0195,0.0196,0.0199,0.0198,0.019700000000000002,0.019700000000000002,0.0201,0.0195,0.0195,0.0198,0.0199,0.0193,0.0201,0.02,0.019700000000000002,0.0198,0.020200000000000003
,0.039400000000000004,0.0196,0.0188,0.02,0.0198,0.0199,0.019,0.019700000000000002,0.0195,0.0194,0.019700000000000002,0.0198,0.0198,0.019700000000000002,0.0195,0.0196,0.0198,0.0199,0.0198,0.0198,0.0198,0.0196,0.019700000000000002,0.020200000000000003,0.0196,0.0195,0.02,0.02,0.0196,0.0201,0.020200000000000003,0.0204,0.020200000000000003,0.0193,0.02,0.0201,0.018600000000000002,0.0196,0.02,0.02,0.0201,0.0201,0.0199,0.019700000000000002,0.0201,0.0199,0.019700000000000002,0.0198,0.019700000000000002,0.02,0.020200000000000003,0.02,0.0201,0.0201,0.020300000000000002,0.020200000000000003,0.02,0.0195,0.02,0.02,0.0199,0.0196,0.0199,0.0201,0.0201,0.019700000000000002,0.0196,0.0201,0.020300000000000002,0.020200000000000003,0.0201,0.019700000000000002,0.0205,0.02,0.0199,0.019700000000000002,0.02,0.0201,0.0201,0.0198,0.0201,0.0201,0.0199,0.0199,0.020200000000000003,0.020300000000000002,0.0201,0.0196,0.019700000000000002,0.020200000000000003,0.020200000000000003,0.0206,0.020200000000000003,0.020200000000000003,0.02,0.020200000000000003,0.0207,0.0206,0.020200000000000003,0.020200000000000003,0.0199,0.020300000000000002,0.0201,0.0205,0.0205,0.02,0.0198,0.0198,0.02,0.02,0.019700000000000002,0.020200000000000003,0.020300000000000002,0.0195,0.02,0.0196,0.0201,0.0201,0.019700000000000002,0.020200000000000003,0.020200000000000003,0.020200000000000003,0.020300000000000002,0.0199,0.0205,0.020300000000000002,0.0201,0.02,0.0201,0.0201,0.0198,0.0199,0.02,0.020300000000000002,0.019700000000000002,0.0198,0.0194,0.0198,0.0198
,0.0178,0.018000000000000002,0.0199,0.0189,0.019100000000000002,0.0199,0.0195,0.0194,0.020300000000000002,0.0198,0.0199,0.0198,0.0198,0.0198,0.020300000000000002,0.0199,0.0198,0.0193,0.0193,0.0198,0.0198,0.0196,0.019700000000000002,0.020200000000000003,0.0204,0.020300000000000002,0.0204,0.02,0.0195,0.019200000000000002,0.0196,0.0195,0.0194,0.0195,0.019700000000000002,0.019200000000000002,0.0195,0.02,0.019700000000000002,0.0198,0.0201,0.0196,0.0201,0.0201,0.0199,0.019700000000000002,0.020200000000000003,0.020200000000000003,0.02,0.02,0.020200000000000003,0.0198,0.020200000000000003,0.0199,0.0199,0.0196,0.0198,0.0198,0.0195,0.02,0.0199,0.02,0.020200000000000003,0.020200000000000003,0.0198,0.0199,0.0195,0.02,0.0198,0.019700000000000002,0.019700000000000002,0.0199,0.020200000000000003,0.0201,0.0201,0.020200000000000003,0.019700000000000002,0.019200000000000002,0.019700000000000002,0.019700000000000002,0.0196,0.0194,0.019700000000000002,0.0198,0.0196,0.019700000000000002,0.0201,0.0196,0.0199,0.0199,0.0199,0.019700000000000002,0.0199,0.020300000000000002,0.0201,0.0204,0.0195,0.0199,0.0199,0.019700000000000002,0.02,0.0201,0.020200000000000003,0.0195,0.019700000000000002,0.0206,0.020200000000000003,0.020200000000000003,0.020300000000000002,0.0205,0.0201,0.020200000000000003,0.020300000000000002,0.020300000000000002,0.0205,0.02,0.020300000000000002,0.0201,0.020200000000000003,0.0204,0.020300000000000002,0.0198,0.020200000000000003,0.020300000000000002,0.0198,0.0198,0.0199,0.0198,0.0201,0.0201,0.0198,0.0199,0.02,0.020300000000000002,0.0201,0.0198,0.0195,0.019700000000000002,0.019700000000000002
,0.0244,0.019700000000000002,0.0199,0.02,0.0198,0.0184,0.0129,0.019100000000000002,0.019,0.02,0.0199,0.0193,0.0188,0.0198,0.020300000000000002,0.0199,0.0198,0.0193,0.0193,0.0199,0.02,0.0196,0.0195,0.0193,0.0204,0.0194,0.019100000000000002,0.0194,0.0195,0.0193,0.0196,0.0199,0.0195,0.02,0.019700000000000002,0.0198,0.0196,0.02,0.019700000000000002,0.0198,0.0201,0.0196,0.0201,0.0201,0.0199,0.019700000000000002,0.020200000000000003,0.0196,0.0199,0.0199,0.0195,0.02,0.0201,0.0199,0.0199,0.0196,0.0198,0.0195,0.0194,0.0198,0.0198,0.02,0.020200000000000003,0.020200000000000003,0.0198,0.0199,0.02,0.0199,0.0201,0.020300000000000002,0.02,0.02,0.0199,0.019700000000000002,0.0194,0.0198,0.0199,0.0196,0.0196,0.0199,0.0195,0.0198,0.0199,0.019700000000000002,0.02,0.0199,0.0199,0.019700000000000002,0.0195,0.0198,0.0201,0.019700000000000002,0.0201,0.0196,0.0198,0.019700000000000002,0.0195,0.020300000000000002,0.0196,0.02,0.0198,0.0195,0.020200000000000003,0.0198,0.0196,0.0201,0.02,0.020200000000000003,0.02,0.02,0.019700000000000002,0.0199,0.020200000000000003,0.0195,0.02,0.0204,0.0201,0.0201,0.019700000000000002,0.020200000000000003,0.020200000000000003,0.0198,0.020300000000000002,0.0199,0.020300000000000002,0.0198,0.0198,0.02,0.0199,0.020200000000000003,0.020300000000000002,0.0205,0.0204,0.020200000000000003,0.0201,0.0198,0.0195,0.019700000000000002,0.019700000000000002
,0.0244,0.019700000000000002,0.019,0.019100000000000002,0.0187,0.019100000000000002,0.0187,0.0176,0.019,0.018500000000000003,0.019,0.0189,0.0193,0.019200000000000002,0.0193,0.019,0.019100000000000002,0.019700000000000002,0.0198,0.0199,0.02,0.0196,0.019200000000000002,0.0194,0.0196,0.0194,0.0194,0.0195,0.0196,0.0201,0.0193,0.0195,0.0198,0.02,0.019700000000000002,0.0198,0.0196,0.0196,0.019700000000000002,0.019700000000000002,0.0195,0.0199,0.0198,0.0193,0.0196,0.0195,0.0196,0.020200000000000003,0.02,0.019700000000000002,0.0195,0.019700000000000002,0.0198,0.019700000000000002,0.0193,0.019200000000000002,0.0194,0.0195,0.02,0.0199,0.0196,0.019700000000000002,0.0198,0.0195,0.019200000000000002,0.0194,0.02,0.0199,0.0201,0.020300000000000002,0.02,0.02,0.0199,0.020300000000000002,0.02,0.019200000000000002,0.0201,0.02,0.0198,0.02,0.0199,0.0199,0.020200000000000003,0.0201,0.0201,0.0198,0.0201,0.02,0.02,0.019700000000000002,0.0196,0.0196,0.0195,0.0193,0.019700000000000002,0.0198,0.0198,0.0195,0.0195,0.020200000000000003,0.020300000000000002,0.020200000000000003,0.020200000000000003,0.0204,0.0199,0.02,0.020300000000000002,0.0198,0.0198,0.0201,0.020300000000000002,0.0199,0.0198,0.02,0.0198,0.02,0.0195,0.019700000000000002,0.020200000000000003,0.0198,0.0199,0.0199,0.0201,0.020200000000000003,0.0198,0.0198,0.0199,0.019700000000000002,0.0201,0.0199,0.0201,0.020200000000000003,0.020200000000000003,0.0198,0.0201,0.02,0.0201,0.020300000000000002,0.0198
,0.0385,0.0182,0.019,0.019,0.019100000000000002,0.0064,0.0193,0.0193,0.0193,0.019,0.019100000000000002,0.019200000000000002,0.019200000000000002,0.0188,0.019,0.0198,0.0199,0.0194,0.019200000000000002,0.0193,0.0194,0.0194,0.0195,0.0198,0.0196,0.0193,0.019200000000000002,0.019100000000000002,0.0193,0.0195,0.0196,0.0199,0.0198,0.0199,0.0198,0.0196,0.019700000000000002,0.019700000000000002,0.0194,0.0196,0.020300000000000002,0.0201,0.020200000000000003,0.0201,0.02,0.0199,0.019700000000000002,0.020200000000000003,0.020200000000000003,0.019700000000000002,0.0195,0.019700000000000002,0.0198,0.019700000000000002,0.0198,0.0198,0.0196,0.019700000000000002,0.0196,0.0198,0.0198,0.019700000000000002,0.0196,0.0194,0.0196,0.0196,0.0198,0.0198,0.0196,0.019200000000000002,0.0198,0.0198,0.0199,0.0199,0.0196,0.02,0.0201,0.02,0.0198,0.02,0.0199,0.0199,0.020200000000000003,0.0201,0.0201,0.0198,0.0198,0.0196,0.02,0.02,0.019700000000000002,0.0198,0.0198,0.020200000000000003,0.0199,0.0199,0.019700000000000002,0.0199,0.020200000000000003,0.0199,0.0199,0.02,0.02,0.0201,0.0199,0.02,0.020300000000000002,0.0198,0.0198,0.0201,0.020300000000000002,0.0199,0.0198,0.02,0.0198,0.02,0.0195,0.019700000000000002,0.020200000000000003,0.0198,0.0199,0.0199,0.0201,0.020200000000000003,0.020300000000000002,0.0198,0.0198,0.019700000000000002,0.0201,0.0199,0.0201,0.020200000000000003,0.0196,0.0198,0.0201,0.0204,0.02,0.0198,0.0204
,0.0385,0.0182,0.018000000000000002,0.019,0.0194,0.0189,0.019100000000000002,0.0195,0.0195,0.0195,0.0195,0.0195,0.0196,0.019700000000000002,0.019700000000000002,0.019,0.0193,0.019700000000000002,0.0198,0.0193,0.0193,0.019,0.019100000000000002,0.0195,0.0195,0.0195,0.019100000000000002,0.0193,0.0196,0.0195,0.0196,0.019200000000000002,0.0195,0.019700000000000002,0.0195,0.0199,0.019700000000000002,0.02,0.019700000000000002,0.0199,0.0196,0.0189,0.0196,0.0198,0.0196,0.0194,0.0193,0.0196,0.0198,0.0195,0.019700000000000002,0.0195,0.0195,0.0194,0.02,0.0198,0.0198,0.0194,0.0199,0.0196,0.0196,0.0198,0.019700000000000002,0.0198,0.0196,0.0194,0.019700000000000002,0.019700000000000002,0.019700000000000002,0.019700000000000002,0.019700000000000002,0.019700000000000002,0.0196,0.020300000000000002,0.02,0.02,0.0196,0.019700000000000002,0.019700000000000002,0.0196,0.0198,0.0196,0.0199,0.0198,0.0201,0.019700000000000002,0.0201,0.02,0.02,0.02,0.019700000000000002,0.0198,0.0198,0.020200000000000003,0.0199,0.0199,0.0198,0.0199,0.020200000000000003,0.020200000000000003,0.020300000000000002,0.020200000000000003,0.020200000000000003,0.0204,0.0199,0.02,0.020200000000000003,0.020200000000000003,0.0201,0.02,0.020200000000000003,0.0204,0.0199,0.020200000000000003,0.0201,0.02,0.020200000000000003,0.02,0.02,0.0198,0.019700000000000002,0.0199,0.020200000000000003,0.0198,0.0201,0.0201,0.0201,0.0196,0.0198,0.02,0.0201,0.0199,0.020200000000000003,0.020200000000000003,0.0201,0.0204,0.02,0.0198,0.0198
,0.018500000000000003,0.018500000000000003,0.0189,0.0182,0.0194,0.0194,0.019100000000000002,0.0195,0.0195,0.0195,0.0187,0.0196,0.0195,0.0193,0.019200000000000002,0.0198,0.0199,0.0194,0.0193,0.0194,0.0194,0.0194,0.0196,0.0195,0.0194,0.0195,0.019100000000000002,0.0193,0.0196,0.0195,0.0196,0.019200000000000002,0.0198,0.019700000000000002,0.0195,0.0199,0.019700000000000002,0.019700000000000002,0.0194,0.0196,0.0196,0.0189,0.0196,0.0198,0.0196,0.0194,0.0193,0.0196,0.0198,0.0194,0.0198,0.0196,0.0194,0.019200000000000002,0.0196,0.0195,0.0198,0.0198,0.0199,0.019700000000000002,0.0198,0.019700000000000002,0.0194,0.0194,0.0196,0.0196,0.0196,0.02,0.0195,0.0198,0.019700000000000002,0.0198,0.0199,0.0198,0.019700000000000002,0.0196,0.019700000000000002,0.0201,0.0195,0.0196,0.019700000000000002,0.0199,0.020200000000000003,0.02,0.0198,0.0195,0.0195,0.0195,0.0193,0.0194,0.0196,0.019700000000000002,0.019700000000000002,0.0198,0.0199,0.02,0.02,0.0199,0.02,0.0198,0.0196,0.02,0.02,0.0201,0.0199,0.02,0.020200000000000003,0.020200000000000003,0.0201,0.02,0.020200000000000003,0.0204,0.0199,0.020200000000000003,0.0201,0.020200000000000003,0.020200000000000003,0.02,0.02,0.0198,0.019700000000000002,0.0199,0.020200000000000003,0.0198,0.0201,0.0201,0.0201,0.0196,0.0198,0.02,0.0201,0.0199,0.0196,0.020200000000000003,0.0195,0.020300000000000002,0.0199,0.0201,0.0198
,0.018500000000000003,0.0179,0.018600000000000002,0.019200000000000002,0.018600000000000002,0.019200000000000002,0.0194,0.0195,0.0196,0.0193,0.0196,0.0196,0.0196,0.019700000000000002,0.019700000000000002,0.0194,0.0194,0.0193,0.019200000000000002,0.0193,0.0194,0.0196,0.0195,0.0194,0.0194,0.0195,0.0196,0.0196,0.0193,0.0194,0.0196,0.0195,0.0195,0.0201,0.020300000000000002,0.0201,0.0201,0.0198,0.0196,0.0195,0.019700000000000002,0.0196,0.0193,0.019200000000000002,0.0194,0.0195,0.019700000000000002,0.0195,0.0196,0.020200000000000003,0.0201,0.0199,0.019700000000000002,0.02,0.0194,0.019200000000000002,0.0195,0.0198,0.0193,0.019700000000000002,0.019200000000000002,0.0199,0.0198,0.0201,0.0198,0.0199,0.02,0.0199,0.02,0.0199,0.020200000000000003,0.019700000000000002,0.019700000000000002,0.0194,0.0199,0.0198,0.02,0.02,0.0201,0.0199,0.020200000000000003,0.02,0.02,0.0196,0.0199,0.0199,0.0199,0.0201,0.0195,0.020200000000000003,0.0199,0.0195,0.020200000000000003,0.0198,0.0196,0.02,0.02,0.019700000000000002,0.0196,0.0196,0.0196,0.0199,0.0199,0.0199,0.0198,0.0198,0.0198,0.019700000000000002,0.019700000000000002,0.019700000000000002,0.019700000000000002,0.0199,0.0198,0.0198,0.0199,0.020200000000000003,0.0195,0.0196,0.0198,0.0201,0.02,0.02,0.02,0.0196,0.019700000000000002,0.019700000000000002,0.019700000000000002,0.019700000000000002,0.0196,0.019700000000000002,0.019700000000000002,0.019700000000000002,0.0194,0.0196,0.0195,0.020300000000000002,0.0199,0.0201,0.0198
,0.0182,0.0179,0.014,0.0188,0.019200000000000002,0.019200000000000002,0.0183,0.0194,0.019700000000000002,0.0198,0.0196,0.0189,0.0193,0.0193,0.0196,0.0195,0.0196,0.0194,0.0193,0.019700000000000002,0.0194,0.019700000000000002,0.0196,0.019700000000000002,0.0194,0.0195,0.0199,0.0198,0.019700000000000002,0.0199,0.0201,0.0198,0.0196,0.0199,0.0196,0.019700000000000002,0.019200000000000002,0.0194,0.0196,0.0195,0.0195,0.0193,0.0196,0.0196,0.0194,0.0196,0.019200000000000002,0.0195,0.0198,0.0198,0.019200000000000002,0.0195,0.0194,0.0196,0.0198,0.0194,0.0193,0.019200000000000002,0.0193,0.019700000000000002,0.0201,0.0199,0.0199,0.0195,0.0196,0.0199,0.0198,0.0194,0.02,0.0199,0.020200000000000003,0.019700000000000002,0.0201,0.0198,0.02,0.02,0.02,0.02,0.0201,0.0199,0.020200000000000003,0.02,0.02,0.0196,0.0199,0.0199,0.0199,0.0201,0.0195,0.020200000000000003,0.0199,0.0195,0.020200000000000003,0.0198,0.0196,0.02,0.02,0.019700000000000002,0.02,0.0198,0.0196,0.0195,0.0198,0.0198,0.0193,0.0199,0.0195,0.0194,0.0195,0.0198,0.019700000000000002,0.0193,0.0194,0.0198,0.02,0.0195,0.0195,0.019700000000000002,0.0196,0.0199,0.0195,0.0196,0.0194,0.0196,0.0196,0.019700000000000002,0.0199,0.0198,0.019700000000000002,0.0194,0.0195,0.0198,0.0195,0.0196,0.0198,0.019700000000000002,0.0199,0.0196,0.0198
,0.018000000000000002,0.018500000000000003,0.018500000000000003,0.0154,0.0173,0.019200000000000002,0.020300000000000002,0.02,0.019,0.019200000000000002,0.0194,0.0196,0.0195,0.0193,0.0193,0.0194,0.019200000000000002,0.019700000000000002,0.0196,0.0199,0.0199,0.0201,0.0199,0.0199,0.02,0.0195,0.0198,0.0194,0.019700000000000002,0.0193,0.019700000000000002,0.0196,0.019700000000000002,0.0193,0.0193,0.0193,0.0194,0.0195,0.019200000000000002,0.02,0.0199,0.019700000000000002,0.0196,0.0199,0.0195,0.019700000000000002,0.0201,0.0201,0.02,0.0193,0.0195,0.0194,0.0194,0.0193,0.0194,0.019200000000000002,0.0193,0.019200000000000002,0.020200000000000003,0.0199,0.019200000000000002,0.0199,0.0199,0.0201,0.0198,0.0198,0.0198,0.0199,0.019700000000000002,0.0198,0.019700000000000002,0.02,0.0201,0.0198,0.02,0.02,0.0195,0.02,0.0198,0.0201,0.02,0.02,0.0201,0.0198,0.019700000000000002,0.0199,0.0199,0.020200000000000003,0.0199,0.0195,0.02,0.0199,0.019700000000000002,0.0198,0.0196,0.020200000000000003,0.0204,0.020200000000000003,0.0198,0.019700000000000002,0.0199,0.0198,0.0201,0.0199,0.019700000000000002,0.0199,0.0199,0.020200000000000003,0.02,0.0198,0.0199,0.019700000000000002,0.0199,0.02,0.0196,0.0196,0.0201,0.020300000000000002,0.0204,0.019700000000000002,0.0196,0.02,0.0198,0.0201,0.0199,0.02,0.0198,0.0201,0.019700000000000002,0.02,0.0199,0.0199,0.02,0.0201,0.0195,0.019700000000000002,0.0195,0.0193,0.0194
,0.0183,0.019200000000000002,0.02,0.019700000000000002,0.0184,0.018600000000000002,0.0196,0.018600000000000002,0.019700000000000002,0.019200000000000002,0.0196,0.0194,0.0193,0.019700000000000002,0.0195,0.0198,0.019700000000000002,0.0198,0.020200000000000003,0.019200000000000002,0.0194,0.019,0.019200000000000002,0.019100000000000002,0.0195,0.0194,0.0194,0.0193,0.0194,0.019700000000000002,0.0194,0.019700000000000002,0.019200000000000002,0.0194,0.0193,0.0194,0.0193,0.0195,0.0199,0.0193,0.0194,0.0194,0.019200000000000002,0.0194,0.0195,0.019100000000000002,0.0195,0.0196,0.0199,0.0193,0.019200000000000002,0.0195,0.0194,0.0193,0.019700000000000002,0.02,0.020200000000000003,0.02,0.020200000000000003,0.0199,0.0201,0.0196,0.0194,0.0198,0.0195,0.0196,0.0199,0.02,0.0199,0.0198,0.0196,0.0199,0.0198,0.0196,0.0201,0.0199,0.02,0.019700000000000002,0.019700000000000002,0.0201,0.0196,0.019700000000000002,0.020200000000000003,0.0195,0.0198,0.0199,0.0199,0.020200000000000003,0.0199,0.0195,0.02,0.0199,0.019700000000000002,0.0198,0.0196,0.020200000000000003,0.0204,0.020200000000000003,0.0198,0.019700000000000002,0.0199,0.0198,0.0201,0.0199,0.019700000000000002,0.0199,0.0199,0.020200000000000003,0.02,0.0198,0.0199,0.019700000000000002,0.0199,0.02,0.0196,0.0198,0.0201,0.020300000000000002,0.0204,0.019700000000000002,0.0196,0.02,0.0198,0.0201,0.0199,0.02,0.0198,0.0201,0.019700000000000002,0.02,0.0199,0.0199,0.02,0.0201,0.0198,0.02,0.0201,0.0199,0.0198
,0.0183,0.012700000000000001,0.018500000000000003,0.0184,0.019700000000000002,0.0189,0.019100000000000002,0.0194,0.019,0.018600000000000002,0.0195,0.0194,0.0193,0.019,0.0193,0.0194,0.019200000000000002,0.0195,0.0193,0.019200000000000002,0.0194,0.0193,0.0194,0.019100000000000002,0.0193,0.0195,0.0196,0.0193,0.0193,0.0193,0.019200000000000002,0.0194,0.019200000000000002,0.0194,0.0193,0.0194,0.0193,0.0196,0.019200000000000002,0.0193,0.0194,0.0194,0.019200000000000002,0.0194,0.0195,0.0196,0.019700000000000002,0.0198,0.019200000000000002,0.0198,0.0198,0.0198,0.019700000000000002,0.0199,0.019700000000000002,0.02,0.020200000000000003,0.02,0.0204,0.02,0.0199,0.0196,0.0194,0.0198,0.0195,0.0196,0.0194,0.0199,0.0194,0.0196,0.0195,0.0198,0.0199,0.0199,0.0195,0.019700000000000002,0.019700000000000002,0.0199,0.0201,0.0196,0.0196,0.02,0.0201,0.0198,0.019700000000000002,0.0199,0.02,0.0199,0.02,0.0199,0.02,0.0201,0.0199,0.0201,0.0196,0.020300000000000002,0.019700000000000002,0.0201,0.0195,0.0198,0.0196,0.0198,0.0196,0.02,0.0196,0.0199,0.0198,0.02,0.0201,0.0199,0.020300000000000002,0.0198,0.0201,0.0201,0.019700000000000002,0.0198,0.0199,0.0196,0.0201,0.0199,0.019700000000000002,0.0199,0.02,0.0201,0.0198,0.0196,0.0198,0.0198,0.0199,0.02,0.0201,0.0199,0.0198,0.019700000000000002,0.0198,0.02,0.0201,0.0199,0.0198
,0.0091,0.019700000000000002,0.0199,0.0184,0.020300000000000002,0.0196,0.0199,0.018500000000000003,0.02,0.0199,0.0195,0.019100000000000002,0.0188,0.019,0.0193,0.0194,0.019,0.0193,0.019100000000000002,0.019200000000000002,0.0194,0.0193,0.0194,0.019100000000000002,0.0194,0.0195,0.0196,0.0193,0.0193,0.0193,0.019200000000000002,0.0194,0.019200000000000002,0.0199,0.0198,0.0196,0.0199,0.019200000000000002,0.0198,0.0198,0.019700000000000002,0.0196,0.0196,0.019700000000000002,0.019700000000000002,0.019100000000000002,0.0195,0.0196,0.019200000000000002,0.0198,0.020300000000000002,0.0199,0.0196,0.020300000000000002,0.0199,0.020300000000000002,0.0199,0.019700000000000002,0.0204,0.02,0.0199,0.0199,0.0196,0.02,0.019700000000000002,0.020200000000000003,0.0194,0.0199,0.0194,0.0196,0.0195,0.0198,0.0194,0.0194,0.020200000000000003,0.0198,0.019700000000000002,0.0199,0.0201,0.0201,0.0196,0.0198,0.02,0.019700000000000002,0.019700000000000002,0.0196,0.0196,0.0199,0.020200000000000003,0.0196,0.019700000000000002,0.0198,0.0196,0.0195,0.0198,0.02,0.02,0.0201,0.02,0.0198,0.0199,0.019700000000000002,0.0198,0.02,0.0199,0.0198,0.0201,0.0198,0.0199,0.0199,0.019700000000000002,0.0199,0.020300000000000002,0.0198,0.0201,0.0199,0.0198,0.0201,0.0196,0.0198,0.0196,0.02,0.0198,0.0196,0.020200000000000003,0.0196,0.0196,0.0201,0.0199,0.02,0.02,0.020200000000000003,0.019700000000000002,0.0198,0.0199,0.0201,0.020200000000000003,0.020300000000000002,0.02
,0.019100000000000002,0.0199,0.0199,0.0195,0.020300000000000002,0.0188,0.0199,0.0198,0.02,0.0189,0.0188,0.0199,0.019700000000000002,0.0188,0.019100000000000002,0.019200000000000002,0.019200000000000002,0.0195,0.019100000000000002,0.019100000000000002,0.0193,0.019100000000000002,0.019200000000000002,0.0195,0.0194,0.0195,0.0195,0.0194,0.019200000000000002,0.0196,0.0193,0.0199,0.0198,0.0199,0.0196,0.0194,0.019200000000000002,0.0196,0.0194,0.0198,0.0195,0.0198,0.0198,0.0194,0.0196,0.0198,0.019700000000000002,0.0196,0.0199,0.0201,0.0199,0.0199,0.0196,0.020300000000000002,0.0199,0.020300000000000002,0.0199,0.019700000000000002,0.02,0.0199,0.02,0.0199,0.0201,0.02,0.0196,0.020200000000000003,0.0199,0.0198,0.020200000000000003,0.02,0.0198,0.0199,0.0201,0.019700000000000002,0.020200000000000003,0.0198,0.0193,0.019100000000000002,0.0196,0.0193,0.0195,0.0201,0.0199,0.0198,0.02,0.0204,0.0201,0.0199,0.0199,0.0201,0.0196,0.019700000000000002,0.02,0.0198,0.019700000000000002,0.0199,0.02,0.0201,0.0196,0.02,0.02,0.0196,0.0196,0.019700000000000002,0.0196,0.0195,0.0198,0.0195,0.0195,0.019700000000000002,0.0196,0.0195,0.0198,0.0196,0.019700000000000002,0.020200000000000003,0.0196,0.0196,0.0199,0.0199,0.020300000000000002,0.0195,0.0199,0.0198,0.02,0.0201,0.020200000000000003,0.0199,0.0198,0.0201,0.02,0.0196,0.0199,0.02,0.020200000000000003,0.0201,0.0198,0.0199,0.0201
,0.0189,0.0199,0.0188,0.0195,0.019,0.02,0.019200000000000002,0.0198,0.019200000000000002,0.0199,0.0199,0.019,0.019700000000000002,0.02,0.0196,0.0195,0.0193,0.0187,0.0188,0.0198,0.0195,0.02,0.0199,0.02,0.0193,0.0195,0.019700000000000002,0.0195,0.0196,0.02,0.0198,0.02,0.02,0.0199,0.019700000000000002,0.0195,0.02,0.0196,0.0194,0.0198,0.0196,0.019700000000000002,0.0198,0.0196,0.0196,0.020200000000000003,0.0199,0.020300000000000002,0.0198,0.0198,0.020300000000000002,0.0199,0.02,0.0201,0.0201,0.020300000000000002,0.0204,0.0199,0.0201,0.0199,0.02,0.02,0.0196,0.02,0.019700000000000002,0.0199,0.0199,0.0198,0.020200000000000003,0.02,0.0198,0.0199,0.0194,0.0194,0.0196,0.019200000000000002,0.0193,0.019100000000000002,0.0196,0.02,0.0196,0.0201,0.0199,0.0198,0.02,0.0204,0.0201,0.0199,0.0199,0.0201,0.0196,0.019700000000000002,0.02,0.0198,0.019700000000000002,0.0199,0.02,0.0201,0.0196,0.02,0.02,0.0196,0.0198,0.02,0.0199,0.0198,0.0201,0.0198,0.0199,0.0199,0.019700000000000002,0.0199,0.020300000000000002,0.0198,0.0201,0.0196,0.0198,0.0201,0.0199,0.0199,0.020300000000000002,0.0195,0.0199,0.0198,0.02,0.0201,0.020200000000000003,0.0199,0.019700000000000002,0.019700000000000002,0.0193,0.0196,0.0199,0.02,0.0194,0.0194,0.019700000000000002,0.0198,0.0198
,0.042300000000000004,0.0184,0.0188,0.0188,0.019,0.02,0.019200000000000002,0.0195,0.019200000000000002,0.0195,0.0188,0.0199,0.0188,0.02,0.019,0.019100000000000002,0.0198,0.0194,0.0194,0.0198,0.0195,0.02,0.0195,0.02,0.0196,0.0195,0.019700000000000002,0.0195,0.0196,0.02,0.0195,0.019700000000000002,0.019700000000000002,0.0199,0.019700000000000002,0.0195,0.02,0.02,0.0194,0.0198,0.0195,0.019700000000000002,0.0198,0.0196,0.0196,0.020200000000000003,0.0199,0.020300000000000002,0.0198,0.0201,0.0199,0.0199,0.02,0.0201,0.02,0.02,0.0198,0.020300000000000002,0.02,0.0201,0.0201,0.02,0.0201,0.02,0.0196,0.0199,0.0199,0.0198,0.020300000000000002,0.0204,0.02,0.0201,0.0201,0.019700000000000002,0.0196,0.019200000000000002,0.019700000000000002,0.0196,0.02,0.0193,0.0195,0.0194,0.0195,0.0196,0.0195,0.0194,0.0193,0.0196,0.019700000000000002,0.0199,0.0195,0.0193,0.0193,0.019700000000000002,0.0193,0.0193,0.0193,0.02,0.0193,0.0194,0.0194,0.019700000000000002,0.02,0.0198,0.020200000000000003,0.0198,0.0195,0.0193,0.0194,0.0194,0.0194,0.019700000000000002,0.0196,0.0199,0.019700000000000002,0.020200000000000003,0.0198,0.0195,0.0196,0.0198,0.0198,0.0195,0.0196,0.0195,0.0198,0.0198,0.019700000000000002,0.0199,0.0198,0.0201,0.02,0.0198,0.0198,0.020200000000000003,0.0194,0.0194,0.019700000000000002,0.0198,0.0198
,0.0204,0.0184,0.0188,0.0188,0.018600000000000002,0.019,0.019700000000000002,0.0195,0.0195,0.0195,0.0199,0.0194,0.019700000000000002,0.0188,0.0196,0.0195,0.0198,0.0194,0.0194,0.0195,0.019700000000000002,0.0195,0.0199,0.019700000000000002,0.0196,0.0198,0.0196,0.019700000000000002,0.019700000000000002,0.0198,0.0195,0.019700000000000002,0.019700000000000002,0.0196,0.0195,0.0193,0.0198,0.0201,0.0204,0.0199,0.0199,0.02,0.02,0.0198,0.020300000000000002,0.0201,0.0199,0.020200000000000003,0.0198,0.0201,0.0201,0.020200000000000003,0.020300000000000002,0.020200000000000003,0.02,0.02,0.0198,0.0199,0.0195,0.0198,0.019700000000000002,0.0198,0.02,0.020300000000000002,0.020200000000000003,0.020200000000000003,0.0199,0.0198,0.020300000000000002,0.0204,0.02,0.0201,0.0204,0.0198,0.0199,0.0198,0.019700000000000002,0.0196,0.02,0.02,0.0196,0.0194,0.0195,0.0196,0.0195,0.0194,0.0193,0.0196,0.019700000000000002,0.0199,0.0195,0.0193,0.0193,0.019700000000000002,0.0193,0.0193,0.0193,0.02,0.0194,0.0195,0.019700000000000002,0.019700000000000002,0.02,0.0198,0.020200000000000003,0.0198,0.0195,0.0193,0.0194,0.0194,0.0194,0.019700000000000002,0.0196,0.0199,0.019700000000000002,0.019700000000000002,0.0198,0.0195,0.0196,0.0198,0.0198,0.0195,0.0196,0.0195,0.0198,0.0198,0.019700000000000002,0.0199,0.019700000000000002,0.019700000000000002,0.0193,0.0198,0.0198,0.020200000000000003,0.0199,0.0204,0.020200000000000003,0.019700000000000002,0.0201
,0.0195,0.018000000000000002,0.0188,0.019100000000000002,0.018600000000000002,0.019,0.0188,0.0195,0.0195,0.019700000000000002,0.019100000000000002,0.0196,0.019700000000000002,0.0198,0.0195,0.0193,0.0193,0.0198,0.019700000000000002,0.0195,0.019700000000000002,0.0195,0.0195,0.019700000000000002,0.0198,0.0198,0.0196,0.019700000000000002,0.0196,0.019700000000000002,0.0194,0.0199,0.0194,0.0196,0.020300000000000002,0.020200000000000003,0.020200000000000003,0.020200000000000003,0.0201,0.0201,0.0199,0.0201,0.020300000000000002,0.0201,0.020300000000000002,0.0201,0.0199,0.020200000000000003,0.0198,0.019700000000000002,0.0198,0.0196,0.019700000000000002,0.0199,0.0196,0.0199,0.0195,0.0199,0.0195,0.0198,0.019700000000000002,0.02,0.0194,0.0198,0.0198,0.0199,0.020200000000000003,0.0199,0.020300000000000002,0.0201,0.02,0.0201,0.0204,0.0198,0.0199,0.0198,0.020300000000000002,0.0201,0.02,0.02,0.0198,0.0201,0.0199,0.0201,0.0201,0.0198,0.0201,0.02,0.0201,0.020200000000000003,0.0199,0.0201,0.0198,0.0196,0.0196,0.0195,0.0194,0.0196,0.0193,0.0194,0.0194,0.0196,0.0196,0.0195,0.0195,0.0193,0.019200000000000002,0.0198,0.0196,0.0193,0.019700000000000002,0.0194,0.019200000000000002,0.0198,0.0196,0.019700000000000002,0.0196,0.0193,0.0196,0.019700000000000002,0.019700000000000002,0.019700000000000002,0.0196,0.0194,0.019700000000000002,0.0196,0.0194,0.0194,0.0201,0.0195,0.0193,0.0201,0.020300000000000002,0.0205,0.0199,0.0204,0.020200000000000003,0.019700000000000002,0.0201
,0.0189,0.018000000000000002,0.019200000000000002,0.019100000000000002,0.0194,0.019100000000000002,0.019700000000000002,0.0195,0.019,0.019700000000000002,0.019100000000000002,0.0194,0.019700000000000002,0.0198,0.0195,0.0193,0.0193,0.0198,0.019700000000000002,0.019700000000000002,0.0199,0.0196,0.0194,0.019700000000000002,0.0198,0.0198,0.0199,0.0199,0.0196,0.019700000000000002,0.0196,0.0199,0.0198,0.02,0.02,0.0196,0.0199,0.0201,0.0204,0.0199,0.0199,0.02,0.02,0.0198,0.0201,0.02,0.0198,0.02,0.02,0.0198,0.0198,0.019700000000000002,0.019700000000000002,0.0199,0.0196,0.0199,0.0195,0.0199,0.020300000000000002,0.02,0.020200000000000003,0.02,0.0194,0.0198,0.0198,0.0199,0.019700000000000002,0.0196,0.019700000000000002,0.019700000000000002,0.02,0.02,0.020200000000000003,0.020200000000000003,0.020200000000000003,0.020200000000000003,0.0198,0.02,0.02,0.020200000000000003,0.0198,0.0195,0.0194,0.0195,0.0196,0.0195,0.0196,0.0196,0.0196,0.019700000000000002,0.0201,0.0199,0.020300000000000002,0.02,0.0201,0.0201,0.0194,0.0196,0.0194,0.0195,0.019700000000000002,0.0196,0.0196,0.0195,0.0195,0.0193,0.019200000000000002,0.0198,0.0196,0.0193,0.019700000000000002,0.0194,0.019200000000000002,0.0198,0.0196,0.0194,0.0196,0.0193,0.0196,0.019700000000000002,0.019700000000000002,0.019700000000000002,0.0196,0.0194,0.019700000000000002,0.0196,0.0194,0.0194,0.0201,0.0195,0.0193,0.019700000000000002,0.019700000000000002,0.0195,0.0205,0.0207,0.020200000000000003,0.020300000000000002,0.020200000000000003
,0.0216,0.0199,0.020200000000000003,0.019200000000000002,0.019,0.019100000000000002,0.0188,0.019,0.019,0.019,0.019700000000000002,0.0196,0.019700000000000002,0.019700000000000002,0.0196,0.0198,0.019700000000000002,0.0199,0.0198,0.019700000000000002,0.0199,0.0196,0.0194,0.019700000000000002,0.0198,0.019700000000000002,0.0199,0.0199,0.0196,0.0196,0.0194,0.0199,0.0198,0.020200000000000003,0.020300000000000002,0.0196,0.0199,0.0195,0.019700000000000002,0.0195,0.0196,0.0196,0.0194,0.0196,0.0196,0.0194,0.0195,0.019200000000000002,0.019700000000000002,0.019700000000000002,0.0198,0.0196,0.0199,0.0199,0.0201,0.0196,0.020200000000000003,0.0198,0.020300000000000002,0.02,0.020200000000000003,0.0199,0.0201,0.02,0.019700000000000002,0.0198,0.019700000000000002,0.0196,0.019700000000000002,0.019700000000000002,0.02,0.02,0.0198,0.0198,0.019700000000000002,0.019700000000000002,0.0198,0.02,0.02,0.020200000000000003,0.0198,0.0195,0.0194,0.0195,0.0196,0.0195,0.0196,0.0196,0.0196,0.019700000000000002,0.0199,0.0201,0.0198,0.0196,0.0196,0.0195,0.02,0.0199,0.02,0.02,0.0199,0.0199,0.020200000000000003,0.0199,0.0199,0.0196,0.0201,0.0201,0.0201,0.0198,0.020300000000000002,0.0198,0.020200000000000003,0.0198,0.02,0.0194,0.0201,0.0199,0.0199,0.02,0.0198,0.0198,0.0199,0.019700000000000002,0.0198,0.0198,0.019700000000000002,0.020300000000000002,0.0199,0.02,0.0196,0.0204,0.02,0.019700000000000002,0.0195,0.0198,0.0194,0.0195,0.0196
,0.016800000000000002,0.019200000000000002,0.0193,0.0198,0.0196,0.0196,0.0194,0.019,0.019200000000000002,0.019,0.019700000000000002,0.0194,0.0195,0.019700000000000002,0.0196,0.0198,0.019700000000000002,0.0199,0.0198,0.0194,0.0198,0.0198,0.019700000000000002,0.0198,0.0194,0.0199,0.0198,0.0196,0.0198,0.02,0.0199,0.02,0.020300000000000002,0.0196,0.02,0.0199,0.019700000000000002,0.0195,0.019700000000000002,0.0195,0.0196,0.0196,0.0194,0.0196,0.0196,0.019700000000000002,0.0201,0.020200000000000003,0.019700000000000002,0.0198,0.0198,0.019700000000000002,0.0199,0.0199,0.0201,0.0196,0.020200000000000003,0.0198,0.0195,0.0195,0.019700000000000002,0.0199,0.0201,0.02,0.0195,0.019700000000000002,0.0201,0.019700000000000002,0.0199,0.0195,0.019700000000000002,0.020200000000000003,0.0198,0.0198,0.019700000000000002,0.019700000000000002,0.0201,0.0204,0.0201,0.0198,0.0196,0.0204,0.02,0.019700000000000002,0.02,0.020300000000000002,0.0204,0.020200000000000003,0.0205,0.020200000000000003,0.0196,0.02,0.020300000000000002,0.0204,0.020200000000000003,0.0205,0.020300000000000002,0.0199,0.019700000000000002,0.020200000000000003,0.0204,0.020200000000000003,0.020200000000000003,0.020200000000000003,0.0204,0.02,0.019700000000000002,0.02,0.0201,0.020300000000000002,0.02,0.02,0.0204,0.020200000000000003,0.02,0.02,0.02,0.0201,0.0205,0.02,0.0198,0.0198,0.0199,0.0205,0.020300000000000002,0.02,0.0196,0.02,0.02,0.020200000000000003,0.02,0.0199,0.0198,0.0199,0.02,0.0199,0.0199,0.0199,0.0198
,0.0198,0.0181,0.0193,0.0198,0.0196,0.0196,0.019100000000000002,0.019200000000000002,0.0198,0.0193,0.0193,0.0194,0.0195,0.0198,0.019700000000000002,0.0196,0.0198,0.0196,0.0195,0.02,0.02,0.020200000000000003,0.0204,0.0204,0.0198,0.019700000000000002,0.0198,0.0196,0.0199,0.02,0.0198,0.020200000000000003,0.020200000000000003,0.02,0.0198,0.0199,0.019700000000000002,0.0199,0.0198,0.0198,0.0201,0.0199,0.0199,0.0198,0.0199,0.0194,0.0195,0.019200000000000002,0.0195,0.0196,0.02,0.0196,0.02,0.0196,0.0196,0.0198,0.0196,0.0194,0.0199,0.0204,0.020200000000000003,0.0199,0.0195,0.0195,0.019700000000000002,0.0198,0.0201,0.0196,0.0199,0.020200000000000003,0.019700000000000002,0.0201,0.020300000000000002,0.020300000000000002,0.020200000000000003,0.02,0.0201,0.02,0.0198,0.0201,0.0199,0.0198,0.0198,0.0198,0.020200000000000003,0.0198,0.0196,0.0198,0.0201,0.02,0.0201,0.0199,0.0196,0.02,0.0199,0.0199,0.0201,0.0198,0.0195,0.0201,0.020200000000000003,0.0198,0.0196,0.0201,0.0198,0.020200000000000003,0.0198,0.02,0.019700000000000002,0.02,0.019700000000000002,0.0199,0.0201,0.019700000000000002,0.0195,0.019700000000000002,0.020200000000000003,0.0198,0.02,0.0201,0.0198,0.020200000000000003,0.0199,0.0195,0.02,0.019700000000000002,0.019700000000000002,0.02,0.0198,0.0199,0.0201,0.0195,0.02,0.0201,0.0196,0.0198,0.0199,0.0201,0.0204
,0.0195,0.020300000000000002,0.0194,0.0198,0.019200000000000002,0.0195,0.019,0.0194,0.0201,0.0194,0.0193,0.0195,0.0195,0.019100000000000002,0.019100000000000002,0.0196,0.019700000000000002,0.0199,0.0201,0.0099,0.0114,0.013000000000000001,0.0146,0.016,0.0201,0.0201,0.020200000000000003,0.0201,0.0201,0.020200000000000003,0.02,0.0212,0.0207,0.0199,0.02,0.0201,0.0199,0.0199,0.0198,0.0198,0.0201,0.0199,0.0199,0.0198,0.0199,0.019700000000000002,0.0201,0.020200000000000003,0.0195,0.0196,0.02,0.0196,0.02,0.0196,0.02,0.020300000000000002,0.020300000000000002,0.0201,0.02,0.02,0.020200000000000003,0.0199,0.0205,0.020200000000000003,0.020200000000000003,0.0205,0.0194,0.019700000000000002,0.0199,0.0196,0.0194,0.0196,0.0201,0.0199,0.0201,0.0199,0.0199,0.020200000000000003,0.020200000000000003,0.0198,0.0199,0.020300000000000002,0.0198,0.0198,0.02,0.020300000000000002,0.020300000000000002,0.0196,0.02,0.020200000000000003,0.020300000000000002,0.020200000000000003,0.0196,0.0199,0.0199,0.02,0.0198,0.0199,0.0201,0.020300000000000002,0.02,0.02,0.0199,0.020200000000000003,0.0195,0.0199,0.0201,0.019700000000000002,0.02,0.02,0.0198,0.0201,0.020200000000000003,0.0201,0.0199,0.0199,0.02,0.02,0.02,0.020200000000000003,0.020300000000000002,0.020300000000000002,0.0201,0.0204,0.0201,0.0198,0.0198,0.0198,0.020200000000000003,0.0201,0.02,0.0196,0.019700000000000002,0.020200000000000003,0.0196,0.0196,0.0199,0.0198,0.0201
,0.0181,0.0189,0.0184,0.0194,0.0194,0.019200000000000002,0.0196,0.019100000000000002,0.019100000000000002,0.019700000000000002,0.0198,0.019700000000000002,0.02,0.019100000000000002,0.02,0.0196,0.0195,0.006500000000000001,0.0083,0.0196,0.0196,0.0199,0.019700000000000002,0.0199,0.02,0.0181,0.019,0.0199,0.0198,0.02,0.0198,0.0196,0.019700000000000002,0.0199,0.0198,0.0199,0.0199,0.0198,0.0195,0.0198,0.0196,0.0196,0.0199,0.020300000000000002,0.0196,0.0196,0.02,0.0198,0.0201,0.0196,0.0196,0.0196,0.019200000000000002,0.019700000000000002,0.0198,0.0201,0.02,0.020200000000000003,0.0201,0.020200000000000003,0.020300000000000002,0.0195,0.0199,0.0201,0.0196,0.0201,0.0199,0.020300000000000002,0.019700000000000002,0.0195,0.019700000000000002,0.0201,0.0198,0.0195,0.0199,0.0199,0.019700000000000002,0.0195,0.0199,0.0201,0.0193,0.0198,0.020200000000000003,0.0201,0.0199,0.0199,0.02,0.020200000000000003,0.0195,0.0196,0.0198,0.0201,0.0201,0.0195,0.0199,0.0196,0.0199,0.02,0.020200000000000003,0.0199,0.0199,0.0199,0.02,0.0201,0.0201,0.020300000000000002,0.020300000000000002,0.0201,0.0199,0.0199,0.02,0.0198,0.0196,0.019700000000000002,0.020200000000000003,0.0201,0.0199,0.019700000000000002,0.0201,0.0199,0.019700000000000002,0.019700000000000002,0.0205,0.0199,0.0199,0.0198,0.0198,0.0206,0.020800000000000003,0.0205,0.0201,0.0199,0.019700000000000002,0.020200000000000003,0.020200000000000003,0.02,0.0195,0.0199,0.020300000000000002
,0.0176,0.019,0.0196,0.0189,0.0198,0.019100000000000002,0.0201,0.0196,0.0201,0.019100000000000002,0.02,0.02,0.0198,0.0199,0.019100000000000002,0.0196,0.0195,0.019200000000000002,0.0194,0.0196,0.0196,0.02,0.02,0.0195,0.017,0.0199,0.019700000000000002,0.0196,0.020200000000000003,0.0207,0.021,0.0196,0.019700000000000002,0.02,0.0198,0.0201,0.02,0.0198,0.0195,0.0198,0.0196,0.0196,0.0199,0.020300000000000002,0.0196,0.0196,0.02,0.0198,0.0201,0.0196,0.0196,0.0198,0.020200000000000003,0.020300000000000002,0.0198,0.0199,0.020300000000000002,0.0201,0.0201,0.019700000000000002,0.0206,0.0201,0.0201,0.0201,0.0199,0.019700000000000002,0.0198,0.0195,0.02,0.020200000000000003,0.0195,0.0198,0.0198,0.0199,0.0201,0.020200000000000003,0.0199,0.020200000000000003,0.020200000000000003,0.0201,0.0199,0.020300000000000002,0.020200000000000003,0.0201,0.02,0.020300000000000002,0.020300000000000002,0.020200000000000003,0.02,0.020200000000000003,0.020300000000000002,0.020200000000000003,0.0201,0.0199,0.0199,0.02,0.0198,0.0199,0.0201,0.020300000000000002,0.02,0.0199,0.02,0.0199,0.019700000000000002,0.020200000000000003,0.0204,0.020200000000000003,0.0199,0.02,0.0199,0.019700000000000002,0.0199,0.02,0.019700000000000002,0.0204,0.0201,0.02,0.0199,0.020200000000000003,0.020200000000000003,0.0201,0.0199,0.0212,0.0211,0.020200000000000003,0.020300000000000002,0.0201,0.0204,0.020200000000000003,0.020200000000000003,0.0196,0.0199,0.02,0.020200000000000003,0.02,0.0195,0.0199,0.020300000000000002
,0.017400000000000002,0.0184,0.0196,0.0198,0.019,0.019700000000000002,0.0198,0.019700000000000002,0.0199,0.02,0.0199,0.0193,0.019,0.0199,0.019700000000000002,0.0201,0.02,0.019200000000000002,0.0194,0.0201,0.019700000000000002,0.0199,0.019700000000000002,0.0199,0.0201,0.0196,0.0199,0.0199,0.019700000000000002,0.019700000000000002,0.0196,0.0196,0.0199,0.02,0.0198,0.0199,0.02,0.0195,0.0194,0.0194,0.0195,0.019200000000000002,0.0195,0.0194,0.0195,0.0195,0.0196,0.019700000000000002,0.0198,0.0201,0.0199,0.0201,0.0198,0.020300000000000002,0.0198,0.0198,0.020800000000000003,0.0206,0.019700000000000002,0.019700000000000002,0.0199,0.0206,0.020200000000000003,0.02,0.020200000000000003,0.020300000000000002,0.0199,0.0199,0.0198,0.019700000000000002,0.0198,0.0201,0.020300000000000002,0.0198,0.0196,0.020200000000000003,0.0199,0.0201,0.020300000000000002,0.0198,0.02,0.0201,0.02,0.020300000000000002,0.0199,0.0199,0.0199,0.0199,0.02,0.0199,0.0201,0.0201,0.020200000000000003,0.02,0.020200000000000003,0.020200000000000003,0.02,0.020200000000000003,0.0201,0.02,0.02,0.02,0.0196,0.0201,0.0201,0.020300000000000002,0.020300000000000002,0.0201,0.0199,0.0199,0.02,0.0198,0.0196,0.019700000000000002,0.020200000000000003,0.0198,0.02,0.02,0.0207,0.019700000000000002,0.0196,0.02,0.019700000000000002,0.0206,0.020200000000000003,0.020800000000000003,0.021,0.0196,0.0196,0.02,0.0199,0.020200000000000003,0.0201,0.0199,0.02,0.020200000000000003,0.020200000000000003,0.0204,0.0201
,0.017400000000000002,0.0189,0.0199,0.0198,0.019700000000000002,0.0196,0.0189,0.0195,0.0198,0.0193,0.019200000000000002,0.0196,0.0198,0.019100000000000002,0.0193,0.0189,0.019100000000000002,0.0196,0.019700000000000002,0.0198,0.0201,0.02,0.019700000000000002,0.0195,0.0194,0.0196,0.019700000000000002,0.0199,0.019700000000000002,0.019700000000000002,0.0196,0.0196,0.0199,0.0196,0.0198,0.0195,0.0194,0.0198,0.0196,0.019700000000000002,0.0195,0.019700000000000002,0.0199,0.0198,0.0196,0.019700000000000002,0.019700000000000002,0.02,0.020200000000000003,0.0201,0.020200000000000003,0.0201,0.0199,0.0199,0.019700000000000002,0.0201,0.02,0.02,0.0198,0.0198,0.0201,0.0198,0.02,0.020200000000000003,0.02,0.02,0.02,0.020200000000000003,0.02,0.019700000000000002,0.019700000000000002,0.0195,0.02,0.02,0.0201,0.0199,0.02,0.0198,0.0195,0.0199,0.0199,0.0204,0.0201,0.0201,0.0198,0.0196,0.0201,0.0201,0.020300000000000002,0.0201,0.02,0.0196,0.0198,0.0201,0.0198,0.0201,0.0204,0.02,0.019700000000000002,0.02,0.0199,0.020200000000000003,0.0199,0.0199,0.0195,0.0198,0.0198,0.0198,0.0196,0.0198,0.0199,0.019700000000000002,0.0199,0.0199,0.019700000000000002,0.0201,0.0201,0.02,0.02,0.020200000000000003,0.020300000000000002,0.020300000000000002,0.0205,0.0196,0.019700000000000002,0.02,0.0201,0.020200000000000003,0.02,0.0201,0.0199,0.019700000000000002,0.02,0.0196,0.0199,0.0201,0.02,0.0199,0.019700000000000002
,0.0182,0.019,0.0187,0.0189,0.019700000000000002,0.019700000000000002,0.0198,0.0195,0.0199,0.0193,0.0199,0.0198,0.0196,0.019700000000000002,0.0198,0.0199,0.0199,0.019200000000000002,0.019,0.0194,0.019,0.019100000000000002,0.019200000000000002,0.019200000000000002,0.0194,0.0194,0.019200000000000002,0.0193,0.0193,0.0193,0.0194,0.0193,0.0194,0.02,0.0198,0.0198,0.0199,0.0198,0.0198,0.0196,0.019700000000000002,0.0199,0.0196,0.0198,0.019700000000000002,0.0201,0.019700000000000002,0.020300000000000002,0.0198,0.0204,0.020300000000000002,0.0204,0.0204,0.0205,0.02,0.02,0.02,0.02,0.02,0.02,0.0198,0.02,0.020300000000000002,0.020200000000000003,0.0201,0.0201,0.020300000000000002,0.0205,0.020200000000000003,0.0201,0.0204,0.0206,0.019700000000000002,0.0199,0.0205,0.020200000000000003,0.02,0.020300000000000002,0.0204,0.0204,0.020200000000000003,0.020200000000000003,0.0205,0.0204,0.020200000000000003,0.02,0.0198,0.0198,0.0198,0.0201,0.0199,0.02,0.020200000000000003,0.0201,0.0199,0.0199,0.0199,0.019700000000000002,0.019700000000000002,0.0199,0.019700000000000002,0.0195,0.02,0.0201,0.0196,0.0199,0.02,0.02,0.019700000000000002,0.02,0.020200000000000003,0.0199,0.0201,0.0201,0.0205,0.0198,0.0206,0.020800000000000003,0.02,0.020900000000000002,0.0205,0.0206,0.020800000000000003,0.0206,0.020200000000000003,0.02,0.0201,0.020200000000000003,0.02,0.0201,0.020200000000000003,0.020200000000000003,0.0201,0.0199,0.0198,0.0201,0.0198,0.0201,0.020200000000000003
,0.0195,0.0178,0.019,0.0198,0.0193,0.018500000000000003,0.0194,0.0195,0.0198,0.019700000000000002,0.0193,0.0193,0.0199,0.02,0.0193,0.0196,0.0195,0.0195,0.0199,0.0198,0.019700000000000002,0.0193,0.0199,0.0196,0.0194,0.019700000000000002,0.0199,0.0198,0.0198,0.0198,0.0194,0.0195,0.0199,0.0198,0.0199,0.02,0.019700000000000002,0.019700000000000002,0.019700000000000002,0.019700000000000002,0.02,0.02,0.0199,0.02,0.0201,0.0198,0.0201,0.020200000000000003,0.0199,0.0201,0.0199,0.02,0.019700000000000002,0.0194,0.02,0.0201,0.0199,0.02,0.02,0.02,0.0198,0.0198,0.019700000000000002,0.0195,0.0201,0.0201,0.0199,0.0199,0.020200000000000003,0.020200000000000003,0.02,0.02,0.0201,0.0201,0.0204,0.0205,0.0204,0.0199,0.020200000000000003,0.0198,0.0196,0.0198,0.02,0.0199,0.020300000000000002,0.020200000000000003,0.0206,0.020800000000000003,0.020200000000000003,0.0206,0.020300000000000002,0.0206,0.0205,0.0205,0.0201,0.0201,0.0201,0.0198,0.0199,0.0201,0.0199,0.0195,0.0201,0.0201,0.0201,0.020200000000000003,0.0201,0.0198,0.0199,0.0204,0.020300000000000002,0.0201,0.0201,0.0198,0.019700000000000002,0.020300000000000002,0.0206,0.020300000000000002,0.0205,0.020200000000000003,0.0201,0.0201,0.0199,0.019700000000000002,0.0196,0.0196,0.0198,0.0199,0.02,0.0201,0.020200000000000003,0.020200000000000003,0.020300000000000002,0.020300000000000002,0.0199,0.0201,0.0198,0.0201,0.020200000000000003
,0.0206,0.018500000000000003,0.018600000000000002,0.019100000000000002,0.0193,0.019700000000000002,0.0194,0.0193,0.0189,0.019700000000000002,0.0193,0.0198,0.0196,0.019700000000000002,0.019200000000000002,0.019200000000000002,0.019200000000000002,0.019100000000000002,0.0195,0.0195,0.019200000000000002,0.0195,0.0194,0.0196,0.0195,0.02,0.019700000000000002,0.0198,0.0196,0.0199,0.019700000000000002,0.019700000000000002,0.02,0.0206,0.020200000000000003,0.0201,0.0198,0.0196,0.020200000000000003,0.0196,0.020300000000000002,0.02,0.0204,0.0204,0.020200000000000003,0.0204,0.02,0.020200000000000003,0.0207,0.019700000000000002,0.02,0.020200000000000003,0.0199,0.0199,0.0199,0.0195,0.0201,0.0198,0.0201,0.0199,0.020300000000000002,0.0198,0.019700000000000002,0.0195,0.0201,0.0201,0.02,0.02,0.0198,0.0201,0.02,0.0201,0.0201,0.0196,0.02,0.020200000000000003,0.0201,0.0199,0.02,0.019700000000000002,0.019700000000000002,0.0206,0.020800000000000003,0.020800000000000003,0.021,0.020900000000000002,0.0204,0.020200000000000003,0.020200000000000003,0.020800000000000003,0.0206,0.020800000000000003,0.0201,0.02,0.0204,0.0207,0.0206,0.0205,0.0205,0.0205,0.0204,0.0204,0.0205,0.0206,0.0205,0.0205,0.0205,0.0205,0.0204,0.020200000000000003,0.0207,0.0201,0.020200000000000003,0.02,0.020200000000000003,0.0201,0.0201,0.0198,0.0196,0.0195,0.0198,0.019700000000000002,0.0198,0.0201,0.0198,0.02,0.020200000000000003,0.0198,0.0198,0.0194,0.0199,0.02,0.0204,0.0198,0.0201,0.02,0.02,0.0198,0.0198
,0.0206,0.018000000000000002,0.0189,0.0196,0.019100000000000002,0.0195,0.0194,0.0195,0.019700000000000002,0.019,0.019100000000000002,0.0193,0.0194,0.0195,0.0193,0.0193,0.0195,0.0198,0.0195,0.0195,0.0195,0.0195,0.0196,0.019700000000000002,0.019700000000000002,0.0194,0.0198,0.0199,0.02,0.0198,0.02,0.0199,0.019700000000000002,0.02,0.0199,0.0198,0.0201,0.0195,0.0196,0.0193,0.0198,0.0199,0.0196,0.02,0.02,0.0201,0.0196,0.0194,0.0196,0.0198,0.0204,0.0205,0.020300000000000002,0.0198,0.02,0.0201,0.0199,0.02,0.0199,0.0199,0.0196,0.0201,0.0199,0.0204,0.020300000000000002,0.02,0.02,0.02,0.0198,0.0201,0.02,0.0201,0.0201,0.02,0.019700000000000002,0.019700000000000002,0.020300000000000002,0.020300000000000002,0.0206,0.0205,0.0206,0.0198,0.02,0.0204,0.0199,0.0199,0.0198,0.0199,0.02,0.02,0.020200000000000003,0.0201,0.0199,0.0196,0.020200000000000003,0.02,0.0201,0.02,0.020300000000000002,0.0201,0.0201,0.0201,0.0201,0.020300000000000002,0.0199,0.020200000000000003,0.0199,0.0201,0.0198,0.020200000000000003,0.0198,0.0207,0.0206,0.0206,0.0205,0.0198,0.0201,0.0198,0.0196,0.0195,0.0198,0.019700000000000002,0.0198,0.0201,0.0198,0.02,0.020200000000000003,0.0198,0.0198,0.0194,0.0199,0.02,0.0204,0.0198,0.0198,0.0196,0.019700000000000002,0.02,0.020300000000000002
,0.020900000000000002,0.018500000000000003,0.019,0.0196,0.0201,0.0195,0.0194,0.0194,0.0196,0.0196,0.019100000000000002,0.0194,0.019100000000000002,0.019700000000000002,0.0193,0.0194,0.0198,0.02,0.0198,0.0196,0.0195,0.0195,0.0196,0.019700000000000002,0.0194,0.019700000000000002,0.0196,0.019200000000000002,0.0196,0.019200000000000002,0.0201,0.0198,0.0198,0.0196,0.0193,0.019700000000000002,0.0194,0.0195,0.0196,0.020200000000000003,0.02,0.0195,0.0196,0.0193,0.0201,0.0199,0.02,0.02,0.0201,0.0201,0.0194,0.0196,0.0198,0.0201,0.02,0.019700000000000002,0.0198,0.0201,0.0199,0.0199,0.0196,0.0199,0.02,0.0201,0.0198,0.019700000000000002,0.020300000000000002,0.0204,0.0199,0.0201,0.0198,0.0201,0.0201,0.02,0.019700000000000002,0.019700000000000002,0.02,0.0199,0.02,0.0199,0.0201,0.0201,0.020300000000000002,0.020200000000000003,0.020300000000000002,0.02,0.0201,0.02,0.020200000000000003,0.0205,0.0205,0.0204,0.020200000000000003,0.0201,0.020200000000000003,0.0201,0.0198,0.020300000000000002,0.019700000000000002,0.020200000000000003,0.0199,0.02,0.0198,0.020300000000000002,0.0199,0.020200000000000003,0.0199,0.0201,0.0198,0.020200000000000003,0.0198,0.0201,0.020200000000000003,0.02,0.020200000000000003,0.0204,0.02,0.0201,0.020300000000000002,0.0205,0.0206,0.020300000000000002,0.020300000000000002,0.0204,0.0207,0.0206,0.0206,0.0206,0.0206,0.020800000000000003,0.020200000000000003,0.0206,0.0206,0.0207,0.0198,0.0196,0.019700000000000002,0.02,0.020300000000000002
,0.020900000000000002,0.0196,0.019,0.018600000000000002,0.0193,0.0189,0.0189,0.019100000000000002,0.019100000000000002,0.019200000000000002,0.0193,0.019700000000000002,0.0194,0.0193,0.0196,0.0193,0.0198,0.0196,0.0195,0.0195,0.019200000000000002,0.0198,0.0194,0.0194,0.0194,0.0194,0.0196,0.019200000000000002,0.0196,0.0199,0.0195,0.0193,0.0195,0.0196,0.0193,0.019700000000000002,0.0194,0.0198,0.02,0.0193,0.0198,0.0199,0.0196,0.0196,0.0194,0.0198,0.019700000000000002,0.0198,0.019700000000000002,0.0198,0.0194,0.0196,0.0198,0.0198,0.02,0.019700000000000002,0.0198,0.0201,0.0199,0.020300000000000002,0.020200000000000003,0.0199,0.02,0.0201,0.0198,0.019700000000000002,0.0199,0.0199,0.02,0.0201,0.0198,0.0201,0.0198,0.0199,0.019700000000000002,0.0198,0.02,0.0199,0.02,0.0199,0.0201,0.0201,0.020300000000000002,0.020200000000000003,0.020300000000000002,0.02,0.0201,0.02,0.020200000000000003,0.0205,0.0205,0.0204,0.020200000000000003,0.0201,0.020200000000000003,0.0201,0.0201,0.02,0.019700000000000002,0.02,0.02,0.020200000000000003,0.0201,0.02,0.0199,0.0201,0.020200000000000003,0.020200000000000003,0.020200000000000003,0.0201,0.0199,0.020200000000000003,0.020200000000000003,0.020300000000000002,0.0201,0.0198,0.0204,0.020300000000000002,0.020200000000000003,0.02,0.0204,0.020200000000000003,0.0201,0.0204,0.0204,0.0201,0.019700000000000002,0.0201,0.0199,0.02,0.020200000000000003,0.019700000000000002,0.02,0.020200000000000003,0.0204,0.0206,0.020300000000000002,0.020200000000000003,0.02
,0.041600000000000005,0.0196,0.019200000000000002,0.0184,0.019200000000000002,0.0199,0.019700000000000002,0.0189,0.0198,0.019,0.019700000000000002,0.0195,0.0195,0.0193,0.0195,0.0198,0.0198,0.0196,0.0195,0.0194,0.0195,0.0195,0.0198,0.0195,0.0195,0.02,0.0196,0.020200000000000003,0.020200000000000003,0.019200000000000002,0.0195,0.0193,0.0195,0.02,0.0196,0.019700000000000002,0.0195,0.0199,0.02,0.0201,0.0201,0.0201,0.02,0.020200000000000003,0.019700000000000002,0.0198,0.0201,0.020200000000000003,0.0195,0.0201,0.0198,0.0201,0.0198,0.0199,0.0204,0.020300000000000002,0.020300000000000002,0.0199,0.0199,0.020300000000000002,0.020200000000000003,0.020200000000000003,0.0204,0.0204,0.0204,0.0204,0.0199,0.0199,0.0199,0.0204,0.020300000000000002,0.0201,0.0198,0.0199,0.019700000000000002,0.0198,0.02,0.0201,0.0201,0.0199,0.0201,0.0198,0.0199,0.0201,0.020200000000000003,0.0199,0.0196,0.0199,0.02,0.0201,0.02,0.0199,0.020200000000000003,0.0196,0.0196,0.0196,0.0201,0.0198,0.02,0.0201,0.0201,0.0201,0.0198,0.02,0.0199,0.0201,0.020200000000000003,0.020200000000000003,0.020200000000000003,0.0201,0.0199,0.020200000000000003,0.020200000000000003,0.020300000000000002,0.0201,0.020300000000000002,0.0204,0.020300000000000002,0.020200000000000003,0.02,0.0204,0.020200000000000003,0.0201,0.0204,0.0204,0.0201,0.019700000000000002,0.0201,0.0199,0.02,0.020200000000000003,0.019700000000000002,0.02,0.020200000000000003,0.0201,0.019700000000000002,0.0198,0.02,0.0198
,0.041600000000000005,0.0188,0.0189,0.019200000000000002,0.0189,0.0195,0.019200000000000002,0.019200000000000002,0.019100000000000002,0.0199,0.0194,0.0189,0.019200000000000002,0.0195,0.0196,0.0198,0.0198,0.0198,0.0195,0.0201,0.0194,0.0195,0.0194,0.0198,0.019700000000000002,0.0198,0.019700000000000002,0.019700000000000002,0.0199,0.0195,0.019700000000000002,0.0195,0.0199,0.02,0.0198,0.0201,0.0201,0.020300000000000002,0.0201,0.019700000000000002,0.019700000000000002,0.0198,0.0201,0.0193,0.0194,0.0198,0.019700000000000002,0.0198,0.019700000000000002,0.0201,0.0198,0.0201,0.0198,0.0199,0.0204,0.020300000000000002,0.020300000000000002,0.0199,0.0201,0.0198,0.0199,0.020200000000000003,0.0204,0.0204,0.0204,0.0204,0.0204,0.0205,0.0205,0.0205,0.0204,0.0204,0.0205,0.0201,0.020200000000000003,0.020300000000000002,0.020200000000000003,0.0201,0.0201,0.0201,0.0196,0.0198,0.0198,0.019700000000000002,0.020200000000000003,0.0199,0.0196,0.0199,0.02,0.0201,0.02,0.0199,0.020200000000000003,0.0196,0.0196,0.0196,0.0201,0.0198,0.02,0.020200000000000003,0.0199,0.02,0.0196,0.020200000000000003,0.0201,0.0198,0.020200000000000003,0.0201,0.0201,0.0204,0.0201,0.0201,0.0201,0.0199,0.02,0.020300000000000002,0.019700000000000002,0.0198,0.0199,0.020200000000000003,0.0201,0.020300000000000002,0.0206,0.0204,0.02,0.0198,0.0199,0.0198,0.019700000000000002,0.0196,0.0199,0.0199,0.019700000000000002,0.0198,0.0201,0.019700000000000002,0.0198,0.02,0.0198
,0.0173,0.0194,0.019100000000000002,0.0193,0.009000000000000001,0.0188,0.019200000000000002,0.0188,0.019100000000000002,0.019100000000000002,0.019100000000000002,0.0196,0.0199,0.019200000000000002,0.019100000000000002,0.0188,0.019100000000000002,0.0198,0.0195,0.0194,0.0194,0.0195,0.0201,0.0196,0.0196,0.0198,0.019700000000000002,0.0198,0.0201,0.0196,0.0195,0.0195,0.0201,0.0198,0.02,0.0201,0.0199,0.0199,0.0201,0.0201,0.0204,0.020300000000000002,0.020300000000000002,0.0201,0.020200000000000003,0.0204,0.020300000000000002,0.02,0.0198,0.0199,0.020200000000000003,0.020200000000000003,0.020300000000000002,0.0201,0.019700000000000002,0.019700000000000002,0.02,0.0196,0.0195,0.0193,0.0195,0.019700000000000002,0.0201,0.0199,0.02,0.019700000000000002,0.0204,0.0205,0.0205,0.0205,0.0204,0.0204,0.0204,0.0204,0.020300000000000002,0.020300000000000002,0.020200000000000003,0.0204,0.020200000000000003,0.0201,0.0196,0.0198,0.0198,0.019700000000000002,0.02,0.0205,0.020200000000000003,0.020300000000000002,0.0199,0.020200000000000003,0.0204,0.020300000000000002,0.020200000000000003,0.020200000000000003,0.020300000000000002,0.020200000000000003,0.020200000000000003,0.02,0.020200000000000003,0.020200000000000003,0.0201,0.0198,0.0199,0.0201,0.0201,0.020300000000000002,0.0205,0.0204,0.0201,0.0201,0.020300000000000002,0.020200000000000003,0.0201,0.020200000000000003,0.020200000000000003,0.020200000000000003,0.019700000000000002,0.0201,0.0199,0.020200000000000003,0.0201,0.020300000000000002,0.0206,0.0204,0.02,0.0198,0.0199,0.0198,0.019700000000000002,0.0196,0.0199,0.0199,0.019700000000000002,0.0198,0.02,0.02,0.0198,0.020300000000000002,0.020300000000000002
,0.0173,0.0184,0.019100000000000002,0.0193,0.0189,0.0184,0.018600000000000002,0.0188,0.0199,0.019100000000000002,0.0199,0.019,0.019200000000000002,0.0196,0.0195,0.0196,0.0198,0.019200000000000002,0.0195,0.0201,0.0198,0.0198,0.0194,0.0196,0.0198,0.0198,0.0198,0.0194,0.019700000000000002,0.020200000000000003,0.0195,0.020200000000000003,0.0199,0.019700000000000002,0.019700000000000002,0.0199,0.0196,0.02,0.0201,0.0201,0.0204,0.020300000000000002,0.020300000000000002,0.0201,0.020200000000000003,0.0204,0.020300000000000002,0.0198,0.0198,0.0199,0.020200000000000003,0.020200000000000003,0.020300000000000002,0.0201,0.019700000000000002,0.0198,0.0196,0.0198,0.0195,0.0193,0.0195,0.02,0.0201,0.0199,0.02,0.019700000000000002,0.0198,0.0198,0.019700000000000002,0.0204,0.020200000000000003,0.0204,0.0204,0.0204,0.020300000000000002,0.020300000000000002,0.0201,0.0201,0.0201,0.02,0.020200000000000003,0.020300000000000002,0.020300000000000002,0.020200000000000003,0.02,0.0204,0.020300000000000002,0.02,0.0199,0.020200000000000003,0.0204,0.020300000000000002,0.020200000000000003,0.020200000000000003,0.020300000000000002,0.020200000000000003,0.020200000000000003,0.02,0.020200000000000003,0.020200000000000003,0.0201,0.0198,0.0199,0.0201,0.0201,0.020300000000000002,0.0205,0.0204,0.0201,0.0201,0.020300000000000002,0.020200000000000003,0.0201,0.020200000000000003,0.020200000000000003,0.0199,0.019700000000000002,0.0198,0.0199,0.0196,0.020200000000000003,0.02,0.0195,0.020200000000000003,0.02,0.019700000000000002,0.0201,0.0201,0.0196,0.02,0.0201,0.0195,0.0196,0.020200000000000003,0.02,0.02,0.0198,0.020300000000000002,0.020300000000000002
,0.018600000000000002,0.0194,0.0187,0.0189,0.0189,0.0129,0.016,0.0189,0.0187,0.0199,0.019100000000000002,0.019,0.019200000000000002,0.0189,0.0193,0.019200000000000002,0.019100000000000002,0.0198,0.0201,0.019200000000000002,0.0194,0.0194,0.02,0.02,0.0198,0.0196,0.019700000000000002,0.0194,0.019700000000000002,0.02,0.019700000000000002,0.0199,0.0196,0.019700000000000002,0.019700000000000002,0.0199,0.0196,0.0199,0.0201,0.0201,0.0196,0.019700000000000002,0.0198,0.0199,0.0198,0.0196,0.0199,0.02,0.0199,0.0193,0.0199,0.019700000000000002,0.0196,0.0198,0.019700000000000002,0.019700000000000002,0.02,0.0196,0.019700000000000002,0.0199,0.0201,0.0199,0.0196,0.0194,0.02,0.0199,0.0198,0.0198,0.019700000000000002,0.0204,0.020200000000000003,0.0204,0.0201,0.0199,0.0196,0.0201,0.0201,0.0204,0.020200000000000003,0.02,0.020200000000000003,0.020300000000000002,0.020300000000000002,0.020200000000000003,0.02,0.0204,0.020300000000000002,0.02,0.0199,0.019700000000000002,0.0204,0.020200000000000003,0.020300000000000002,0.020300000000000002,0.020200000000000003,0.02,0.019700000000000002,0.0204,0.02,0.0201,0.02,0.0196,0.02,0.0199,0.020300000000000002,0.0201,0.0201,0.020300000000000002,0.020200000000000003,0.0199,0.0201,0.0198,0.019700000000000002,0.0198,0.019700000000000002,0.0199,0.020200000000000003,0.019700000000000002,0.0196,0.0194,0.0195,0.019100000000000002,0.0196,0.0196,0.0196,0.02,0.0198,0.0195,0.0195,0.0196,0.0198,0.0196,0.0198,0.0196,0.0201,0.0196,0.0199,0.0194,0.02
,0.0167,0.0184,0.0187,0.0198,0.02,0.019,0.0199,0.018500000000000003,0.019200000000000002,0.0194,0.019100000000000002,0.0195,0.019200000000000002,0.0189,0.0193,0.019200000000000002,0.019100000000000002,0.0193,0.019100000000000002,0.019200000000000002,0.019200000000000002,0.0193,0.0195,0.019200000000000002,0.019700000000000002,0.0196,0.0199,0.0199,0.019700000000000002,0.02,0.019700000000000002,0.0199,0.0196,0.019700000000000002,0.020200000000000003,0.0198,0.02,0.02,0.0201,0.0201,0.02,0.019700000000000002,0.0198,0.0199,0.0198,0.0196,0.0199,0.0198,0.0199,0.0198,0.0198,0.019700000000000002,0.0201,0.0193,0.0198,0.0199,0.02,0.0199,0.019700000000000002,0.0199,0.0201,0.019700000000000002,0.0195,0.019700000000000002,0.0193,0.0196,0.0198,0.0196,0.0198,0.019700000000000002,0.0199,0.0198,0.0201,0.0199,0.0196,0.0201,0.0201,0.0198,0.0199,0.019700000000000002,0.0198,0.02,0.02,0.0198,0.0196,0.0196,0.0195,0.02,0.02,0.0199,0.0201,0.0199,0.0196,0.0198,0.0198,0.019700000000000002,0.0199,0.0198,0.0196,0.02,0.0199,0.02,0.0199,0.0199,0.0199,0.0201,0.0201,0.02,0.02,0.019200000000000002,0.0193,0.0194,0.0193,0.019200000000000002,0.0195,0.0196,0.0196,0.0199,0.0198,0.0199,0.019700000000000002,0.019700000000000002,0.0196,0.020200000000000003,0.0199,0.0201,0.02,0.020200000000000003,0.02,0.0199,0.0195,0.0198,0.0196,0.0198,0.0196,0.0195,0.0196,0.020200000000000003,0.0199
,0.0166,0.0194,0.0193,0.0198,0.0189,0.019,0.0199,0.0198,0.0199,0.0199,0.0196,0.0196,0.020300000000000002,0.0194,0.0194,0.0194,0.0195,0.0193,0.019100000000000002,0.0199,0.0194,0.0193,0.0195,0.019200000000000002,0.0193,0.0198,0.0194,0.0193,0.019200000000000002,0.0194,0.0196,0.019200000000000002,0.0194,0.020300000000000002,0.020200000000000003,0.0199,0.02,0.019200000000000002,0.0196,0.0193,0.0198,0.0194,0.0196,0.019200000000000002,0.019700000000000002,0.0196,0.0195,0.0198,0.0195,0.0193,0.0199,0.019700000000000002,0.0196,0.0193,0.02,0.0196,0.02,0.0199,0.020200000000000003,0.019700000000000002,0.0199,0.02,0.0196,0.0194,0.0193,0.0196,0.0195,0.0195,0.0198,0.019700000000000002,0.0193,0.0196,0.0194,0.019700000000000002,0.0198,0.0195,0.0193,0.0196,0.0196,0.0196,0.0199,0.0193,0.0195,0.0195,0.0194,0.0196,0.0195,0.0194,0.0198,0.0195,0.019700000000000002,0.0194,0.0194,0.0196,0.0196,0.0193,0.0194,0.0195,0.0195,0.0196,0.0195,0.019200000000000002,0.0196,0.0199,0.020300000000000002,0.020200000000000003,0.0195,0.019700000000000002,0.0195,0.0201,0.02,0.020200000000000003,0.02,0.0201,0.02,0.019700000000000002,0.0198,0.02,0.0199,0.0199,0.02,0.0198,0.0199,0.02,0.0201,0.0199,0.02,0.0201,0.0199,0.0198,0.02,0.0199,0.019700000000000002,0.02,0.019700000000000002,0.020200000000000003,0.019700000000000002,0.0199,0.020200000000000003
,0.0184,0.0189,0.0193,0.018600000000000002,0.02,0.0199,0.019,0.0198,0.0196,0.0189,0.020200000000000003,0.0196,0.020300000000000002,0.02,0.0198,0.019700000000000002,0.020200000000000003,0.0194,0.0196,0.0198,0.0199,0.02,0.02,0.020200000000000003,0.019700000000000002,0.0196,0.0194,0.0193,0.019200000000000002,0.0194,0.0196,0.019200000000000002,0.0194,0.019700000000000002,0.019100000000000002,0.0198,0.019700000000000002,0.019200000000000002,0.0196,0.02,0.0196,0.0199,0.0196,0.0199,0.019700000000000002,0.0196,0.0195,0.0198,0.0195,0.0199,0.0198,0.02,0.0198,0.020200000000000003,0.0198,0.0199,0.02,0.0196,0.020200000000000003,0.019700000000000002,0.0199,0.019700000000000002,0.020200000000000003,0.0198,0.0205,0.02,0.0195,0.0196,0.0198,0.019700000000000002,0.0193,0.0196,0.0199,0.0196,0.0196,0.0198,0.0193,0.0196,0.0199,0.019700000000000002,0.0198,0.0193,0.0195,0.0195,0.0196,0.0196,0.0195,0.0194,0.0198,0.0195,0.019700000000000002,0.0194,0.0194,0.0196,0.0196,0.0193,0.0194,0.0195,0.0195,0.0196,0.0195,0.0198,0.0195,0.0194,0.0195,0.0196,0.020300000000000002,0.0199,0.0198,0.0196,0.019700000000000002,0.0198,0.0199,0.02,0.02,0.0201,0.0199,0.02,0.0199,0.0196,0.019700000000000002,0.0201,0.020200000000000003,0.019700000000000002,0.0198,0.02,0.0194,0.019700000000000002,0.0199,0.0196,0.019700000000000002,0.0195,0.020300000000000002,0.020300000000000002,0.0201,0.020200000000000003,0.0199,0.0199,0.0198
,0.0164,0.0189,0.0196,0.018600000000000002,0.019200000000000002,0.0199,0.0195,0.019200000000000002,0.02,0.0193,0.020200000000000003,0.019100000000000002,0.0194,0.02,0.0198,0.019700000000000002,0.020200000000000003,0.02,0.0198,0.0205,0.02,0.0199,0.02,0.020200000000000003,0.0193,0.0201,0.020200000000000003,0.02,0.0201,0.02,0.0201,0.020200000000000003,0.020300000000000002,0.020300000000000002,0.019100000000000002,0.0199,0.019700000000000002,0.019700000000000002,0.0199,0.0193,0.02,0.0194,0.0199,0.019200000000000002,0.020200000000000003,0.02,0.0196,0.019700000000000002,0.019700000000000002,0.0199,0.0198,0.02,0.0198,0.020200000000000003,0.02,0.0196,0.02,0.0196,0.0196,0.0195,0.0194,0.019700000000000002,0.020200000000000003,0.0198,0.0205,0.02,0.020200000000000003,0.0198,0.020300000000000002,0.0199,0.0198,0.0204,0.0194,0.019700000000000002,0.0198,0.0195,0.0199,0.020200000000000003,0.02,0.02,0.019700000000000002,0.0196,0.0196,0.02,0.0204,0.020200000000000003,0.0201,0.02,0.0196,0.019700000000000002,0.0199,0.0199,0.0199,0.019700000000000002,0.0199,0.0198,0.020300000000000002,0.0201,0.019700000000000002,0.02,0.019700000000000002,0.0194,0.0195,0.0199,0.020300000000000002,0.020200000000000003,0.020300000000000002,0.0199,0.0198,0.0196,0.019700000000000002,0.0198,0.0199,0.02,0.02,0.0199,0.0199,0.02,0.0199,0.0198,0.02,0.0198,0.0199,0.02,0.0196,0.0196,0.019700000000000002,0.02,0.0198,0.02,0.020200000000000003,0.020200000000000003,0.019700000000000002,0.02,0.0196,0.0199,0.0196,0.019700000000000002,0.0198
,0.0175,0.0178,0.0187,0.0195,0.0187,0.019,0.0195,0.0198,0.0198,0.0196,0.019100000000000002,0.019100000000000002,0.0194,0.0199,0.0199,0.0196,0.019700000000000002,0.02,0.0201,0.0205,0.02,0.0199,0.02,0.020200000000000003,0.020200000000000003,0.0201,0.020200000000000003,0.02,0.0201,0.02,0.0201,0.020200000000000003,0.020300000000000002,0.0199,0.0199,0.0198,0.0198,0.019700000000000002,0.0199,0.02,0.0198,0.0199,0.0199,0.0199,0.020200000000000003,0.0195,0.0198,0.0199,0.02,0.02,0.0198,0.0199,0.020300000000000002,0.0201,0.0195,0.0194,0.0199,0.0198,0.0199,0.0198,0.0199,0.0196,0.019200000000000002,0.0194,0.0194,0.0195,0.020200000000000003,0.0198,0.020300000000000002,0.0199,0.019700000000000002,0.019700000000000002,0.0199,0.019700000000000002,0.019700000000000002,0.0198,0.0196,0.020200000000000003,0.02,0.02,0.019700000000000002,0.0196,0.0196,0.02,0.0204,0.020200000000000003,0.0201,0.02,0.0196,0.019700000000000002,0.0199,0.0199,0.0199,0.019700000000000002,0.0199,0.0198,0.020300000000000002,0.0201,0.019700000000000002,0.02,0.019700000000000002,0.019200000000000002,0.0196,0.0195,0.0196,0.0196,0.019700000000000002,0.019700000000000002,0.0196,0.0196,0.02,0.02,0.019700000000000002,0.02,0.0195,0.0199,0.0201,0.019700000000000002,0.0198,0.0196,0.019700000000000002,0.0199,0.0196,0.0196,0.0201,0.0199,0.02,0.0201,0.0199,0.0196,0.019700000000000002,0.0195,0.020200000000000003,0.02,0.0201,0.020200000000000003,0.0199,0.0199,0.0198
,0.0082,0.019200000000000002,0.019100000000000002,0.0183,0.0187,0.0193,0.019100000000000002,0.0194,0.019200000000000002,0.019200000000000002,0.019100000000000002,0.0195,0.0196,0.019,0.0194,0.019100000000000002,0.0193,0.02,0.0201,0.019700000000000002,0.0196,0.0196,0.019200000000000002,0.0194,0.020200000000000003,0.0193,0.0195,0.0195,0.019700000000000002,0.019700000000000002,0.0195,0.0198,0.02,0.0199,0.0199,0.0198,0.0198,0.0195,0.0196,0.0194,0.0195,0.019700000000000002,0.0194,0.0196,0.0194,0.02,0.0198,0.0199,0.02,0.02,0.0198,0.0199,0.020300000000000002,0.0201,0.0199,0.0198,0.0199,0.0199,0.0199,0.0198,0.0199,0.0201,0.02,0.019700000000000002,0.0199,0.0199,0.019700000000000002,0.019700000000000002,0.0198,0.0198,0.0195,0.0194,0.0193,0.019200000000000002,0.0195,0.019200000000000002,0.0199,0.0194,0.0193,0.0193,0.0195,0.0196,0.0196,0.0194,0.0194,0.0196,0.019200000000000002,0.0193,0.0196,0.019200000000000002,0.0193,0.0194,0.0196,0.0198,0.0195,0.0196,0.0196,0.0194,0.019700000000000002,0.0195,0.019100000000000002,0.0198,0.0195,0.0195,0.0196,0.0196,0.019700000000000002,0.019700000000000002,0.0198,0.0198,0.0196,0.0193,0.0195,0.0194,0.0193,0.020200000000000003,0.0195,0.0194,0.0198,0.0195,0.019200000000000002,0.019200000000000002,0.0195,0.019700000000000002,0.0196,0.0193,0.0194,0.0194,0.0196,0.0195,0.0195,0.0194,0.0196,0.0194,0.02,0.020200000000000003,0.0201,0.02,0.020300000000000002
,0.0198,0.0181,0.019100000000000002,0.019100000000000002,0.0195,0.019,0.019100000000000002,0.019100000000000002,0.019200000000000002,0.0193,0.0195,0.0193,0.0198,0.019,0.0194,0.019100000000000002,0.0193,0.019100000000000002,0.0193,0.019700000000000002,0.0196,0.0196,0.019200000000000002,0.0194,0.0194,0.0193,0.0195,0.0195,0.019700000000000002,0.019700000000000002,0.0195,0.0198,0.02,0.019700000000000002,0.0199,0.019700000000000002,0.019700000000000002,0.0196,0.0193,0.0198,0.019700000000000002,0.02,0.020200000000000003,0.02,0.0199,0.0201,0.02,0.020300000000000002,0.02,0.019200000000000002,0.019200000000000002,0.019200000000000002,0.0194,0.0194,0.0199,0.0198,0.0199,0.0199,0.0193,0.0194,0.0193,0.0201,0.02,0.019700000000000002,0.0199,0.0199,0.0199,0.0198,0.0198,0.0195,0.0198,0.0204,0.0199,0.019700000000000002,0.019700000000000002,0.0198,0.020300000000000002,0.02,0.02,0.020200000000000003,0.0198,0.0196,0.02,0.0193,0.0194,0.0196,0.0195,0.019700000000000002,0.019200000000000002,0.0199,0.0196,0.0198,0.019700000000000002,0.02,0.02,0.0195,0.0195,0.0199,0.0198,0.0195,0.0195,0.0199,0.019700000000000002,0.0198,0.019700000000000002,0.0195,0.019700000000000002,0.02,0.0196,0.0196,0.0196,0.0193,0.0195,0.0194,0.0193,0.019700000000000002,0.0195,0.0194,0.0198,0.0195,0.019200000000000002,0.019200000000000002,0.0195,0.019700000000000002,0.0196,0.0193,0.0194,0.0194,0.0196,0.0195,0.0195,0.0194,0.0196,0.0194,0.0194,0.019700000000000002,0.0196,0.019200000000000002,0.0195
,0.0198,0.019200000000000002,0.018600000000000002,0.019100000000000002,0.019200000000000002,0.019,0.0189,0.019100000000000002,0.0193,0.0193,0.0196,0.0194,0.0193,0.0194,0.0196,0.0194,0.0194,0.019100000000000002,0.0193,0.019700000000000002,0.0199,0.0198,0.0194,0.019700000000000002,0.0194,0.0199,0.019700000000000002,0.0193,0.0195,0.0194,0.02,0.019700000000000002,0.019700000000000002,0.0196,0.0196,0.019200000000000002,0.0193,0.02,0.020200000000000003,0.0198,0.019700000000000002,0.02,0.020200000000000003,0.02,0.0199,0.0201,0.02,0.020300000000000002,0.02,0.0196,0.019700000000000002,0.019700000000000002,0.02,0.02,0.019700000000000002,0.02,0.0194,0.019100000000000002,0.0199,0.0199,0.0198,0.0198,0.019700000000000002,0.019700000000000002,0.0194,0.0196,0.0199,0.0198,0.0198,0.0195,0.019700000000000002,0.019700000000000002,0.0201,0.0204,0.0201,0.020200000000000003,0.020300000000000002,0.02,0.02,0.020200000000000003,0.0193,0.0198,0.0194,0.0195,0.0196,0.0193,0.0196,0.0195,0.019700000000000002,0.0198,0.0199,0.0195,0.0195,0.0195,0.0196,0.0195,0.0195,0.0195,0.0196,0.0194,0.019700000000000002,0.0196,0.019700000000000002,0.0198,0.019700000000000002,0.0201,0.0198,0.0199,0.0195,0.0196,0.0195,0.02,0.02,0.0199,0.019700000000000002,0.019700000000000002,0.0198,0.0201,0.0198,0.0196,0.019700000000000002,0.02,0.020200000000000003,0.020200000000000003,0.0195,0.0198,0.019700000000000002,0.020200000000000003,0.0196,0.0196,0.02,0.020200000000000003,0.0201,0.0196,0.0194,0.019700000000000002,0.0196,0.019200000000000002,0.0195
,0.017,0.0184,0.018500000000000003,0.0187,0.019200000000000002,0.019700000000000002,0.0189,0.0194,0.0193,0.0189,0.0195,0.0194,0.0193,0.0194,0.0194,0.0193,0.019700000000000002,0.019200000000000002,0.0198,0.0195,0.019200000000000002,0.0193,0.019200000000000002,0.0195,0.0196,0.0195,0.0195,0.019200000000000002,0.019200000000000002,0.0193,0.0198,0.0195,0.0193,0.0196,0.0196,0.019700000000000002,0.02,0.0196,0.0193,0.0194,0.0193,0.0198,0.0195,0.0198,0.0193,0.0195,0.019700000000000002,0.0195,0.0193,0.0196,0.019700000000000002,0.019700000000000002,0.02,0.02,0.019700000000000002,0.019700000000000002,0.0198,0.02,0.0198,0.0196,0.019700000000000002,0.0199,0.0196,0.0196,0.019700000000000002,0.019700000000000002,0.0198,0.0195,0.019700000000000002,0.0199,0.0195,0.0198,0.0201,0.0204,0.0201,0.020200000000000003,0.0196,0.0194,0.02,0.0198,0.0198,0.0199,0.0201,0.0201,0.0198,0.02,0.020200000000000003,0.0206,0.020300000000000002,0.0201,0.0201,0.0204,0.0205,0.020300000000000002,0.020300000000000002,0.0201,0.020200000000000003,0.0201,0.020200000000000003,0.0201,0.020200000000000003,0.0205,0.0205,0.0205,0.0205,0.0205,0.0205,0.0204,0.020300000000000002,0.0205,0.0205,0.019700000000000002,0.0196,0.0199,0.0199,0.019700000000000002,0.020200000000000003,0.0204,0.020300000000000002,0.020300000000000002,0.0201,0.020300000000000002,0.020300000000000002,0.0204,0.0206,0.0205,0.020300000000000002,0.0199,0.0199,0.0198,0.02,0.0201,0.0201,0.0201,0.019700000000000002,0.0199,0.02,0.0198,0.019700000000000002
,0.0187,0.0195,0.0198,0.018500000000000003,0.018500000000000003,0.019100000000000002,0.0188,0.0194,0.0188,0.0189,0.0195,0.0193,0.0194,0.0194,0.0194,0.0193,0.019700000000000002,0.0199,0.0196,0.0195,0.0198,0.0193,0.019200000000000002,0.0195,0.0195,0.0195,0.0195,0.019200000000000002,0.019200000000000002,0.0193,0.0198,0.0195,0.0193,0.020300000000000002,0.02,0.019200000000000002,0.0193,0.02,0.020200000000000003,0.0194,0.0193,0.0198,0.0195,0.0198,0.019200000000000002,0.0195,0.0193,0.019700000000000002,0.0198,0.0199,0.02,0.0198,0.020300000000000002,0.02,0.019700000000000002,0.0198,0.0194,0.019700000000000002,0.0199,0.0198,0.020200000000000003,0.0199,0.0199,0.0201,0.0199,0.0199,0.0196,0.019200000000000002,0.0198,0.0198,0.0195,0.0196,0.019700000000000002,0.0195,0.0194,0.0201,0.0194,0.0196,0.019700000000000002,0.0193,0.0196,0.0199,0.0201,0.0201,0.0198,0.02,0.020200000000000003,0.0206,0.020300000000000002,0.0201,0.0201,0.0204,0.0205,0.020300000000000002,0.020300000000000002,0.0201,0.020200000000000003,0.0201,0.020200000000000003,0.0201,0.020200000000000003,0.0205,0.0205,0.0205,0.0205,0.0205,0.0198,0.0201,0.0199,0.0198,0.0196,0.020200000000000003,0.020200000000000003,0.0199,0.0199,0.0199,0.0199,0.0198,0.0195,0.0194,0.0199,0.020300000000000002,0.020300000000000002,0.0204,0.0206,0.0205,0.020300000000000002,0.0199,0.0199,0.0198,0.02,0.0201,0.0201,0.0201,0.0201,0.02,0.0198,0.0201,0.020300000000000002
,0.022500000000000003,0.0196,0.018000000000000002,0.0184,0.0184,0.019100000000000002,0.018600000000000002,0.019100000000000002,0.019200000000000002,0.0195,0.0194,0.0193,0.0194,0.0195,0.0196,0.0194,0.0194,0.0199,0.0196,0.0194,0.019200000000000002,0.0198,0.0194,0.0198,0.0195,0.019700000000000002,0.019700000000000002,0.0201,0.0196,0.0196,0.02,0.0199,0.0199,0.020300000000000002,0.02,0.019700000000000002,0.02,0.019200000000000002,0.0194,0.0195,0.0195,0.0195,0.019200000000000002,0.0193,0.0193,0.0195,0.0193,0.019700000000000002,0.0198,0.0196,0.019700000000000002,0.0189,0.0193,0.02,0.0198,0.019700000000000002,0.0199,0.019700000000000002,0.0199,0.0201,0.0201,0.0201,0.019700000000000002,0.0196,0.0195,0.0196,0.0199,0.0198,0.0199,0.0199,0.0198,0.0199,0.019700000000000002,0.0195,0.0195,0.0198,0.0199,0.02,0.0201,0.020300000000000002,0.020300000000000002,0.020200000000000003,0.02,0.019700000000000002,0.019700000000000002,0.0199,0.02,0.02,0.020300000000000002,0.0199,0.0196,0.0199,0.020300000000000002,0.0199,0.02,0.02,0.019700000000000002,0.0199,0.020200000000000003,0.02,0.019700000000000002,0.019700000000000002,0.02,0.0198,0.020200000000000003,0.0198,0.0205,0.0204,0.020300000000000002,0.0205,0.0205,0.020200000000000003,0.020200000000000003,0.0199,0.0199,0.0201,0.020200000000000003,0.0204,0.020300000000000002,0.020300000000000002,0.0201,0.0198,0.019700000000000002,0.0198,0.0196,0.0195,0.019700000000000002,0.0199,0.0196,0.019700000000000002,0.0198,0.019700000000000002,0.0196,0.0195,0.0201,0.02,0.0198,0.0201,0.020300000000000002
,0.0143,0.0181,0.0195,0.0183,0.0184,0.0187,0.018600000000000002,0.0188,0.019200000000000002,0.0195,0.0194,0.019100000000000002,0.0187,0.0195,0.0196,0.0194,0.0194,0.019200000000000002,0.0194,0.0194,0.0198,0.0198,0.0194,0.0198,0.0194,0.019700000000000002,0.019700000000000002,0.0201,0.0196,0.0196,0.02,0.0199,0.0199,0.0194,0.0196,0.019200000000000002,0.019200000000000002,0.0198,0.0195,0.0199,0.02,0.02,0.019700000000000002,0.0199,0.02,0.02,0.02,0.0201,0.0198,0.0198,0.0198,0.0199,0.019700000000000002,0.0195,0.0204,0.02,0.02,0.0201,0.0204,0.0201,0.019700000000000002,0.020200000000000003,0.0199,0.0199,0.0201,0.02,0.0198,0.02,0.0196,0.02,0.0194,0.019700000000000002,0.0201,0.0199,0.0198,0.0199,0.0196,0.0196,0.0196,0.02,0.0201,0.0201,0.0196,0.0196,0.0195,0.019700000000000002,0.0199,0.0199,0.0198,0.0196,0.0194,0.0196,0.0196,0.0195,0.02,0.0199,0.0199,0.0198,0.0201,0.0199,0.0198,0.0195,0.0201,0.0201,0.02,0.0198,0.0199,0.0204,0.020200000000000003,0.019700000000000002,0.0201,0.0199,0.02,0.02,0.0195,0.0201,0.0201,0.020300000000000002,0.0199,0.02,0.0198,0.02,0.0199,0.0198,0.0199,0.0199,0.0204,0.02,0.0198,0.0194,0.019700000000000002,0.02,0.0204,0.0199,0.02,0.020200000000000003,0.020200000000000003,0.02,0.0198
,0.0193,0.017400000000000002,0.0181,0.0184,0.0183,0.018600000000000002,0.018500000000000003,0.0188,0.0188,0.0189,0.0194,0.019100000000000002,0.0187,0.0196,0.019,0.019100000000000002,0.019,0.019200000000000002,0.0194,0.019200000000000002,0.0193,0.0196,0.0193,0.019700000000000002,0.0194,0.0194,0.0194,0.0194,0.019100000000000002,0.019200000000000002,0.019,0.0193,0.0193,0.0198,0.0196,0.0196,0.0196,0.019200000000000002,0.0195,0.019700000000000002,0.019100000000000002,0.0193,0.0194,0.019200000000000002,0.019700000000000002,0.0195,0.0189,0.019200000000000002,0.0198,0.019700000000000002,0.02,0.0195,0.0198,0.0198,0.02,0.0196,0.0196,0.0201,0.0199,0.0198,0.019700000000000002,0.0198,0.020200000000000003,0.0204,0.0201,0.0198,0.0204,0.0198,0.0205,0.0201,0.0199,0.0196,0.0199,0.02,0.019700000000000002,0.0199,0.0201,0.020200000000000003,0.0199,0.0199,0.020200000000000003,0.02,0.02,0.019700000000000002,0.0198,0.020200000000000003,0.02,0.0196,0.019700000000000002,0.0198,0.0199,0.0199,0.02,0.02,0.0205,0.0201,0.0201,0.019700000000000002,0.019700000000000002,0.0198,0.0105,0.010400000000000001,0.0108,0.0109,0.0109,0.0109,0.0111,0.0117,0.0117,0.0115,0.0119,0.0122,0.0123,0.012400000000000001,0.012100000000000001,0.0199,0.013000000000000001,0.013300000000000001,0.0132,0.013300000000000001,0.013600000000000001,0.013900000000000001,0.014,0.013800000000000002,0.014100000000000001,0.014400000000000001,0.015000000000000001,0.015000000000000001,0.015000000000000001,0.0149,0.0152,0.0158,0.0162,0.0161,0.0201,0.019700000000000002,0.02,0.02,0.0198
,0.0193,0.019700000000000002,0.0177,0.0195,0.019,0.018600000000000002,0.0195,0.0189,0.0198,0.019,0.0194,0.0195,0.0194,0.0196,0.019,0.019100000000000002,0.019,0.019200000000000002,0.0196,0.019200000000000002,0.0193,0.0196,0.0193,0.019700000000000002,0.0196,0.0195,0.0196,0.019700000000000002,0.0196,0.019700000000000002,0.0199,0.02,0.0198,0.0195,0.019700000000000002,0.0196,0.0195,0.0196,0.0201,0.019700000000000002,0.0194,0.02,0.0199,0.02,0.0195,0.019700000000000002,0.0199,0.020200000000000003,0.0198,0.0198,0.020300000000000002,0.020300000000000002,0.0198,0.0204,0.020200000000000003,0.020200000000000003,0.0201,0.0196,0.0201,0.02,0.019700000000000002,0.019700000000000002,0.0054,0.0056,0.0056,0.0061,0.0196,0.0198,0.02,0.02,0.0074,0.0074,0.02,0.0199,0.0199,0.0199,0.0082,0.008400000000000001,0.0085,0.008700000000000001,0.0089,0.0088,0.009000000000000001,0.0089,0.009000000000000001,0.009300000000000001,0.0092,0.0091,0.0092,0.009300000000000001,0.009600000000000001,0.0095,0.0097,0.0098,0.010100000000000001,0.010100000000000001,0.010100000000000001,0.010100000000000001,0.0103,0.0103,0.0198,0.0199,0.0199,0.019700000000000002,0.0196,0.0195,0.0195,0.02,0.0198,0.0198,0.0195,0.0195,0.0199,0.0198,0.0198,0.012400000000000001,0.0196,0.02,0.0199,0.0195,0.0196,0.02,0.02,0.02,0.0198,0.02,0.0201,0.020200000000000003,0.019700000000000002,0.0196,0.0199,0.0199,0.0198,0.0196,0.016300000000000002,0.016300000000000002,0.0167,0.016900000000000002,0.017
,0.0236,0.019700000000000002,0.0181,0.0198,0.0188,0.0184,0.0189,0.0195,0.019200000000000002,0.0194,0.019200000000000002,0.0189,0.0187,0.0195,0.019100000000000002,0.0198,0.0195,0.019200000000000002,0.0196,0.0198,0.0198,0.019700000000000002,0.0201,0.0198,0.0196,0.0195,0.0196,0.0195,0.0194,0.0193,0.0196,0.019700000000000002,0.0199,0.0195,0.019700000000000002,0.0193,0.019700000000000002,0.020300000000000002,0.0198,0.0201,0.02,0.020200000000000003,0.020300000000000002,0.0199,0.0196,0.0196,0.0195,0.02,0.0194,0.019700000000000002,0.0198,0.02,0.0199,0.0198,0.02,0.0196,0.0201,0.0196,0.0199,0.0198,0.019700000000000002,0.0199,0.0199,0.0196,0.020200000000000003,0.0199,0.006200000000000001,0.0066,0.007,0.0071,0.020300000000000002,0.020200000000000003,0.0076,0.0077,0.008,0.0081,0.0201,0.020300000000000002,0.0199,0.0201,0.0198,0.020300000000000002,0.020200000000000003,0.020300000000000002,0.0199,0.02,0.0199,0.020200000000000003,0.02,0.0199,0.020200000000000003,0.02,0.02,0.0201,0.020300000000000002,0.0199,0.020300000000000002,0.0199,0.020200000000000003,0.020200000000000003,0.020200000000000003,0.0199,0.0205,0.0204,0.0201,0.02,0.019700000000000002,0.0201,0.02,0.019700000000000002,0.0196,0.0198,0.0198,0.02,0.02,0.0196,0.0201,0.02,0.0205,0.020300000000000002,0.02,0.0199,0.0196,0.019700000000000002,0.0199,0.0201,0.02,0.0199,0.0199,0.0201,0.02,0.0198,0.02,0.0199,0.0196,0.0198,0.02,0.020200000000000003,0.0201
,0.019200000000000002,0.017400000000000002,0.0196,0.0183,0.019700000000000002,0.019700000000000002,0.0187,0.019100000000000002,0.019100000000000002,0.0193,0.019,0.0198,0.019700000000000002,0.0193,0.0189,0.0189,0.019200000000000002,0.0194,0.0195,0.019,0.019,0.0193,0.018600000000000002,0.019100000000000002,0.0196,0.0196,0.0193,0.019700000000000002,0.0194,0.0193,0.0196,0.019700000000000002,0.0199,0.020300000000000002,0.020200000000000003,0.0199,0.02,0.0198,0.0196,0.0198,0.019700000000000002,0.0198,0.019700000000000002,0.0193,0.020300000000000002,0.0201,0.0199,0.0206,0.0204,0.019700000000000002,0.0198,0.02,0.0199,0.0198,0.0196,0.0199,0.02,0.020200000000000003,0.0201,0.0198,0.0198,0.019700000000000002,0.019700000000000002,0.02,0.0201,0.02,0.0198,0.019700000000000002,0.0196,0.0196,0.019700000000000002,0.02,0.020200000000000003,0.020200000000000003,0.0198,0.02,0.0194,0.0195,0.0196,0.0198,0.0199,0.0199,0.0201,0.0198,0.020300000000000002,0.02,0.0199,0.020200000000000003,0.02,0.0199,0.020200000000000003,0.02,0.02,0.0201,0.020300000000000002,0.0199,0.020300000000000002,0.0199,0.020200000000000003,0.020200000000000003,0.020200000000000003,0.0199,0.0205,0.0204,0.0201,0.02,0.019700000000000002,0.0201,0.02,0.019700000000000002,0.0196,0.0198,0.0198,0.02,0.02,0.02,0.0201,0.02,0.0205,0.020300000000000002,0.02,0.0199,0.0196,0.019700000000000002,0.0199,0.0201,0.02,0.0199,0.0199,0.0201,0.02,0.0198,0.02,0.0199,0.0199,0.0198,0.0199,0.019700000000000002,0.0196
,0.018500000000000003,0.017400000000000002,0.0196,0.02,0.0196,0.019,0.0198,0.0193,0.020200000000000003,0.019100000000000002,0.0196,0.0193,0.0194,0.0196,0.0196,0.0198,0.019700000000000002,0.0189,0.0189,0.0196,0.020300000000000002,0.0204,0.0201,0.0198,0.019,0.020200000000000003,0.02,0.0199,0.0199,0.020200000000000003,0.0199,0.0201,0.0205,0.0194,0.019,0.0196,0.019700000000000002,0.0198,0.0196,0.0198,0.0194,0.0198,0.0199,0.019700000000000002,0.0198,0.0199,0.02,0.02,0.02,0.02,0.0201,0.0199,0.02,0.0201,0.0199,0.019700000000000002,0.0196,0.0201,0.02,0.02,0.0201,0.02,0.0199,0.02,0.0201,0.02,0.02,0.0201,0.0199,0.02,0.019700000000000002,0.0198,0.0194,0.0196,0.0199,0.0198,0.0199,0.019700000000000002,0.019700000000000002,0.0198,0.0199,0.0199,0.0201,0.0198,0.0199,0.0201,0.0204,0.0198,0.020200000000000003,0.0199,0.020300000000000002,0.02,0.0201,0.0201,0.02,0.02,0.0198,0.0198,0.020200000000000003,0.0204,0.0205,0.020300000000000002,0.0201,0.02,0.0201,0.0199,0.0201,0.0199,0.0201,0.020200000000000003,0.0201,0.0201,0.0198,0.0196,0.019700000000000002,0.02,0.0196,0.0196,0.0198,0.02,0.02,0.02,0.02,0.02,0.02,0.02,0.02,0.02,0.02,0.02,0.02,0.02,0.02,0.02,0.0199,0.0198,0.0199,0.019700000000000002,0.0196
,0.019700000000000002,0.0198,0.0198,0.02,0.0183,0.019100000000000002,0.0187,0.0199,0.0196,0.02,0.019,0.020300000000000002,0.020300000000000002,0.019200000000000002,0.0194,0.019200000000000002,0.019100000000000002,0.0195,0.0196,0.02,0.019200000000000002,0.0195,0.0193,0.0195,0.020200000000000003,0.0193,0.0194,0.0193,0.0195,0.0189,0.0194,0.0194,0.0194,0.0199,0.02,0.019700000000000002,0.0194,0.0195,0.0194,0.0198,0.019700000000000002,0.0198,0.0199,0.019700000000000002,0.0198,0.0199,0.02,0.02,0.02,0.0196,0.0194,0.0196,0.0196,0.0198,0.0198,0.0198,0.0201,0.02,0.0199,0.0198,0.0199,0.019700000000000002,0.02,0.0198,0.0198,0.0198,0.02,0.0201,0.0199,0.02,0.019700000000000002,0.0198,0.0199,0.0198,0.0198,0.02,0.0198,0.019700000000000002,0.019700000000000002,0.0198,0.0199,0.0196,0.0196,0.0199,0.0196,0.0199,0.0199,0.020300000000000002,0.019700000000000002,0.0199,0.0195,0.020300000000000002,0.02,0.0198,0.0196,0.0201,0.0198,0.0198,0.020200000000000003,0.0204,0.0205,0.020300000000000002,0.0201,0.02,0.0201,0.0199,0.0201,0.0199,0.0201,0.020200000000000003,0.0201,0.0201,0.0198,0.0196,0.019700000000000002,0.0196,0.0196,0.0196,0.0198,0.02,0.02,0.02,0.02,0.02,0.02,0.02,0.02,0.02,0.02,0.02,0.02,0.02,0.02,0.02,0.02,0.02,0.02,0.0198,0.019700000000000002
,0.040400000000000005,0.02,0.02,0.0205,0.0199,0.019700000000000002,0.0198,0.0198,0.018600000000000002,0.0196,0.0196,0.0193,0.0198,0.0201,0.020200000000000003,0.0204,0.019700000000000002,0.0193,0.020300000000000002,0.0194,0.019,0.019700000000000002,0.0196,0.0193,0.019,0.02,0.019700000000000002,0.0196,0.019700000000000002,0.0201,0.0196,0.0194,0.0195,0.0198,0.0196,0.0194,0.0195,0.0199,0.0201,0.0201,0.02,0.020200000000000003,0.0201,0.0198,0.0196,0.0201,0.0201,0.02,0.0199,0.0199,0.02,0.0199,0.019700000000000002,0.02,0.0198,0.0198,0.0199,0.0198,0.0199,0.0198,0.0199,0.02,0.019700000000000002,0.0199,0.02,0.019700000000000002,0.0201,0.02,0.02,0.02,0.0199,0.0201,0.0199,0.0198,0.0198,0.020300000000000002,0.0199,0.02,0.020200000000000003,0.019700000000000002,0.0201,0.020200000000000003,0.0201,0.019700000000000002,0.020200000000000003,0.0201,0.02,0.0201,0.02,0.02,0.0201,0.0201,0.0201,0.0198,0.02,0.02,0.0199,0.02,0.0201,0.019700000000000002,0.019700000000000002,0.019700000000000002,0.0198,0.0198,0.019700000000000002,0.0196,0.0198,0.0201,0.020300000000000002,0.0201,0.02,0.0199,0.0198,0.0196,0.0195,0.0196,0.019700000000000002,0.0198,0.0199,0.02,0.020200000000000003,0.020200000000000003,0.020200000000000003,0.0201,0.0199,0.019700000000000002,0.0193,0.0196,0.0195,0.0194,0.0193,0.0198,0.0198,0.0198,0.02,0.02,0.02,0.0198,0.019700000000000002
,0.02,0.0201,0.0201,0.0188,0.0199,0.018500000000000003,0.020300000000000002,0.018600000000000002,0.0195,0.0187,0.02,0.019,0.0188,0.019100000000000002,0.019,0.0188,0.019200000000000002,0.0199,0.0193,0.0195,0.0188,0.019200000000000002,0.0195,0.019200000000000002,0.019700000000000002,0.0193,0.019200000000000002,0.0195,0.0195,0.019200000000000002,0.019700000000000002,0.019700000000000002,0.0193,0.0198,0.0198,0.019700000000000002,0.0196,0.0199,0.0198,0.0193,0.0195,0.019700000000000002,0.0195,0.019700000000000002,0.0196,0.0198,0.0199,0.0195,0.0195,0.02,0.0199,0.0199,0.0201,0.020300000000000002,0.0195,0.019700000000000002,0.0199,0.0198,0.0198,0.0198,0.0199,0.02,0.0198,0.020200000000000003,0.0199,0.0198,0.0201,0.02,0.02,0.02,0.0199,0.0201,0.020200000000000003,0.0201,0.0201,0.02,0.0198,0.02,0.020200000000000003,0.019700000000000002,0.0201,0.020200000000000003,0.0201,0.019700000000000002,0.020200000000000003,0.0199,0.0198,0.0201,0.02,0.02,0.0201,0.0201,0.02,0.019700000000000002,0.0199,0.0198,0.019700000000000002,0.0205,0.019700000000000002,0.020200000000000003,0.020300000000000002,0.0199,0.0201,0.020200000000000003,0.019700000000000002,0.0201,0.020200000000000003,0.0194,0.0198,0.0198,0.0196,0.0198,0.019700000000000002,0.0196,0.0195,0.0195,0.0196,0.0196,0.019700000000000002,0.0196,0.0198,0.019700000000000002,0.019700000000000002,0.0198,0.02,0.019700000000000002,0.019700000000000002,0.0196,0.019700000000000002,0.0198,0.0199,0.019700000000000002,0.0199,0.02,0.0198,0.0198,0.0199,0.0199,0.0198
,0.040400000000000005,0.019100000000000002,0.0201,0.0199,0.020300000000000002,0.020200000000000003,0.020300000000000002,0.0195,0.019700000000000002,0.0194,0.0187,0.0194,0.0199,0.0194,0.0196,0.0195,0.019700000000000002,0.019200000000000002,0.019,0.0198,0.0195,0.0196,0.019700000000000002,0.0198,0.0194,0.019700000000000002,0.019700000000000002,0.0198,0.019700000000000002,0.0196,0.0196,0.0198,0.02,0.019700000000000002,0.0198,0.0195,0.019700000000000002,0.0199,0.0198,0.019700000000000002,0.0199,0.0198,0.0198,0.02,0.02,0.0201,0.0201,0.0198,0.019700000000000002,0.0204,0.02,0.0199,0.02,0.0195,0.0198,0.0198,0.019700000000000002,0.0195,0.020200000000000003,0.019700000000000002,0.0201,0.0199,0.0198,0.019700000000000002,0.02,0.019700000000000002,0.020300000000000002,0.020300000000000002,0.0201,0.0201,0.019700000000000002,0.0199,0.020200000000000003,0.0201,0.0201,0.020300000000000002,0.0198,0.0199,0.0204,0.02,0.0199,0.0196,0.020200000000000003,0.0204,0.0204,0.0201,0.02,0.0196,0.02,0.0199,0.0199,0.0198,0.0198,0.0195,0.0199,0.0198,0.02,0.0201,0.0198,0.02,0.02,0.0198,0.0198,0.0199,0.0196,0.0196,0.019700000000000002,0.019700000000000002,0.020300000000000002,0.0201,0.02,0.020300000000000002,0.0204,0.0196,0.0195,0.0195,0.0193,0.0193,0.0195,0.0196,0.0196,0.0198,0.02,0.0199,0.0199,0.0199,0.0198,0.0198,0.019700000000000002,0.0198,0.0198,0.0198,0.0194,0.0194,0.0199,0.0199,0.0199,0.0198,0.0199
,0.0137,0.0181,0.0187,0.0188,0.019100000000000002,0.019700000000000002,0.019200000000000002,0.0199,0.0195,0.0196,0.0198,0.0194,0.0196,0.0195,0.0198,0.019700000000000002,0.019700000000000002,0.0198,0.0196,0.019700000000000002,0.0199,0.0196,0.0195,0.0199,0.019700000000000002,0.0194,0.0199,0.0199,0.0196,0.019700000000000002,0.0199,0.0196,0.019700000000000002,0.0199,0.020200000000000003,0.019700000000000002,0.0199,0.0196,0.0198,0.0196,0.0201,0.0198,0.0198,0.0194,0.0196,0.0198,0.0196,0.0194,0.0196,0.0199,0.0199,0.019700000000000002,0.0196,0.0198,0.0201,0.0201,0.0198,0.02,0.020200000000000003,0.019700000000000002,0.0201,0.0199,0.0199,0.0199,0.0198,0.019700000000000002,0.020300000000000002,0.020300000000000002,0.0201,0.0201,0.019700000000000002,0.0199,0.0201,0.020200000000000003,0.02,0.0201,0.0198,0.0199,0.0204,0.02,0.0199,0.0196,0.020200000000000003,0.0204,0.0204,0.0199,0.0198,0.0196,0.02,0.0199,0.0199,0.0198,0.0198,0.0195,0.0199,0.0198,0.02,0.0201,0.0198,0.02,0.02,0.0198,0.0198,0.0199,0.0196,0.0196,0.019700000000000002,0.0194,0.0198,0.0198,0.0196,0.0198,0.019700000000000002,0.0195,0.0198,0.0195,0.0196,0.0196,0.019700000000000002,0.0196,0.0196,0.0198,0.02,0.0199,0.0199,0.0199,0.0198,0.0198,0.019700000000000002,0.0198,0.0198,0.0198,0.0194,0.0194,0.0195,0.019700000000000002,0.019700000000000002,0.0195,0.0196
,0.0184,0.0189,0.0187,0.02,0.019100000000000002,0.019700000000000002,0.019200000000000002,0.0195,0.019700000000000002,0.0196,0.0196,0.0199,0.0198,0.0196,0.019700000000000002,0.019700000000000002,0.019700000000000002,0.0193,0.019700000000000002,0.0193,0.0198,0.0195,0.0194,0.019700000000000002,0.02,0.0195,0.0198,0.0201,0.0199,0.019700000000000002,0.019700000000000002,0.02,0.0196,0.0194,0.019700000000000002,0.0199,0.0194,0.02,0.02,0.0196,0.0196,0.019700000000000002,0.0198,0.0198,0.0199,0.0199,0.02,0.02,0.020300000000000002,0.0204,0.02,0.0199,0.0196,0.0195,0.0201,0.0201,0.0198,0.02,0.0195,0.0199,0.0198,0.0199,0.0199,0.020200000000000003,0.02,0.0201,0.0199,0.0196,0.0199,0.0201,0.0199,0.02,0.0201,0.020200000000000003,0.02,0.0201,0.020300000000000002,0.0198,0.02,0.0199,0.0199,0.0201,0.0199,0.02,0.0194,0.0199,0.0201,0.02,0.02,0.0198,0.0198,0.0199,0.0196,0.0199,0.019,0.019200000000000002,0.019200000000000002,0.019100000000000002,0.0193,0.0194,0.019700000000000002,0.0196,0.0194,0.0194,0.0195,0.0196,0.0195,0.0198,0.0195,0.019200000000000002,0.0194,0.0196,0.0195,0.0199,0.020200000000000003,0.0195,0.0199,0.019700000000000002,0.02,0.02,0.0199,0.02,0.020300000000000002,0.0204,0.020300000000000002,0.0199,0.02,0.02,0.020200000000000003,0.0199,0.019700000000000002,0.020300000000000002,0.020300000000000002,0.020300000000000002,0.0195,0.019700000000000002,0.019700000000000002,0.0195,0.0196
,0.018500000000000003,0.0189,0.019,0.02,0.0196,0.0193,0.0194,0.0199,0.0193,0.0194,0.0195,0.0199,0.0198,0.0199,0.0198,0.0199,0.0199,0.0195,0.019700000000000002,0.0193,0.019700000000000002,0.0198,0.0199,0.0194,0.0198,0.0198,0.02,0.0196,0.0194,0.0195,0.0195,0.0195,0.0196,0.0194,0.019700000000000002,0.019700000000000002,0.0199,0.0196,0.0198,0.0194,0.0196,0.0196,0.019700000000000002,0.019700000000000002,0.0198,0.0201,0.0199,0.02,0.019700000000000002,0.0196,0.019700000000000002,0.0198,0.0198,0.0201,0.0199,0.0195,0.019700000000000002,0.0196,0.0199,0.0196,0.019700000000000002,0.0198,0.020200000000000003,0.0198,0.0198,0.020200000000000003,0.02,0.0199,0.0198,0.0201,0.02,0.019700000000000002,0.0201,0.02,0.02,0.0199,0.0201,0.0196,0.0199,0.0201,0.019700000000000002,0.0195,0.02,0.0201,0.019700000000000002,0.02,0.0199,0.0199,0.02,0.0199,0.0196,0.0193,0.0194,0.02,0.0198,0.0198,0.0204,0.020300000000000002,0.02,0.020200000000000003,0.0199,0.019700000000000002,0.0195,0.0196,0.019700000000000002,0.0199,0.0199,0.0198,0.0201,0.020300000000000002,0.020300000000000002,0.020300000000000002,0.020300000000000002,0.0201,0.0201,0.0199,0.0199,0.0199,0.0199,0.0199,0.0199,0.0195,0.0195,0.0196,0.0196,0.019700000000000002,0.019700000000000002,0.0199,0.0199,0.0196,0.0196,0.0199,0.0198,0.0198,0.020200000000000003,0.02,0.0199,0.0198,0.02
,0.018500000000000003,0.0184,0.019,0.019100000000000002,0.02,0.0193,0.0195,0.0194,0.0198,0.0196,0.019700000000000002,0.0195,0.0194,0.0199,0.0198,0.0199,0.0199,0.0196,0.0196,0.019700000000000002,0.0194,0.019700000000000002,0.0196,0.0194,0.019700000000000002,0.0193,0.02,0.0196,0.0194,0.0195,0.0195,0.0195,0.0196,0.0196,0.0193,0.0199,0.0194,0.0193,0.0198,0.0196,0.0196,0.019700000000000002,0.0198,0.019700000000000002,0.0198,0.0201,0.02,0.02,0.019700000000000002,0.0194,0.0194,0.0196,0.020300000000000002,0.0201,0.0199,0.0201,0.02,0.02,0.0195,0.0196,0.019700000000000002,0.0196,0.0198,0.0195,0.0196,0.0195,0.0199,0.0199,0.0199,0.019700000000000002,0.0196,0.019700000000000002,0.0201,0.0204,0.019700000000000002,0.0201,0.0198,0.0196,0.0196,0.0199,0.019700000000000002,0.0196,0.0196,0.020300000000000002,0.0199,0.020200000000000003,0.020200000000000003,0.0199,0.0198,0.0196,0.0195,0.0199,0.0196,0.0193,0.0204,0.020300000000000002,0.019700000000000002,0.02,0.0198,0.0198,0.0199,0.0198,0.0195,0.0196,0.019700000000000002,0.0199,0.0199,0.0198,0.0201,0.020300000000000002,0.020300000000000002,0.020300000000000002,0.020300000000000002,0.0201,0.0201,0.0201,0.0199,0.0199,0.0199,0.0199,0.0199,0.0195,0.0195,0.0196,0.0196,0.019700000000000002,0.019700000000000002,0.0199,0.0199,0.0196,0.0196,0.0199,0.0198,0.0198,0.0198,0.02,0.0199,0.0201,0.0201
,0.0183,0.0184,0.0184,0.0195,0.019200000000000002,0.0195,0.0194,0.019700000000000002,0.0195,0.0196,0.0195,0.0195,0.0194,0.019700000000000002,0.0196,0.0194,0.019700000000000002,0.0196,0.0198,0.019700000000000002,0.0194,0.0198,0.0199,0.0193,0.019700000000000002,0.0198,0.0195,0.019700000000000002,0.019700000000000002,0.0198,0.0193,0.0196,0.019700000000000002,0.0198,0.0198,0.02,0.019700000000000002,0.0195,0.0196,0.0195,0.0198,0.0194,0.0196,0.0195,0.0196,0.019100000000000002,0.0196,0.0196,0.0195,0.0196,0.019700000000000002,0.0198,0.0195,0.0199,0.0199,0.0195,0.019700000000000002,0.0196,0.019100000000000002,0.019100000000000002,0.0189,0.0198,0.0196,0.019700000000000002,0.0198,0.0198,0.019700000000000002,0.0196,0.0199,0.0198,0.0199,0.020200000000000003,0.0198,0.0196,0.0196,0.0198,0.0198,0.0199,0.02,0.0199,0.0201,0.02,0.0199,0.0199,0.019700000000000002,0.020200000000000003,0.020200000000000003,0.0193,0.0195,0.019700000000000002,0.019700000000000002,0.02,0.020300000000000002,0.02,0.0204,0.020300000000000002,0.0204,0.020300000000000002,0.02,0.020200000000000003,0.0199,0.019700000000000002,0.0195,0.019700000000000002,0.0198,0.0199,0.02,0.02,0.0199,0.0198,0.0198,0.0198,0.0198,0.0198,0.0199,0.0201,0.0199,0.02,0.02,0.02,0.020300000000000002,0.020200000000000003,0.02,0.0199,0.0198,0.0199,0.0199,0.0198,0.0195,0.02,0.02,0.0198,0.0198,0.0199,0.0198,0.02,0.0198,0.02,0.02
,0.0172,0.0199,0.0196,0.019100000000000002,0.02,0.0196,0.0194,0.019100000000000002,0.0195,0.019700000000000002,0.019700000000000002,0.019700000000000002,0.019200000000000002,0.019700000000000002,0.0193,0.0194,0.0195,0.0196,0.0198,0.0195,0.0194,0.0193,0.0195,0.0199,0.0195,0.0198,0.0198,0.0198,0.0199,0.0199,0.0199,0.020200000000000003,0.02,0.0194,0.0195,0.0195,0.0194,0.0195,0.0196,0.0195,0.0198,0.0194,0.0196,0.0195,0.0193,0.0193,0.0195,0.0196,0.0194,0.02,0.0201,0.0198,0.0198,0.019700000000000002,0.0193,0.019100000000000002,0.019,0.019200000000000002,0.0194,0.0196,0.019700000000000002,0.019200000000000002,0.0198,0.0195,0.0196,0.0195,0.0194,0.0195,0.0195,0.0196,0.0196,0.020200000000000003,0.0201,0.0198,0.0201,0.02,0.0198,0.0199,0.02,0.0199,0.0201,0.02,0.0199,0.020300000000000002,0.0199,0.019700000000000002,0.0194,0.0199,0.0198,0.0196,0.0196,0.0199,0.0196,0.0199,0.0196,0.02,0.0198,0.0201,0.0201,0.020200000000000003,0.019700000000000002,0.0195,0.02,0.0199,0.0201,0.02,0.020200000000000003,0.0198,0.0199,0.0199,0.0199,0.0198,0.0199,0.019700000000000002,0.0198,0.0199,0.0199,0.0198,0.0198,0.0199,0.0198,0.0199,0.0201,0.0199,0.0199,0.0198,0.019700000000000002,0.0198,0.0198,0.0198,0.02,0.020200000000000003,0.020200000000000003,0.0201,0.02,0.019700000000000002,0.0199,0.0198,0.02
,0.0172,0.0175,0.0183,0.0184,0.019200000000000002,0.0194,0.020200000000000003,0.019100000000000002,0.0194,0.019700000000000002,0.0195,0.0194,0.0193,0.019700000000000002,0.0193,0.0194,0.0195,0.019700000000000002,0.0194,0.0195,0.0195,0.0193,0.0195,0.0193,0.0199,0.019100000000000002,0.019200000000000002,0.0193,0.0196,0.019700000000000002,0.0196,0.0194,0.0194,0.0194,0.0195,0.0195,0.0194,0.019100000000000002,0.019700000000000002,0.0193,0.0194,0.0196,0.0198,0.0194,0.0196,0.019100000000000002,0.0196,0.0196,0.0195,0.02,0.0201,0.0198,0.020300000000000002,0.0199,0.0195,0.0194,0.0193,0.0194,0.0194,0.0196,0.019700000000000002,0.0198,0.019200000000000002,0.0189,0.0195,0.0193,0.019700000000000002,0.0196,0.0199,0.0198,0.0199,0.0196,0.0201,0.0198,0.0201,0.02,0.0195,0.019100000000000002,0.019200000000000002,0.019200000000000002,0.019200000000000002,0.0193,0.0195,0.0193,0.0195,0.0196,0.0196,0.0196,0.0198,0.0199,0.0199,0.0199,0.0196,0.0199,0.020200000000000003,0.0198,0.0198,0.0199,0.0198,0.0198,0.0201,0.0201,0.02,0.0198,0.02,0.0199,0.0198,0.0199,0.0199,0.0198,0.019700000000000002,0.019700000000000002,0.0198,0.02,0.02,0.0199,0.020200000000000003,0.02,0.0198,0.0194,0.020200000000000003,0.0196,0.0195,0.02,0.0196,0.019700000000000002,0.0198,0.0194,0.0199,0.0199,0.0194,0.0198,0.0199,0.0195,0.019700000000000002,0.019700000000000002,0.0201,0.0199,0.019700000000000002
,0.019100000000000002,0.0175,0.0183,0.018600000000000002,0.02,0.0194,0.020200000000000003,0.0188,0.0194,0.019,0.0196,0.0194,0.0193,0.0194,0.019100000000000002,0.019100000000000002,0.0194,0.019700000000000002,0.0194,0.0195,0.0194,0.0194,0.0195,0.0193,0.0195,0.019100000000000002,0.019200000000000002,0.0193,0.0196,0.019700000000000002,0.0196,0.0194,0.0194,0.0195,0.0195,0.0195,0.0193,0.02,0.0201,0.0204,0.0199,0.020200000000000003,0.020200000000000003,0.0204,0.0198,0.02,0.020300000000000002,0.0199,0.0198,0.0193,0.0193,0.0189,0.0194,0.0195,0.0195,0.0194,0.0193,0.0194,0.0195,0.0199,0.0199,0.0198,0.0196,0.0195,0.019700000000000002,0.0195,0.0195,0.0193,0.0194,0.019700000000000002,0.0193,0.0193,0.0198,0.019700000000000002,0.0196,0.0195,0.0194,0.0196,0.0198,0.0199,0.02,0.0201,0.0196,0.019700000000000002,0.0199,0.0196,0.0196,0.019700000000000002,0.0196,0.0196,0.0194,0.019700000000000002,0.0199,0.0198,0.0196,0.0194,0.019700000000000002,0.019700000000000002,0.019700000000000002,0.0196,0.0196,0.0198,0.0196,0.0198,0.0198,0.0199,0.0201,0.0199,0.0198,0.02,0.02,0.02,0.019700000000000002,0.019700000000000002,0.020200000000000003,0.02,0.0194,0.0199,0.0198,0.0194,0.0199,0.019700000000000002,0.020200000000000003,0.0199,0.020300000000000002,0.0201,0.0196,0.0198,0.02,0.02,0.020200000000000003,0.020200000000000003,0.0198,0.019700000000000002,0.0199,0.0198,0.0196,0.0199,0.019700000000000002
,0.020300000000000002,0.019,0.020200000000000003,0.0184,0.018500000000000003,0.020200000000000003,0.019200000000000002,0.020200000000000003,0.0205,0.019,0.0196,0.0195,0.019100000000000002,0.0194,0.019100000000000002,0.019100000000000002,0.0194,0.0195,0.019200000000000002,0.0195,0.0195,0.0198,0.019700000000000002,0.0193,0.0195,0.0193,0.0194,0.0193,0.0193,0.0194,0.0194,0.0193,0.0195,0.0199,0.019700000000000002,0.0199,0.0204,0.02,0.0201,0.0204,0.0199,0.020200000000000003,0.020200000000000003,0.0204,0.0198,0.02,0.020300000000000002,0.0199,0.0198,0.0196,0.019700000000000002,0.0195,0.019700000000000002,0.0196,0.0199,0.0199,0.019700000000000002,0.0195,0.019700000000000002,0.0195,0.0195,0.0198,0.0196,0.0195,0.019700000000000002,0.0195,0.0196,0.0193,0.0195,0.0194,0.0195,0.0193,0.0198,0.0193,0.019200000000000002,0.0196,0.0195,0.0198,0.019700000000000002,0.0196,0.0194,0.019700000000000002,0.0196,0.019700000000000002,0.0201,0.019700000000000002,0.019700000000000002,0.02,0.0199,0.0196,0.0199,0.0198,0.019700000000000002,0.0199,0.0196,0.0199,0.019700000000000002,0.0196,0.0198,0.019700000000000002,0.0196,0.0198,0.0196,0.0199,0.019700000000000002,0.0196,0.02,0.0196,0.0195,0.02,0.0196,0.0198,0.0198,0.0194,0.02,0.0204,0.019700000000000002,0.02,0.0199,0.020300000000000002,0.0204,0.019700000000000002,0.0198,0.0199,0.0199,0.0198,0.0195,0.019700000000000002,0.0195,0.0193,0.0195,0.0199,0.0201,0.020200000000000003,0.0196,0.0201,0.0201,0.02,0.0195
,0.0166,0.0199,0.020200000000000003,0.019,0.018500000000000003,0.020200000000000003,0.019200000000000002,0.0188,0.0205,0.019700000000000002,0.0193,0.0195,0.019100000000000002,0.0193,0.0194,0.019700000000000002,0.0198,0.0195,0.019200000000000002,0.019700000000000002,0.019700000000000002,0.0194,0.019700000000000002,0.0193,0.0194,0.0199,0.0193,0.0196,0.0196,0.0199,0.0198,0.02,0.02,0.0199,0.019700000000000002,0.0199,0.0204,0.019,0.0195,0.019,0.019100000000000002,0.019200000000000002,0.0194,0.019100000000000002,0.0193,0.019,0.0189,0.019,0.019100000000000002,0.0196,0.019700000000000002,0.0195,0.019700000000000002,0.0196,0.0199,0.0199,0.019700000000000002,0.020200000000000003,0.0195,0.0195,0.0195,0.0198,0.0198,0.02,0.0195,0.019700000000000002,0.0196,0.0193,0.0195,0.0194,0.0195,0.0193,0.0193,0.0194,0.0193,0.019700000000000002,0.0195,0.0198,0.019700000000000002,0.0196,0.019700000000000002,0.0201,0.0196,0.019700000000000002,0.019700000000000002,0.0195,0.0195,0.0196,0.0194,0.0196,0.0193,0.0193,0.0193,0.0195,0.0196,0.0196,0.0199,0.0199,0.0198,0.0196,0.0199,0.0199,0.019700000000000002,0.02,0.0201,0.0199,0.02,0.0199,0.02,0.0195,0.02,0.0198,0.0198,0.0198,0.020200000000000003,0.02,0.019700000000000002,0.019700000000000002,0.0201,0.02,0.0196,0.0199,0.020200000000000003,0.0199,0.0196,0.019700000000000002,0.0199,0.0195,0.0198,0.0198,0.0198,0.0199,0.0201,0.02,0.0198,0.0195,0.0199,0.0201,0.0198
,0.0166,0.0199,0.018600000000000002,0.019,0.0189,0.018500000000000003,0.0189,0.020200000000000003,0.019,0.019700000000000002,0.0193,0.020300000000000002,0.0201,0.0193,0.0194,0.019700000000000002,0.0198,0.0195,0.0194,0.0195,0.0196,0.0195,0.019100000000000002,0.019100000000000002,0.0194,0.0199,0.0193,0.0196,0.0196,0.0198,0.0198,0.02,0.02,0.0194,0.019200000000000002,0.019200000000000002,0.019100000000000002,0.0195,0.019,0.0194,0.0194,0.0195,0.019,0.0194,0.0196,0.0195,0.0195,0.0193,0.0193,0.0196,0.0194,0.0198,0.0193,0.0194,0.0196,0.0195,0.0198,0.0195,0.0199,0.0199,0.019700000000000002,0.0201,0.0199,0.019700000000000002,0.0199,0.020200000000000003,0.0198,0.0198,0.0198,0.02,0.0198,0.0196,0.0193,0.0194,0.0193,0.019700000000000002,0.0198,0.019700000000000002,0.019700000000000002,0.0199,0.0194,0.019700000000000002,0.0196,0.019700000000000002,0.019700000000000002,0.0195,0.0195,0.0196,0.0194,0.0196,0.0193,0.0193,0.0193,0.0195,0.0196,0.0196,0.0199,0.0199,0.0198,0.0201,0.0201,0.0198,0.0198,0.0198,0.0198,0.0198,0.0198,0.0196,0.0195,0.02,0.02,0.0199,0.0196,0.0195,0.0198,0.0201,0.019700000000000002,0.019700000000000002,0.019700000000000002,0.019700000000000002,0.0196,0.02,0.0201,0.020200000000000003,0.020300000000000002,0.020200000000000003,0.0201,0.0201,0.02,0.019700000000000002,0.0198,0.0199,0.02,0.02,0.020300000000000002,0.020200000000000003,0.0204,0.0198,0.0199
,0.0187,0.019100000000000002,0.018600000000000002,0.0206,0.0184,0.018500000000000003,0.019200000000000002,0.019200000000000002,0.019,0.0194,0.019700000000000002,0.020300000000000002,0.0201,0.0196,0.020200000000000003,0.02,0.0188,0.0195,0.0194,0.0195,0.0193,0.0196,0.0196,0.0196,0.0194,0.02,0.0199,0.02,0.02,0.0199,0.0198,0.02,0.02,0.019700000000000002,0.020300000000000002,0.019200000000000002,0.0194,0.0195,0.019,0.0194,0.0194,0.0195,0.019,0.0194,0.0196,0.0195,0.0195,0.0193,0.0193,0.0196,0.0194,0.0198,0.0193,0.0194,0.0194,0.019100000000000002,0.0193,0.0194,0.0194,0.0194,0.0193,0.0198,0.02,0.0196,0.0198,0.0199,0.020200000000000003,0.0201,0.0199,0.020200000000000003,0.0198,0.0198,0.02,0.019700000000000002,0.019700000000000002,0.0198,0.0199,0.020300000000000002,0.0201,0.02,0.0196,0.0201,0.0204,0.0201,0.0199,0.019700000000000002,0.0199,0.0198,0.0199,0.0196,0.0199,0.0199,0.0199,0.0199,0.0198,0.020200000000000003,0.0201,0.0198,0.0198,0.0196,0.0199,0.0199,0.019700000000000002,0.0198,0.0198,0.0198,0.0198,0.0196,0.0195,0.0194,0.0194,0.0195,0.0196,0.0195,0.0198,0.0198,0.019700000000000002,0.019700000000000002,0.019700000000000002,0.019700000000000002,0.0196,0.019700000000000002,0.0198,0.0199,0.0199,0.0196,0.019700000000000002,0.019700000000000002,0.02,0.0198,0.0199,0.0199,0.0199,0.0199,0.0201,0.02,0.019700000000000002,0.019700000000000002,0.0195
,0.0187,0.018500000000000003,0.019,0.02,0.0184,0.0188,0.019200000000000002,0.019200000000000002,0.019100000000000002,0.0194,0.019700000000000002,0.019100000000000002,0.0194,0.0196,0.020200000000000003,0.0187,0.0198,0.0189,0.0194,0.0195,0.0196,0.0196,0.0196,0.0196,0.019700000000000002,0.02,0.0199,0.02,0.0198,0.0198,0.0198,0.0194,0.0198,0.0199,0.0195,0.019200000000000002,0.0194,0.0201,0.0199,0.0199,0.0199,0.019700000000000002,0.019700000000000002,0.0199,0.0201,0.020300000000000002,0.0199,0.019700000000000002,0.0199,0.0201,0.0199,0.0201,0.020200000000000003,0.0198,0.0206,0.019700000000000002,0.02,0.0194,0.020300000000000002,0.0196,0.0201,0.0198,0.0199,0.019700000000000002,0.0198,0.020200000000000003,0.0199,0.02,0.0198,0.0195,0.0194,0.019700000000000002,0.0199,0.0204,0.0199,0.019700000000000002,0.0199,0.0198,0.0196,0.0199,0.0198,0.020300000000000002,0.0201,0.0201,0.019700000000000002,0.019700000000000002,0.0199,0.02,0.0201,0.0199,0.020300000000000002,0.0199,0.0201,0.0196,0.019700000000000002,0.0198,0.0199,0.02,0.0204,0.020300000000000002,0.02,0.0201,0.02,0.02,0.02,0.019700000000000002,0.0196,0.0199,0.019700000000000002,0.02,0.02,0.0199,0.0199,0.0201,0.0201,0.0198,0.02,0.02,0.019700000000000002,0.0198,0.0198,0.02,0.0201,0.020200000000000003,0.020300000000000002,0.020200000000000003,0.0201,0.0201,0.02,0.019700000000000002,0.0198,0.0199,0.02,0.02,0.0199,0.0198,0.019700000000000002,0.019700000000000002,0.0195
,0.024200000000000003,0.018500000000000003,0.019200000000000002,0.0189,0.020900000000000002,0.0189,0.0211,0.0189,0.021,0.018500000000000003,0.0193,0.019100000000000002,0.0194,0.0194,0.0193,0.02,0.020200000000000003,0.02,0.019100000000000002,0.0201,0.0196,0.0195,0.019200000000000002,0.020200000000000003,0.019700000000000002,0.020300000000000002,0.0204,0.0201,0.02,0.020300000000000002,0.020200000000000003,0.02,0.0189,0.019700000000000002,0.020300000000000002,0.020300000000000002,0.0201,0.0201,0.0199,0.0199,0.0199,0.0198,0.0198,0.0199,0.0199,0.0198,0.0199,0.019700000000000002,0.0199,0.0201,0.0196,0.0201,0.019700000000000002,0.0195,0.0206,0.020200000000000003,0.0205,0.02,0.0199,0.0201,0.0201,0.02,0.019700000000000002,0.0196,0.019700000000000002,0.0196,0.020200000000000003,0.02,0.0198,0.0195,0.0194,0.019700000000000002,0.02,0.020200000000000003,0.0199,0.0199,0.0199,0.0198,0.0196,0.0199,0.0198,0.020300000000000002,0.0201,0.0201,0.019700000000000002,0.019700000000000002,0.0199,0.02,0.0201,0.0199,0.020300000000000002,0.0199,0.0201,0.0196,0.019700000000000002,0.0198,0.0199,0.02,0.0204,0.020300000000000002,0.02,0.0201,0.02,0.02,0.02,0.019700000000000002,0.0196,0.0199,0.019700000000000002,0.0194,0.0194,0.0195,0.0199,0.0201,0.0201,0.0199,0.02,0.02,0.019700000000000002,0.0198,0.0198,0.019700000000000002,0.0198,0.0199,0.0199,0.0196,0.019700000000000002,0.019700000000000002,0.02,0.0198,0.0199,0.0199,0.0199,0.0199,0.0201,0.02,0.0199,0.02,0.0198
,0.024200000000000003,0.019,0.0194,0.0193,0.0201,0.0189,0.0201,0.020900000000000002,0.02,0.020800000000000003,0.0193,0.019200000000000002,0.019,0.0187,0.0188,0.0194,0.020200000000000003,0.0194,0.0194,0.0201,0.0201,0.0196,0.020200000000000003,0.020200000000000003,0.02,0.020300000000000002,0.0204,0.0201,0.0198,0.020300000000000002,0.020200000000000003,0.0194,0.02,0.0199,0.0195,0.020300000000000002,0.0201,0.0194,0.0198,0.0198,0.0195,0.019700000000000002,0.019700000000000002,0.019700000000000002,0.0201,0.020300000000000002,0.0199,0.0198,0.0204,0.0195,0.0199,0.0195,0.0195,0.0199,0.0199,0.020200000000000003,0.0205,0.0199,0.020300000000000002,0.0201,0.0201,0.0201,0.0198,0.020200000000000003,0.020200000000000003,0.0199,0.0194,0.0195,0.02,0.0199,0.020200000000000003,0.0201,0.02,0.020200000000000003,0.0199,0.0199,0.0201,0.0199,0.0201,0.0201,0.020200000000000003,0.0201,0.0198,0.0198,0.019700000000000002,0.02,0.0199,0.02,0.0201,0.0199,0.0198,0.020300000000000002,0.0204,0.020300000000000002,0.0199,0.0199,0.02,0.0198,0.020200000000000003,0.02,0.019700000000000002,0.0199,0.0201,0.020200000000000003,0.02,0.0199,0.020200000000000003,0.02,0.0199,0.0201,0.0196,0.019700000000000002,0.0201,0.0199,0.02,0.0199,0.02,0.02,0.02,0.0201,0.0196,0.019700000000000002,0.0201,0.0199,0.0199,0.02,0.0198,0.02,0.02,0.0201,0.02,0.0195,0.02,0.020200000000000003,0.0199,0.0198,0.0199,0.02,0.0198
,0.0177,0.019,0.0194,0.019200000000000002,0.019100000000000002,0.0211,0.0199,0.02,0.0194,0.02,0.0193,0.0196,0.02,0.0194,0.0193,0.0194,0.019100000000000002,0.019700000000000002,0.0199,0.019100000000000002,0.0196,0.0195,0.019200000000000002,0.0193,0.02,0.0196,0.0194,0.0195,0.0193,0.019200000000000002,0.0194,0.019100000000000002,0.0198,0.019100000000000002,0.0196,0.0195,0.0196,0.0194,0.0198,0.0198,0.0195,0.0198,0.0198,0.019700000000000002,0.0199,0.0198,0.0199,0.0198,0.0204,0.019700000000000002,0.019700000000000002,0.0193,0.020200000000000003,0.0199,0.0199,0.0198,0.02,0.02,0.020200000000000003,0.020200000000000003,0.0198,0.0201,0.0201,0.02,0.020300000000000002,0.019700000000000002,0.020300000000000002,0.020300000000000002,0.019700000000000002,0.019700000000000002,0.019700000000000002,0.019700000000000002,0.0204,0.020200000000000003,0.0199,0.02,0.019700000000000002,0.0198,0.0194,0.019700000000000002,0.0194,0.0196,0.0198,0.0198,0.02,0.0196,0.0194,0.0194,0.0195,0.0198,0.0201,0.0199,0.02,0.0201,0.0199,0.02,0.020300000000000002,0.0205,0.020200000000000003,0.0201,0.02,0.02,0.0201,0.0204,0.0201,0.0201,0.0198,0.019700000000000002,0.02,0.0201,0.0199,0.02,0.019700000000000002,0.0196,0.0196,0.0199,0.0199,0.0199,0.02,0.0199,0.02,0.0199,0.0201,0.020200000000000003,0.0204,0.020300000000000002,0.02,0.02,0.0199,0.019700000000000002,0.019700000000000002,0.0199,0.02,0.020300000000000002,0.0199,0.0198,0.02,0.0198,0.02
,0.0177,0.019100000000000002,0.0198,0.019200000000000002,0.0195,0.0201,0.019200000000000002,0.0201,0.019100000000000002,0.0198,0.0199,0.020800000000000003,0.0211,0.0199,0.0198,0.0195,0.019100000000000002,0.0194,0.0194,0.019100000000000002,0.0201,0.0196,0.020200000000000003,0.0193,0.0193,0.0196,0.0194,0.0195,0.0193,0.0187,0.0193,0.019200000000000002,0.0193,0.019100000000000002,0.0196,0.0195,0.0196,0.019200000000000002,0.019200000000000002,0.019,0.019200000000000002,0.0195,0.0196,0.019700000000000002,0.0196,0.0195,0.0193,0.0195,0.0196,0.019700000000000002,0.0196,0.019700000000000002,0.0195,0.02,0.0204,0.020200000000000003,0.0206,0.020300000000000002,0.02,0.019700000000000002,0.0199,0.02,0.0201,0.02,0.020300000000000002,0.019700000000000002,0.020200000000000003,0.020200000000000003,0.020300000000000002,0.0204,0.02,0.0201,0.0194,0.0194,0.0194,0.0199,0.020300000000000002,0.0201,0.02,0.020300000000000002,0.019700000000000002,0.020200000000000003,0.02,0.0199,0.020200000000000003,0.0205,0.0199,0.0199,0.0196,0.0196,0.0198,0.019700000000000002,0.02,0.0195,0.0196,0.02,0.020300000000000002,0.0205,0.020200000000000003,0.0201,0.02,0.02,0.0201,0.0204,0.0201,0.0201,0.0198,0.019700000000000002,0.02,0.0201,0.0199,0.02,0.019700000000000002,0.0196,0.0196,0.02,0.0199,0.0199,0.02,0.0199,0.02,0.0199,0.0201,0.020200000000000003,0.0204,0.020300000000000002,0.02,0.02,0.0199,0.019700000000000002,0.019700000000000002,0.0199,0.02,0.020300000000000002,0.020200000000000003,0.0201,0.0051,0.005200000000000001,0.0054
,0.0188,0.0184,0.0189,0.020200000000000003,0.0188,0.02,0.019100000000000002,0.019200000000000002,0.019200000000000002,0.0189,0.020900000000000002,0.02,0.02,0.020800000000000003,0.0207,0.0189,0.019100000000000002,0.019700000000000002,0.0199,0.0187,0.019100000000000002,0.019200000000000002,0.019,0.019200000000000002,0.0193,0.0194,0.019,0.019200000000000002,0.019200000000000002,0.019200000000000002,0.0194,0.019200000000000002,0.0193,0.0194,0.0194,0.019100000000000002,0.0193,0.0199,0.0199,0.0199,0.0195,0.0194,0.0194,0.019700000000000002,0.019700000000000002,0.02,0.0196,0.0194,0.0196,0.0199,0.0198,0.0199,0.0194,0.0201,0.0199,0.0198,0.0198,0.0199,0.0196,0.0199,0.02,0.0201,0.0204,0.020300000000000002,0.0201,0.02,0.020200000000000003,0.020200000000000003,0.020300000000000002,0.0204,0.02,0.0201,0.020200000000000003,0.019700000000000002,0.0199,0.020200000000000003,0.020300000000000002,0.020200000000000003,0.02,0.02,0.019700000000000002,0.020200000000000003,0.0198,0.0194,0.020200000000000003,0.0205,0.019700000000000002,0.0195,0.02,0.0198,0.0201,0.0199,0.0194,0.0201,0.0199,0.0196,0.019700000000000002,0.0198,0.0198,0.0199,0.02,0.0199,0.0198,0.0199,0.02,0.02,0.02,0.02,0.02,0.0199,0.0198,0.0199,0.0198,0.019700000000000002,0.019700000000000002,0.02,0.0198,0.0198,0.0199,0.0198,0.02,0.02,0.0198,0.0198,0.0196,0.019700000000000002,0.019700000000000002,0.02,0.0199,0.0195,0.0196,0.019700000000000002,0.019700000000000002,0.0199,0.020200000000000003,0.0201,0.0201,0.02,0.0199
,0.0188,0.0184,0.0193,0.0194,0.0195,0.019,0.019100000000000002,0.019100000000000002,0.019,0.0193,0.02,0.0188,0.019,0.02,0.0199,0.021,0.0207,0.0189,0.019,0.020300000000000002,0.02,0.0196,0.0194,0.0194,0.019,0.019200000000000002,0.0193,0.019200000000000002,0.0194,0.0193,0.019200000000000002,0.019200000000000002,0.0194,0.0128,0.012400000000000001,0.011600000000000001,0.011000000000000001,0.0105,0.010100000000000001,0.0195,0.0198,0.0195,0.019700000000000002,0.019700000000000002,0.0195,0.0194,0.0199,0.0196,0.0194,0.0204,0.020300000000000002,0.020800000000000003,0.0201,0.020200000000000003,0.0195,0.0194,0.019200000000000002,0.0196,0.0201,0.0198,0.0196,0.0198,0.020300000000000002,0.0199,0.019700000000000002,0.0195,0.02,0.0201,0.0199,0.0199,0.0204,0.0196,0.020200000000000003,0.019700000000000002,0.0199,0.020200000000000003,0.02,0.0201,0.0198,0.019700000000000002,0.02,0.0196,0.02,0.0199,0.0194,0.0196,0.0199,0.0199,0.0196,0.02,0.0199,0.0198,0.019700000000000002,0.0199,0.0195,0.0195,0.0196,0.0194,0.0195,0.0195,0.0195,0.0195,0.0194,0.0194,0.0195,0.0196,0.02,0.020300000000000002,0.0204,0.020200000000000003,0.020200000000000003,0.020300000000000002,0.020300000000000002,0.0204,0.020200000000000003,0.019700000000000002,0.02,0.019700000000000002,0.0198,0.02,0.0201,0.020200000000000003,0.020200000000000003,0.020200000000000003,0.0201,0.0201,0.0201,0.020200000000000003,0.020200000000000003,0.02,0.019700000000000002,0.0198,0.0198,0.0198,0.0199,0.019700000000000002,0.0201,0.02,0.0199
,0.019100000000000002,0.0201,0.018000000000000002,0.0182,0.019700000000000002,0.019200000000000002,0.0193,0.019,0.019,0.019100000000000002,0.019200000000000002,0.0193,0.0194,0.0189,0.019,0.0201,0.0198,0.0205,0.0207,0.0201,0.019200000000000002,0.019200000000000002,0.0193,0.018600000000000002,0.0194,0.0176,0.0172,0.016300000000000002,0.0162,0.0149,0.015000000000000001,0.013800000000000002,0.0135,0.0199,0.020300000000000002,0.0196,0.0194,0.0195,0.0199,0.009000000000000001,0.008700000000000001,0.0083,0.0076,0.007200000000000001,0.019700000000000002,0.0193,0.0198,0.019700000000000002,0.0198,0.0195,0.0194,0.02,0.02,0.020200000000000003,0.02,0.02,0.020200000000000003,0.02,0.0201,0.0198,0.02,0.02,0.0196,0.0198,0.0206,0.020300000000000002,0.0196,0.0195,0.0194,0.0199,0.0204,0.0195,0.020300000000000002,0.0201,0.0198,0.02,0.02,0.020200000000000003,0.02,0.020300000000000002,0.0199,0.0199,0.0201,0.0205,0.0204,0.0204,0.0201,0.02,0.02,0.020200000000000003,0.020300000000000002,0.020200000000000003,0.020200000000000003,0.0199,0.0198,0.0198,0.0198,0.0201,0.020300000000000002,0.020200000000000003,0.0201,0.020300000000000002,0.02,0.0198,0.0198,0.0199,0.0195,0.0194,0.0195,0.019700000000000002,0.0199,0.0199,0.019700000000000002,0.0204,0.020200000000000003,0.020200000000000003,0.02,0.019700000000000002,0.0198,0.02,0.0201,0.020200000000000003,0.020200000000000003,0.020200000000000003,0.0201,0.0201,0.0201,0.020200000000000003,0.020200000000000003,0.02,0.019700000000000002,0.0198,0.0198,0.0198,0.02,0.0201,0.0199,0.0198,0.0199
,0.0188,0.019,0.018000000000000002,0.0182,0.019200000000000002,0.019200000000000002,0.0187,0.019100000000000002,0.0189,0.019100000000000002,0.0193,0.0189,0.019100000000000002,0.019100000000000002,0.019200000000000002,0.019100000000000002,0.019200000000000002,0.0198,0.0201,0.019100000000000002,0.0198,0.0201,0.0201,0.0201,0.0182,0.020200000000000003,0.020300000000000002,0.0201,0.0207,0.0196,0.0206,0.02,0.020300000000000002,0.019100000000000002,0.019200000000000002,0.020200000000000003,0.0201,0.0205,0.0207,0.0199,0.020300000000000002,0.0204,0.020300000000000002,0.0193,0.0067,0.0061,0.0205,0.0053,0.020200000000000003,0.0201,0.0199,0.0201,0.0199,0.0199,0.02,0.02,0.0198,0.0198,0.020200000000000003,0.0201,0.0199,0.02,0.019700000000000002,0.0198,0.0201,0.02,0.02,0.0201,0.0199,0.019200000000000002,0.0194,0.0196,0.020300000000000002,0.0201,0.0199,0.0198,0.019700000000000002,0.019700000000000002,0.02,0.02,0.02,0.0199,0.0201,0.0205,0.0204,0.0204,0.0201,0.02,0.0199,0.0201,0.0198,0.0199,0.0198,0.0194,0.0198,0.0198,0.0198,0.0201,0.020300000000000002,0.020200000000000003,0.0201,0.020300000000000002,0.02,0.0198,0.0198,0.0199,0.02,0.020300000000000002,0.0204,0.020200000000000003,0.020200000000000003,0.020300000000000002,0.020300000000000002,0.0198,0.0198,0.020200000000000003,0.019700000000000002,0.0194,0.0195,0.0195,0.0196,0.0198,0.0201,0.020200000000000003,0.0198,0.0199,0.0198,0.019700000000000002,0.0196,0.0195,0.0195,0.0195,0.0196,0.0198,0.02,0.0201,0.02,0.02,0.0198
,0.0187,0.0193,0.0196,0.019,0.0184,0.018600000000000002,0.02,0.0189,0.0198,0.0193,0.019200000000000002,0.0189,0.019100000000000002,0.0188,0.0188,0.0188,0.0189,0.019200000000000002,0.019200000000000002,0.0189,0.0189,0.019200000000000002,0.019200000000000002,0.019200000000000002,0.02,0.0189,0.019200000000000002,0.0195,0.019100000000000002,0.019200000000000002,0.0193,0.0196,0.0194,0.0195,0.0195,0.0196,0.0195,0.0196,0.019700000000000002,0.0196,0.019700000000000002,0.0195,0.0195,0.020300000000000002,0.0205,0.0198,0.0056,0.020200000000000003,0.0198,0.0201,0.0199,0.0196,0.019200000000000002,0.0195,0.019700000000000002,0.0195,0.020200000000000003,0.02,0.020200000000000003,0.0201,0.0199,0.0199,0.020300000000000002,0.0199,0.0199,0.0198,0.0201,0.0201,0.0205,0.0201,0.0201,0.0199,0.0195,0.0195,0.0198,0.02,0.0199,0.0196,0.0198,0.020200000000000003,0.0199,0.0195,0.019700000000000002,0.020300000000000002,0.019700000000000002,0.0199,0.0196,0.0198,0.02,0.020200000000000003,0.020300000000000002,0.020200000000000003,0.020200000000000003,0.0199,0.020200000000000003,0.020200000000000003,0.020200000000000003,0.020200000000000003,0.020200000000000003,0.0201,0.020300000000000002,0.020300000000000002,0.020200000000000003,0.02,0.0201,0.0201,0.02,0.020300000000000002,0.0204,0.0205,0.0205,0.020300000000000002,0.020300000000000002,0.020300000000000002,0.0204,0.0199,0.0205,0.0205,0.0205,0.0204,0.020300000000000002,0.020300000000000002,0.020300000000000002,0.020300000000000002,0.0204,0.0205,0.0206,0.020300000000000002,0.020300000000000002,0.020200000000000003,0.020200000000000003,0.02,0.02,0.02,0.0199,0.020200000000000003,0.02,0.02,0.0198
,0.0173,0.0194,0.0196,0.0199,0.0189,0.0195,0.0187,0.0195,0.0188,0.019700000000000002,0.019200000000000002,0.019200000000000002,0.019,0.0188,0.0188,0.0188,0.0189,0.019,0.019,0.0189,0.0189,0.019200000000000002,0.019200000000000002,0.019200000000000002,0.0193,0.0189,0.019200000000000002,0.0195,0.0196,0.0196,0.019700000000000002,0.019200000000000002,0.0194,0.0193,0.0195,0.0193,0.019200000000000002,0.0195,0.0199,0.0196,0.019700000000000002,0.0199,0.0196,0.0198,0.019700000000000002,0.0199,0.0198,0.0198,0.0199,0.019700000000000002,0.0199,0.0201,0.0199,0.0199,0.019700000000000002,0.0195,0.0198,0.0198,0.0201,0.019700000000000002,0.019700000000000002,0.0199,0.0196,0.020300000000000002,0.02,0.020200000000000003,0.0196,0.0199,0.019700000000000002,0.020200000000000003,0.020200000000000003,0.020300000000000002,0.0196,0.0201,0.02,0.0201,0.0199,0.0196,0.0198,0.020200000000000003,0.0199,0.0195,0.019700000000000002,0.020300000000000002,0.019700000000000002,0.0199,0.0196,0.0198,0.0199,0.0201,0.0198,0.0199,0.0198,0.0194,0.020200000000000003,0.020200000000000003,0.020200000000000003,0.020200000000000003,0.020200000000000003,0.0201,0.020300000000000002,0.020300000000000002,0.020200000000000003,0.02,0.0201,0.0201,0.02,0.020300000000000002,0.0204,0.0205,0.0205,0.020300000000000002,0.020300000000000002,0.020300000000000002,0.0204,0.020300000000000002,0.0205,0.0205,0.0205,0.0204,0.020300000000000002,0.020300000000000002,0.020300000000000002,0.020300000000000002,0.0204,0.0205,0.0206,0.020300000000000002,0.020300000000000002,0.020200000000000003,0.020200000000000003,0.02,0.02,0.02,0.02,0.02,0.020200000000000003,0.0201,0.02
,0.023,0.0195,0.0195,0.0193,0.02,0.0184,0.013600000000000001,0.018600000000000002,0.0068000000000000005,0.0188,0.0189,0.0199,0.0196,0.019200000000000002,0.0195,0.019200000000000002,0.019200000000000002,0.019,0.019,0.0195,0.0189,0.019100000000000002,0.0195,0.0194,0.0193,0.019700000000000002,0.0195,0.019700000000000002,0.019100000000000002,0.019200000000000002,0.019700000000000002,0.0194,0.0194,0.0193,0.0195,0.0194,0.0193,0.0196,0.0195,0.019700000000000002,0.0199,0.02,0.0201,0.0194,0.0198,0.0195,0.0201,0.0198,0.0199,0.02,0.019700000000000002,0.0199,0.0199,0.019700000000000002,0.020200000000000003,0.019700000000000002,0.0195,0.0196,0.0205,0.020200000000000003,0.02,0.0198,0.0196,0.020300000000000002,0.02,0.020200000000000003,0.0198,0.019700000000000002,0.019700000000000002,0.0201,0.0201,0.0199,0.020200000000000003,0.0201,0.02,0.0201,0.02,0.020200000000000003,0.0201,0.0204,0.0199,0.0201,0.0204,0.0204,0.020300000000000002,0.0204,0.02,0.020200000000000003,0.0201,0.0204,0.0201,0.020200000000000003,0.020200000000000003,0.0198,0.02,0.0201,0.020300000000000002,0.019700000000000002,0.0198,0.02,0.0198,0.0198,0.0198,0.0198,0.0199,0.02,0.020300000000000002,0.0199,0.02,0.0199,0.0198,0.0198,0.0198,0.0198,0.0198,0.020300000000000002,0.0199,0.0198,0.0198,0.019700000000000002,0.019700000000000002,0.0196,0.0198,0.019700000000000002,0.019700000000000002,0.0199,0.02,0.020200000000000003,0.0201,0.0199,0.02,0.02,0.0199,0.0198,0.02,0.02,0.02,0.02,0.02
,0.0173,0.0188,0.018600000000000002,0.0195,0.0196,0.0198,0.0196,0.01,0.0193,0.0188,0.0198,0.0193,0.0195,0.02,0.0199,0.0194,0.0193,0.0194,0.0194,0.019,0.0194,0.0194,0.0196,0.0193,0.0195,0.0194,0.0198,0.019200000000000002,0.0194,0.0199,0.019200000000000002,0.019200000000000002,0.0194,0.0195,0.0196,0.0193,0.0193,0.0195,0.0195,0.019700000000000002,0.0199,0.02,0.0201,0.0194,0.0198,0.0195,0.0201,0.0198,0.0195,0.019700000000000002,0.019700000000000002,0.0199,0.0199,0.019700000000000002,0.0201,0.020300000000000002,0.02,0.020200000000000003,0.0194,0.0193,0.019700000000000002,0.0204,0.0198,0.0198,0.02,0.0199,0.0198,0.019700000000000002,0.019700000000000002,0.0198,0.02,0.0199,0.0196,0.0198,0.02,0.020300000000000002,0.0199,0.0198,0.0195,0.02,0.020200000000000003,0.019700000000000002,0.0198,0.0199,0.0198,0.0199,0.0199,0.0198,0.019700000000000002,0.0199,0.0204,0.0196,0.0199,0.0199,0.0199,0.0196,0.0198,0.020200000000000003,0.0196,0.019700000000000002,0.02,0.0198,0.0198,0.02,0.02,0.02,0.0196,0.0201,0.0204,0.019700000000000002,0.020200000000000003,0.020200000000000003,0.0204,0.0199,0.019700000000000002,0.0198,0.0198,0.0199,0.02,0.0198,0.0196,0.0198,0.02,0.02,0.019700000000000002,0.02,0.02,0.0199,0.0196,0.0198,0.019700000000000002,0.0198,0.020200000000000003,0.0199,0.0201,0.020200000000000003,0.02,0.02,0.02
,0.0176,0.0177,0.018600000000000002,0.018600000000000002,0.0201,0.0166,0.0198,0.018600000000000002,0.0196,0.0196,0.0188,0.019200000000000002,0.019200000000000002,0.0196,0.0189,0.0196,0.0199,0.019700000000000002,0.019100000000000002,0.0201,0.020300000000000002,0.020200000000000003,0.020200000000000003,0.020200000000000003,0.019,0.019700000000000002,0.0195,0.02,0.0199,0.0198,0.0205,0.0193,0.019700000000000002,0.0199,0.020200000000000003,0.0199,0.0198,0.0195,0.0195,0.019700000000000002,0.0195,0.0198,0.0194,0.0199,0.0195,0.0194,0.019700000000000002,0.019700000000000002,0.019700000000000002,0.019700000000000002,0.019700000000000002,0.019700000000000002,0.0201,0.0199,0.019700000000000002,0.019700000000000002,0.0195,0.0195,0.0195,0.0195,0.019700000000000002,0.019200000000000002,0.020200000000000003,0.02,0.0199,0.0201,0.0195,0.02,0.020200000000000003,0.02,0.019700000000000002,0.0198,0.0198,0.0198,0.02,0.0195,0.019700000000000002,0.02,0.0199,0.0199,0.019700000000000002,0.019700000000000002,0.0201,0.0199,0.0198,0.0198,0.019700000000000002,0.0201,0.02,0.0198,0.019700000000000002,0.0201,0.02,0.02,0.0201,0.0199,0.019700000000000002,0.019700000000000002,0.0199,0.0199,0.020200000000000003,0.020200000000000003,0.0198,0.0199,0.0199,0.0198,0.02,0.0196,0.0198,0.02,0.0196,0.0198,0.0198,0.0199,0.019700000000000002,0.0198,0.0198,0.0199,0.02,0.0198,0.0196,0.0198,0.02,0.02,0.020200000000000003,0.020200000000000003,0.020200000000000003,0.0198,0.0195,0.0196,0.0198,0.019700000000000002,0.0198,0.0198,0.0198,0.019700000000000002,0.0201,0.02,0.02
,0.0176,0.0188,0.0189,0.018600000000000002,0.0193,0.018600000000000002,0.0194,0.0196,0.0194,0.019200000000000002,0.019100000000000002,0.0194,0.0199,0.019100000000000002,0.0193,0.0189,0.0194,0.0199,0.02,0.0195,0.0193,0.019700000000000002,0.0193,0.0195,0.0199,0.0195,0.0194,0.019100000000000002,0.0194,0.0198,0.0194,0.0201,0.0201,0.019700000000000002,0.019700000000000002,0.0194,0.0196,0.019100000000000002,0.0195,0.0198,0.019200000000000002,0.019200000000000002,0.0195,0.0198,0.0199,0.0201,0.0198,0.0201,0.0196,0.0193,0.0195,0.0196,0.0195,0.0198,0.0194,0.0196,0.0198,0.0195,0.0198,0.0196,0.019700000000000002,0.0196,0.0195,0.0196,0.019200000000000002,0.02,0.0199,0.0198,0.0196,0.0201,0.0201,0.02,0.0198,0.0199,0.0198,0.0196,0.020300000000000002,0.0201,0.019700000000000002,0.019700000000000002,0.0201,0.02,0.0199,0.0201,0.02,0.02,0.019700000000000002,0.02,0.020200000000000003,0.02,0.0199,0.0195,0.0198,0.0201,0.019700000000000002,0.0195,0.0196,0.0199,0.0196,0.0195,0.019700000000000002,0.0198,0.0198,0.0199,0.0199,0.0198,0.02,0.0196,0.0198,0.02,0.020200000000000003,0.020200000000000003,0.0204,0.0199,0.0199,0.0198,0.0199,0.0198,0.02,0.02,0.0199,0.02,0.0201,0.0201,0.019700000000000002,0.02,0.02,0.020300000000000002,0.0201,0.0198,0.0198,0.0198,0.020200000000000003,0.02,0.0199,0.0198,0.0195,0.0196,0.0199
,0.0053,0.0177,0.0189,0.0198,0.0187,0.0196,0.019100000000000002,0.019200000000000002,0.019200000000000002,0.0193,0.0198,0.019700000000000002,0.019700000000000002,0.0198,0.019700000000000002,0.0198,0.0196,0.0194,0.019,0.0196,0.019700000000000002,0.0194,0.0195,0.019700000000000002,0.0189,0.0198,0.0198,0.0198,0.0193,0.019700000000000002,0.019700000000000002,0.0199,0.0198,0.0196,0.0195,0.0194,0.0193,0.0194,0.0196,0.019700000000000002,0.0195,0.0198,0.0194,0.0194,0.0194,0.0198,0.019700000000000002,0.019700000000000002,0.0196,0.019700000000000002,0.02,0.0196,0.02,0.0193,0.0194,0.020200000000000003,0.020300000000000002,0.0195,0.020300000000000002,0.02,0.0193,0.0196,0.019700000000000002,0.0199,0.0199,0.019700000000000002,0.0195,0.0195,0.019700000000000002,0.0194,0.0196,0.0193,0.019700000000000002,0.0198,0.02,0.020300000000000002,0.019700000000000002,0.0198,0.019700000000000002,0.020200000000000003,0.0196,0.019700000000000002,0.0199,0.019700000000000002,0.0198,0.0201,0.0199,0.0195,0.0198,0.020200000000000003,0.0201,0.019700000000000002,0.0193,0.0198,0.02,0.0201,0.02,0.0198,0.019700000000000002,0.0199,0.0201,0.0198,0.019700000000000002,0.0198,0.0201,0.0201,0.0199,0.0199,0.0199,0.02,0.0201,0.020200000000000003,0.020200000000000003,0.0201,0.02,0.02,0.0199,0.0199,0.0196,0.02,0.0201,0.0199,0.02,0.0195,0.0196,0.02,0.0198,0.0199,0.0196,0.0198,0.0198,0.019700000000000002,0.0198,0.0198,0.019700000000000002,0.0198,0.0201,0.0201,0.0198
,0.0053,0.0196,0.019200000000000002,0.019700000000000002,0.0187,0.0196,0.019100000000000002,0.0195,0.0194,0.019200000000000002,0.019700000000000002,0.0198,0.020300000000000002,0.019700000000000002,0.0201,0.0198,0.02,0.0194,0.0198,0.02,0.0198,0.0198,0.0199,0.019700000000000002,0.0196,0.0195,0.0198,0.019200000000000002,0.0196,0.019700000000000002,0.0195,0.0194,0.0194,0.0195,0.0195,0.0196,0.019700000000000002,0.0196,0.0196,0.0194,0.0199,0.0195,0.0195,0.0195,0.0194,0.0198,0.019700000000000002,0.019700000000000002,0.0195,0.019200000000000002,0.0196,0.0196,0.019700000000000002,0.0198,0.02,0.0196,0.0198,0.02,0.0195,0.0195,0.02,0.02,0.019700000000000002,0.0199,0.0199,0.019700000000000002,0.0198,0.019700000000000002,0.0195,0.0201,0.0198,0.019700000000000002,0.0199,0.019700000000000002,0.019200000000000002,0.0196,0.0196,0.0196,0.019700000000000002,0.020200000000000003,0.0196,0.019700000000000002,0.0199,0.019700000000000002,0.0198,0.0201,0.0199,0.0195,0.0198,0.020200000000000003,0.0201,0.019700000000000002,0.0193,0.0198,0.02,0.0201,0.02,0.0199,0.0196,0.0195,0.019700000000000002,0.0198,0.0198,0.0196,0.0198,0.0198,0.0199,0.0199,0.02,0.0198,0.019700000000000002,0.0195,0.019700000000000002,0.0199,0.0199,0.02,0.0198,0.0201,0.0199,0.0198,0.0196,0.02,0.0199,0.02,0.0199,0.0198,0.019700000000000002,0.0199,0.020200000000000003,0.019700000000000002,0.02,0.02,0.02,0.02,0.0199,0.0198,0.0195,0.0193,0.0196
,0.0195,0.0175,0.0193,0.0193,0.0205,0.019100000000000002,0.0204,0.019200000000000002,0.0201,0.0201,0.0195,0.019200000000000002,0.019200000000000002,0.0196,0.0194,0.0194,0.0193,0.02,0.019700000000000002,0.0194,0.019700000000000002,0.0193,0.0194,0.0193,0.0196,0.0195,0.019100000000000002,0.0189,0.0193,0.0194,0.0196,0.0196,0.0196,0.019700000000000002,0.0194,0.0196,0.0195,0.0196,0.0196,0.0194,0.0199,0.0195,0.0195,0.0194,0.0194,0.0194,0.0196,0.0195,0.0199,0.019200000000000002,0.0196,0.0196,0.019700000000000002,0.0198,0.019700000000000002,0.0196,0.0198,0.019700000000000002,0.0198,0.0196,0.0193,0.019700000000000002,0.0201,0.02,0.02,0.0204,0.0198,0.019700000000000002,0.0195,0.0201,0.0198,0.019700000000000002,0.02,0.0196,0.0201,0.0198,0.019700000000000002,0.0198,0.0194,0.0193,0.0199,0.0194,0.0198,0.0195,0.0196,0.0196,0.0193,0.0193,0.0195,0.0194,0.019700000000000002,0.0194,0.019700000000000002,0.0193,0.0193,0.019700000000000002,0.0199,0.0198,0.0199,0.019700000000000002,0.0201,0.0196,0.0199,0.0199,0.020200000000000003,0.0196,0.0195,0.02,0.0198,0.0196,0.0195,0.0199,0.0198,0.019700000000000002,0.0199,0.0198,0.0201,0.0196,0.019700000000000002,0.0198,0.0198,0.0195,0.0196,0.0195,0.0195,0.0196,0.019700000000000002,0.019700000000000002,0.0199,0.0199,0.0198,0.02,0.0199,0.0199,0.02,0.02,0.0195,0.0193,0.0196
,0.036500000000000005,0.0175,0.018600000000000002,0.0198,0.0205,0.019100000000000002,0.0204,0.020200000000000003,0.0201,0.0201,0.0195,0.019200000000000002,0.019200000000000002,0.0193,0.0195,0.019100000000000002,0.0193,0.0196,0.0195,0.0196,0.0194,0.0196,0.0196,0.019200000000000002,0.0196,0.019700000000000002,0.0193,0.0195,0.0194,0.0193,0.0196,0.0198,0.0196,0.02,0.0199,0.0196,0.0195,0.0196,0.0201,0.0199,0.02,0.02,0.02,0.0201,0.0195,0.02,0.0199,0.020200000000000003,0.019700000000000002,0.020200000000000003,0.020200000000000003,0.0204,0.020200000000000003,0.0201,0.019700000000000002,0.0201,0.019700000000000002,0.0199,0.0194,0.0196,0.0193,0.019700000000000002,0.0199,0.019700000000000002,0.0196,0.02,0.02,0.02,0.0201,0.020300000000000002,0.02,0.020300000000000002,0.02,0.0196,0.0201,0.0198,0.0201,0.02,0.0198,0.020300000000000002,0.020300000000000002,0.020200000000000003,0.0201,0.020300000000000002,0.0205,0.0201,0.020300000000000002,0.0205,0.020200000000000003,0.019700000000000002,0.02,0.02,0.0199,0.0199,0.0194,0.02,0.0195,0.0195,0.019700000000000002,0.0193,0.0196,0.0196,0.0198,0.0198,0.0201,0.02,0.0198,0.019700000000000002,0.02,0.0204,0.020300000000000002,0.020200000000000003,0.0198,0.0198,0.02,0.0199,0.020200000000000003,0.020200000000000003,0.0201,0.0196,0.019700000000000002,0.0198,0.0205,0.020200000000000003,0.020300000000000002,0.020200000000000003,0.0198,0.02,0.0195,0.0198,0.02,0.0199,0.020200000000000003,0.02,0.0198,0.0198,0.02,0.02,0.02
,0.036500000000000005,0.0178,0.0193,0.019700000000000002,0.0194,0.0198,0.0198,0.0201,0.0201,0.0201,0.02,0.0201,0.0201,0.0193,0.0195,0.019100000000000002,0.0193,0.0195,0.0194,0.0196,0.0194,0.0196,0.0196,0.019200000000000002,0.019700000000000002,0.019700000000000002,0.019700000000000002,0.0194,0.020300000000000002,0.02,0.0199,0.0194,0.0199,0.019700000000000002,0.0194,0.0199,0.0198,0.0194,0.0195,0.0194,0.0195,0.0193,0.019700000000000002,0.0193,0.0199,0.0196,0.0195,0.0196,0.019700000000000002,0.0193,0.0196,0.0193,0.0194,0.0193,0.019700000000000002,0.0201,0.0198,0.019700000000000002,0.02,0.0198,0.0198,0.0195,0.0199,0.019700000000000002,0.019700000000000002,0.019700000000000002,0.0195,0.0194,0.0198,0.02,0.0198,0.0195,0.020200000000000003,0.020300000000000002,0.020200000000000003,0.020300000000000002,0.02,0.0195,0.0193,0.0194,0.019700000000000002,0.0196,0.0198,0.020300000000000002,0.02,0.0199,0.0201,0.02,0.020200000000000003,0.020300000000000002,0.020200000000000003,0.0204,0.020300000000000002,0.020200000000000003,0.020200000000000003,0.0206,0.020300000000000002,0.02,0.0201,0.0205,0.020300000000000002,0.020300000000000002,0.02,0.0199,0.0193,0.0196,0.0196,0.0199,0.0199,0.02,0.019700000000000002,0.020200000000000003,0.020200000000000003,0.020200000000000003,0.020200000000000003,0.0201,0.0201,0.0201,0.0198,0.0198,0.0199,0.02,0.0198,0.019700000000000002,0.0198,0.019700000000000002,0.0198,0.0195,0.02,0.0201,0.02,0.019700000000000002,0.0201,0.0199,0.020300000000000002,0.0198,0.020300000000000002,0.0199,0.0196
,0.019200000000000002,0.019200000000000002,0.018600000000000002,0.018600000000000002,0.0198,0.0198,0.020300000000000002,0.020200000000000003,0.0199,0.0198,0.0206,0.0199,0.0201,0.0201,0.0198,0.019700000000000002,0.019100000000000002,0.0195,0.0194,0.02,0.0195,0.019200000000000002,0.019100000000000002,0.0195,0.019700000000000002,0.019200000000000002,0.0193,0.0199,0.0194,0.0193,0.0196,0.0194,0.0196,0.019700000000000002,0.0194,0.0195,0.0198,0.0194,0.0195,0.0194,0.0195,0.0193,0.019700000000000002,0.0193,0.0199,0.0196,0.0195,0.0196,0.020300000000000002,0.0199,0.020200000000000003,0.0196,0.0199,0.020200000000000003,0.0201,0.0199,0.0199,0.020300000000000002,0.0199,0.0204,0.0196,0.02,0.0195,0.019700000000000002,0.0196,0.02,0.0195,0.0194,0.0194,0.0196,0.019700000000000002,0.0196,0.0198,0.0198,0.019700000000000002,0.019700000000000002,0.0196,0.0193,0.0195,0.0193,0.0199,0.02,0.0198,0.0201,0.02,0.02,0.0198,0.0198,0.0199,0.0201,0.02,0.0199,0.0196,0.019700000000000002,0.0195,0.019700000000000002,0.0198,0.02,0.019700000000000002,0.0199,0.02,0.0201,0.0201,0.0201,0.019700000000000002,0.0196,0.0196,0.0198,0.0199,0.02,0.019700000000000002,0.020200000000000003,0.020200000000000003,0.020200000000000003,0.020200000000000003,0.020300000000000002,0.0201,0.0201,0.0198,0.0198,0.0199,0.0199,0.0201,0.02,0.0195,0.0195,0.0196,0.0196,0.0196,0.0196,0.019700000000000002,0.0199,0.0199,0.02,0.0195,0.02,0.0201,0.0194,0.0198
,0.0184,0.0178,0.019100000000000002,0.018600000000000002,0.0194,0.0199,0.0198,0.0199,0.0199,0.0198,0.0206,0.0201,0.0201,0.0199,0.020300000000000002,0.02,0.0204,0.0198,0.0199,0.0194,0.019700000000000002,0.0194,0.019100000000000002,0.0198,0.019200000000000002,0.02,0.0198,0.0195,0.0196,0.019200000000000002,0.0194,0.0195,0.0195,0.019700000000000002,0.0194,0.0195,0.0198,0.0199,0.02,0.0199,0.0198,0.02,0.0198,0.02,0.02,0.0199,0.0201,0.020200000000000003,0.0195,0.0199,0.020200000000000003,0.0196,0.0199,0.020200000000000003,0.02,0.020300000000000002,0.02,0.0199,0.0199,0.02,0.019700000000000002,0.0204,0.0199,0.0201,0.0198,0.02,0.0195,0.0194,0.0198,0.02,0.0198,0.0195,0.0196,0.0195,0.0193,0.0196,0.02,0.0195,0.0193,0.0194,0.02,0.0199,0.0198,0.0201,0.02,0.02,0.0198,0.0198,0.0199,0.0201,0.02,0.0199,0.0196,0.019700000000000002,0.0195,0.019700000000000002,0.0198,0.02,0.019700000000000002,0.0199,0.02,0.0201,0.0201,0.0201,0.019700000000000002,0.0196,0.0196,0.0198,0.0199,0.0196,0.0194,0.019700000000000002,0.019700000000000002,0.019700000000000002,0.0199,0.020300000000000002,0.0199,0.019700000000000002,0.020200000000000003,0.0198,0.0195,0.02,0.0198,0.019700000000000002,0.0195,0.0195,0.0196,0.0196,0.0196,0.0196,0.019700000000000002,0.0199,0.0199,0.02,0.0198,0.0201,0.019700000000000002,0.019700000000000002,0.0198
,0.0161,0.0189,0.0184,0.0194,0.0193,0.0199,0.0196,0.0199,0.0195,0.019700000000000002,0.0198,0.0199,0.0201,0.019700000000000002,0.0196,0.0198,0.0196,0.019700000000000002,0.0195,0.0194,0.0195,0.019200000000000002,0.0199,0.0195,0.0198,0.019200000000000002,0.0198,0.0194,0.0196,0.019200000000000002,0.0194,0.0195,0.0195,0.0199,0.0198,0.0198,0.02,0.0193,0.0194,0.019200000000000002,0.019200000000000002,0.019,0.0194,0.0196,0.0195,0.0196,0.019700000000000002,0.0196,0.0198,0.0201,0.0201,0.019700000000000002,0.020300000000000002,0.019700000000000002,0.0196,0.019700000000000002,0.02,0.0201,0.020900000000000002,0.0205,0.020800000000000003,0.0198,0.0198,0.0196,0.0204,0.02,0.020200000000000003,0.0199,0.020200000000000003,0.0198,0.0201,0.0201,0.0196,0.0198,0.019700000000000002,0.019700000000000002,0.0201,0.0196,0.020300000000000002,0.0201,0.019700000000000002,0.0196,0.0195,0.0194,0.0198,0.0198,0.0196,0.0193,0.0199,0.019700000000000002,0.0194,0.0194,0.0201,0.0194,0.0198,0.0195,0.0199,0.0198,0.0196,0.020200000000000003,0.0201,0.0199,0.0198,0.0199,0.0198,0.019700000000000002,0.0201,0.02,0.0198,0.019700000000000002,0.019700000000000002,0.020300000000000002,0.019700000000000002,0.0198,0.019700000000000002,0.0198,0.0195,0.019700000000000002,0.019700000000000002,0.0196,0.0194,0.0199,0.0199,0.0196,0.0193,0.0196,0.0198,0.0199,0.0198,0.0195,0.0199,0.0199,0.0201,0.020200000000000003,0.0198,0.0201,0.0201,0.02,0.020200000000000003
,0.0161,0.0189,0.0184,0.0199,0.0193,0.0196,0.019200000000000002,0.0198,0.0195,0.019700000000000002,0.0198,0.019700000000000002,0.0193,0.0201,0.020300000000000002,0.02,0.0193,0.0195,0.0195,0.019700000000000002,0.0196,0.0198,0.0198,0.0198,0.019200000000000002,0.0198,0.0198,0.0198,0.0201,0.0198,0.0199,0.02,0.0201,0.0194,0.0193,0.0194,0.0193,0.020200000000000003,0.0199,0.0198,0.0199,0.02,0.020200000000000003,0.020300000000000002,0.0198,0.019700000000000002,0.02,0.0201,0.0198,0.02,0.019700000000000002,0.0199,0.0201,0.02,0.021,0.021,0.020900000000000002,0.020800000000000003,0.0201,0.0198,0.020200000000000003,0.0205,0.0198,0.0199,0.020200000000000003,0.0199,0.02,0.0198,0.0199,0.02,0.0198,0.019700000000000002,0.02,0.020300000000000002,0.0201,0.02,0.0198,0.0198,0.019700000000000002,0.019700000000000002,0.0199,0.020200000000000003,0.0201,0.019700000000000002,0.020200000000000003,0.019700000000000002,0.0201,0.0201,0.0199,0.0194,0.0196,0.0198,0.02,0.0198,0.0201,0.0199,0.0199,0.0196,0.019700000000000002,0.019700000000000002,0.0199,0.0196,0.0196,0.0199,0.0194,0.019700000000000002,0.0196,0.0199,0.0193,0.019700000000000002,0.0196,0.0199,0.02,0.0196,0.0199,0.0195,0.0196,0.0196,0.02,0.020200000000000003,0.0204,0.02,0.02,0.019700000000000002,0.0195,0.0199,0.0198,0.0199,0.0199,0.02,0.0198,0.02,0.0199,0.0195,0.0199,0.0199,0.0201,0.02,0.020200000000000003
,0.0187,0.0193,0.019700000000000002,0.0183,0.0201,0.019700000000000002,0.019200000000000002,0.0193,0.0195,0.019700000000000002,0.0198,0.0193,0.0195,0.0199,0.0196,0.0198,0.0204,0.019700000000000002,0.0198,0.0198,0.02,0.0194,0.0196,0.0195,0.02,0.0195,0.0195,0.0195,0.0196,0.019700000000000002,0.0198,0.0195,0.0195,0.02,0.020200000000000003,0.0198,0.019700000000000002,0.0159,0.0146,0.0134,0.0125,0.0112,0.0102,0.009000000000000001,0.0077,0.0201,0.02,0.0201,0.0198,0.019700000000000002,0.0199,0.0199,0.020200000000000003,0.02,0.02,0.020200000000000003,0.020200000000000003,0.0201,0.020200000000000003,0.02,0.0201,0.0201,0.020800000000000003,0.0204,0.0207,0.020200000000000003,0.0198,0.0201,0.0201,0.020200000000000003,0.019700000000000002,0.0201,0.0196,0.0196,0.0198,0.0199,0.0196,0.0199,0.0199,0.02,0.0201,0.0199,0.02,0.02,0.0199,0.0198,0.0199,0.02,0.019700000000000002,0.0199,0.0198,0.0198,0.0199,0.02,0.0199,0.02,0.0198,0.020300000000000002,0.020200000000000003,0.0204,0.02,0.02,0.019700000000000002,0.0196,0.0196,0.02,0.0199,0.0198,0.02,0.0198,0.0198,0.0199,0.0199,0.0198,0.020200000000000003,0.0196,0.019700000000000002,0.019700000000000002,0.020200000000000003,0.019700000000000002,0.019700000000000002,0.0199,0.0196,0.0199,0.0193,0.019700000000000002,0.0199,0.0196,0.019700000000000002,0.0198,0.019700000000000002,0.019700000000000002,0.0196,0.0196,0.0196,0.019700000000000002,0.0198,0.0196,0.0199
,0.0328,0.0194,0.0195,0.0183,0.0193,0.0195,0.0194,0.0193,0.019100000000000002,0.0194,0.019700000000000002,0.0195,0.0195,0.0189,0.019200000000000002,0.0193,0.0196,0.0195,0.02,0.0198,0.0199,0.0201,0.02,0.0201,0.0195,0.02,0.0201,0.0199,0.0201,0.0198,0.0198,0.0201,0.020200000000000003,0.0193,0.0187,0.0176,0.0166,0.0201,0.02,0.0199,0.0198,0.0198,0.019700000000000002,0.0196,0.0195,0.019700000000000002,0.02,0.0198,0.0198,0.020200000000000003,0.02,0.02,0.0207,0.020900000000000002,0.02,0.0199,0.020200000000000003,0.0199,0.020200000000000003,0.02,0.0201,0.0199,0.020200000000000003,0.02,0.0204,0.02,0.0201,0.0201,0.02,0.0199,0.0196,0.0198,0.02,0.0198,0.0195,0.0194,0.0199,0.0199,0.0199,0.0201,0.0201,0.0201,0.02,0.020200000000000003,0.020200000000000003,0.0201,0.02,0.02,0.0199,0.0198,0.020200000000000003,0.02,0.02,0.019700000000000002,0.0201,0.02,0.02,0.019700000000000002,0.0195,0.019700000000000002,0.0201,0.020200000000000003,0.0201,0.0199,0.0198,0.0199,0.0196,0.019700000000000002,0.0198,0.020200000000000003,0.02,0.0204,0.020200000000000003,0.020200000000000003,0.020200000000000003,0.0199,0.0199,0.0198,0.02,0.020300000000000002,0.0201,0.0201,0.020200000000000003,0.020200000000000003,0.0198,0.0198,0.0196,0.02,0.020200000000000003,0.02,0.0199,0.0198,0.0198,0.0199,0.019700000000000002,0.0199,0.0196,0.0198,0.0193
,0.0328,0.0195,0.0195,0.0194,0.018600000000000002,0.0195,0.0195,0.019200000000000002,0.0195,0.0193,0.0194,0.0193,0.0194,0.0189,0.019200000000000002,0.0193,0.0193,0.0201,0.0198,0.0199,0.0195,0.0199,0.02,0.0201,0.0201,0.02,0.0201,0.0199,0.0198,0.020800000000000003,0.020800000000000003,0.020300000000000002,0.020200000000000003,0.02,0.019700000000000002,0.0199,0.020300000000000002,0.0201,0.02,0.0198,0.0198,0.0198,0.019700000000000002,0.0196,0.0195,0.0066,0.0056,0.019700000000000002,0.02,0.020200000000000003,0.02,0.02,0.020300000000000002,0.0201,0.02,0.0199,0.020200000000000003,0.0199,0.020200000000000003,0.02,0.020300000000000002,0.0199,0.02,0.02,0.0205,0.020200000000000003,0.02,0.0199,0.02,0.0201,0.0201,0.0199,0.0198,0.019700000000000002,0.0201,0.0198,0.0199,0.0199,0.0199,0.0201,0.0201,0.0201,0.02,0.020200000000000003,0.020200000000000003,0.0201,0.02,0.02,0.0199,0.0198,0.020200000000000003,0.02,0.02,0.019700000000000002,0.0201,0.02,0.02,0.0198,0.0199,0.019700000000000002,0.0201,0.020200000000000003,0.0201,0.0199,0.0198,0.020200000000000003,0.02,0.020200000000000003,0.0198,0.020200000000000003,0.0198,0.0199,0.0199,0.02,0.0198,0.02,0.0195,0.0198,0.0198,0.02,0.0199,0.019700000000000002,0.0199,0.019700000000000002,0.0198,0.0198,0.0196,0.02,0.020200000000000003,0.02,0.0199,0.0198,0.0198,0.0199,0.02,0.02,0.0195,0.0199,0.0198
,0.0178,0.0195,0.019200000000000002,0.0194,0.018600000000000002,0.0195,0.0195,0.0196,0.0195,0.0193,0.0196,0.0198,0.019700000000000002,0.0193,0.0194,0.019200000000000002,0.019100000000000002,0.0201,0.0198,0.019700000000000002,0.02,0.0201,0.0198,0.0195,0.0201,0.0198,0.0196,0.0199,0.0201,0.0199,0.02,0.02,0.0201,0.02,0.019700000000000002,0.0199,0.020300000000000002,0.0196,0.0199,0.0199,0.0201,0.0199,0.02,0.020200000000000003,0.02,0.0201,0.0198,0.0201,0.02,0.0201,0.019700000000000002,0.0201,0.0201,0.0198,0.020300000000000002,0.0204,0.0201,0.0204,0.020300000000000002,0.02,0.020300000000000002,0.02,0.02,0.02,0.0205,0.020200000000000003,0.02,0.020200000000000003,0.0201,0.0201,0.0198,0.0201,0.020200000000000003,0.020200000000000003,0.0201,0.0198,0.0195,0.019700000000000002,0.019700000000000002,0.0194,0.0194,0.0199,0.02,0.0201,0.0199,0.0201,0.0199,0.0199,0.0196,0.0199,0.0199,0.02,0.020200000000000003,0.020300000000000002,0.0198,0.0198,0.0199,0.019700000000000002,0.0195,0.0201,0.02,0.0198,0.02,0.019700000000000002,0.0198,0.0199,0.0196,0.019700000000000002,0.0199,0.0196,0.02,0.0204,0.020200000000000003,0.020200000000000003,0.020200000000000003,0.0198,0.0199,0.0199,0.02,0.020300000000000002,0.0201,0.0201,0.020200000000000003,0.020200000000000003,0.020300000000000002,0.020300000000000002,0.020200000000000003,0.020300000000000002,0.02,0.0199,0.019700000000000002,0.0198,0.0198,0.0198,0.02,0.02,0.0201,0.0201,0.019700000000000002
,0.0183,0.0114,0.0189,0.0193,0.0194,0.0194,0.018500000000000003,0.0196,0.019,0.02,0.019700000000000002,0.0198,0.019700000000000002,0.0199,0.0195,0.02,0.019700000000000002,0.020300000000000002,0.0198,0.0199,0.0199,0.0199,0.0198,0.0195,0.0196,0.019700000000000002,0.0196,0.020300000000000002,0.020800000000000003,0.0199,0.02,0.02,0.0201,0.0196,0.019700000000000002,0.019700000000000002,0.0196,0.0196,0.0199,0.0198,0.0201,0.0199,0.02,0.020200000000000003,0.02,0.0201,0.0201,0.0201,0.019700000000000002,0.0201,0.019700000000000002,0.0201,0.0201,0.0198,0.020300000000000002,0.0204,0.0201,0.02,0.020200000000000003,0.0199,0.020300000000000002,0.02,0.0201,0.0201,0.0199,0.020200000000000003,0.02,0.020200000000000003,0.0201,0.0201,0.0201,0.0199,0.020200000000000003,0.020200000000000003,0.0198,0.0198,0.02,0.020200000000000003,0.020300000000000002,0.0198,0.0195,0.0199,0.02,0.0201,0.0199,0.0201,0.0199,0.0199,0.0196,0.0199,0.0199,0.02,0.020200000000000003,0.020300000000000002,0.0198,0.0198,0.0199,0.0198,0.0199,0.0201,0.02,0.0198,0.02,0.019700000000000002,0.0198,0.020200000000000003,0.02,0.020200000000000003,0.0199,0.0196,0.0198,0.0199,0.0199,0.02,0.0198,0.02,0.0195,0.0199,0.0198,0.02,0.0199,0.019700000000000002,0.0199,0.019700000000000002,0.020300000000000002,0.020300000000000002,0.020200000000000003,0.020300000000000002,0.02,0.0199,0.019700000000000002,0.0198,0.0198,0.0198,0.0198,0.0198,0.0201,0.0201,0.019700000000000002
,0.0175,0.0184,0.019200000000000002,0.0193,0.0194,0.0189,0.018500000000000003,0.0187,0.0196,0.019200000000000002,0.0194,0.0198,0.0201,0.020200000000000003,0.0199,0.0196,0.0193,0.0193,0.0198,0.0198,0.019700000000000002,0.0199,0.0196,0.0198,0.0196,0.0198,0.02,0.020200000000000003,0.0201,0.0199,0.0201,0.0198,0.0198,0.0196,0.019700000000000002,0.019700000000000002,0.0196,0.0199,0.0199,0.0201,0.0201,0.0199,0.0201,0.020200000000000003,0.019700000000000002,0.019700000000000002,0.0198,0.019700000000000002,0.020300000000000002,0.0201,0.020200000000000003,0.0201,0.020300000000000002,0.02,0.0204,0.0199,0.0201,0.0204,0.020300000000000002,0.0199,0.020300000000000002,0.020300000000000002,0.0201,0.0201,0.0199,0.020200000000000003,0.020300000000000002,0.02,0.0199,0.020300000000000002,0.02,0.0201,0.020200000000000003,0.020200000000000003,0.020200000000000003,0.0204,0.0199,0.02,0.02,0.0201,0.0201,0.019100000000000002,0.019200000000000002,0.019,0.019200000000000002,0.019,0.0189,0.0189,0.0187,0.018600000000000002,0.0188,0.0187,0.0187,0.0187,0.0187,0.018600000000000002,0.0187,0.018600000000000002,0.0187,0.0189,0.0188,0.0188,0.018500000000000003,0.0184,0.0184,0.0183,0.0187,0.018600000000000002,0.0188,0.0187,0.018600000000000002,0.018500000000000003,0.018500000000000003,0.018500000000000003,0.018500000000000003,0.0198,0.018500000000000003,0.0184,0.0184,0.0184,0.0184,0.0184,0.018500000000000003,0.018500000000000003,0.018500000000000003,0.018500000000000003,0.018500000000000003,0.018500000000000003,0.018600000000000002,0.018600000000000002,0.018600000000000002,0.018600000000000002,0.0187,0.0188,0.0198,0.0198,0.0198,0.0199,0.0199
,0.0199,0.0193,0.0183,0.0193,0.0195,0.0194,0.02,0.0199,0.019,0.019200000000000002,0.02,0.019,0.0195,0.0199,0.0199,0.0196,0.0193,0.0198,0.0199,0.0198,0.019700000000000002,0.0199,0.0196,0.0198,0.019700000000000002,0.019700000000000002,0.02,0.020200000000000003,0.0201,0.0199,0.0201,0.0198,0.0198,0.0196,0.020200000000000003,0.0195,0.0195,0.0199,0.0199,0.0201,0.02,0.0199,0.0198,0.0201,0.0198,0.0199,0.0199,0.019700000000000002,0.020300000000000002,0.0201,0.020200000000000003,0.0201,0.020300000000000002,0.02,0.0204,0.0199,0.0201,0.02,0.02,0.0199,0.0201,0.020300000000000002,0.020200000000000003,0.020200000000000003,0.0205,0.0205,0.020300000000000002,0.02,0.0199,0.020300000000000002,0.02,0.0201,0.0204,0.02,0.0201,0.0199,0.0199,0.02,0.02,0.0198,0.0195,0.0198,0.02,0.0198,0.02,0.02,0.02,0.0201,0.0199,0.0198,0.0201,0.02,0.0201,0.0201,0.020200000000000003,0.0201,0.020200000000000003,0.0201,0.020200000000000003,0.020300000000000002,0.020300000000000002,0.0204,0.0201,0.02,0.02,0.0199,0.020300000000000002,0.020200000000000003,0.0204,0.020300000000000002,0.020200000000000003,0.0201,0.0201,0.0201,0.0201,0.018500000000000003,0.020200000000000003,0.020200000000000003,0.0201,0.0201,0.020200000000000003,0.020200000000000003,0.020300000000000002,0.020300000000000002,0.0205,0.0205,0.0207,0.02,0.0201,0.0201,0.0201,0.02,0.0201,0.020200000000000003,0.0187,0.0187,0.0198,0.0199,0.0199
,0.0175,0.0184,0.0183,0.0184,0.0196,0.0189,0.0196,0.0187,0.0196,0.0196,0.0193,0.019,0.0195,0.0193,0.0196,0.019700000000000002,0.0195,0.0198,0.0199,0.0194,0.019700000000000002,0.0195,0.0196,0.0196,0.019700000000000002,0.0195,0.019700000000000002,0.0198,0.0198,0.0195,0.019700000000000002,0.019700000000000002,0.0201,0.0196,0.020200000000000003,0.0195,0.0195,0.02,0.0195,0.0199,0.02,0.019700000000000002,0.0201,0.019700000000000002,0.019700000000000002,0.0198,0.02,0.019700000000000002,0.020200000000000003,0.0198,0.0201,0.0196,0.0201,0.02,0.0198,0.0199,0.02,0.02,0.0201,0.020200000000000003,0.0198,0.020200000000000003,0.020200000000000003,0.020200000000000003,0.0205,0.0205,0.0206,0.02,0.0204,0.0206,0.0204,0.0205,0.0204,0.02,0.0201,0.0199,0.020200000000000003,0.020200000000000003,0.020200000000000003,0.0205,0.0206,0.0207,0.0207,0.0206,0.0205,0.020300000000000002,0.020200000000000003,0.020200000000000003,0.020300000000000002,0.020200000000000003,0.020300000000000002,0.020200000000000003,0.020200000000000003,0.020300000000000002,0.0204,0.0204,0.0205,0.0205,0.0204,0.0204,0.0204,0.0204,0.0204,0.0206,0.0205,0.0204,0.020300000000000002,0.020300000000000002,0.020200000000000003,0.020200000000000003,0.0201,0.02,0.0201,0.0201,0.0201,0.020200000000000003,0.02,0.0199,0.0199,0.0199,0.0199,0.0199,0.02,0.02,0.02,0.02,0.02,0.0207,0.0206,0.0206,0.0205,0.0204,0.020200000000000003,0.020200000000000003,0.0201,0.0201,0.018600000000000002,0.0187,0.0187
,0.0199,0.0184,0.019,0.0184,0.0196,0.0194,0.0195,0.0194,0.0196,0.0193,0.0193,0.0196,0.0195,0.0193,0.0196,0.019700000000000002,0.0195,0.0196,0.0198,0.0194,0.019700000000000002,0.0195,0.0196,0.0196,0.02,0.0195,0.019700000000000002,0.0198,0.0198,0.0195,0.019700000000000002,0.019700000000000002,0.0201,0.0196,0.019700000000000002,0.019700000000000002,0.0198,0.02,0.02,0.020300000000000002,0.0201,0.0199,0.0198,0.0201,0.019700000000000002,0.0198,0.02,0.019700000000000002,0.020200000000000003,0.0198,0.0201,0.0196,0.0201,0.02,0.020300000000000002,0.0198,0.0198,0.0201,0.02,0.019700000000000002,0.019700000000000002,0.02,0.02,0.02,0.0201,0.020200000000000003,0.0206,0.02,0.0204,0.0206,0.0204,0.0205,0.020200000000000003,0.020300000000000002,0.020300000000000002,0.020200000000000003,0.020200000000000003,0.020200000000000003,0.020200000000000003,0.0205,0.0206,0.0207,0.0207,0.0206,0.0205,0.020300000000000002,0.020200000000000003,0.020200000000000003,0.020300000000000002,0.020200000000000003,0.020300000000000002,0.020200000000000003,0.020200000000000003,0.020300000000000002,0.0204,0.0204,0.0205,0.0205,0.0204,0.0204,0.0204,0.0204,0.0204,0.0206,0.0205,0.0204,0.020300000000000002,0.020300000000000002,0.020200000000000003,0.020200000000000003,0.0201,0.02,0.0201,0.0201,0.0201,0.0201,0.020200000000000003,0.020200000000000003,0.0201,0.0201,0.020200000000000003,0.020200000000000003,0.020300000000000002,0.020300000000000002,0.0205,0.0205,0.0207,0.0207,0.0206,0.0206,0.0205,0.0204,0.020200000000000003,0.020200000000000003,0.020200000000000003,0.020200000000000003,0.02,0.0201,0.0201
,0.019,0.018600000000000002,0.02,0.0193,0.0189,0.019700000000000002,0.019700000000000002,0.0194,0.0193,0.0193,0.0195,0.0195,0.0194,0.0193,0.0194,0.0194,0.0193,0.0196,0.0198,0.0199,0.019700000000000002,0.0194,0.0194,0.0198,0.02,0.0198,0.0194,0.0193,0.0199,0.0198,0.019700000000000002,0.0196,0.0195,0.0196,0.019700000000000002,0.019700000000000002,0.0198,0.0199,0.0195,0.0199,0.02,0.0199,0.0198,0.020200000000000003,0.0201,0.0198,0.0204,0.019700000000000002,0.0199,0.020300000000000002,0.02,0.0201,0.0201,0.020200000000000003,0.020200000000000003,0.02,0.019700000000000002,0.0196,0.0199,0.0199,0.0195,0.02,0.0201,0.0199,0.0198,0.0195,0.0201,0.02,0.0199,0.02,0.0199,0.0198,0.020200000000000003,0.020300000000000002,0.020300000000000002,0.020200000000000003,0.0201,0.0201,0.0199,0.0198,0.019700000000000002,0.0196,0.0198,0.0199,0.0201,0.0201,0.0201,0.0199,0.0198,0.0199,0.0199,0.0201,0.0199,0.0195,0.0195,0.0195,0.0198,0.02,0.02,0.0201,0.0198,0.0199,0.0199,0.0198,0.019700000000000002,0.0198,0.0199,0.02,0.02,0.0199,0.019700000000000002,0.019700000000000002,0.0196,0.019700000000000002,0.0198,0.020200000000000003,0.0196,0.0196,0.019700000000000002,0.0198,0.0199,0.0199,0.0198,0.0199,0.0199,0.0198,0.0198,0.0198,0.0198,0.0198,0.0198,0.0199,0.0198,0.0198,0.020200000000000003,0.020200000000000003,0.020200000000000003,0.020200000000000003,0.020200000000000003
,0.019,0.0199,0.0193,0.0195,0.018500000000000003,0.0198,0.0189,0.0196,0.0194,0.019700000000000002,0.0196,0.0194,0.0195,0.0194,0.019700000000000002,0.0193,0.0196,0.019700000000000002,0.0198,0.0194,0.019700000000000002,0.019700000000000002,0.0199,0.0199,0.02,0.02,0.0198,0.0199,0.0199,0.0198,0.0199,0.0196,0.0195,0.02,0.0198,0.020200000000000003,0.0201,0.0198,0.0195,0.0198,0.0198,0.019700000000000002,0.0201,0.020200000000000003,0.0201,0.0198,0.0204,0.020300000000000002,0.0199,0.0199,0.0196,0.0196,0.0198,0.02,0.020300000000000002,0.019700000000000002,0.0196,0.019700000000000002,0.020300000000000002,0.0198,0.0196,0.02,0.019700000000000002,0.0196,0.0199,0.0199,0.019700000000000002,0.0199,0.019700000000000002,0.0199,0.02,0.02,0.02,0.02,0.0198,0.02,0.019700000000000002,0.0198,0.0199,0.0199,0.0195,0.02,0.02,0.02,0.0199,0.019700000000000002,0.019700000000000002,0.0201,0.02,0.0198,0.0198,0.0198,0.0196,0.0195,0.0195,0.0195,0.0198,0.02,0.02,0.0201,0.0198,0.0199,0.0199,0.0198,0.019700000000000002,0.0198,0.0199,0.02,0.02,0.0199,0.019700000000000002,0.019700000000000002,0.0196,0.019700000000000002,0.0198,0.0198,0.0196,0.0196,0.019700000000000002,0.0198,0.0199,0.0199,0.0198,0.0199,0.0199,0.0198,0.0198,0.0198,0.0198,0.0198,0.0198,0.0199,0.0198,0.0198,0.0198,0.019700000000000002,0.020200000000000003,0.020200000000000003,0.020200000000000003
,0.0172,0.019200000000000002,0.019700000000000002,0.0196,0.018500000000000003,0.0198,0.019,0.019,0.018500000000000003,0.018500000000000003,0.0194,0.02,0.0198,0.0198,0.019700000000000002,0.0198,0.0204,0.0196,0.0194,0.02,0.0199,0.0199,0.0194,0.0196,0.02,0.019700000000000002,0.0194,0.019700000000000002,0.0196,0.0195,0.0199,0.0196,0.020200000000000003,0.0195,0.019700000000000002,0.0199,0.0196,0.02,0.0204,0.0198,0.019700000000000002,0.0199,0.020200000000000003,0.0199,0.0196,0.0199,0.020300000000000002,0.020300000000000002,0.0204,0.0201,0.0199,0.02,0.02,0.019700000000000002,0.02,0.0201,0.0198,0.0201,0.0194,0.0199,0.0196,0.0198,0.0199,0.0201,0.0199,0.0196,0.0196,0.0198,0.0198,0.0198,0.0198,0.020300000000000002,0.0198,0.0198,0.02,0.0199,0.019700000000000002,0.0198,0.0199,0.0199,0.0195,0.02,0.02,0.02,0.0199,0.019700000000000002,0.019700000000000002,0.0199,0.0198,0.0199,0.0199,0.0201,0.0199,0.0195,0.0196,0.0198,0.0201,0.0198,0.02,0.0199,0.0199,0.019700000000000002,0.0198,0.0199,0.0198,0.0196,0.0195,0.019700000000000002,0.019700000000000002,0.0198,0.0198,0.0195,0.019700000000000002,0.0198,0.0198,0.0198,0.0196,0.0199,0.0199,0.0199,0.0199,0.020200000000000003,0.019700000000000002,0.0198,0.0198,0.020200000000000003,0.019700000000000002,0.02,0.0196,0.0198,0.0199,0.0196,0.019700000000000002,0.0199,0.0198,0.019700000000000002,0.019700000000000002,0.0198,0.019700000000000002
,0.0196,0.019700000000000002,0.0205,0.0195,0.0196,0.019200000000000002,0.019,0.0184,0.018500000000000003,0.018500000000000003,0.019700000000000002,0.019,0.0188,0.019700000000000002,0.0196,0.0196,0.020200000000000003,0.0199,0.0198,0.0196,0.019700000000000002,0.019700000000000002,0.0193,0.0194,0.0194,0.0195,0.0194,0.019700000000000002,0.0196,0.0195,0.019700000000000002,0.0196,0.019700000000000002,0.0195,0.0198,0.019700000000000002,0.0195,0.0201,0.0204,0.0198,0.019700000000000002,0.0199,0.020200000000000003,0.0199,0.0196,0.0199,0.020300000000000002,0.0199,0.019700000000000002,0.0195,0.0201,0.019700000000000002,0.0199,0.019700000000000002,0.0198,0.0194,0.019700000000000002,0.019700000000000002,0.0194,0.0198,0.02,0.0198,0.02,0.0198,0.0199,0.0196,0.0201,0.0196,0.0198,0.0198,0.0198,0.020300000000000002,0.019700000000000002,0.020200000000000003,0.02,0.0199,0.019700000000000002,0.0195,0.0195,0.0195,0.0193,0.0195,0.019700000000000002,0.019700000000000002,0.0195,0.019700000000000002,0.019700000000000002,0.019700000000000002,0.019700000000000002,0.0196,0.019700000000000002,0.0196,0.019700000000000002,0.0198,0.02,0.0199,0.019700000000000002,0.0193,0.019200000000000002,0.019200000000000002,0.019700000000000002,0.0198,0.019700000000000002,0.019700000000000002,0.0198,0.0198,0.02,0.0196,0.019200000000000002,0.0195,0.0198,0.0196,0.0198,0.02,0.02,0.0196,0.0198,0.0201,0.019700000000000002,0.0201,0.0199,0.0198,0.02,0.02,0.02,0.0198,0.019700000000000002,0.019700000000000002,0.0194,0.0198,0.019700000000000002,0.019700000000000002,0.019700000000000002,0.0196,0.02,0.020200000000000003,0.019700000000000002,0.0198,0.019700000000000002
,0.0184,0.02,0.0205,0.0195,0.019200000000000002,0.018500000000000003,0.0194,0.0184,0.0195,0.0196,0.0188,0.019,0.0188,0.0189,0.0189,0.019100000000000002,0.018600000000000002,0.0196,0.0201,0.0188,0.0188,0.019,0.02,0.0194,0.019200000000000002,0.0195,0.0194,0.019700000000000002,0.0195,0.0199,0.0195,0.02,0.0195,0.0198,0.02,0.02,0.0195,0.0201,0.0196,0.0199,0.019700000000000002,0.0195,0.0198,0.02,0.0199,0.0196,0.0196,0.02,0.0199,0.02,0.0201,0.0198,0.02,0.0199,0.0198,0.0194,0.019700000000000002,0.019700000000000002,0.0198,0.0195,0.019200000000000002,0.02,0.02,0.0198,0.0193,0.0194,0.0201,0.0196,0.0198,0.0198,0.0199,0.0193,0.019700000000000002,0.0198,0.02,0.0195,0.0199,0.0198,0.0195,0.0195,0.0193,0.0195,0.019700000000000002,0.019700000000000002,0.0195,0.019700000000000002,0.019700000000000002,0.019700000000000002,0.019700000000000002,0.0196,0.019700000000000002,0.0196,0.019700000000000002,0.0198,0.02,0.0199,0.019700000000000002,0.0193,0.019200000000000002,0.019200000000000002,0.019700000000000002,0.0198,0.019700000000000002,0.019700000000000002,0.0198,0.0198,0.02,0.0196,0.02,0.02,0.0198,0.0199,0.0199,0.0198,0.02,0.0199,0.019,0.0193,0.019700000000000002,0.019700000000000002,0.019700000000000002,0.019700000000000002,0.0198,0.019700000000000002,0.019200000000000002,0.019700000000000002,0.0196,0.0196,0.019700000000000002,0.02,0.0198,0.0196,0.0195,0.0198,0.0199,0.0198,0.0199,0.019700000000000002,0.019700000000000002
,0.0177,0.02,0.0189,0.0195,0.0196,0.018500000000000003,0.019700000000000002,0.0194,0.0199,0.020200000000000003,0.0188,0.0199,0.019700000000000002,0.0189,0.0189,0.019100000000000002,0.018600000000000002,0.0187,0.019,0.0188,0.0188,0.019,0.0193,0.0201,0.019200000000000002,0.0199,0.019700000000000002,0.0198,0.0199,0.0199,0.0199,0.0198,0.0204,0.02,0.020200000000000003,0.02,0.0195,0.0196,0.0201,0.0201,0.0198,0.02,0.02,0.019700000000000002,0.0198,0.019700000000000002,0.0198,0.0196,0.0198,0.019700000000000002,0.019700000000000002,0.0196,0.02,0.0198,0.0195,0.0195,0.0198,0.0189,0.0198,0.0195,0.019200000000000002,0.02,0.019100000000000002,0.0195,0.0198,0.0199,0.0196,0.0196,0.019200000000000002,0.0195,0.0196,0.02,0.0194,0.0198,0.0196,0.0198,0.019700000000000002,0.0195,0.0204,0.0201,0.0198,0.02,0.02,0.02,0.0201,0.0199,0.0199,0.0199,0.02,0.02,0.02,0.0201,0.0199,0.020200000000000003,0.02,0.02,0.0199,0.020200000000000003,0.0198,0.0199,0.02,0.0199,0.0199,0.0201,0.0199,0.0201,0.020200000000000003,0.0199,0.019200000000000002,0.0195,0.0198,0.0196,0.0198,0.0198,0.02,0.019700000000000002,0.019,0.0193,0.019700000000000002,0.019700000000000002,0.019700000000000002,0.019700000000000002,0.0198,0.019700000000000002,0.019200000000000002,0.019700000000000002,0.0196,0.0196,0.019700000000000002,0.02,0.0198,0.0196,0.0195,0.0198,0.0199,0.0199,0.0199,0.02,0.0199
,0.019,0.0182,0.0189,0.0206,0.0196,0.0198,0.019700000000000002,0.019700000000000002,0.0199,0.020200000000000003,0.0195,0.02,0.0199,0.0194,0.0196,0.0196,0.019700000000000002,0.0187,0.019,0.019700000000000002,0.020200000000000003,0.0201,0.020200000000000003,0.02,0.0195,0.02,0.020200000000000003,0.019700000000000002,0.02,0.0199,0.0201,0.0199,0.0198,0.0198,0.02,0.020200000000000003,0.0196,0.0201,0.0199,0.0198,0.019700000000000002,0.0196,0.0199,0.0195,0.0196,0.0199,0.0196,0.0198,0.0196,0.019700000000000002,0.019700000000000002,0.0196,0.02,0.0198,0.0195,0.0195,0.0198,0.0189,0.019700000000000002,0.0199,0.0198,0.02,0.019100000000000002,0.0195,0.0193,0.0194,0.0196,0.0196,0.019200000000000002,0.0195,0.0196,0.0193,0.0194,0.0198,0.0196,0.0195,0.02,0.020300000000000002,0.020300000000000002,0.0201,0.0199,0.02,0.0199,0.020200000000000003,0.02,0.02,0.0199,0.02,0.02,0.0199,0.02,0.0199,0.0196,0.019700000000000002,0.019700000000000002,0.0199,0.0199,0.0198,0.019700000000000002,0.0196,0.019700000000000002,0.0198,0.0199,0.019700000000000002,0.0198,0.02,0.0199,0.0198,0.0199,0.02,0.0198,0.02,0.020200000000000003,0.020300000000000002,0.020200000000000003,0.019700000000000002,0.0198,0.019700000000000002,0.0198,0.0199,0.019700000000000002,0.0195,0.0195,0.0194,0.0195,0.0195,0.019700000000000002,0.0199,0.0199,0.02,0.0198,0.0201,0.020200000000000003,0.02,0.0199,0.0199,0.02,0.019700000000000002,0.0196
,0.019,0.0188,0.0187,0.0206,0.0198,0.020300000000000002,0.020800000000000003,0.019700000000000002,0.0196,0.02,0.019700000000000002,0.02,0.0199,0.0199,0.02,0.0199,0.0204,0.0196,0.0198,0.020200000000000003,0.0195,0.0196,0.020200000000000003,0.02,0.0201,0.02,0.020200000000000003,0.019700000000000002,0.02,0.0199,0.0201,0.0199,0.0204,0.0196,0.0195,0.0198,0.0198,0.0196,0.0199,0.020200000000000003,0.0196,0.019700000000000002,0.02,0.02,0.0201,0.02,0.0198,0.0198,0.0199,0.0199,0.0196,0.0196,0.0196,0.019700000000000002,0.02,0.0196,0.019700000000000002,0.0195,0.0194,0.0196,0.0198,0.0199,0.019700000000000002,0.020200000000000003,0.0198,0.02,0.0201,0.0198,0.02,0.0199,0.020200000000000003,0.02,0.0198,0.02,0.020300000000000002,0.02,0.02,0.0198,0.02,0.0196,0.02,0.0198,0.0195,0.02,0.0195,0.019700000000000002,0.0198,0.019700000000000002,0.0201,0.02,0.0198,0.0201,0.02,0.019700000000000002,0.019700000000000002,0.0196,0.0195,0.0198,0.0198,0.0198,0.02,0.0198,0.0199,0.0198,0.0198,0.02,0.0198,0.0196,0.019700000000000002,0.0195,0.019700000000000002,0.02,0.0199,0.0196,0.0195,0.02,0.0195,0.019700000000000002,0.0198,0.0195,0.019700000000000002,0.019700000000000002,0.019700000000000002,0.0194,0.0198,0.0196,0.0194,0.019700000000000002,0.019700000000000002,0.0194,0.0196,0.019700000000000002,0.0196,0.0194,0.0198,0.0196,0.02,0.019700000000000002,0.0196
,0.0172,0.0188,0.019,0.019,0.0211,0.020300000000000002,0.0194,0.020300000000000002,0.020800000000000003,0.0195,0.02,0.0199,0.0196,0.0199,0.02,0.0199,0.0204,0.0198,0.0201,0.020200000000000003,0.020200000000000003,0.0201,0.0195,0.019200000000000002,0.0201,0.0193,0.0195,0.0195,0.019700000000000002,0.0196,0.019700000000000002,0.019700000000000002,0.0196,0.0198,0.020200000000000003,0.019700000000000002,0.0201,0.0199,0.020300000000000002,0.0201,0.02,0.0196,0.019700000000000002,0.0198,0.0199,0.0201,0.02,0.0201,0.0199,0.0199,0.0196,0.0196,0.0196,0.019700000000000002,0.0196,0.0199,0.02,0.0199,0.02,0.0199,0.020200000000000003,0.0196,0.02,0.019700000000000002,0.0196,0.0199,0.0204,0.0198,0.020200000000000003,0.019700000000000002,0.0199,0.020200000000000003,0.02,0.0201,0.020200000000000003,0.0198,0.0201,0.0198,0.019700000000000002,0.019700000000000002,0.02,0.0196,0.02,0.0198,0.0195,0.019700000000000002,0.02,0.0195,0.019700000000000002,0.02,0.019700000000000002,0.0199,0.0201,0.0199,0.0195,0.0196,0.019700000000000002,0.0198,0.0194,0.0196,0.019700000000000002,0.0198,0.0198,0.0198,0.020200000000000003,0.02,0.019700000000000002,0.020200000000000003,0.0201,0.0199,0.019700000000000002,0.0195,0.0196,0.0198,0.0193,0.0196,0.0199,0.019700000000000002,0.0199,0.0199,0.0198,0.0196,0.02,0.019700000000000002,0.020200000000000003,0.0199,0.0199,0.0195,0.0198,0.0199,0.019700000000000002,0.02,0.02,0.0198,0.0196,0.019700000000000002,0.0195,0.0196,0.0196
,0.0217,0.0179,0.0196,0.019100000000000002,0.0211,0.020900000000000002,0.0199,0.0198,0.02,0.02,0.019700000000000002,0.0199,0.0199,0.019700000000000002,0.0194,0.0193,0.0193,0.0198,0.0201,0.0195,0.019700000000000002,0.019700000000000002,0.0196,0.019700000000000002,0.0194,0.0199,0.0198,0.0198,0.0196,0.019700000000000002,0.019700000000000002,0.02,0.0199,0.0198,0.0199,0.02,0.0198,0.0198,0.0196,0.0196,0.019700000000000002,0.019700000000000002,0.019700000000000002,0.0198,0.0198,0.0196,0.019700000000000002,0.0201,0.019700000000000002,0.0196,0.0196,0.0199,0.020200000000000003,0.020200000000000003,0.0201,0.020200000000000003,0.0199,0.0201,0.0199,0.0199,0.020300000000000002,0.020200000000000003,0.0198,0.0195,0.0195,0.0196,0.019700000000000002,0.0198,0.0195,0.0196,0.019700000000000002,0.0196,0.0199,0.020200000000000003,0.0199,0.0198,0.0199,0.0195,0.0194,0.0196,0.0195,0.0199,0.020200000000000003,0.0201,0.0196,0.0198,0.0196,0.0198,0.019700000000000002,0.0198,0.019700000000000002,0.02,0.0198,0.019700000000000002,0.0196,0.019700000000000002,0.0196,0.0195,0.0198,0.0201,0.0199,0.019700000000000002,0.0196,0.0198,0.019700000000000002,0.0196,0.019700000000000002,0.0194,0.0198,0.02,0.0199,0.0198,0.019700000000000002,0.019700000000000002,0.0201,0.0198,0.0199,0.0196,0.0196,0.019700000000000002,0.0198,0.020200000000000003,0.019700000000000002,0.02,0.0201,0.019700000000000002,0.0199,0.0196,0.0201,0.02,0.0198,0.0198,0.0199,0.0198,0.020300000000000002,0.0201,0.0198,0.0199,0.0198
,0.0641,0.019,0.0199,0.0194,0.019700000000000002,0.0198,0.020800000000000003,0.0193,0.019700000000000002,0.021,0.02,0.0193,0.0196,0.019700000000000002,0.0198,0.019700000000000002,0.0195,0.0196,0.0194,0.0198,0.0196,0.0198,0.0195,0.0195,0.019700000000000002,0.0199,0.020300000000000002,0.0199,0.019700000000000002,0.019700000000000002,0.0195,0.0195,0.0195,0.0201,0.0199,0.019700000000000002,0.0199,0.0198,0.0199,0.019700000000000002,0.0196,0.019700000000000002,0.019700000000000002,0.0195,0.0196,0.0195,0.019700000000000002,0.019200000000000002,0.019700000000000002,0.019700000000000002,0.02,0.019700000000000002,0.019700000000000002,0.0195,0.0199,0.02,0.02,0.02,0.02,0.019700000000000002,0.02,0.020200000000000003,0.0201,0.0201,0.0198,0.020300000000000002,0.0196,0.019700000000000002,0.02,0.02,0.0199,0.0196,0.0201,0.0201,0.020200000000000003,0.02,0.02,0.0199,0.02,0.0199,0.02,0.019700000000000002,0.02,0.019700000000000002,0.0194,0.0195,0.0195,0.0195,0.0195,0.0196,0.0195,0.0194,0.0195,0.0196,0.019700000000000002,0.0196,0.0196,0.0195,0.0195,0.019700000000000002,0.0198,0.0199,0.0199,0.019700000000000002,0.0199,0.0201,0.0198,0.0199,0.0201,0.0196,0.019700000000000002,0.0196,0.0196,0.019700000000000002,0.0199,0.020200000000000003,0.0199,0.0199,0.0199,0.0196,0.02,0.0198,0.019700000000000002,0.0199,0.0195,0.0196,0.0198,0.0198,0.0194,0.0196,0.0198,0.019700000000000002,0.0195,0.0199,0.0196,0.0196,0.0199,0.0196,0.0198
,0.0204,0.019200000000000002,0.0193,0.0194,0.019,0.020900000000000002,0.0199,0.020300000000000002,0.020800000000000003,0.0196,0.0193,0.020200000000000003,0.0201,0.02,0.0199,0.020300000000000002,0.0206,0.0194,0.0194,0.020300000000000002,0.020300000000000002,0.0201,0.0201,0.02,0.0198,0.0201,0.020300000000000002,0.0201,0.0198,0.0201,0.02,0.0201,0.0198,0.0201,0.0199,0.019700000000000002,0.0199,0.02,0.0198,0.0196,0.019700000000000002,0.0194,0.0195,0.0198,0.0198,0.0196,0.019700000000000002,0.019200000000000002,0.019700000000000002,0.0204,0.019700000000000002,0.020300000000000002,0.0199,0.020300000000000002,0.0198,0.020300000000000002,0.019700000000000002,0.02,0.02,0.0199,0.020300000000000002,0.0198,0.0201,0.020200000000000003,0.020200000000000003,0.020300000000000002,0.0198,0.0199,0.020200000000000003,0.020200000000000003,0.020200000000000003,0.0198,0.0196,0.0194,0.0198,0.0201,0.0204,0.0204,0.02,0.0198,0.020200000000000003,0.0196,0.02,0.019700000000000002,0.0201,0.019700000000000002,0.0201,0.0196,0.020200000000000003,0.0196,0.020200000000000003,0.02,0.0198,0.02,0.019700000000000002,0.0201,0.0199,0.0201,0.0199,0.0198,0.0201,0.019700000000000002,0.0198,0.0199,0.0199,0.02,0.02,0.0196,0.0198,0.0201,0.0201,0.0199,0.019700000000000002,0.0199,0.0196,0.020200000000000003,0.0201,0.02,0.02,0.0199,0.0201,0.0204,0.0201,0.02,0.0198,0.0198,0.0198,0.0199,0.019700000000000002,0.0196,0.0198,0.019700000000000002,0.0198,0.020200000000000003,0.0196,0.0195,0.019700000000000002,0.0198,0.0198
,0.0641,0.0195,0.0187,0.0194,0.0187,0.0196,0.0199,0.0198,0.02,0.021,0.0195,0.020800000000000003,0.0205,0.019700000000000002,0.0199,0.020200000000000003,0.0206,0.0205,0.020200000000000003,0.020300000000000002,0.020300000000000002,0.0201,0.0201,0.02,0.0201,0.0201,0.020300000000000002,0.0201,0.0198,0.0201,0.02,0.0201,0.0198,0.0196,0.0194,0.0196,0.0198,0.0196,0.0195,0.019700000000000002,0.0196,0.0194,0.0195,0.0195,0.0196,0.0195,0.019700000000000002,0.019700000000000002,0.02,0.02,0.0195,0.0201,0.0196,0.0201,0.0198,0.020300000000000002,0.02,0.02,0.0201,0.02,0.02,0.0196,0.0198,0.0199,0.019700000000000002,0.0201,0.0198,0.0199,0.020200000000000003,0.020200000000000003,0.020200000000000003,0.0198,0.0201,0.020200000000000003,0.02,0.0198,0.0204,0.0204,0.02,0.0198,0.020200000000000003,0.0196,0.02,0.019700000000000002,0.0201,0.019700000000000002,0.0201,0.0196,0.020200000000000003,0.0196,0.020200000000000003,0.02,0.0198,0.02,0.019700000000000002,0.0201,0.0199,0.0201,0.0199,0.0198,0.0201,0.019700000000000002,0.0198,0.0199,0.0199,0.02,0.02,0.0196,0.0198,0.0201,0.0201,0.0199,0.019700000000000002,0.0199,0.0196,0.0196,0.0201,0.02,0.02,0.0199,0.0201,0.0204,0.0201,0.02,0.0198,0.0198,0.0198,0.0199,0.019700000000000002,0.0196,0.0198,0.019700000000000002,0.0198,0.020200000000000003,0.0201,0.02,0.019700000000000002,0.02,0.0201
,0.0175,0.019,0.0187,0.0195,0.0187,0.0196,0.0189,0.0198,0.0193,0.019200000000000002,0.0205,0.020800000000000003,0.0205,0.0206,0.0205,0.020300000000000002,0.02,0.0205,0.020200000000000003,0.0201,0.020200000000000003,0.0199,0.02,0.0201,0.0201,0.0199,0.0201,0.0195,0.0194,0.0195,0.0194,0.0195,0.019700000000000002,0.019700000000000002,0.0198,0.0198,0.0198,0.02,0.0199,0.020200000000000003,0.0206,0.0206,0.0207,0.020800000000000003,0.0194,0.019700000000000002,0.0198,0.0204,0.0196,0.0199,0.020200000000000003,0.0199,0.0199,0.0201,0.0199,0.0199,0.0201,0.020200000000000003,0.02,0.0198,0.02,0.020200000000000003,0.019700000000000002,0.020200000000000003,0.020200000000000003,0.0199,0.020200000000000003,0.020300000000000002,0.019700000000000002,0.02,0.020300000000000002,0.0201,0.0201,0.020200000000000003,0.02,0.0198,0.020300000000000002,0.0199,0.0201,0.020200000000000003,0.0205,0.0199,0.0201,0.0199,0.0199,0.020200000000000003,0.02,0.0198,0.020300000000000002,0.020200000000000003,0.0201,0.020300000000000002,0.0205,0.020200000000000003,0.02,0.0201,0.020300000000000002,0.02,0.020200000000000003,0.020200000000000003,0.0205,0.0198,0.020300000000000002,0.020200000000000003,0.0201,0.020200000000000003,0.0201,0.019700000000000002,0.02,0.0199,0.0201,0.020300000000000002,0.020300000000000002,0.02,0.0199,0.0196,0.0199,0.0198,0.02,0.0201,0.0198,0.0195,0.0196,0.02,0.02,0.0199,0.0199,0.019700000000000002,0.0198,0.0198,0.02,0.02,0.0201,0.02,0.0201,0.02,0.02,0.0199,0.02
,0.0172,0.019,0.0188,0.0194,0.0194,0.0189,0.0195,0.0189,0.0195,0.019200000000000002,0.0205,0.019,0.0194,0.0206,0.0205,0.020200000000000003,0.02,0.0198,0.0199,0.0201,0.020200000000000003,0.0199,0.02,0.0201,0.0201,0.0199,0.0193,0.0198,0.0201,0.0199,0.0199,0.019700000000000002,0.0195,0.019700000000000002,0.0194,0.0196,0.0194,0.0196,0.0198,0.0198,0.0198,0.019700000000000002,0.02,0.0196,0.0206,0.020300000000000002,0.0207,0.0198,0.0196,0.0199,0.020200000000000003,0.0199,0.0199,0.0201,0.02,0.019700000000000002,0.0195,0.02,0.0201,0.02,0.020300000000000002,0.019700000000000002,0.0199,0.0198,0.019700000000000002,0.019700000000000002,0.02,0.0201,0.0195,0.0198,0.0201,0.0199,0.020200000000000003,0.019700000000000002,0.0201,0.020200000000000003,0.0198,0.0199,0.0201,0.020200000000000003,0.0205,0.0199,0.0201,0.0199,0.0199,0.020200000000000003,0.02,0.0198,0.020300000000000002,0.020200000000000003,0.0201,0.020300000000000002,0.0205,0.020200000000000003,0.02,0.0201,0.0198,0.0199,0.02,0.019700000000000002,0.0199,0.0196,0.0199,0.020300000000000002,0.0205,0.0199,0.020200000000000003,0.020200000000000003,0.0204,0.0205,0.0199,0.0201,0.020200000000000003,0.0206,0.020300000000000002,0.0199,0.02,0.0201,0.020200000000000003,0.0205,0.0204,0.020300000000000002,0.0199,0.0201,0.0199,0.02,0.020200000000000003,0.020300000000000002,0.0204,0.020200000000000003,0.02,0.020200000000000003,0.0195,0.0198,0.02,0.0198,0.02,0.0199,0.0201
,0.0172,0.0183,0.0194,0.0195,0.0194,0.0196,0.0195,0.019200000000000002,0.019,0.0194,0.019,0.0195,0.0195,0.0193,0.019200000000000002,0.0196,0.0195,0.0198,0.0199,0.0196,0.0193,0.0194,0.0195,0.0194,0.0201,0.019200000000000002,0.0201,0.0198,0.0201,0.0199,0.0195,0.019700000000000002,0.0195,0.0199,0.019700000000000002,0.0195,0.0195,0.0198,0.0196,0.0196,0.0196,0.0194,0.0196,0.02,0.0199,0.0195,0.020200000000000003,0.0199,0.019700000000000002,0.02,0.0198,0.0198,0.0201,0.0198,0.0198,0.02,0.0201,0.020300000000000002,0.0201,0.0201,0.0205,0.020300000000000002,0.0201,0.0198,0.0199,0.0198,0.0196,0.0196,0.0198,0.0198,0.0198,0.0196,0.0199,0.0195,0.0199,0.0198,0.0199,0.020300000000000002,0.02,0.0198,0.02,0.0205,0.0206,0.0205,0.0205,0.0206,0.0196,0.0194,0.0196,0.02,0.02,0.0201,0.0201,0.0198,0.019700000000000002,0.0195,0.020300000000000002,0.02,0.020200000000000003,0.020200000000000003,0.0205,0.0198,0.020300000000000002,0.020300000000000002,0.0205,0.0199,0.020200000000000003,0.020200000000000003,0.0204,0.0205,0.0199,0.0201,0.020200000000000003,0.0206,0.020300000000000002,0.020200000000000003,0.02,0.0201,0.020200000000000003,0.0205,0.0204,0.020300000000000002,0.0199,0.0201,0.0199,0.02,0.020200000000000003,0.020300000000000002,0.02,0.019700000000000002,0.0198,0.0198,0.02,0.0199,0.019700000000000002,0.02,0.02,0.020300000000000002,0.0201
,0.0188,0.0178,0.0188,0.0195,0.0193,0.0193,0.0189,0.019200000000000002,0.019200000000000002,0.0193,0.0195,0.019100000000000002,0.019200000000000002,0.0195,0.0193,0.0193,0.019200000000000002,0.0195,0.0194,0.0193,0.0195,0.0195,0.0195,0.0195,0.019200000000000002,0.0201,0.0198,0.019700000000000002,0.019700000000000002,0.019700000000000002,0.0195,0.0199,0.0198,0.0199,0.019700000000000002,0.0195,0.0194,0.0196,0.0195,0.0198,0.0195,0.0195,0.019700000000000002,0.0199,0.0195,0.0199,0.0198,0.020200000000000003,0.019700000000000002,0.02,0.020200000000000003,0.0198,0.0198,0.020200000000000003,0.0201,0.0201,0.019700000000000002,0.0204,0.0201,0.0201,0.0205,0.0198,0.019700000000000002,0.0201,0.0199,0.0201,0.0201,0.0196,0.0201,0.0198,0.0196,0.02,0.0195,0.0199,0.0198,0.0199,0.0198,0.0198,0.019700000000000002,0.0199,0.02,0.0201,0.02,0.020200000000000003,0.0201,0.0198,0.0204,0.0206,0.0207,0.0205,0.0205,0.020800000000000003,0.020800000000000003,0.020900000000000002,0.021,0.0206,0.0205,0.0204,0.0205,0.020800000000000003,0.0207,0.021,0.021,0.021,0.0211,0.021,0.0211,0.0207,0.0205,0.020200000000000003,0.02,0.0201,0.0204,0.0205,0.020200000000000003,0.020200000000000003,0.0204,0.020200000000000003,0.020300000000000002,0.02,0.0198,0.020200000000000003,0.0195,0.020200000000000003,0.019700000000000002,0.0199,0.02,0.0196,0.0204,0.020200000000000003,0.02,0.0198,0.02,0.0199,0.0199,0.02,0.02,0.0199,0.0196
,0.0149,0.0183,0.0194,0.019200000000000002,0.0193,0.019200000000000002,0.0189,0.0188,0.019200000000000002,0.0193,0.019,0.020300000000000002,0.020200000000000003,0.019,0.019100000000000002,0.0194,0.0195,0.0194,0.0195,0.020300000000000002,0.0198,0.0201,0.0198,0.0198,0.0199,0.019100000000000002,0.019700000000000002,0.0194,0.019100000000000002,0.019700000000000002,0.0199,0.0196,0.0198,0.0195,0.019700000000000002,0.019700000000000002,0.019700000000000002,0.0193,0.0196,0.0199,0.0199,0.0199,0.0198,0.0199,0.0194,0.02,0.0199,0.020200000000000003,0.0199,0.020300000000000002,0.019700000000000002,0.0196,0.0198,0.0196,0.0201,0.0201,0.019700000000000002,0.0204,0.0201,0.02,0.0201,0.0198,0.02,0.0198,0.0199,0.0198,0.0201,0.0196,0.0201,0.0198,0.0196,0.02,0.02,0.0196,0.0198,0.0198,0.0196,0.0196,0.019700000000000002,0.0196,0.019700000000000002,0.020200000000000003,0.020200000000000003,0.020200000000000003,0.0201,0.02,0.019700000000000002,0.0198,0.019700000000000002,0.019700000000000002,0.019700000000000002,0.0199,0.0199,0.02,0.0201,0.0199,0.019700000000000002,0.0196,0.019700000000000002,0.0199,0.0199,0.020200000000000003,0.0201,0.0201,0.02,0.02,0.0201,0.0199,0.019700000000000002,0.0194,0.0194,0.0195,0.0198,0.0199,0.0198,0.0201,0.0199,0.0195,0.0196,0.020300000000000002,0.0199,0.0198,0.0199,0.02,0.0201,0.02,0.02,0.02,0.0199,0.02,0.02,0.0199,0.0199,0.0199,0.0199,0.02,0.0201,0.02,0.02
,0.0149,0.0178,0.01,0.019200000000000002,0.0188,0.019,0.019,0.0188,0.0199,0.0199,0.0195,0.020300000000000002,0.020200000000000003,0.0196,0.020300000000000002,0.0201,0.0198,0.0195,0.0198,0.0195,0.0198,0.0201,0.0198,0.0198,0.02,0.0201,0.0198,0.019700000000000002,0.019700000000000002,0.0199,0.0195,0.0199,0.0194,0.019700000000000002,0.019700000000000002,0.0195,0.0196,0.0193,0.0196,0.0199,0.0199,0.0199,0.0198,0.0199,0.0194,0.02,0.0199,0.019700000000000002,0.020200000000000003,0.0199,0.02,0.0201,0.0206,0.0201,0.0199,0.0201,0.0201,0.02,0.0201,0.02,0.0201,0.020300000000000002,0.019700000000000002,0.0201,0.02,0.0201,0.02,0.0196,0.019700000000000002,0.0196,0.0201,0.020200000000000003,0.02,0.0199,0.0196,0.0194,0.0195,0.0196,0.019700000000000002,0.0199,0.0201,0.020200000000000003,0.020200000000000003,0.02,0.0198,0.02,0.0201,0.0198,0.0198,0.0199,0.0199,0.0199,0.019700000000000002,0.0198,0.0199,0.0199,0.019700000000000002,0.019700000000000002,0.019700000000000002,0.02,0.02,0.02,0.0198,0.019700000000000002,0.0201,0.0199,0.02,0.0196,0.0198,0.0196,0.02,0.0201,0.0199,0.0195,0.020300000000000002,0.0199,0.020200000000000003,0.0201,0.020200000000000003,0.020300000000000002,0.0199,0.0198,0.0199,0.02,0.0201,0.02,0.02,0.02,0.0199,0.02,0.02,0.0199,0.0199,0.0199,0.0196,0.019700000000000002,0.0201,0.02,0.02
,0.0176,0.019,0.0194,0.019200000000000002,0.0193,0.0195,0.019,0.019700000000000002,0.0199,0.0199,0.0195,0.019100000000000002,0.019200000000000002,0.0196,0.020300000000000002,0.0201,0.0198,0.0199,0.0196,0.020300000000000002,0.0196,0.0196,0.019200000000000002,0.0196,0.02,0.019100000000000002,0.02,0.0194,0.0195,0.0199,0.02,0.0198,0.0198,0.0195,0.019700000000000002,0.019700000000000002,0.0196,0.020200000000000003,0.020200000000000003,0.0199,0.0196,0.0198,0.020200000000000003,0.02,0.0198,0.0199,0.0199,0.0201,0.020200000000000003,0.020300000000000002,0.020200000000000003,0.0201,0.0206,0.0201,0.0199,0.0201,0.0201,0.02,0.0196,0.019700000000000002,0.019700000000000002,0.020300000000000002,0.020200000000000003,0.0205,0.020300000000000002,0.020300000000000002,0.020200000000000003,0.0201,0.02,0.02,0.0198,0.019700000000000002,0.020300000000000002,0.02,0.02,0.0199,0.0199,0.0201,0.02,0.0201,0.02,0.0198,0.0198,0.019700000000000002,0.019700000000000002,0.0198,0.0199,0.0198,0.0194,0.0196,0.019700000000000002,0.020200000000000003,0.0198,0.0196,0.0196,0.019700000000000002,0.0198,0.0198,0.019700000000000002,0.0196,0.0198,0.0199,0.0199,0.0201,0.020200000000000003,0.020300000000000002,0.0201,0.0201,0.0198,0.019700000000000002,0.0196,0.0199,0.0196,0.0195,0.0196,0.0199,0.0196,0.0199,0.0199,0.0198,0.0199,0.0199,0.0199,0.019700000000000002,0.0196,0.019700000000000002,0.019700000000000002,0.0195,0.02,0.0201,0.020300000000000002,0.02,0.0196,0.0198,0.0196,0.019700000000000002,0.019700000000000002,0.0196,0.0196
,0.0176,0.019,0.019100000000000002,0.0194,0.0188,0.019,0.0194,0.019700000000000002,0.0193,0.020200000000000003,0.0198,0.019100000000000002,0.019200000000000002,0.0194,0.019700000000000002,0.0194,0.0194,0.0199,0.0198,0.0198,0.0194,0.0196,0.0193,0.0196,0.019700000000000002,0.019100000000000002,0.02,0.0194,0.0195,0.019700000000000002,0.02,0.0198,0.0198,0.0196,0.019700000000000002,0.020200000000000003,0.020200000000000003,0.0198,0.019700000000000002,0.020300000000000002,0.02,0.0201,0.020300000000000002,0.0201,0.020200000000000003,0.020200000000000003,0.02,0.02,0.020200000000000003,0.02,0.0198,0.0195,0.020200000000000003,0.02,0.0194,0.0195,0.019100000000000002,0.0195,0.0195,0.019700000000000002,0.019700000000000002,0.020200000000000003,0.020200000000000003,0.0205,0.020300000000000002,0.020300000000000002,0.0205,0.020200000000000003,0.0205,0.0207,0.0205,0.0204,0.0196,0.0196,0.0199,0.02,0.0201,0.0199,0.0199,0.0198,0.02,0.019700000000000002,0.0198,0.0195,0.020200000000000003,0.0198,0.0199,0.0198,0.0194,0.0196,0.019700000000000002,0.020200000000000003,0.0198,0.0196,0.0196,0.019700000000000002,0.0198,0.0198,0.0196,0.0198,0.0195,0.0196,0.0198,0.0195,0.019700000000000002,0.0196,0.0199,0.0199,0.019700000000000002,0.02,0.0199,0.019700000000000002,0.0201,0.0195,0.0195,0.0195,0.0195,0.0198,0.0198,0.0198,0.02,0.02,0.019700000000000002,0.0198,0.0195,0.02,0.0198,0.02,0.0199,0.0199,0.0199,0.020200000000000003,0.0204,0.0201,0.0198,0.0199,0.019700000000000002,0.0196,0.0196
,0.0239,0.018600000000000002,0.019100000000000002,0.0194,0.0196,0.0195,0.0199,0.0193,0.0198,0.0193,0.0198,0.0198,0.0193,0.0194,0.019700000000000002,0.0194,0.0194,0.019200000000000002,0.0196,0.0198,0.0194,0.0196,0.0193,0.0194,0.019700000000000002,0.0194,0.0199,0.0196,0.0198,0.0198,0.0198,0.020300000000000002,0.0201,0.0196,0.019700000000000002,0.020200000000000003,0.020200000000000003,0.020200000000000003,0.020200000000000003,0.020300000000000002,0.02,0.0201,0.020300000000000002,0.0201,0.020200000000000003,0.02,0.0198,0.0201,0.0195,0.02,0.0198,0.0195,0.020200000000000003,0.02,0.0196,0.0198,0.0196,0.0196,0.0196,0.0195,0.0199,0.020200000000000003,0.0199,0.0199,0.0196,0.02,0.0205,0.020200000000000003,0.02,0.0207,0.0205,0.02,0.020300000000000002,0.0206,0.0205,0.020300000000000002,0.0201,0.02,0.02,0.0199,0.0198,0.0198,0.0198,0.019700000000000002,0.019700000000000002,0.0199,0.0199,0.0199,0.02,0.02,0.0201,0.0201,0.02,0.02,0.0199,0.0199,0.0198,0.0196,0.019700000000000002,0.0196,0.0195,0.0196,0.0198,0.0195,0.019700000000000002,0.0196,0.0199,0.0199,0.019700000000000002,0.02,0.0199,0.019700000000000002,0.0201,0.0195,0.0195,0.0194,0.0195,0.0198,0.0198,0.0198,0.019700000000000002,0.0198,0.0199,0.0199,0.020200000000000003,0.02,0.0198,0.0198,0.0199,0.0199,0.0199,0.0199,0.0196,0.019700000000000002,0.02,0.0198,0.0199,0.0196,0.0198
,0.0253,0.018600000000000002,0.019700000000000002,0.019100000000000002,0.019700000000000002,0.019700000000000002,0.0199,0.019700000000000002,0.0198,0.020200000000000003,0.0198,0.0193,0.0201,0.0194,0.0195,0.0194,0.0196,0.019200000000000002,0.0196,0.0193,0.0196,0.0194,0.0195,0.0199,0.0193,0.0196,0.0199,0.0196,0.0198,0.0198,0.0198,0.020300000000000002,0.0201,0.019700000000000002,0.0196,0.0196,0.0199,0.020300000000000002,0.0198,0.0196,0.0199,0.0201,0.0198,0.019700000000000002,0.0201,0.020200000000000003,0.02,0.0199,0.0198,0.019700000000000002,0.0198,0.0193,0.0196,0.0194,0.0196,0.0198,0.0196,0.0196,0.0196,0.0195,0.020200000000000003,0.0195,0.0199,0.0199,0.019700000000000002,0.0199,0.0204,0.0201,0.0205,0.019700000000000002,0.0196,0.0196,0.02,0.0204,0.0204,0.0201,0.0204,0.0199,0.0199,0.0198,0.02,0.019700000000000002,0.0198,0.0199,0.0199,0.0199,0.020200000000000003,0.02,0.0198,0.0199,0.0201,0.0201,0.02,0.0199,0.02,0.0198,0.0201,0.0201,0.020200000000000003,0.020200000000000003,0.020300000000000002,0.0201,0.0199,0.0199,0.0201,0.0201,0.020300000000000002,0.020300000000000002,0.0201,0.020200000000000003,0.0199,0.02,0.02,0.02,0.0199,0.0194,0.0196,0.0196,0.019700000000000002,0.019700000000000002,0.02,0.02,0.019700000000000002,0.0198,0.0195,0.019200000000000002,0.0196,0.02,0.0199,0.0199,0.0199,0.020200000000000003,0.0204,0.0201,0.0194,0.0195,0.0199,0.020200000000000003,0.020300000000000002
,0.0189,0.019700000000000002,0.019100000000000002,0.0196,0.019700000000000002,0.0195,0.0198,0.019700000000000002,0.0196,0.019700000000000002,0.019200000000000002,0.0198,0.0201,0.0196,0.0199,0.02,0.02,0.019700000000000002,0.0195,0.020200000000000003,0.0199,0.0198,0.0196,0.019700000000000002,0.0196,0.0196,0.0194,0.0196,0.02,0.0196,0.02,0.0198,0.0196,0.0198,0.0196,0.0196,0.0198,0.02,0.0198,0.0199,0.0198,0.0199,0.0198,0.0199,0.0199,0.0198,0.019700000000000002,0.02,0.0198,0.0198,0.019700000000000002,0.02,0.02,0.0195,0.0196,0.0196,0.019700000000000002,0.0196,0.019700000000000002,0.0199,0.0199,0.0204,0.0201,0.019700000000000002,0.0196,0.02,0.019700000000000002,0.0201,0.02,0.0198,0.0198,0.0204,0.0198,0.0206,0.0205,0.020300000000000002,0.0199,0.02,0.02,0.0199,0.0198,0.0198,0.0198,0.0199,0.0199,0.0199,0.0199,0.0199,0.02,0.02,0.0198,0.019700000000000002,0.019200000000000002,0.02,0.0199,0.0199,0.0201,0.0201,0.020200000000000003,0.020200000000000003,0.020300000000000002,0.0201,0.0199,0.0199,0.0201,0.0201,0.020300000000000002,0.020300000000000002,0.0201,0.020200000000000003,0.0199,0.02,0.02,0.0201,0.0198,0.019700000000000002,0.020200000000000003,0.0199,0.0199,0.02,0.019700000000000002,0.0198,0.0199,0.0199,0.020200000000000003,0.0199,0.019700000000000002,0.019700000000000002,0.0198,0.0201,0.020300000000000002,0.0198,0.0198,0.019700000000000002,0.02,0.0198,0.0196,0.0198,0.0199
,0.0183,0.0193,0.018500000000000003,0.0183,0.0194,0.0195,0.019200000000000002,0.0196,0.0198,0.0196,0.0198,0.0195,0.0198,0.0196,0.0199,0.02,0.02,0.0198,0.0199,0.020200000000000003,0.0199,0.0198,0.0196,0.019700000000000002,0.0195,0.0195,0.019700000000000002,0.0195,0.0194,0.0198,0.0196,0.019700000000000002,0.0199,0.0199,0.02,0.0198,0.0196,0.02,0.0198,0.0199,0.0198,0.0199,0.0198,0.019700000000000002,0.019700000000000002,0.0195,0.0199,0.02,0.0195,0.02,0.02,0.020200000000000003,0.0194,0.0196,0.020200000000000003,0.0199,0.0196,0.019700000000000002,0.0199,0.0195,0.0199,0.0199,0.0196,0.0198,0.020200000000000003,0.0195,0.0204,0.0194,0.0199,0.019700000000000002,0.0196,0.02,0.020300000000000002,0.0204,0.0204,0.0201,0.0199,0.0204,0.0206,0.0207,0.0206,0.0204,0.0205,0.0204,0.0205,0.0205,0.0207,0.020900000000000002,0.0205,0.0204,0.019700000000000002,0.0196,0.02,0.0199,0.020300000000000002,0.0198,0.0198,0.0201,0.0199,0.02,0.020200000000000003,0.020300000000000002,0.0201,0.02,0.0199,0.0199,0.0199,0.0199,0.0195,0.0196,0.0199,0.0198,0.019700000000000002,0.02,0.0199,0.020300000000000002,0.0196,0.0196,0.019700000000000002,0.019700000000000002,0.0196,0.0199,0.019700000000000002,0.0194,0.0196,0.019200000000000002,0.0196,0.019700000000000002,0.0198,0.0201,0.020300000000000002,0.0198,0.0198,0.019700000000000002,0.0195,0.0195,0.0199,0.0198,0.0199
,0.0183,0.018600000000000002,0.0189,0.02,0.0196,0.0195,0.0195,0.0194,0.0194,0.019,0.019700000000000002,0.0199,0.019700000000000002,0.0198,0.0194,0.0194,0.0194,0.0198,0.0199,0.019700000000000002,0.0195,0.0198,0.0199,0.0199,0.0196,0.0199,0.0199,0.0198,0.02,0.0195,0.0196,0.0196,0.0199,0.0199,0.02,0.0198,0.0196,0.0194,0.019700000000000002,0.0195,0.019700000000000002,0.019700000000000002,0.019700000000000002,0.0199,0.0199,0.0198,0.0199,0.019700000000000002,0.0196,0.019,0.019200000000000002,0.0194,0.0204,0.0196,0.0199,0.0201,0.0196,0.0199,0.0199,0.0195,0.019700000000000002,0.0199,0.0204,0.020300000000000002,0.0204,0.02,0.0194,0.0199,0.0201,0.0199,0.0198,0.0194,0.02,0.019700000000000002,0.019700000000000002,0.020300000000000002,0.0204,0.0196,0.0206,0.0207,0.0206,0.0204,0.0199,0.02,0.02,0.02,0.0201,0.020200000000000003,0.0201,0.02,0.019700000000000002,0.0196,0.019700000000000002,0.02,0.0199,0.0199,0.0199,0.019700000000000002,0.02,0.0199,0.020300000000000002,0.0206,0.0205,0.0207,0.0206,0.0204,0.020300000000000002,0.020200000000000003,0.020200000000000003,0.02,0.0198,0.02,0.02,0.0198,0.0199,0.019700000000000002,0.02,0.020200000000000003,0.020300000000000002,0.0204,0.0204,0.0205,0.0206,0.0206,0.0207,0.0206,0.0205,0.0205,0.0205,0.0205,0.0205,0.0204,0.0204,0.0204,0.0195,0.0195,0.019700000000000002,0.0198,0.019700000000000002
,0.0176,0.018000000000000002,0.0201,0.019,0.0183,0.019200000000000002,0.0189,0.0194,0.0194,0.019,0.0193,0.0188,0.019200000000000002,0.0194,0.0193,0.0196,0.0198,0.0193,0.0195,0.019200000000000002,0.0195,0.0198,0.019700000000000002,0.0199,0.0198,0.0199,0.0199,0.0199,0.0196,0.019700000000000002,0.0198,0.0198,0.0195,0.0194,0.0194,0.019700000000000002,0.0196,0.0195,0.0196,0.019700000000000002,0.0195,0.0193,0.0196,0.0196,0.019700000000000002,0.0199,0.0195,0.02,0.02,0.019,0.019200000000000002,0.0194,0.0194,0.020200000000000003,0.0199,0.0201,0.0196,0.0199,0.0199,0.0195,0.0194,0.019700000000000002,0.0196,0.0198,0.020200000000000003,0.0195,0.0194,0.0199,0.0201,0.0199,0.0198,0.0194,0.019700000000000002,0.019700000000000002,0.0201,0.02,0.0199,0.0204,0.0199,0.0198,0.0199,0.0199,0.0196,0.0204,0.0205,0.0205,0.0207,0.020900000000000002,0.0205,0.0196,0.0199,0.02,0.0198,0.0201,0.020300000000000002,0.0205,0.0207,0.0205,0.0206,0.0206,0.0206,0.0199,0.0198,0.0201,0.02,0.0199,0.0198,0.02,0.0199,0.02,0.019700000000000002,0.020200000000000003,0.02,0.02,0.02,0.0199,0.0199,0.0201,0.02,0.0204,0.0204,0.0205,0.0206,0.0206,0.0207,0.0206,0.0205,0.0205,0.0205,0.0205,0.0205,0.0204,0.0204,0.0204,0.0205,0.0206,0.019700000000000002,0.0198,0.019700000000000002
,0.0182,0.018000000000000002,0.018600000000000002,0.018000000000000002,0.0201,0.0196,0.0188,0.0189,0.02,0.0195,0.019200000000000002,0.0188,0.019200000000000002,0.019200000000000002,0.0195,0.0194,0.019200000000000002,0.019700000000000002,0.0194,0.019700000000000002,0.0195,0.0198,0.0199,0.0199,0.0199,0.0199,0.0199,0.0199,0.0196,0.019700000000000002,0.0198,0.0198,0.0199,0.0195,0.0193,0.0194,0.0195,0.0193,0.0194,0.0194,0.0194,0.0195,0.0193,0.0193,0.019700000000000002,0.0193,0.0199,0.02,0.0194,0.019700000000000002,0.0195,0.0194,0.0198,0.0195,0.019700000000000002,0.0196,0.019200000000000002,0.0196,0.02,0.0204,0.02,0.0196,0.02,0.0198,0.019700000000000002,0.0194,0.0195,0.0195,0.0196,0.0199,0.0201,0.020300000000000002,0.019700000000000002,0.019700000000000002,0.019700000000000002,0.020300000000000002,0.0198,0.0198,0.0201,0.0201,0.0199,0.0196,0.0205,0.019700000000000002,0.0198,0.019700000000000002,0.0195,0.0195,0.019700000000000002,0.0204,0.0199,0.02,0.0198,0.0201,0.020300000000000002,0.0205,0.0207,0.0205,0.0206,0.0206,0.0206,0.0206,0.0205,0.0207,0.0206,0.0204,0.020300000000000002,0.020200000000000003,0.020200000000000003,0.02,0.0198,0.02,0.02,0.0198,0.0199,0.020200000000000003,0.02,0.020200000000000003,0.020300000000000002,0.0199,0.0199,0.02,0.02,0.0199,0.020200000000000003,0.0199,0.0198,0.020200000000000003,0.0199,0.0199,0.020200000000000003,0.0198,0.02,0.0201,0.0205,0.0206,0.0206,0.0205,0.0205
,0.0176,0.019100000000000002,0.018600000000000002,0.018000000000000002,0.018600000000000002,0.0187,0.0199,0.019200000000000002,0.0193,0.019700000000000002,0.019200000000000002,0.0194,0.02,0.019200000000000002,0.0195,0.0194,0.019200000000000002,0.0199,0.0195,0.0193,0.0193,0.0198,0.019700000000000002,0.0193,0.0199,0.02,0.0193,0.0193,0.019700000000000002,0.0198,0.0193,0.0196,0.0195,0.0193,0.0189,0.0195,0.019200000000000002,0.0198,0.0195,0.0195,0.0196,0.0199,0.02,0.0199,0.0199,0.019700000000000002,0.019700000000000002,0.019700000000000002,0.0194,0.019700000000000002,0.0195,0.0194,0.0198,0.0195,0.02,0.0198,0.0198,0.019700000000000002,0.016300000000000002,0.0159,0.0155,0.020200000000000003,0.0196,0.0195,0.019,0.0196,0.0196,0.0196,0.0199,0.0201,0.0198,0.0196,0.0205,0.0204,0.020200000000000003,0.02,0.0199,0.0196,0.0194,0.0195,0.0194,0.0196,0.0198,0.019700000000000002,0.0198,0.0196,0.0199,0.0194,0.019700000000000002,0.0198,0.0198,0.0198,0.0198,0.0198,0.0198,0.019700000000000002,0.0195,0.0199,0.019700000000000002,0.0198,0.019700000000000002,0.0198,0.019700000000000002,0.0196,0.0199,0.0196,0.0196,0.019700000000000002,0.0196,0.0196,0.019700000000000002,0.019700000000000002,0.0199,0.0199,0.0196,0.0199,0.019700000000000002,0.019700000000000002,0.019700000000000002,0.019700000000000002,0.0196,0.019200000000000002,0.0196,0.0199,0.019700000000000002,0.019700000000000002,0.019700000000000002,0.019700000000000002,0.0198,0.0199,0.019700000000000002,0.0198,0.0196,0.0194,0.019700000000000002,0.0201,0.0206,0.0205,0.0205
,0.0176,0.0146,0.018000000000000002,0.0182,0.019,0.0199,0.0188,0.0189,0.0194,0.0193,0.0199,0.0198,0.0198,0.02,0.0201,0.0199,0.02,0.019700000000000002,0.0196,0.019700000000000002,0.0198,0.0198,0.0198,0.0199,0.0195,0.019100000000000002,0.0195,0.019100000000000002,0.0194,0.0189,0.019200000000000002,0.019100000000000002,0.019200000000000002,0.02,0.02,0.02,0.0199,0.0199,0.02,0.019700000000000002,0.0196,0.0199,0.0193,0.0196,0.019700000000000002,0.0194,0.0194,0.019700000000000002,0.0196,0.0195,0.0195,0.0196,0.0195,0.0198,0.0177,0.0173,0.0172,0.0167,0.0194,0.0194,0.0195,0.0154,0.020200000000000003,0.02,0.020200000000000003,0.02,0.0196,0.0196,0.0195,0.0198,0.020200000000000003,0.019700000000000002,0.0195,0.0194,0.019700000000000002,0.0196,0.0198,0.0199,0.0198,0.02,0.0198,0.0196,0.0198,0.0196,0.0198,0.0201,0.02,0.0201,0.0198,0.0199,0.0198,0.0196,0.0194,0.0196,0.0196,0.02,0.020200000000000003,0.0198,0.0201,0.0196,0.0199,0.0195,0.0195,0.0196,0.02,0.0199,0.0199,0.02,0.0201,0.020300000000000002,0.020300000000000002,0.02,0.0199,0.02,0.019700000000000002,0.0193,0.020300000000000002,0.0204,0.0199,0.0198,0.0201,0.02,0.02,0.0199,0.019700000000000002,0.0198,0.019700000000000002,0.0195,0.0193,0.0196,0.0199,0.019700000000000002,0.0199,0.0201,0.0196,0.0198,0.0201,0.019700000000000002,0.02
,0.0182,0.02,0.018000000000000002,0.0182,0.018600000000000002,0.0188,0.0198,0.0199,0.02,0.0199,0.0199,0.0194,0.019700000000000002,0.0199,0.0195,0.019700000000000002,0.0201,0.0198,0.019700000000000002,0.0201,0.0204,0.020300000000000002,0.019200000000000002,0.019200000000000002,0.0195,0.0199,0.0196,0.0199,0.02,0.019700000000000002,0.0199,0.0201,0.019700000000000002,0.0201,0.0201,0.020200000000000003,0.0201,0.0195,0.0196,0.02,0.020200000000000003,0.0199,0.0193,0.0196,0.019700000000000002,0.0194,0.0199,0.0196,0.0196,0.0201,0.0205,0.0206,0.0206,0.020200000000000003,0.0195,0.0194,0.0198,0.0195,0.0198,0.0199,0.020300000000000002,0.0198,0.0151,0.0146,0.014400000000000001,0.0143,0.02,0.02,0.020200000000000003,0.0201,0.0201,0.0199,0.0198,0.019700000000000002,0.0199,0.0201,0.0199,0.020200000000000003,0.0199,0.0199,0.02,0.02,0.0198,0.0199,0.0199,0.019700000000000002,0.0198,0.020200000000000003,0.020200000000000003,0.020300000000000002,0.02,0.0199,0.0199,0.0199,0.020300000000000002,0.0201,0.020300000000000002,0.0204,0.0201,0.0199,0.02,0.02,0.020200000000000003,0.020200000000000003,0.020300000000000002,0.0198,0.02,0.019700000000000002,0.019700000000000002,0.0196,0.0195,0.019700000000000002,0.0198,0.0199,0.0198,0.020200000000000003,0.0196,0.0195,0.0198,0.02,0.0198,0.0199,0.019700000000000002,0.0196,0.019700000000000002,0.0196,0.0199,0.0199,0.02,0.0199,0.0195,0.0195,0.0196,0.0204,0.0201,0.0198,0.0198,0.0196,0.0194
,0.0205,0.018000000000000002,0.018600000000000002,0.019,0.018600000000000002,0.0188,0.0189,0.019700000000000002,0.018600000000000002,0.019,0.019200000000000002,0.0196,0.0193,0.0196,0.0195,0.019100000000000002,0.0194,0.0198,0.020300000000000002,0.0194,0.019700000000000002,0.0195,0.019700000000000002,0.0198,0.0198,0.020300000000000002,0.0204,0.0201,0.02,0.0204,0.0204,0.0201,0.02,0.019700000000000002,0.0199,0.0193,0.0196,0.0195,0.0196,0.019700000000000002,0.0196,0.020300000000000002,0.0199,0.019200000000000002,0.0196,0.0195,0.0194,0.0196,0.019700000000000002,0.0194,0.0188,0.0189,0.0183,0.0183,0.019700000000000002,0.0199,0.0201,0.02,0.0198,0.0199,0.020300000000000002,0.0199,0.0196,0.019200000000000002,0.0196,0.019700000000000002,0.014,0.013300000000000001,0.0132,0.0129,0.013000000000000001,0.0125,0.0201,0.020200000000000003,0.0201,0.02,0.0114,0.0112,0.011000000000000001,0.010700000000000001,0.010400000000000001,0.0103,0.01,0.010100000000000001,0.0099,0.02,0.0198,0.019700000000000002,0.0204,0.0199,0.020200000000000003,0.020200000000000003,0.0198,0.020300000000000002,0.0198,0.0196,0.0198,0.020200000000000003,0.0196,0.020200000000000003,0.020200000000000003,0.0199,0.0199,0.02,0.0201,0.0199,0.0198,0.0201,0.0204,0.02,0.0201,0.0199,0.0196,0.0198,0.02,0.020200000000000003,0.0199,0.0201,0.020200000000000003,0.02,0.02,0.0198,0.0201,0.02,0.0196,0.0199,0.0198,0.019700000000000002,0.0196,0.0199,0.02,0.02,0.0199,0.0195,0.02,0.0201,0.0199,0.02,0.0201
,0.0205,0.018000000000000002,0.018600000000000002,0.0193,0.018600000000000002,0.0188,0.0187,0.0187,0.019,0.019200000000000002,0.0196,0.019,0.018500000000000003,0.0193,0.019200000000000002,0.019200000000000002,0.019200000000000002,0.0196,0.0193,0.018600000000000002,0.019100000000000002,0.019100000000000002,0.0188,0.0187,0.02,0.0187,0.0187,0.0189,0.0194,0.019200000000000002,0.0194,0.0194,0.019200000000000002,0.0194,0.0199,0.0193,0.0196,0.0193,0.0193,0.0194,0.019700000000000002,0.0193,0.0195,0.019200000000000002,0.0196,0.0195,0.0199,0.020300000000000002,0.0201,0.0193,0.0193,0.0196,0.0194,0.0198,0.019700000000000002,0.0199,0.0201,0.02,0.0198,0.0196,0.0201,0.0199,0.0198,0.0199,0.0198,0.0201,0.0196,0.0193,0.0193,0.0193,0.0199,0.0196,0.0125,0.0118,0.0117,0.0115,0.0198,0.019700000000000002,0.0196,0.0195,0.0194,0.0194,0.0194,0.0201,0.02,0.02,0.0198,0.019700000000000002,0.0204,0.0199,0.020200000000000003,0.020200000000000003,0.0198,0.020300000000000002,0.0198,0.0196,0.0198,0.020200000000000003,0.0196,0.020200000000000003,0.020200000000000003,0.0199,0.0199,0.02,0.0201,0.0199,0.0198,0.0201,0.0204,0.02,0.0201,0.0199,0.0196,0.0198,0.02,0.02,0.0199,0.0201,0.020200000000000003,0.02,0.02,0.0196,0.0201,0.02,0.0196,0.0199,0.0198,0.019700000000000002,0.0196,0.0199,0.02,0.02,0.0199,0.0195,0.0196,0.02,0.0198,0.02,0.0198
,0.0123,0.0184,0.0189,0.019,0.0198,0.0198,0.0187,0.0189,0.019,0.019200000000000002,0.019100000000000002,0.019100000000000002,0.0194,0.0188,0.0196,0.019200000000000002,0.0187,0.0194,0.019200000000000002,0.0193,0.019200000000000002,0.019100000000000002,0.0188,0.0187,0.018600000000000002,0.0187,0.0187,0.0189,0.0193,0.0193,0.0195,0.0195,0.0195,0.019700000000000002,0.019,0.0188,0.019200000000000002,0.0195,0.019200000000000002,0.0195,0.0193,0.0193,0.0195,0.019700000000000002,0.020300000000000002,0.0205,0.020300000000000002,0.0193,0.019700000000000002,0.0198,0.02,0.0198,0.019700000000000002,0.020300000000000002,0.019700000000000002,0.0196,0.0193,0.019200000000000002,0.0199,0.0199,0.0196,0.0201,0.0198,0.0199,0.0198,0.0201,0.0199,0.02,0.019700000000000002,0.02,0.0198,0.020300000000000002,0.019700000000000002,0.0193,0.0194,0.0196,0.0198,0.0201,0.019700000000000002,0.0204,0.0198,0.0198,0.0196,0.019700000000000002,0.0196,0.0097,0.0098,0.0094,0.0094,0.0091,0.009000000000000001,0.009000000000000001,0.009000000000000001,0.0088,0.008700000000000001,0.008700000000000001,0.019700000000000002,0.0199,0.019700000000000002,0.0198,0.0199,0.0199,0.0194,0.02,0.0196,0.0196,0.020200000000000003,0.019700000000000002,0.02,0.0198,0.0199,0.0198,0.0196,0.0199,0.019700000000000002,0.02,0.020200000000000003,0.0198,0.0195,0.02,0.02,0.0198,0.0199,0.0198,0.0199,0.0198,0.0196,0.02,0.02,0.02,0.0198,0.0198,0.02,0.02,0.0196,0.02,0.0201,0.0195,0.0195
,0.0123,0.0184,0.0195,0.0194,0.019100000000000002,0.0188,0.0193,0.0189,0.0195,0.019200000000000002,0.018600000000000002,0.0194,0.0194,0.019200000000000002,0.0196,0.019200000000000002,0.019200000000000002,0.0188,0.018600000000000002,0.018600000000000002,0.019100000000000002,0.019200000000000002,0.0189,0.0189,0.0188,0.0187,0.0187,0.0189,0.0193,0.0193,0.0195,0.0195,0.0195,0.0193,0.0187,0.019200000000000002,0.0195,0.0195,0.019200000000000002,0.0195,0.019700000000000002,0.019100000000000002,0.0195,0.0196,0.019700000000000002,0.0196,0.019200000000000002,0.02,0.0194,0.0198,0.02,0.0198,0.019700000000000002,0.020300000000000002,0.020200000000000003,0.02,0.02,0.0199,0.0196,0.0198,0.0196,0.0198,0.019700000000000002,0.0199,0.02,0.0199,0.0199,0.02,0.019700000000000002,0.02,0.0198,0.020300000000000002,0.020300000000000002,0.0199,0.02,0.0196,0.0198,0.0199,0.019700000000000002,0.0204,0.0198,0.0198,0.0196,0.0201,0.02,0.0198,0.0199,0.0194,0.019700000000000002,0.0195,0.0194,0.0196,0.0196,0.0193,0.02,0.0198,0.019700000000000002,0.0199,0.019700000000000002,0.0198,0.0199,0.0199,0.0194,0.02,0.0196,0.0196,0.020200000000000003,0.019700000000000002,0.02,0.0198,0.0199,0.0198,0.0196,0.0199,0.019700000000000002,0.0194,0.020200000000000003,0.0198,0.0195,0.02,0.02,0.0196,0.0199,0.0198,0.0199,0.0198,0.0196,0.02,0.02,0.02,0.0198,0.0198,0.02,0.02,0.0199,0.0201,0.0201,0.02,0.0198
,0.0193,0.0164,0.0189,0.0188,0.019100000000000002,0.0188,0.0193,0.019100000000000002,0.0195,0.019200000000000002,0.0195,0.019100000000000002,0.0193,0.019200000000000002,0.0196,0.019,0.019700000000000002,0.0194,0.019200000000000002,0.0195,0.0195,0.0194,0.0195,0.0195,0.018600000000000002,0.0193,0.0196,0.0196,0.0196,0.019700000000000002,0.0196,0.019,0.019100000000000002,0.0193,0.0193,0.0193,0.0195,0.019100000000000002,0.019100000000000002,0.0196,0.019200000000000002,0.0193,0.0198,0.0195,0.0201,0.020300000000000002,0.020300000000000002,0.0194,0.0198,0.0193,0.0194,0.019700000000000002,0.0194,0.0195,0.019700000000000002,0.0198,0.0201,0.0198,0.0205,0.02,0.0196,0.0194,0.0196,0.0196,0.0196,0.02,0.0199,0.0198,0.0198,0.0201,0.0201,0.0198,0.020300000000000002,0.0199,0.02,0.0196,0.0198,0.0201,0.02,0.02,0.019700000000000002,0.0198,0.0201,0.0199,0.02,0.0198,0.0198,0.0198,0.0198,0.02,0.0196,0.0196,0.02,0.0194,0.0194,0.019700000000000002,0.019700000000000002,0.0085,0.0085,0.0085,0.0085,0.0085,0.0085,0.0083,0.0083,0.0082,0.0082,0.019700000000000002,0.008400000000000001,0.0083,0.0085,0.0085,0.0085,0.0085,0.0085,0.0194,0.0086,0.0086,0.008700000000000001,0.008700000000000001,0.0086,0.0088,0.0198,0.0198,0.0199,0.0199,0.02,0.0199,0.0199,0.0199,0.02,0.0198,0.019700000000000002,0.02,0.0199,0.0201,0.02,0.02,0.0201
,0.0176,0.019700000000000002,0.0198,0.0188,0.019100000000000002,0.0193,0.019,0.019100000000000002,0.0193,0.019200000000000002,0.018600000000000002,0.0194,0.0194,0.0194,0.0195,0.0195,0.019100000000000002,0.0193,0.0193,0.0194,0.0195,0.0194,0.0195,0.0195,0.0194,0.0193,0.0195,0.0196,0.0196,0.019700000000000002,0.0196,0.019,0.019100000000000002,0.0198,0.0187,0.019200000000000002,0.019,0.019100000000000002,0.019100000000000002,0.0196,0.019200000000000002,0.0193,0.0198,0.0194,0.0193,0.0195,0.019700000000000002,0.02,0.0198,0.0199,0.0198,0.0199,0.0198,0.02,0.02,0.0199,0.0201,0.0201,0.0205,0.02,0.0201,0.0201,0.0195,0.0201,0.0199,0.02,0.0199,0.0199,0.02,0.0201,0.0201,0.0198,0.0199,0.0199,0.02,0.020300000000000002,0.0198,0.0199,0.02,0.02,0.019700000000000002,0.0198,0.0201,0.0199,0.02,0.0198,0.0198,0.0198,0.0196,0.0198,0.0196,0.0196,0.02,0.0194,0.02,0.0198,0.008700000000000001,0.0196,0.0196,0.0195,0.019700000000000002,0.019700000000000002,0.019700000000000002,0.0196,0.0195,0.019700000000000002,0.0198,0.0083,0.019700000000000002,0.0195,0.0198,0.0198,0.019700000000000002,0.019700000000000002,0.019700000000000002,0.0085,0.019700000000000002,0.0196,0.019700000000000002,0.0196,0.0198,0.0199,0.0194,0.008700000000000001,0.0088,0.0088,0.0088,0.0089,0.0089,0.02,0.0194,0.019700000000000002,0.0199,0.019700000000000002,0.0198,0.0199,0.02,0.02,0.0201
,0.0342,0.0164,0.018500000000000003,0.018600000000000002,0.0187,0.0193,0.019100000000000002,0.0194,0.0194,0.019200000000000002,0.0195,0.0193,0.0193,0.0196,0.0195,0.0196,0.0193,0.019200000000000002,0.0193,0.0195,0.019100000000000002,0.019100000000000002,0.019200000000000002,0.0195,0.0194,0.0194,0.0196,0.0195,0.0196,0.0194,0.0194,0.0193,0.0196,0.0198,0.0193,0.0193,0.019,0.0198,0.0198,0.019700000000000002,0.0196,0.0196,0.0195,0.020200000000000003,0.0196,0.0198,0.0199,0.02,0.019,0.019700000000000002,0.019700000000000002,0.0196,0.0199,0.0201,0.02,0.0199,0.0201,0.0201,0.02,0.02,0.0196,0.0201,0.02,0.0195,0.0199,0.0194,0.0199,0.0198,0.0198,0.0199,0.0199,0.02,0.0199,0.0199,0.02,0.020300000000000002,0.0201,0.0204,0.0204,0.020200000000000003,0.0201,0.0199,0.02,0.019700000000000002,0.0201,0.0195,0.0198,0.019700000000000002,0.0198,0.02,0.0201,0.0201,0.02,0.0198,0.02,0.0204,0.0204,0.020300000000000002,0.020200000000000003,0.0201,0.02,0.0196,0.0196,0.019700000000000002,0.0201,0.0199,0.0199,0.02,0.02,0.02,0.02,0.0199,0.02,0.0198,0.019700000000000002,0.0196,0.0195,0.0194,0.0195,0.0196,0.0196,0.019700000000000002,0.008700000000000001,0.0193,0.0193,0.0194,0.0196,0.0199,0.0195,0.009000000000000001,0.009000000000000001,0.0092,0.009300000000000001,0.0094,0.020300000000000002,0.0204,0.0199,0.020300000000000002,0.0199
,0.0176,0.0194,0.0181,0.0187,0.0187,0.0193,0.019100000000000002,0.0189,0.0193,0.0194,0.0194,0.0193,0.0194,0.0194,0.0189,0.0195,0.019100000000000002,0.0193,0.0194,0.0194,0.019100000000000002,0.019100000000000002,0.019200000000000002,0.0195,0.019200000000000002,0.0194,0.0195,0.0195,0.0196,0.0194,0.0194,0.0193,0.0196,0.0195,0.019700000000000002,0.019700000000000002,0.0196,0.0198,0.0198,0.019700000000000002,0.0196,0.0196,0.0195,0.020200000000000003,0.0196,0.0198,0.0199,0.0194,0.0194,0.0199,0.020300000000000002,0.0204,0.0199,0.0199,0.0204,0.020300000000000002,0.0199,0.02,0.02,0.02,0.0201,0.020300000000000002,0.02,0.0201,0.019700000000000002,0.019700000000000002,0.0196,0.0196,0.0199,0.0196,0.0198,0.0198,0.0201,0.020200000000000003,0.0201,0.0199,0.0196,0.02,0.019700000000000002,0.0201,0.019700000000000002,0.0201,0.0201,0.019700000000000002,0.0201,0.0195,0.0198,0.019700000000000002,0.0196,0.0198,0.0201,0.0201,0.02,0.0198,0.02,0.0204,0.0204,0.020300000000000002,0.020200000000000003,0.0201,0.02,0.0201,0.0199,0.019700000000000002,0.02,0.02,0.02,0.019700000000000002,0.020200000000000003,0.02,0.020300000000000002,0.0198,0.02,0.0204,0.020300000000000002,0.0196,0.0198,0.019700000000000002,0.0195,0.0199,0.0199,0.0204,0.0204,0.020200000000000003,0.02,0.0199,0.0193,0.0193,0.0193,0.0194,0.0194,0.0196,0.0196,0.0196,0.0094,0.009600000000000001,0.020200000000000003,0.0204,0.020300000000000002
,0.0342,0.0188,0.0181,0.0187,0.0188,0.0188,0.0195,0.0189,0.0194,0.0193,0.0194,0.0193,0.019,0.0196,0.0189,0.0196,0.0193,0.019,0.0199,0.0194,0.0193,0.0198,0.0194,0.0193,0.019200000000000002,0.0194,0.0196,0.0193,0.019,0.0193,0.0193,0.0194,0.0196,0.0195,0.019700000000000002,0.019700000000000002,0.0196,0.0193,0.0193,0.0196,0.0195,0.019100000000000002,0.019200000000000002,0.0193,0.0194,0.0198,0.0196,0.0195,0.02,0.0199,0.020300000000000002,0.0204,0.0199,0.0199,0.0199,0.02,0.0199,0.02,0.020300000000000002,0.0201,0.0199,0.020300000000000002,0.0204,0.02,0.0196,0.020200000000000003,0.02,0.0201,0.0196,0.0196,0.019700000000000002,0.0196,0.02,0.0199,0.0201,0.02,0.0196,0.02,0.019700000000000002,0.0201,0.019700000000000002,0.0199,0.02,0.0201,0.0201,0.0198,0.0198,0.0201,0.0198,0.0199,0.0199,0.0198,0.019700000000000002,0.019700000000000002,0.0196,0.0198,0.0199,0.02,0.020200000000000003,0.0201,0.02,0.0196,0.0196,0.019700000000000002,0.0201,0.0199,0.0199,0.02,0.020200000000000003,0.02,0.020300000000000002,0.0198,0.02,0.0204,0.020300000000000002,0.0201,0.0198,0.019700000000000002,0.0195,0.0199,0.0199,0.0201,0.0196,0.019700000000000002,0.0199,0.019700000000000002,0.0195,0.019700000000000002,0.0201,0.020300000000000002,0.0204,0.020200000000000003,0.02,0.0195,0.0194,0.019700000000000002,0.0097,0.0097,0.0098
,0.0195,0.0176,0.018500000000000003,0.0188,0.0188,0.0188,0.019200000000000002,0.019100000000000002,0.0189,0.0195,0.0195,0.0194,0.0195,0.0194,0.019100000000000002,0.0193,0.0193,0.019,0.0194,0.0194,0.0194,0.019700000000000002,0.0194,0.0193,0.019200000000000002,0.0194,0.0196,0.0193,0.019,0.0193,0.0193,0.0194,0.0196,0.0194,0.019200000000000002,0.0194,0.019200000000000002,0.0196,0.0195,0.02,0.019700000000000002,0.0199,0.019700000000000002,0.019700000000000002,0.019200000000000002,0.0195,0.0193,0.0198,0.0198,0.020300000000000002,0.020300000000000002,0.0205,0.020300000000000002,0.020300000000000002,0.0199,0.02,0.020200000000000003,0.0204,0.020300000000000002,0.020200000000000003,0.019700000000000002,0.0196,0.0204,0.02,0.0196,0.020200000000000003,0.0206,0.0199,0.0198,0.0199,0.0196,0.02,0.02,0.0199,0.0201,0.02,0.0196,0.0196,0.0198,0.0199,0.019700000000000002,0.0195,0.0195,0.0193,0.0196,0.0198,0.0199,0.0196,0.0198,0.02,0.0196,0.019700000000000002,0.0196,0.0194,0.0198,0.019700000000000002,0.0198,0.0198,0.0198,0.02,0.0198,0.0196,0.0194,0.019700000000000002,0.019700000000000002,0.0196,0.0196,0.019700000000000002,0.019700000000000002,0.020200000000000003,0.0196,0.019700000000000002,0.0199,0.0196,0.0198,0.0201,0.019700000000000002,0.0195,0.0195,0.02,0.0198,0.0204,0.0204,0.020200000000000003,0.0199,0.019700000000000002,0.0195,0.019700000000000002,0.0201,0.020300000000000002,0.0204,0.020200000000000003,0.02,0.0195,0.0196,0.02,0.019700000000000002,0.0198,0.0198
,0.0195,0.0176,0.018500000000000003,0.0188,0.0188,0.018600000000000002,0.019200000000000002,0.0193,0.0189,0.0195,0.0195,0.0194,0.0193,0.019200000000000002,0.0194,0.019200000000000002,0.019,0.0194,0.019200000000000002,0.019,0.019100000000000002,0.019700000000000002,0.019700000000000002,0.0195,0.019200000000000002,0.0193,0.0194,0.0194,0.019100000000000002,0.0189,0.019100000000000002,0.0195,0.019,0.0194,0.019700000000000002,0.019700000000000002,0.0194,0.02,0.0201,0.0201,0.0199,0.0196,0.0194,0.0196,0.0201,0.02,0.02,0.02,0.0198,0.0196,0.0199,0.02,0.0205,0.0198,0.019700000000000002,0.0196,0.02,0.020200000000000003,0.0199,0.019700000000000002,0.020200000000000003,0.0204,0.0199,0.0198,0.019700000000000002,0.02,0.0206,0.019700000000000002,0.0198,0.0199,0.0198,0.0198,0.0194,0.0194,0.0196,0.02,0.0198,0.0195,0.019700000000000002,0.019700000000000002,0.0198,0.0198,0.02,0.0199,0.0195,0.019700000000000002,0.019700000000000002,0.0201,0.019700000000000002,0.0196,0.0198,0.0194,0.0195,0.019700000000000002,0.0196,0.0196,0.0199,0.0198,0.019700000000000002,0.019700000000000002,0.0195,0.0196,0.0195,0.0196,0.019700000000000002,0.0199,0.02,0.0199,0.0194,0.0194,0.0194,0.0194,0.0195,0.0198,0.0199,0.0195,0.0199,0.0198,0.0195,0.0196,0.0196,0.0194,0.02,0.02,0.02,0.02,0.02,0.019700000000000002,0.0196,0.0195,0.019700000000000002,0.0198,0.0199,0.0199,0.0196,0.02,0.0201,0.0205,0.0201
,0.0194,0.018000000000000002,0.019200000000000002,0.0193,0.0193,0.0184,0.019200000000000002,0.0193,0.0195,0.019700000000000002,0.0187,0.0194,0.0193,0.019200000000000002,0.0194,0.019200000000000002,0.019,0.0194,0.0196,0.019,0.0194,0.0194,0.0193,0.0193,0.0189,0.0194,0.0194,0.0194,0.0195,0.0198,0.02,0.0199,0.0194,0.0198,0.0201,0.0196,0.0195,0.02,0.020300000000000002,0.020300000000000002,0.020200000000000003,0.020300000000000002,0.020300000000000002,0.0201,0.0204,0.0198,0.019700000000000002,0.02,0.0206,0.0199,0.0198,0.019700000000000002,0.02,0.019700000000000002,0.0199,0.0199,0.0198,0.0198,0.0199,0.019700000000000002,0.0199,0.0196,0.020300000000000002,0.0198,0.019700000000000002,0.02,0.019700000000000002,0.0199,0.0201,0.0199,0.02,0.02,0.0196,0.0198,0.0198,0.019700000000000002,0.020200000000000003,0.020200000000000003,0.020300000000000002,0.02,0.0201,0.020300000000000002,0.02,0.0196,0.019700000000000002,0.020200000000000003,0.0201,0.0198,0.0199,0.02,0.0196,0.0194,0.0194,0.019200000000000002,0.0195,0.019700000000000002,0.019700000000000002,0.019700000000000002,0.02,0.020300000000000002,0.02,0.0194,0.0194,0.019700000000000002,0.0199,0.020200000000000003,0.02,0.02,0.0198,0.02,0.02,0.02,0.0201,0.020300000000000002,0.0204,0.02,0.020300000000000002,0.020200000000000003,0.020300000000000002,0.020200000000000003,0.02,0.0201,0.02,0.020200000000000003,0.0205,0.020300000000000002,0.020300000000000002,0.020300000000000002,0.020200000000000003,0.0201,0.020200000000000003,0.02,0.0201,0.02,0.0198,0.0199,0.0201,0.0205,0.0201
,0.0189,0.018000000000000002,0.019100000000000002,0.019100000000000002,0.0196,0.0184,0.019700000000000002,0.0194,0.0194,0.0199,0.0187,0.019700000000000002,0.0201,0.0195,0.0195,0.0194,0.0198,0.0194,0.0196,0.0193,0.019100000000000002,0.0196,0.0194,0.0195,0.019200000000000002,0.0194,0.0194,0.0194,0.0195,0.0199,0.02,0.0198,0.0198,0.02,0.019700000000000002,0.020200000000000003,0.0204,0.0199,0.0196,0.0195,0.0201,0.0198,0.0199,0.0196,0.020200000000000003,0.0198,0.019700000000000002,0.020300000000000002,0.019700000000000002,0.0199,0.0198,0.019700000000000002,0.02,0.019700000000000002,0.0199,0.0199,0.0198,0.0198,0.019700000000000002,0.0201,0.0201,0.0196,0.0199,0.0199,0.020200000000000003,0.0204,0.019700000000000002,0.019700000000000002,0.0201,0.0199,0.02,0.02,0.0201,0.020300000000000002,0.02,0.0196,0.020200000000000003,0.020200000000000003,0.020300000000000002,0.02,0.0201,0.020300000000000002,0.02,0.0196,0.019700000000000002,0.020200000000000003,0.0201,0.0198,0.0198,0.0196,0.0204,0.0201,0.0201,0.0201,0.0198,0.02,0.020300000000000002,0.020300000000000002,0.020200000000000003,0.0196,0.019700000000000002,0.019700000000000002,0.019700000000000002,0.0201,0.0201,0.020300000000000002,0.0204,0.0204,0.020300000000000002,0.0201,0.0201,0.0199,0.0199,0.020300000000000002,0.0204,0.020300000000000002,0.020300000000000002,0.020200000000000003,0.020300000000000002,0.020200000000000003,0.02,0.0201,0.02,0.020200000000000003,0.0205,0.020300000000000002,0.020300000000000002,0.020300000000000002,0.020200000000000003,0.0201,0.020200000000000003,0.02,0.0201,0.02,0.0199,0.0201,0.0199,0.0198,0.0198
,0.017400000000000002,0.019100000000000002,0.0187,0.0187,0.0187,0.0194,0.0194,0.0196,0.019100000000000002,0.019100000000000002,0.0193,0.019700000000000002,0.0195,0.02,0.019700000000000002,0.0196,0.0194,0.0193,0.0195,0.0201,0.02,0.0194,0.0198,0.0199,0.019200000000000002,0.019700000000000002,0.019700000000000002,0.0199,0.0199,0.020200000000000003,0.0193,0.0198,0.019700000000000002,0.02,0.0195,0.0199,0.0195,0.0196,0.0196,0.0201,0.0198,0.0198,0.0199,0.0196,0.0204,0.0205,0.0201,0.0199,0.02,0.0196,0.0201,0.019700000000000002,0.0199,0.019700000000000002,0.0205,0.0205,0.020200000000000003,0.02,0.0193,0.0194,0.019100000000000002,0.0201,0.0196,0.020200000000000003,0.02,0.020200000000000003,0.0201,0.0198,0.019700000000000002,0.019700000000000002,0.020200000000000003,0.0201,0.0201,0.020300000000000002,0.02,0.0196,0.0196,0.0199,0.02,0.020200000000000003,0.0199,0.0199,0.0199,0.0195,0.0194,0.0195,0.0198,0.019700000000000002,0.0199,0.0196,0.0204,0.0201,0.0201,0.0201,0.0198,0.02,0.020300000000000002,0.020300000000000002,0.020200000000000003,0.020300000000000002,0.02,0.02,0.020200000000000003,0.020200000000000003,0.020200000000000003,0.0198,0.0198,0.0198,0.0194,0.0194,0.0196,0.02,0.0201,0.0194,0.02,0.020300000000000002,0.02,0.020200000000000003,0.020300000000000002,0.0201,0.0201,0.0199,0.0199,0.0198,0.0199,0.0199,0.0199,0.0195,0.019700000000000002,0.02,0.02,0.019700000000000002,0.0194,0.0195,0.0199,0.0201,0.020300000000000002,0.020300000000000002,0.020300000000000002
,0.017400000000000002,0.0184,0.019,0.019,0.0187,0.0196,0.0193,0.0196,0.0193,0.02,0.0199,0.0194,0.019200000000000002,0.0195,0.0195,0.0196,0.019700000000000002,0.02,0.0195,0.019700000000000002,0.0194,0.0198,0.0199,0.019700000000000002,0.0199,0.0199,0.019700000000000002,0.0196,0.0198,0.0199,0.0199,0.0201,0.0194,0.02,0.019700000000000002,0.0194,0.02,0.0196,0.0196,0.0201,0.0198,0.0198,0.0196,0.0201,0.0199,0.0198,0.02,0.02,0.02,0.0196,0.0201,0.019700000000000002,0.0199,0.019700000000000002,0.0205,0.0205,0.019700000000000002,0.0198,0.019700000000000002,0.0201,0.0201,0.019700000000000002,0.0205,0.0205,0.0205,0.0205,0.02,0.0198,0.0201,0.0204,0.0199,0.0199,0.0204,0.02,0.0198,0.019700000000000002,0.020200000000000003,0.0204,0.0201,0.019700000000000002,0.0198,0.019700000000000002,0.0199,0.019700000000000002,0.0198,0.020200000000000003,0.02,0.02,0.0201,0.02,0.019700000000000002,0.02,0.0199,0.020200000000000003,0.0201,0.02,0.02,0.02,0.019700000000000002,0.019700000000000002,0.0198,0.019700000000000002,0.019700000000000002,0.0201,0.0201,0.020200000000000003,0.02,0.02,0.0198,0.02,0.02,0.0198,0.019700000000000002,0.0195,0.0196,0.0199,0.0194,0.0196,0.019700000000000002,0.019700000000000002,0.0195,0.0193,0.0194,0.019700000000000002,0.0198,0.0198,0.0195,0.0199,0.0199,0.0199,0.0198,0.0195,0.0196,0.0198,0.019700000000000002,0.02,0.020300000000000002,0.020300000000000002,0.020300000000000002
,0.016800000000000002,0.0184,0.0196,0.0193,0.0194,0.0193,0.0189,0.0196,0.0196,0.0195,0.019100000000000002,0.019700000000000002,0.019700000000000002,0.0193,0.019,0.019200000000000002,0.019100000000000002,0.0193,0.019700000000000002,0.0195,0.019200000000000002,0.0194,0.0194,0.0195,0.0196,0.0195,0.0193,0.0194,0.02,0.0198,0.019700000000000002,0.0194,0.0198,0.02,0.019700000000000002,0.0194,0.02,0.0198,0.019700000000000002,0.0201,0.02,0.019700000000000002,0.0196,0.019700000000000002,0.019700000000000002,0.0199,0.0198,0.02,0.0201,0.02,0.019700000000000002,0.0201,0.0201,0.020300000000000002,0.0194,0.0193,0.020200000000000003,0.02,0.0194,0.0194,0.019700000000000002,0.0201,0.0205,0.0196,0.019200000000000002,0.0196,0.020300000000000002,0.0201,0.0198,0.0195,0.0194,0.02,0.020200000000000003,0.020300000000000002,0.0201,0.02,0.0195,0.0194,0.0196,0.0201,0.020200000000000003,0.020300000000000002,0.02,0.02,0.02,0.0201,0.02,0.0201,0.020200000000000003,0.020300000000000002,0.020300000000000002,0.0199,0.02,0.020200000000000003,0.020200000000000003,0.020200000000000003,0.020200000000000003,0.0201,0.0199,0.019700000000000002,0.0198,0.02,0.020200000000000003,0.020200000000000003,0.020200000000000003,0.020300000000000002,0.0204,0.0204,0.020300000000000002,0.0201,0.0201,0.0198,0.019700000000000002,0.0194,0.02,0.0194,0.02,0.020200000000000003,0.020300000000000002,0.0201,0.0201,0.0199,0.0199,0.0198,0.0199,0.0199,0.0199,0.0199,0.0199,0.0199,0.02,0.0199,0.0199,0.0198,0.019700000000000002,0.0196,0.02,0.0199,0.0199
,0.016800000000000002,0.0184,0.0187,0.0187,0.0194,0.0189,0.019700000000000002,0.0198,0.0194,0.0194,0.019700000000000002,0.019700000000000002,0.0193,0.0196,0.0195,0.019700000000000002,0.019,0.019,0.019200000000000002,0.019200000000000002,0.019200000000000002,0.019,0.019200000000000002,0.0193,0.0194,0.0193,0.0194,0.0196,0.02,0.0198,0.019700000000000002,0.0194,0.0198,0.0201,0.0199,0.0196,0.0196,0.0198,0.019700000000000002,0.0201,0.02,0.019700000000000002,0.0196,0.019700000000000002,0.019700000000000002,0.0199,0.0198,0.019700000000000002,0.0201,0.019200000000000002,0.0194,0.0195,0.0195,0.020300000000000002,0.019700000000000002,0.0198,0.02,0.0196,0.0194,0.0194,0.019700000000000002,0.0199,0.0196,0.0205,0.0205,0.0205,0.0194,0.019700000000000002,0.02,0.019700000000000002,0.019700000000000002,0.0195,0.020300000000000002,0.0198,0.019700000000000002,0.0196,0.02,0.0201,0.0201,0.02,0.02,0.0198,0.02,0.0198,0.0198,0.020300000000000002,0.020200000000000003,0.020200000000000003,0.020200000000000003,0.020300000000000002,0.020300000000000002,0.0199,0.02,0.020200000000000003,0.020200000000000003,0.020200000000000003,0.020200000000000003,0.0201,0.019700000000000002,0.0201,0.0199,0.0199,0.0201,0.0201,0.0201,0.0204,0.0201,0.0199,0.0198,0.019700000000000002,0.0196,0.0199,0.02,0.02,0.020200000000000003,0.0199,0.0201,0.02,0.019700000000000002,0.0201,0.020300000000000002,0.020300000000000002,0.0199,0.0196,0.0201,0.0199,0.0198,0.0198,0.0196,0.0196,0.0198,0.0195,0.0196,0.0198,0.0196,0.0196,0.02,0.0198,0.019700000000000002
,0.0118,0.0184,0.0188,0.019200000000000002,0.0194,0.0189,0.0189,0.0189,0.0194,0.0194,0.019700000000000002,0.019100000000000002,0.0195,0.0199,0.0193,0.0198,0.0196,0.0194,0.019100000000000002,0.019200000000000002,0.019200000000000002,0.0194,0.0194,0.0195,0.019100000000000002,0.0195,0.0193,0.0194,0.0198,0.0198,0.0196,0.0196,0.0201,0.0201,0.0199,0.0196,0.0196,0.0198,0.02,0.0195,0.0196,0.019700000000000002,0.02,0.0193,0.0199,0.0196,0.019700000000000002,0.019700000000000002,0.020200000000000003,0.02,0.019700000000000002,0.0201,0.0201,0.0195,0.019700000000000002,0.0198,0.02,0.0196,0.0198,0.0199,0.02,0.0199,0.019700000000000002,0.0196,0.0194,0.0193,0.020300000000000002,0.0201,0.02,0.019700000000000002,0.019700000000000002,0.02,0.0195,0.020200000000000003,0.020300000000000002,0.020200000000000003,0.02,0.0201,0.0201,0.02,0.02,0.0198,0.02,0.02,0.02,0.0201,0.02,0.0201,0.0198,0.0196,0.020300000000000002,0.020300000000000002,0.020200000000000003,0.020200000000000003,0.020200000000000003,0.0207,0.0204,0.0204,0.0201,0.020300000000000002,0.020300000000000002,0.0204,0.0206,0.0204,0.0199,0.0199,0.0201,0.020200000000000003,0.020300000000000002,0.020200000000000003,0.0199,0.0199,0.02,0.02,0.0199,0.0201,0.0196,0.0198,0.0198,0.02,0.0198,0.0198,0.0196,0.0196,0.0199,0.0198,0.0199,0.0199,0.0199,0.0198,0.0198,0.019700000000000002,0.0196,0.019700000000000002,0.019700000000000002,0.0196,0.0199,0.02,0.02
,0.018000000000000002,0.0195,0.0188,0.019700000000000002,0.0196,0.019200000000000002,0.019700000000000002,0.019100000000000002,0.019,0.019,0.0196,0.019100000000000002,0.0195,0.0198,0.0198,0.019700000000000002,0.019,0.0194,0.019100000000000002,0.0195,0.019700000000000002,0.0198,0.019700000000000002,0.019700000000000002,0.0194,0.0199,0.0193,0.0194,0.0198,0.0198,0.0196,0.0196,0.0201,0.019700000000000002,0.019700000000000002,0.019700000000000002,0.0195,0.0198,0.02,0.0195,0.0196,0.019700000000000002,0.02,0.0193,0.0199,0.0196,0.019700000000000002,0.020300000000000002,0.020200000000000003,0.019700000000000002,0.0198,0.0194,0.0195,0.0196,0.0199,0.0196,0.019700000000000002,0.0196,0.0201,0.0201,0.0199,0.02,0.019700000000000002,0.0196,0.0194,0.0193,0.019700000000000002,0.0198,0.019700000000000002,0.0195,0.0195,0.0193,0.020300000000000002,0.020200000000000003,0.020300000000000002,0.020200000000000003,0.02,0.0198,0.0199,0.0199,0.020200000000000003,0.0201,0.02,0.0195,0.0196,0.0198,0.0199,0.020200000000000003,0.02,0.0199,0.0196,0.019700000000000002,0.0196,0.0195,0.0199,0.02,0.0201,0.0199,0.0199,0.0199,0.019700000000000002,0.0195,0.019700000000000002,0.02,0.0198,0.0199,0.0198,0.02,0.0196,0.0196,0.0204,0.020200000000000003,0.020200000000000003,0.020300000000000002,0.020300000000000002,0.0198,0.0206,0.0205,0.0201,0.0198,0.0198,0.0199,0.020200000000000003,0.0205,0.020200000000000003,0.0204,0.0204,0.0204,0.020200000000000003,0.0199,0.0201,0.0199,0.020200000000000003,0.0201,0.0198,0.0199,0.0199,0.02,0.02
,0.018500000000000003,0.0184,0.02,0.0188,0.0194,0.0199,0.019200000000000002,0.0189,0.019,0.019,0.0196,0.019200000000000002,0.0193,0.0198,0.0195,0.0189,0.0196,0.0194,0.019700000000000002,0.0195,0.019700000000000002,0.0198,0.019700000000000002,0.019700000000000002,0.0199,0.0195,0.0194,0.0196,0.019100000000000002,0.0195,0.0194,0.0194,0.0194,0.0193,0.0196,0.019700000000000002,0.0195,0.0194,0.0199,0.02,0.020200000000000003,0.0201,0.0198,0.0199,0.02,0.0204,0.020200000000000003,0.020300000000000002,0.0196,0.019700000000000002,0.0198,0.0194,0.0195,0.0196,0.020200000000000003,0.020200000000000003,0.020300000000000002,0.0201,0.0195,0.0196,0.019700000000000002,0.0199,0.0198,0.0198,0.019700000000000002,0.019700000000000002,0.0196,0.0198,0.0199,0.020200000000000003,0.0201,0.02,0.019700000000000002,0.0198,0.0198,0.0195,0.0195,0.0196,0.0195,0.019200000000000002,0.019700000000000002,0.0198,0.0198,0.0198,0.0195,0.0195,0.0195,0.0195,0.0196,0.0198,0.0198,0.0198,0.0198,0.02,0.0199,0.0198,0.0198,0.019700000000000002,0.0194,0.0193,0.0196,0.0198,0.0194,0.019700000000000002,0.019700000000000002,0.0198,0.02,0.0198,0.0199,0.0198,0.0196,0.0194,0.019700000000000002,0.0201,0.02,0.0206,0.0199,0.0199,0.0199,0.019700000000000002,0.019700000000000002,0.0198,0.02,0.02,0.0199,0.019700000000000002,0.0195,0.0196,0.0196,0.019700000000000002,0.020200000000000003,0.02,0.0198,0.0196,0.020300000000000002,0.020300000000000002,0.0198,0.0198,0.019700000000000002
,0.018500000000000003,0.019100000000000002,0.0189,0.0201,0.0193,0.019200000000000002,0.019700000000000002,0.019100000000000002,0.0196,0.0199,0.019200000000000002,0.019200000000000002,0.0193,0.0194,0.0193,0.0198,0.0195,0.0194,0.019700000000000002,0.019700000000000002,0.0198,0.0195,0.0194,0.0195,0.0199,0.0199,0.02,0.0194,0.019200000000000002,0.019200000000000002,0.0195,0.0194,0.019200000000000002,0.019700000000000002,0.019100000000000002,0.019700000000000002,0.0196,0.0193,0.0195,0.019100000000000002,0.0193,0.0193,0.0193,0.0194,0.0195,0.0204,0.020200000000000003,0.0195,0.0199,0.0198,0.020200000000000003,0.020200000000000003,0.0201,0.02,0.0196,0.02,0.02,0.02,0.0198,0.0198,0.0199,0.0199,0.020200000000000003,0.0204,0.0204,0.0204,0.019700000000000002,0.0198,0.019700000000000002,0.0195,0.0195,0.0193,0.0201,0.0199,0.0199,0.0198,0.0195,0.0196,0.0195,0.019200000000000002,0.019700000000000002,0.0198,0.0198,0.0198,0.0195,0.0195,0.0195,0.0195,0.0196,0.0198,0.0198,0.0198,0.0198,0.02,0.0199,0.0198,0.0198,0.019700000000000002,0.0194,0.0193,0.0196,0.0198,0.0194,0.019700000000000002,0.019700000000000002,0.0198,0.02,0.0198,0.0199,0.0198,0.0196,0.0194,0.019700000000000002,0.0201,0.02,0.02,0.0199,0.0199,0.0199,0.019700000000000002,0.019700000000000002,0.0198,0.02,0.02,0.0199,0.019700000000000002,0.0195,0.0196,0.0196,0.019700000000000002,0.020200000000000003,0.02,0.0198,0.0196,0.0198,0.0196,0.020300000000000002,0.020200000000000003,0.020200000000000003
,0.0182,0.0198,0.019200000000000002,0.0188,0.019700000000000002,0.0194,0.0196,0.0194,0.0196,0.0199,0.019200000000000002,0.0199,0.0189,0.019100000000000002,0.0193,0.0189,0.0196,0.0198,0.0199,0.019700000000000002,0.0198,0.020300000000000002,0.0201,0.0195,0.019700000000000002,0.0195,0.02,0.0194,0.019100000000000002,0.0195,0.0194,0.0194,0.0194,0.0196,0.019700000000000002,0.019100000000000002,0.0194,0.0194,0.0199,0.02,0.020200000000000003,0.0201,0.0198,0.0199,0.02,0.0198,0.019200000000000002,0.019700000000000002,0.0199,0.0199,0.02,0.0201,0.0199,0.0198,0.02,0.0201,0.0199,0.0198,0.0194,0.0194,0.019700000000000002,0.02,0.020300000000000002,0.0199,0.019700000000000002,0.0196,0.020300000000000002,0.020200000000000003,0.0204,0.0201,0.0198,0.0201,0.019700000000000002,0.0198,0.0198,0.0195,0.0204,0.0204,0.020300000000000002,0.020200000000000003,0.0204,0.0206,0.020200000000000003,0.020200000000000003,0.0199,0.0198,0.0198,0.0198,0.0199,0.02,0.02,0.0201,0.020200000000000003,0.02,0.02,0.020200000000000003,0.0201,0.0201,0.02,0.02,0.02,0.0201,0.0201,0.0201,0.0201,0.0201,0.020200000000000003,0.020200000000000003,0.0201,0.0201,0.0201,0.02,0.02,0.0201,0.02,0.02,0.0199,0.02,0.02,0.0199,0.0198,0.0199,0.02,0.0196,0.019700000000000002,0.0198,0.0199,0.0199,0.0199,0.0198,0.02,0.0199,0.020300000000000002,0.020300000000000002,0.0198,0.0196,0.0199,0.0199,0.0199
,0.0195,0.0188,0.018600000000000002,0.019100000000000002,0.0194,0.0199,0.0196,0.0194,0.0188,0.019200000000000002,0.019700000000000002,0.0199,0.019700000000000002,0.0198,0.019200000000000002,0.019700000000000002,0.0196,0.0198,0.0199,0.0196,0.019100000000000002,0.0195,0.0194,0.0199,0.019700000000000002,0.02,0.0201,0.02,0.0198,0.019700000000000002,0.0196,0.0198,0.0195,0.0199,0.0196,0.019700000000000002,0.0196,0.0199,0.0195,0.0196,0.0198,0.0196,0.0195,0.0196,0.019700000000000002,0.019700000000000002,0.0196,0.019700000000000002,0.019700000000000002,0.019700000000000002,0.0198,0.0201,0.0198,0.0196,0.0198,0.0198,0.0199,0.0198,0.019700000000000002,0.0201,0.0201,0.02,0.0199,0.02,0.02,0.0201,0.02,0.0199,0.0199,0.0198,0.019700000000000002,0.0196,0.020300000000000002,0.020200000000000003,0.02,0.020200000000000003,0.0198,0.0196,0.0195,0.0201,0.020200000000000003,0.02,0.02,0.02,0.02,0.019700000000000002,0.019700000000000002,0.019700000000000002,0.019700000000000002,0.019700000000000002,0.0199,0.019700000000000002,0.019700000000000002,0.0199,0.0201,0.0201,0.02,0.02,0.0201,0.0201,0.02,0.0199,0.0199,0.0201,0.0199,0.0199,0.0199,0.0198,0.0198,0.0198,0.0198,0.0195,0.0193,0.0195,0.0199,0.0199,0.020200000000000003,0.0199,0.019700000000000002,0.019700000000000002,0.0196,0.0199,0.0199,0.0198,0.0201,0.0196,0.0199,0.0196,0.0195,0.0195,0.0199,0.02,0.0201,0.0198,0.020200000000000003,0.020300000000000002,0.0199,0.0199,0.0199
,0.0198,0.02,0.018600000000000002,0.019100000000000002,0.0194,0.0195,0.0199,0.02,0.0188,0.019200000000000002,0.019700000000000002,0.018600000000000002,0.0189,0.0194,0.0199,0.0199,0.019700000000000002,0.0198,0.019700000000000002,0.0196,0.019100000000000002,0.020300000000000002,0.0201,0.0199,0.02,0.02,0.0201,0.02,0.0198,0.019700000000000002,0.0196,0.0198,0.02,0.0196,0.0199,0.0198,0.019700000000000002,0.0199,0.0195,0.0196,0.0198,0.0196,0.0195,0.0196,0.019700000000000002,0.019700000000000002,0.0196,0.0196,0.02,0.019700000000000002,0.0198,0.0201,0.020200000000000003,0.0201,0.0196,0.0198,0.02,0.0201,0.0198,0.0199,0.019700000000000002,0.02,0.0198,0.0201,0.020300000000000002,0.0201,0.020200000000000003,0.020200000000000003,0.020300000000000002,0.02,0.020200000000000003,0.020300000000000002,0.019700000000000002,0.02,0.02,0.0195,0.0198,0.019700000000000002,0.0198,0.019700000000000002,0.0196,0.0196,0.019700000000000002,0.019700000000000002,0.019700000000000002,0.0196,0.0196,0.0196,0.0195,0.0195,0.0194,0.0196,0.019700000000000002,0.0199,0.0199,0.02,0.0201,0.02,0.0199,0.0198,0.0196,0.0198,0.0198,0.019700000000000002,0.0196,0.019700000000000002,0.0201,0.02,0.020200000000000003,0.019700000000000002,0.0196,0.02,0.02,0.02,0.0199,0.0199,0.020200000000000003,0.0199,0.019700000000000002,0.019700000000000002,0.0196,0.0199,0.0199,0.0198,0.0201,0.0196,0.0199,0.0196,0.0195,0.0195,0.0199,0.02,0.0201,0.0198,0.0199,0.019700000000000002,0.0204,0.020200000000000003,0.020200000000000003
,0.021,0.018600000000000002,0.0207,0.020300000000000002,0.0188,0.0195,0.019,0.018500000000000003,0.0201,0.0198,0.018600000000000002,0.018600000000000002,0.019700000000000002,0.019100000000000002,0.019200000000000002,0.019700000000000002,0.0196,0.0196,0.02,0.0196,0.020200000000000003,0.0196,0.0198,0.0198,0.02,0.0195,0.0195,0.0196,0.019700000000000002,0.0196,0.0198,0.0198,0.0195,0.0199,0.0199,0.0198,0.019700000000000002,0.019700000000000002,0.0195,0.0198,0.02,0.0199,0.019700000000000002,0.0199,0.0199,0.0198,0.0196,0.02,0.0196,0.019700000000000002,0.0198,0.0198,0.019700000000000002,0.0196,0.02,0.0199,0.0199,0.0199,0.0198,0.0199,0.019700000000000002,0.019700000000000002,0.0198,0.0196,0.0196,0.0195,0.0199,0.0201,0.020300000000000002,0.0201,0.0199,0.0201,0.020300000000000002,0.020200000000000003,0.0201,0.02,0.020300000000000002,0.02,0.0199,0.02,0.020200000000000003,0.02,0.020200000000000003,0.020300000000000002,0.0205,0.020300000000000002,0.020200000000000003,0.0201,0.0205,0.020200000000000003,0.0198,0.0198,0.019700000000000002,0.02,0.0201,0.02,0.0196,0.0199,0.0198,0.0198,0.02,0.0201,0.0201,0.0199,0.0201,0.0201,0.0201,0.02,0.020200000000000003,0.019700000000000002,0.0196,0.0195,0.0193,0.0195,0.0201,0.0199,0.02,0.02,0.0201,0.0198,0.0199,0.02,0.0196,0.02,0.0195,0.019700000000000002,0.02,0.02,0.02,0.0196,0.0195,0.02,0.02,0.02,0.0199,0.019700000000000002,0.0194,0.0196,0.0199
,0.0184,0.0193,0.0189,0.0195,0.0188,0.0201,0.019,0.0195,0.0194,0.019700000000000002,0.018600000000000002,0.0198,0.0196,0.0198,0.0199,0.0199,0.0196,0.0196,0.019700000000000002,0.0194,0.0198,0.0194,0.0194,0.0194,0.02,0.019700000000000002,0.0195,0.0196,0.019700000000000002,0.0196,0.0198,0.0198,0.02,0.019700000000000002,0.0196,0.0196,0.0196,0.0198,0.0198,0.020200000000000003,0.0204,0.019700000000000002,0.0198,0.020200000000000003,0.0199,0.0199,0.0199,0.0195,0.0194,0.02,0.020300000000000002,0.0201,0.020200000000000003,0.020200000000000003,0.02,0.0199,0.0199,0.0199,0.0196,0.0195,0.0198,0.019700000000000002,0.0199,0.02,0.0198,0.0198,0.0198,0.019700000000000002,0.0198,0.019700000000000002,0.019700000000000002,0.019700000000000002,0.020300000000000002,0.0201,0.0199,0.02,0.0196,0.0196,0.0196,0.0201,0.0196,0.0195,0.020200000000000003,0.0198,0.019700000000000002,0.02,0.0196,0.0198,0.0198,0.0196,0.020300000000000002,0.020300000000000002,0.0194,0.02,0.0198,0.019700000000000002,0.0196,0.0199,0.0198,0.0198,0.0198,0.0201,0.0201,0.019700000000000002,0.0196,0.019700000000000002,0.0201,0.0199,0.0199,0.0199,0.0195,0.02,0.0198,0.019700000000000002,0.0195,0.02,0.0201,0.019700000000000002,0.019700000000000002,0.0201,0.02,0.0198,0.0198,0.0201,0.0195,0.019700000000000002,0.02,0.02,0.0198,0.0201,0.0195,0.02,0.02,0.02,0.02,0.0198,0.0194,0.0196,0.0199
,0.0194,0.018600000000000002,0.0189,0.0195,0.0207,0.019,0.0205,0.018500000000000003,0.019100000000000002,0.019,0.0198,0.0196,0.0196,0.0196,0.0194,0.0193,0.019700000000000002,0.0196,0.019700000000000002,0.0196,0.019,0.0194,0.019700000000000002,0.0196,0.019700000000000002,0.0195,0.02,0.0198,0.0198,0.0198,0.0196,0.0195,0.0195,0.020300000000000002,0.0196,0.0199,0.020200000000000003,0.0198,0.0194,0.0196,0.019700000000000002,0.0195,0.0196,0.0196,0.019700000000000002,0.0199,0.0199,0.0195,0.0199,0.0196,0.0201,0.0201,0.020200000000000003,0.0201,0.019700000000000002,0.0196,0.0195,0.019700000000000002,0.0194,0.019700000000000002,0.0195,0.019700000000000002,0.0199,0.02,0.0198,0.0198,0.02,0.0198,0.0198,0.0199,0.0196,0.0195,0.019700000000000002,0.0199,0.0198,0.0196,0.0201,0.019700000000000002,0.02,0.0195,0.0194,0.0195,0.020200000000000003,0.0195,0.019700000000000002,0.02,0.0195,0.0198,0.0198,0.0196,0.0198,0.0198,0.020200000000000003,0.0198,0.0201,0.02,0.02,0.0199,0.0198,0.0195,0.02,0.0201,0.0195,0.0198,0.02,0.0198,0.0195,0.0201,0.02,0.0198,0.019700000000000002,0.02,0.0198,0.019700000000000002,0.0195,0.0199,0.0201,0.019700000000000002,0.019700000000000002,0.0198,0.0199,0.02,0.0196,0.02,0.0201,0.020200000000000003,0.0201,0.0198,0.02,0.0196,0.0201,0.0199,0.0201,0.0201,0.02,0.0198,0.0198,0.0196,0.0198
,0.0188,0.0188,0.0189,0.019200000000000002,0.0193,0.019,0.0195,0.0193,0.019100000000000002,0.019,0.0193,0.019700000000000002,0.0196,0.019700000000000002,0.019200000000000002,0.0193,0.019700000000000002,0.0196,0.019700000000000002,0.0196,0.019,0.0194,0.019700000000000002,0.0196,0.0199,0.0199,0.0198,0.0195,0.019700000000000002,0.020200000000000003,0.0199,0.0198,0.020300000000000002,0.0196,0.0194,0.0198,0.019700000000000002,0.0199,0.0196,0.0196,0.0195,0.0199,0.0199,0.02,0.0199,0.0199,0.019700000000000002,0.0199,0.0201,0.0199,0.0201,0.0201,0.020200000000000003,0.0201,0.0196,0.0193,0.019200000000000002,0.0194,0.0196,0.019700000000000002,0.0195,0.0198,0.0195,0.0199,0.0199,0.019700000000000002,0.02,0.0198,0.0198,0.0199,0.0196,0.0195,0.0195,0.0199,0.02,0.020200000000000003,0.0201,0.0196,0.0196,0.0201,0.0196,0.0196,0.0198,0.0198,0.019700000000000002,0.0193,0.0196,0.019700000000000002,0.0199,0.019700000000000002,0.0194,0.0195,0.019700000000000002,0.0201,0.0198,0.019700000000000002,0.02,0.0199,0.0198,0.0195,0.0198,0.0201,0.0195,0.0198,0.02,0.0198,0.0195,0.0199,0.0199,0.0199,0.0195,0.0198,0.019700000000000002,0.0198,0.0199,0.0199,0.0199,0.02,0.02,0.02,0.02,0.020200000000000003,0.0201,0.0201,0.0201,0.0201,0.0201,0.0201,0.0201,0.02,0.02,0.0199,0.0199,0.0199,0.0201,0.02,0.0198,0.020200000000000003,0.0198
,0.0172,0.0188,0.019,0.0189,0.0193,0.0207,0.0195,0.0193,0.0193,0.0193,0.0194,0.019700000000000002,0.0196,0.0196,0.0194,0.0196,0.0196,0.0196,0.019700000000000002,0.0196,0.0196,0.019700000000000002,0.0195,0.0201,0.0199,0.019700000000000002,0.019700000000000002,0.019,0.019700000000000002,0.0196,0.0196,0.0199,0.02,0.0201,0.02,0.02,0.0199,0.0198,0.0195,0.0198,0.0196,0.019700000000000002,0.0196,0.0196,0.0195,0.0195,0.0199,0.0198,0.0198,0.0196,0.0196,0.0198,0.019700000000000002,0.0194,0.0196,0.0193,0.019200000000000002,0.0194,0.0194,0.019,0.019700000000000002,0.0198,0.0199,0.0195,0.019700000000000002,0.0196,0.0198,0.019700000000000002,0.0199,0.0195,0.019700000000000002,0.0198,0.0195,0.0199,0.02,0.020200000000000003,0.020200000000000003,0.02,0.0196,0.0194,0.0196,0.0198,0.019700000000000002,0.0195,0.019700000000000002,0.0201,0.0195,0.019700000000000002,0.0201,0.02,0.0198,0.0199,0.0194,0.0198,0.019700000000000002,0.0196,0.019700000000000002,0.0195,0.019700000000000002,0.0194,0.0196,0.019700000000000002,0.019700000000000002,0.0196,0.019700000000000002,0.019700000000000002,0.0194,0.0193,0.019700000000000002,0.0196,0.020200000000000003,0.02,0.0198,0.02,0.0198,0.0199,0.0198,0.0199,0.020300000000000002,0.020300000000000002,0.0199,0.0201,0.0201,0.020300000000000002,0.02,0.0201,0.0201,0.0204,0.0204,0.020200000000000003,0.019700000000000002,0.0196,0.0201,0.0206,0.0198,0.0198,0.0201,0.0196,0.020300000000000002
,0.0194,0.018000000000000002,0.019,0.0189,0.0188,0.0194,0.0189,0.019200000000000002,0.0204,0.020300000000000002,0.0194,0.0194,0.0198,0.019700000000000002,0.0199,0.0194,0.0199,0.019700000000000002,0.019700000000000002,0.0199,0.019700000000000002,0.019700000000000002,0.019700000000000002,0.0194,0.0196,0.0194,0.0195,0.0195,0.0196,0.019700000000000002,0.0196,0.0198,0.0198,0.0196,0.0199,0.0199,0.0199,0.0198,0.02,0.0199,0.0201,0.0204,0.0195,0.0201,0.019700000000000002,0.02,0.0201,0.02,0.02,0.0195,0.0194,0.0195,0.019200000000000002,0.019100000000000002,0.0199,0.0195,0.019700000000000002,0.0194,0.0196,0.019,0.0196,0.0196,0.0199,0.0195,0.019700000000000002,0.0196,0.0196,0.0198,0.0201,0.0195,0.019700000000000002,0.0198,0.0198,0.02,0.0196,0.0194,0.020200000000000003,0.0195,0.0198,0.019200000000000002,0.0194,0.0196,0.0198,0.0199,0.020200000000000003,0.0193,0.019700000000000002,0.0198,0.0199,0.019700000000000002,0.0194,0.0195,0.0199,0.0199,0.0199,0.020200000000000003,0.0201,0.02,0.0198,0.02,0.0204,0.020200000000000003,0.020200000000000003,0.020300000000000002,0.0204,0.0201,0.0198,0.0201,0.019700000000000002,0.0196,0.02,0.020300000000000002,0.0204,0.0201,0.020200000000000003,0.0199,0.0199,0.0198,0.019700000000000002,0.0196,0.0198,0.019700000000000002,0.0198,0.0199,0.0198,0.0194,0.0195,0.0195,0.019700000000000002,0.0199,0.0198,0.0198,0.0198,0.019700000000000002,0.0205,0.0204,0.0198,0.019700000000000002,0.019700000000000002
,0.0188,0.0188,0.019200000000000002,0.019,0.0188,0.0194,0.0189,0.019200000000000002,0.0193,0.0193,0.0193,0.019700000000000002,0.0204,0.0195,0.0194,0.0193,0.019700000000000002,0.0195,0.0199,0.0195,0.019700000000000002,0.0194,0.019200000000000002,0.0195,0.0194,0.02,0.0199,0.0196,0.0198,0.02,0.0196,0.0196,0.019700000000000002,0.0198,0.019700000000000002,0.019700000000000002,0.0201,0.02,0.0198,0.0199,0.0194,0.0195,0.0196,0.019700000000000002,0.0198,0.0196,0.02,0.019700000000000002,0.0198,0.0195,0.0194,0.0195,0.019200000000000002,0.019100000000000002,0.0199,0.0195,0.019700000000000002,0.0194,0.019700000000000002,0.0196,0.019700000000000002,0.0196,0.0195,0.0198,0.0195,0.0196,0.0196,0.019700000000000002,0.0199,0.0194,0.0196,0.0193,0.0194,0.02,0.0196,0.0194,0.0196,0.02,0.0196,0.0194,0.019700000000000002,0.0199,0.020300000000000002,0.0199,0.020200000000000003,0.0201,0.019700000000000002,0.0198,0.0201,0.02,0.0198,0.0199,0.0199,0.0199,0.019700000000000002,0.0196,0.019700000000000002,0.0195,0.019700000000000002,0.0194,0.0196,0.019700000000000002,0.019700000000000002,0.0196,0.019700000000000002,0.019700000000000002,0.0194,0.0193,0.020300000000000002,0.0201,0.020200000000000003,0.02,0.0198,0.02,0.0198,0.019700000000000002,0.0198,0.0199,0.019700000000000002,0.0196,0.0198,0.019700000000000002,0.0198,0.0199,0.0198,0.0194,0.0195,0.0195,0.019700000000000002,0.0199,0.0198,0.0198,0.0198,0.019700000000000002,0.0199,0.0194,0.020200000000000003,0.0198,0.019700000000000002
,0.0167,0.0188,0.018600000000000002,0.0183,0.0189,0.019100000000000002,0.0193,0.0204,0.019200000000000002,0.0196,0.020200000000000003,0.020200000000000003,0.0188,0.020200000000000003,0.0199,0.0199,0.0201,0.0194,0.0198,0.02,0.0199,0.0198,0.020200000000000003,0.02,0.02,0.0201,0.0199,0.019700000000000002,0.0195,0.0195,0.0198,0.0198,0.0199,0.0196,0.0195,0.019200000000000002,0.0193,0.0194,0.019700000000000002,0.019700000000000002,0.019700000000000002,0.019700000000000002,0.02,0.019700000000000002,0.0195,0.0198,0.0196,0.02,0.0194,0.0196,0.0195,0.0198,0.0196,0.0193,0.0195,0.0194,0.0198,0.0194,0.019700000000000002,0.0196,0.0196,0.0193,0.0195,0.0198,0.0195,0.0196,0.0194,0.019700000000000002,0.0199,0.0198,0.0196,0.0193,0.0198,0.0196,0.0193,0.0195,0.0196,0.0195,0.0198,0.019200000000000002,0.019700000000000002,0.0198,0.0198,0.020200000000000003,0.02,0.0196,0.02,0.0201,0.0198,0.020300000000000002,0.020200000000000003,0.02,0.0199,0.0199,0.0199,0.0199,0.020200000000000003,0.020300000000000002,0.02,0.0198,0.02,0.0199,0.019700000000000002,0.0196,0.019700000000000002,0.0199,0.020300000000000002,0.0199,0.019700000000000002,0.0199,0.02,0.0198,0.0199,0.0199,0.019700000000000002,0.0199,0.02,0.02,0.0199,0.019700000000000002,0.0196,0.019700000000000002,0.0199,0.0199,0.02,0.02,0.02,0.0199,0.019700000000000002,0.0196,0.0196,0.0198,0.0201,0.0201,0.0199,0.0194,0.0196,0.02,0.02
,0.0184,0.018500000000000003,0.0187,0.019100000000000002,0.0194,0.019100000000000002,0.0196,0.0195,0.0194,0.019,0.0193,0.0194,0.0188,0.019,0.0188,0.0194,0.019200000000000002,0.02,0.0199,0.0195,0.0195,0.019700000000000002,0.019200000000000002,0.019200000000000002,0.0201,0.0194,0.0195,0.019,0.0195,0.0195,0.019700000000000002,0.0194,0.0194,0.0193,0.0196,0.019200000000000002,0.0199,0.0194,0.019700000000000002,0.019700000000000002,0.019700000000000002,0.019700000000000002,0.02,0.019700000000000002,0.0195,0.0198,0.0196,0.019100000000000002,0.0194,0.0195,0.019700000000000002,0.0198,0.0196,0.0193,0.0198,0.0199,0.0195,0.0198,0.0199,0.0196,0.0198,0.0193,0.0198,0.02,0.0201,0.0199,0.0194,0.019700000000000002,0.0199,0.0194,0.0198,0.020300000000000002,0.0194,0.0196,0.0193,0.0195,0.0201,0.0196,0.0196,0.0198,0.0198,0.0199,0.020300000000000002,0.0196,0.0198,0.019700000000000002,0.0195,0.0196,0.0194,0.0196,0.0194,0.0198,0.019700000000000002,0.0193,0.019700000000000002,0.0198,0.02,0.020200000000000003,0.0196,0.0198,0.02,0.0199,0.019700000000000002,0.0196,0.019700000000000002,0.0199,0.020300000000000002,0.0199,0.019700000000000002,0.0199,0.02,0.0198,0.0199,0.0199,0.019700000000000002,0.0198,0.02,0.02,0.0199,0.019700000000000002,0.0196,0.019700000000000002,0.0199,0.0199,0.02,0.02,0.02,0.0199,0.019700000000000002,0.0196,0.0196,0.0198,0.0201,0.0201,0.0201,0.0201,0.0196,0.02,0.02
,0.0184,0.018500000000000003,0.018600000000000002,0.0183,0.0188,0.019200000000000002,0.0198,0.0195,0.0195,0.0199,0.0194,0.0196,0.019100000000000002,0.019,0.019200000000000002,0.019,0.019200000000000002,0.0195,0.0194,0.019100000000000002,0.0193,0.0189,0.019200000000000002,0.019100000000000002,0.0194,0.0195,0.019200000000000002,0.019200000000000002,0.0193,0.019,0.019100000000000002,0.019,0.0189,0.0193,0.019,0.0193,0.0199,0.0193,0.019,0.019200000000000002,0.0193,0.0194,0.0194,0.0188,0.0196,0.0193,0.0194,0.019100000000000002,0.0198,0.0195,0.0195,0.0194,0.0195,0.0195,0.0198,0.0196,0.0198,0.0194,0.0199,0.0196,0.0198,0.02,0.0198,0.02,0.0201,0.0199,0.0199,0.02,0.019700000000000002,0.019700000000000002,0.0198,0.0201,0.0199,0.0196,0.0198,0.02,0.0201,0.0196,0.0196,0.0198,0.0198,0.0198,0.0198,0.020200000000000003,0.02,0.019700000000000002,0.0195,0.0196,0.0198,0.020300000000000002,0.020200000000000003,0.02,0.019700000000000002,0.0193,0.019700000000000002,0.0196,0.0194,0.0194,0.0195,0.0199,0.0199,0.02,0.02,0.02,0.0204,0.019700000000000002,0.0199,0.019700000000000002,0.0198,0.019700000000000002,0.0195,0.0198,0.0195,0.0196,0.019700000000000002,0.0198,0.0198,0.02,0.0201,0.020200000000000003,0.0198,0.0195,0.0196,0.0195,0.0196,0.0198,0.0201,0.0199,0.0196,0.0198,0.019700000000000002,0.0195,0.0194,0.0194,0.0201,0.0201,0.0201,0.02,0.0199
,0.0189,0.018500000000000003,0.0187,0.019100000000000002,0.0188,0.0196,0.018600000000000002,0.0195,0.0183,0.0189,0.0193,0.0198,0.0172,0.0196,0.0188,0.019,0.019200000000000002,0.019100000000000002,0.019100000000000002,0.019100000000000002,0.0193,0.0189,0.019200000000000002,0.019100000000000002,0.0194,0.0195,0.019200000000000002,0.019200000000000002,0.0193,0.019,0.019100000000000002,0.019,0.0189,0.0194,0.0196,0.019200000000000002,0.019100000000000002,0.0193,0.019,0.019200000000000002,0.0193,0.0194,0.0194,0.0188,0.0196,0.0193,0.0194,0.0194,0.0196,0.019700000000000002,0.0198,0.0196,0.02,0.019700000000000002,0.0194,0.0194,0.0195,0.0198,0.0199,0.02,0.02,0.02,0.019100000000000002,0.019200000000000002,0.019700000000000002,0.0195,0.0199,0.02,0.019700000000000002,0.019700000000000002,0.0198,0.0201,0.0199,0.0196,0.0198,0.02,0.0199,0.0196,0.0196,0.02,0.0199,0.020200000000000003,0.019700000000000002,0.0199,0.0198,0.0199,0.0196,0.0201,0.02,0.0198,0.019700000000000002,0.0199,0.02,0.0199,0.019700000000000002,0.0199,0.020200000000000003,0.020300000000000002,0.02,0.019700000000000002,0.0195,0.0196,0.0198,0.0196,0.0195,0.019700000000000002,0.0194,0.0196,0.019700000000000002,0.0198,0.02,0.0204,0.02,0.019700000000000002,0.019700000000000002,0.019700000000000002,0.0198,0.019700000000000002,0.0201,0.020300000000000002,0.019700000000000002,0.0198,0.0196,0.0195,0.02,0.02,0.0204,0.020200000000000003,0.0199,0.0198,0.0196,0.0195,0.0196,0.0199,0.0199,0.0198,0.0201,0.02,0.0199
,0.0189,0.018500000000000003,0.0188,0.0194,0.019100000000000002,0.0198,0.018600000000000002,0.019,0.0183,0.0189,0.0199,0.019100000000000002,0.0193,0.0154,0.014,0.0128,0.0119,0.019100000000000002,0.019100000000000002,0.0098,0.0092,0.0088,0.0086,0.019700000000000002,0.0194,0.0193,0.0195,0.0195,0.0195,0.0195,0.0194,0.0194,0.0194,0.0194,0.019,0.0193,0.019100000000000002,0.0193,0.0196,0.019700000000000002,0.0196,0.0195,0.019700000000000002,0.0194,0.0196,0.0196,0.019700000000000002,0.019700000000000002,0.0196,0.019700000000000002,0.0198,0.0196,0.02,0.019700000000000002,0.0198,0.0199,0.0196,0.0193,0.0198,0.0196,0.019700000000000002,0.019700000000000002,0.019100000000000002,0.019200000000000002,0.02,0.0196,0.0199,0.02,0.0198,0.0198,0.02,0.02,0.019700000000000002,0.0196,0.0199,0.0196,0.0199,0.0199,0.0196,0.02,0.0199,0.020200000000000003,0.019700000000000002,0.0199,0.0198,0.0199,0.0196,0.0201,0.02,0.0198,0.019700000000000002,0.0199,0.02,0.0199,0.019700000000000002,0.0198,0.02,0.020200000000000003,0.0196,0.0199,0.0195,0.0196,0.0198,0.02,0.0204,0.019700000000000002,0.0199,0.0196,0.019700000000000002,0.0198,0.02,0.0204,0.02,0.019700000000000002,0.019700000000000002,0.0196,0.0198,0.019700000000000002,0.0201,0.020300000000000002,0.019700000000000002,0.0198,0.0196,0.0195,0.02,0.02,0.0204,0.020200000000000003,0.0199,0.0198,0.0196,0.0195,0.0196,0.0199,0.020300000000000002,0.020200000000000003,0.019700000000000002,0.02,0.0201
,0.0181,0.0187,0.0188,0.0183,0.019200000000000002,0.0188,0.0188,0.019,0.0193,0.0194,0.019100000000000002,0.019100000000000002,0.0195,0.0193,0.0195,0.0196,0.0194,0.011000000000000001,0.0105,0.0195,0.0194,0.0193,0.0195,0.0082,0.0196,0.007200000000000001,0.007,0.0067,0.006,0.0195,0.0194,0.0194,0.0194,0.0194,0.0194,0.0195,0.0194,0.0195,0.0195,0.0194,0.0193,0.019700000000000002,0.0196,0.0194,0.0198,0.0195,0.0194,0.019700000000000002,0.0194,0.02,0.0193,0.019700000000000002,0.0196,0.019700000000000002,0.0194,0.02,0.02,0.0196,0.0199,0.02,0.02,0.019700000000000002,0.02,0.0198,0.019700000000000002,0.0195,0.0199,0.02,0.0198,0.0198,0.02,0.02,0.0204,0.019700000000000002,0.0196,0.02,0.0199,0.0199,0.0196,0.0195,0.0193,0.0198,0.0195,0.0196,0.02,0.0199,0.0198,0.019700000000000002,0.0196,0.0201,0.0198,0.0199,0.0198,0.0198,0.019700000000000002,0.0196,0.0193,0.0195,0.0195,0.0195,0.0198,0.02,0.0199,0.020200000000000003,0.0198,0.0199,0.0196,0.0198,0.020200000000000003,0.0198,0.019700000000000002,0.0199,0.019700000000000002,0.02,0.0195,0.0196,0.0148,0.0149,0.0152,0.0152,0.0152,0.0151,0.0151,0.0152,0.0152,0.0154,0.0198,0.02,0.0196,0.02,0.0199,0.0198,0.02,0.0198,0.020300000000000002,0.020200000000000003,0.0198,0.0201,0.0201
,0.0181,0.018000000000000002,0.019,0.0183,0.019100000000000002,0.0188,0.0188,0.019100000000000002,0.0193,0.0194,0.019100000000000002,0.0193,0.019200000000000002,0.019200000000000002,0.0189,0.019,0.019100000000000002,0.0195,0.0194,0.0194,0.019200000000000002,0.019200000000000002,0.0194,0.019100000000000002,0.007500000000000001,0.0189,0.019200000000000002,0.0195,0.019200000000000002,0.0195,0.0194,0.019700000000000002,0.005,0.0196,0.019200000000000002,0.019700000000000002,0.0195,0.0195,0.0195,0.0194,0.0193,0.019700000000000002,0.0196,0.0194,0.0198,0.0195,0.0194,0.019700000000000002,0.0194,0.02,0.0195,0.019700000000000002,0.0198,0.019700000000000002,0.0198,0.02,0.02,0.0196,0.019700000000000002,0.019700000000000002,0.0198,0.005,0.02,0.0198,0.02,0.0196,0.0194,0.0196,0.019100000000000002,0.0194,0.0188,0.019700000000000002,0.0204,0.019700000000000002,0.0196,0.02,0.0076,0.0077,0.0081,0.008400000000000001,0.008700000000000001,0.008700000000000001,0.009000000000000001,0.0092,0.0092,0.0097,0.0098,0.01,0.010400000000000001,0.010400000000000001,0.010400000000000001,0.0106,0.0109,0.0112,0.0114,0.0115,0.011600000000000001,0.012100000000000001,0.0123,0.012400000000000001,0.0128,0.0131,0.013300000000000001,0.013300000000000001,0.0134,0.0134,0.0134,0.0135,0.013600000000000001,0.014,0.014100000000000001,0.0142,0.014400000000000001,0.0145,0.014700000000000001,0.0149,0.0195,0.0195,0.0196,0.0196,0.0196,0.019700000000000002,0.0196,0.0196,0.0201,0.0198,0.0155,0.015600000000000001,0.015700000000000002,0.015700000000000002,0.015600000000000001,0.0158,0.016,0.0161,0.0201,0.02,0.0198,0.0201,0.0201
,0.025400000000000002,0.0187,0.0184,0.0184,0.018600000000000002,0.019200000000000002,0.019,0.019100000000000002,0.0194,0.0193,0.0201,0.0195,0.0193,0.019200000000000002,0.0189,0.019,0.019100000000000002,0.0194,0.019200000000000002,0.0194,0.019200000000000002,0.019200000000000002,0.0194,0.019100000000000002,0.0194,0.0189,0.019200000000000002,0.0195,0.019200000000000002,0.0059,0.0056,0.0054,0.0193,0.0196,0.019200000000000002,0.019700000000000002,0.0195,0.0198,0.019700000000000002,0.0195,0.0194,0.019700000000000002,0.0196,0.0194,0.0198,0.019700000000000002,0.019700000000000002,0.019700000000000002,0.0201,0.0193,0.0193,0.0196,0.0196,0.0199,0.019700000000000002,0.0196,0.0195,0.0195,0.0199,0.0198,0.0199,0.0195,0.005200000000000001,0.0195,0.0195,0.0193,0.0194,0.0196,0.019700000000000002,0.0196,0.0199,0.0067,0.007,0.007200000000000001,0.0074,0.0074,0.0194,0.0194,0.019700000000000002,0.0196,0.019700000000000002,0.0196,0.0196,0.0198,0.0195,0.0199,0.0199,0.019700000000000002,0.0196,0.0196,0.0194,0.0193,0.0195,0.0196,0.0196,0.019200000000000002,0.019200000000000002,0.0196,0.019700000000000002,0.0198,0.0198,0.02,0.0199,0.019700000000000002,0.0195,0.0195,0.0195,0.0193,0.019200000000000002,0.0196,0.0196,0.0195,0.0196,0.0195,0.0195,0.0194,0.0194,0.0195,0.019700000000000002,0.0196,0.0196,0.0193,0.019700000000000002,0.0195,0.0195,0.0196,0.019700000000000002,0.019700000000000002,0.0196,0.0196,0.0195,0.019700000000000002,0.02,0.02,0.0159,0.0158,0.0198,0.02,0.0199
,0.0196,0.018000000000000002,0.0184,0.0184,0.018600000000000002,0.019200000000000002,0.019,0.0194,0.0194,0.0193,0.019200000000000002,0.0195,0.019200000000000002,0.019700000000000002,0.0195,0.0195,0.019700000000000002,0.0194,0.019200000000000002,0.0193,0.0193,0.0194,0.0194,0.0195,0.0194,0.019700000000000002,0.0199,0.019700000000000002,0.0196,0.0196,0.0193,0.0194,0.0194,0.0196,0.0199,0.0195,0.0194,0.0194,0.019700000000000002,0.0195,0.0194,0.019700000000000002,0.0196,0.0194,0.0198,0.019700000000000002,0.019700000000000002,0.0199,0.0201,0.0193,0.0195,0.0196,0.0198,0.0199,0.0196,0.0198,0.0195,0.0199,0.0205,0.020300000000000002,0.0199,0.0199,0.0195,0.0054,0.0055000000000000005,0.0056,0.0194,0.019700000000000002,0.019100000000000002,0.0194,0.0188,0.019200000000000002,0.019200000000000002,0.0194,0.0196,0.0194,0.0195,0.019,0.0194,0.019,0.0196,0.0193,0.0198,0.0194,0.0195,0.019700000000000002,0.0196,0.0194,0.0199,0.020300000000000002,0.0198,0.0196,0.0198,0.019700000000000002,0.0198,0.0199,0.020200000000000003,0.0199,0.0194,0.019700000000000002,0.02,0.02,0.0201,0.019700000000000002,0.0198,0.0199,0.0195,0.0199,0.020300000000000002,0.020300000000000002,0.0198,0.0199,0.0196,0.0201,0.0198,0.0196,0.0199,0.0199,0.020300000000000002,0.020300000000000002,0.0199,0.0198,0.0193,0.0194,0.0193,0.0195,0.0196,0.019700000000000002,0.0198,0.0198,0.0199,0.0196,0.0199,0.02,0.02,0.0196,0.0158,0.0201,0.02
,0.025400000000000002,0.0189,0.0195,0.019,0.0187,0.018600000000000002,0.019,0.0194,0.0196,0.019,0.019100000000000002,0.0195,0.019200000000000002,0.019700000000000002,0.019700000000000002,0.0195,0.0194,0.0199,0.0193,0.019700000000000002,0.0198,0.0194,0.0194,0.0195,0.019700000000000002,0.019700000000000002,0.0199,0.019700000000000002,0.019100000000000002,0.019100000000000002,0.0193,0.0194,0.0194,0.0193,0.019700000000000002,0.0195,0.0194,0.0198,0.0198,0.0198,0.0195,0.0201,0.0196,0.0195,0.02,0.02,0.0194,0.0199,0.019700000000000002,0.0198,0.0198,0.019700000000000002,0.0196,0.019700000000000002,0.019700000000000002,0.019700000000000002,0.02,0.020200000000000003,0.02,0.0199,0.02,0.02,0.0199,0.0198,0.0199,0.019700000000000002,0.0056,0.0059,0.0061,0.006200000000000001,0.0066,0.019200000000000002,0.0195,0.0195,0.0193,0.0193,0.0195,0.019,0.0194,0.019,0.0196,0.0193,0.0198,0.0194,0.0195,0.019700000000000002,0.0196,0.0194,0.019200000000000002,0.0198,0.0193,0.0194,0.0195,0.019100000000000002,0.0196,0.02,0.0198,0.0201,0.019700000000000002,0.0196,0.0196,0.0201,0.0201,0.02,0.0198,0.0195,0.0196,0.0199,0.019700000000000002,0.0199,0.02,0.0198,0.0199,0.02,0.0201,0.019700000000000002,0.02,0.0198,0.0204,0.020300000000000002,0.02,0.02,0.0198,0.0204,0.0204,0.02,0.02,0.0201,0.0199,0.0201,0.0194,0.0198,0.0198,0.0199,0.02,0.0199,0.0196,0.015700000000000002,0.015700000000000002
,0.0196,0.0195,0.0195,0.0193,0.0187,0.018600000000000002,0.019,0.0193,0.0196,0.0195,0.019200000000000002,0.019200000000000002,0.0194,0.019700000000000002,0.019700000000000002,0.0195,0.0194,0.0194,0.0196,0.0193,0.0193,0.0196,0.0195,0.0196,0.019700000000000002,0.019700000000000002,0.0196,0.0194,0.0196,0.0196,0.0195,0.0194,0.0193,0.0196,0.0199,0.0195,0.0195,0.0194,0.0198,0.0198,0.0195,0.0201,0.0196,0.0195,0.02,0.02,0.0194,0.0195,0.019700000000000002,0.0198,0.0199,0.0195,0.0196,0.0198,0.019700000000000002,0.0195,0.0195,0.0199,0.019200000000000002,0.0195,0.0193,0.019700000000000002,0.0196,0.0199,0.02,0.0199,0.0199,0.0195,0.0198,0.02,0.019700000000000002,0.0198,0.019200000000000002,0.0195,0.0193,0.0193,0.019700000000000002,0.019700000000000002,0.0194,0.019700000000000002,0.0199,0.0195,0.0196,0.02,0.019700000000000002,0.019700000000000002,0.02,0.0198,0.019200000000000002,0.0198,0.0193,0.0194,0.0195,0.02,0.0198,0.019200000000000002,0.0194,0.019700000000000002,0.0195,0.0196,0.019200000000000002,0.019200000000000002,0.0195,0.0196,0.0196,0.0195,0.0194,0.019700000000000002,0.0199,0.0193,0.0198,0.0195,0.0194,0.0199,0.0196,0.0198,0.0198,0.0194,0.0193,0.0198,0.0196,0.0198,0.019700000000000002,0.0196,0.0195,0.0198,0.0198,0.0201,0.0199,0.02,0.02,0.0199,0.0198,0.0199,0.02,0.019700000000000002,0.0198,0.0201,0.020200000000000003
,0.0204,0.0198,0.0189,0.019,0.0193,0.019100000000000002,0.019,0.0193,0.0194,0.0195,0.019100000000000002,0.0194,0.019200000000000002,0.0188,0.0195,0.0189,0.0195,0.0194,0.0193,0.0195,0.0194,0.0195,0.0196,0.0194,0.0198,0.0195,0.0194,0.0194,0.019100000000000002,0.019100000000000002,0.019100000000000002,0.0198,0.0195,0.0193,0.019700000000000002,0.0195,0.0195,0.0194,0.019200000000000002,0.019100000000000002,0.0193,0.0193,0.0198,0.0196,0.019,0.0194,0.0194,0.0195,0.0199,0.02,0.0201,0.020200000000000003,0.0201,0.0199,0.0195,0.0193,0.0198,0.019700000000000002,0.0198,0.019200000000000002,0.0193,0.0198,0.019700000000000002,0.020200000000000003,0.0205,0.0201,0.0198,0.0198,0.0199,0.02,0.02,0.02,0.0199,0.0198,0.020200000000000003,0.0198,0.0199,0.02,0.02,0.02,0.0198,0.0199,0.0201,0.020300000000000002,0.020300000000000002,0.020300000000000002,0.020300000000000002,0.0201,0.0199,0.019700000000000002,0.0198,0.0199,0.0199,0.019100000000000002,0.0196,0.019200000000000002,0.0194,0.019700000000000002,0.0195,0.0196,0.019200000000000002,0.019200000000000002,0.0195,0.0196,0.0196,0.0195,0.0194,0.019700000000000002,0.0199,0.0193,0.0198,0.0195,0.0194,0.0199,0.0196,0.0193,0.0198,0.0194,0.0193,0.0198,0.0196,0.0198,0.019700000000000002,0.0196,0.0195,0.0198,0.0196,0.0199,0.0198,0.0196,0.019700000000000002,0.020200000000000003,0.0201,0.02,0.0199,0.019700000000000002,0.0199,0.019700000000000002,0.0196
,0.0196,0.0198,0.019100000000000002,0.0187,0.0193,0.0187,0.019,0.019100000000000002,0.0187,0.019100000000000002,0.0193,0.019100000000000002,0.019200000000000002,0.0194,0.0194,0.019100000000000002,0.0194,0.0194,0.0194,0.0195,0.019100000000000002,0.0195,0.0196,0.0193,0.019700000000000002,0.019700000000000002,0.0196,0.0193,0.0196,0.0196,0.0195,0.0194,0.0193,0.0198,0.0195,0.0196,0.019700000000000002,0.0194,0.0194,0.019100000000000002,0.0193,0.0193,0.0198,0.0196,0.019,0.0194,0.0194,0.0196,0.0196,0.02,0.0199,0.02,0.020200000000000003,0.02,0.0196,0.0195,0.019700000000000002,0.019700000000000002,0.0198,0.019200000000000002,0.0193,0.0194,0.0199,0.02,0.02,0.020200000000000003,0.02,0.02,0.02,0.0201,0.02,0.019700000000000002,0.02,0.0199,0.0199,0.0199,0.0199,0.0198,0.019700000000000002,0.02,0.020200000000000003,0.0199,0.0201,0.020200000000000003,0.020300000000000002,0.020200000000000003,0.0198,0.02,0.02,0.0201,0.0195,0.0199,0.0195,0.0199,0.0199,0.019700000000000002,0.0196,0.0198,0.02,0.0198,0.019700000000000002,0.0196,0.0201,0.02,0.019700000000000002,0.019700000000000002,0.019700000000000002,0.0199,0.0195,0.0199,0.0195,0.0199,0.0199,0.0199,0.0201,0.0193,0.0201,0.020200000000000003,0.020200000000000003,0.0199,0.02,0.0201,0.02,0.0195,0.019700000000000002,0.0195,0.0196,0.0199,0.0198,0.0201,0.020300000000000002,0.019700000000000002,0.0194,0.019700000000000002,0.019700000000000002,0.0196,0.019700000000000002,0.0199,0.020200000000000003
,0.0188,0.0188,0.019200000000000002,0.019700000000000002,0.018600000000000002,0.019100000000000002,0.0187,0.0195,0.0189,0.019200000000000002,0.019100000000000002,0.019100000000000002,0.019200000000000002,0.019100000000000002,0.019100000000000002,0.019100000000000002,0.0194,0.019200000000000002,0.0194,0.0195,0.0194,0.019200000000000002,0.019,0.0194,0.0194,0.0193,0.0196,0.0193,0.0196,0.0196,0.019100000000000002,0.0198,0.0195,0.0194,0.0193,0.0193,0.0195,0.0194,0.019200000000000002,0.0194,0.0194,0.0195,0.0195,0.0195,0.019700000000000002,0.019700000000000002,0.0198,0.0199,0.019700000000000002,0.019700000000000002,0.0196,0.0194,0.0194,0.0194,0.0196,0.0195,0.019700000000000002,0.019700000000000002,0.0195,0.0195,0.0194,0.0196,0.0195,0.019700000000000002,0.0196,0.0193,0.0198,0.019700000000000002,0.0196,0.0196,0.019700000000000002,0.02,0.0199,0.020300000000000002,0.020300000000000002,0.02,0.0201,0.0201,0.02,0.0198,0.0198,0.02,0.02,0.0201,0.020200000000000003,0.0201,0.0201,0.0201,0.0201,0.02,0.02,0.0199,0.0199,0.0199,0.0199,0.0198,0.0199,0.0199,0.0198,0.0198,0.0199,0.0199,0.0199,0.02,0.02,0.0199,0.0199,0.0199,0.0199,0.0199,0.020200000000000003,0.020300000000000002,0.0204,0.020300000000000002,0.020200000000000003,0.0201,0.0201,0.0201,0.0199,0.0199,0.0196,0.019700000000000002,0.0198,0.0199,0.0199,0.0198,0.0199,0.0198,0.02,0.0196,0.019700000000000002,0.019700000000000002,0.0194,0.019700000000000002,0.0195,0.0196,0.019700000000000002,0.02,0.019700000000000002
,0.0196,0.019100000000000002,0.0189,0.019100000000000002,0.0195,0.0187,0.0198,0.019100000000000002,0.0195,0.019100000000000002,0.0193,0.0196,0.0198,0.019100000000000002,0.0194,0.018600000000000002,0.019200000000000002,0.019200000000000002,0.0194,0.0193,0.0193,0.0198,0.019,0.0193,0.019700000000000002,0.0193,0.0194,0.0201,0.0195,0.019700000000000002,0.0198,0.02,0.0198,0.0194,0.0193,0.0193,0.0195,0.0194,0.0194,0.0199,0.019700000000000002,0.0196,0.0198,0.019700000000000002,0.0196,0.0195,0.02,0.019700000000000002,0.0198,0.019700000000000002,0.0199,0.0193,0.0193,0.0196,0.0195,0.019700000000000002,0.019100000000000002,0.019,0.0199,0.0198,0.019700000000000002,0.0196,0.019200000000000002,0.019700000000000002,0.019700000000000002,0.0196,0.0193,0.0195,0.0195,0.0194,0.0193,0.0194,0.0199,0.02,0.02,0.02,0.0198,0.019700000000000002,0.019700000000000002,0.019700000000000002,0.019700000000000002,0.0196,0.0194,0.0193,0.0194,0.0195,0.0198,0.0198,0.019700000000000002,0.0198,0.02,0.02,0.0201,0.020200000000000003,0.0201,0.02,0.0199,0.0199,0.0199,0.0199,0.0199,0.0198,0.0199,0.0199,0.0199,0.0198,0.019700000000000002,0.0196,0.0198,0.0199,0.019700000000000002,0.0194,0.0194,0.019200000000000002,0.0196,0.020200000000000003,0.0198,0.0196,0.0196,0.019700000000000002,0.0199,0.0198,0.02,0.0194,0.0193,0.0196,0.0196,0.0195,0.019700000000000002,0.0196,0.0196,0.019700000000000002,0.0195,0.0194,0.0195,0.0196,0.019700000000000002,0.0195,0.0199
,0.0188,0.019100000000000002,0.0194,0.0187,0.018600000000000002,0.0187,0.019,0.0188,0.0187,0.019,0.0195,0.0195,0.019200000000000002,0.0196,0.019700000000000002,0.019100000000000002,0.0193,0.0193,0.0193,0.0193,0.0193,0.019200000000000002,0.0195,0.0193,0.0194,0.0195,0.019700000000000002,0.0194,0.0196,0.0193,0.0194,0.019700000000000002,0.0195,0.0194,0.0194,0.0198,0.0199,0.0199,0.0198,0.02,0.0201,0.020200000000000003,0.0204,0.020300000000000002,0.020200000000000003,0.02,0.019700000000000002,0.019700000000000002,0.019100000000000002,0.019700000000000002,0.0199,0.0193,0.0193,0.0196,0.019700000000000002,0.0195,0.0195,0.019700000000000002,0.0199,0.0198,0.019700000000000002,0.0194,0.019200000000000002,0.019700000000000002,0.019700000000000002,0.0196,0.019700000000000002,0.019700000000000002,0.0198,0.0199,0.0196,0.019700000000000002,0.0195,0.019200000000000002,0.0195,0.019700000000000002,0.0199,0.0196,0.019700000000000002,0.0204,0.0199,0.0198,0.0199,0.020300000000000002,0.0201,0.0198,0.02,0.020200000000000003,0.020200000000000003,0.02,0.020300000000000002,0.020300000000000002,0.0198,0.020200000000000003,0.0204,0.02,0.02,0.02,0.0201,0.020200000000000003,0.0199,0.0198,0.02,0.020300000000000002,0.020300000000000002,0.02,0.02,0.020200000000000003,0.020300000000000002,0.020200000000000003,0.0199,0.020200000000000003,0.020300000000000002,0.0201,0.0201,0.019700000000000002,0.0199,0.0205,0.020300000000000002,0.02,0.020300000000000002,0.02,0.0198,0.0201,0.0201,0.020300000000000002,0.020300000000000002,0.0199,0.020300000000000002,0.0204,0.0201,0.0201,0.020200000000000003,0.0201,0.019100000000000002,0.0193,0.019700000000000002,0.0195,0.0199
,0.029300000000000003,0.018600000000000002,0.0182,0.019700000000000002,0.0193,0.0187,0.0187,0.0196,0.0189,0.0196,0.019700000000000002,0.019100000000000002,0.019200000000000002,0.019200000000000002,0.019,0.0195,0.0193,0.019,0.019,0.019100000000000002,0.0193,0.019200000000000002,0.0194,0.0193,0.0195,0.0196,0.0194,0.0195,0.0195,0.0198,0.0198,0.019,0.0198,0.0201,0.02,0.02,0.0199,0.0199,0.019700000000000002,0.019700000000000002,0.0198,0.0196,0.019700000000000002,0.02,0.0201,0.0196,0.0195,0.019100000000000002,0.019700000000000002,0.019,0.0193,0.0193,0.0194,0.019200000000000002,0.019700000000000002,0.0195,0.0195,0.019700000000000002,0.0198,0.0199,0.0198,0.0196,0.019700000000000002,0.0194,0.019200000000000002,0.0195,0.019700000000000002,0.019700000000000002,0.0198,0.0199,0.0196,0.019700000000000002,0.019700000000000002,0.0196,0.019700000000000002,0.0198,0.0199,0.0204,0.020200000000000003,0.02,0.0201,0.0198,0.020200000000000003,0.020300000000000002,0.0201,0.0198,0.02,0.020200000000000003,0.020200000000000003,0.02,0.020300000000000002,0.020300000000000002,0.0198,0.020200000000000003,0.0204,0.02,0.02,0.02,0.0201,0.020200000000000003,0.0199,0.0198,0.02,0.020300000000000002,0.020300000000000002,0.02,0.02,0.020200000000000003,0.020300000000000002,0.020200000000000003,0.0199,0.020200000000000003,0.020300000000000002,0.0201,0.0201,0.02,0.0199,0.0205,0.020300000000000002,0.02,0.020300000000000002,0.02,0.0198,0.0201,0.0201,0.020300000000000002,0.020300000000000002,0.0199,0.020300000000000002,0.0204,0.0201,0.0201,0.020200000000000003,0.0201,0.0201,0.02,0.019700000000000002,0.0196,0.0194
,0.018000000000000002,0.019,0.0182,0.019700000000000002,0.0194,0.0195,0.019,0.0188,0.018600000000000002,0.019,0.0195,0.0195,0.0189,0.019200000000000002,0.019,0.019100000000000002,0.019100000000000002,0.019,0.0193,0.0193,0.0194,0.0195,0.0196,0.0193,0.0194,0.019,0.0194,0.0196,0.020200000000000003,0.02,0.0194,0.0194,0.0195,0.019200000000000002,0.0199,0.0196,0.0195,0.0194,0.0193,0.0194,0.0196,0.0195,0.0195,0.0194,0.0195,0.0196,0.0194,0.0193,0.019700000000000002,0.019700000000000002,0.0199,0.0196,0.0198,0.0196,0.0201,0.0201,0.0201,0.02,0.0196,0.0194,0.0194,0.0196,0.02,0.02,0.0196,0.0196,0.0195,0.019200000000000002,0.0193,0.0196,0.0195,0.020200000000000003,0.019700000000000002,0.0196,0.019700000000000002,0.0198,0.0204,0.0196,0.019700000000000002,0.0204,0.0199,0.0198,0.0199,0.0199,0.0201,0.02,0.019700000000000002,0.019700000000000002,0.019700000000000002,0.020200000000000003,0.0201,0.0201,0.02,0.0198,0.0196,0.0198,0.0201,0.0201,0.02,0.0198,0.0196,0.0198,0.0201,0.0201,0.0199,0.0199,0.0198,0.0196,0.0199,0.020200000000000003,0.0201,0.020200000000000003,0.0201,0.0201,0.0201,0.02,0.0204,0.0205,0.020300000000000002,0.020200000000000003,0.020200000000000003,0.020200000000000003,0.02,0.020300000000000002,0.020200000000000003,0.0201,0.0198,0.019700000000000002,0.019700000000000002,0.0198,0.02,0.0201,0.0204,0.0201,0.0201,0.02,0.0199,0.0198,0.0195
,0.019,0.0175,0.019100000000000002,0.0194,0.019100000000000002,0.0194,0.0196,0.0187,0.0196,0.02,0.0188,0.019100000000000002,0.0189,0.019100000000000002,0.019100000000000002,0.0199,0.019700000000000002,0.0195,0.0198,0.020200000000000003,0.0198,0.020300000000000002,0.0198,0.020200000000000003,0.0198,0.0199,0.020300000000000002,0.02,0.019100000000000002,0.0194,0.0198,0.0198,0.0198,0.019200000000000002,0.019200000000000002,0.0194,0.0195,0.0193,0.019100000000000002,0.019,0.0194,0.019200000000000002,0.0198,0.019700000000000002,0.0195,0.0196,0.0194,0.0193,0.0193,0.019700000000000002,0.0199,0.0196,0.0198,0.0196,0.0195,0.0194,0.0194,0.0196,0.02,0.02,0.0201,0.02,0.02,0.02,0.0196,0.0201,0.0195,0.0196,0.0198,0.0198,0.019700000000000002,0.019200000000000002,0.020200000000000003,0.0201,0.020200000000000003,0.0204,0.0198,0.0198,0.0201,0.0196,0.019700000000000002,0.019700000000000002,0.019700000000000002,0.0199,0.0199,0.0198,0.0198,0.019700000000000002,0.0196,0.0195,0.0196,0.019700000000000002,0.019700000000000002,0.02,0.0198,0.019700000000000002,0.019700000000000002,0.0198,0.0198,0.0196,0.019700000000000002,0.019700000000000002,0.020200000000000003,0.020300000000000002,0.020200000000000003,0.020300000000000002,0.02,0.0195,0.0195,0.019700000000000002,0.0198,0.0198,0.0198,0.019700000000000002,0.019700000000000002,0.020200000000000003,0.0198,0.0201,0.02,0.0198,0.0199,0.0201,0.0198,0.0198,0.0195,0.0198,0.019700000000000002,0.0198,0.0201,0.0201,0.0199,0.019700000000000002,0.0195,0.0195,0.020200000000000003,0.0199,0.0199,0.0198,0.0195
,0.022600000000000002,0.0175,0.0094,0.018600000000000002,0.0189,0.0193,0.020200000000000003,0.0195,0.0201,0.0189,0.0188,0.020200000000000003,0.0188,0.019,0.0204,0.0194,0.019200000000000002,0.0201,0.0201,0.0193,0.019200000000000002,0.019100000000000002,0.0189,0.0189,0.02,0.019700000000000002,0.019100000000000002,0.0194,0.019100000000000002,0.0194,0.0193,0.019,0.02,0.0196,0.0194,0.0195,0.0193,0.0195,0.0194,0.019,0.0194,0.019200000000000002,0.0198,0.019700000000000002,0.0195,0.0196,0.0194,0.0194,0.0199,0.02,0.0201,0.0201,0.020200000000000003,0.020200000000000003,0.0201,0.0199,0.0198,0.0199,0.02,0.02,0.0201,0.0195,0.0201,0.0201,0.0204,0.0196,0.0204,0.0204,0.0204,0.0205,0.020200000000000003,0.0196,0.019700000000000002,0.019700000000000002,0.0194,0.0199,0.0199,0.0198,0.0199,0.0196,0.019700000000000002,0.019700000000000002,0.019700000000000002,0.0196,0.0199,0.02,0.0198,0.0195,0.0201,0.0199,0.019700000000000002,0.019700000000000002,0.0198,0.019700000000000002,0.0198,0.019700000000000002,0.0198,0.0196,0.019700000000000002,0.0198,0.0195,0.0194,0.0194,0.0195,0.0195,0.0193,0.0193,0.019700000000000002,0.0198,0.019700000000000002,0.019700000000000002,0.0198,0.0199,0.0199,0.0199,0.0199,0.0199,0.0201,0.02,0.0198,0.0199,0.0201,0.0198,0.0198,0.0195,0.0198,0.019700000000000002,0.0198,0.0201,0.0201,0.0199,0.019700000000000002,0.0195,0.0195,0.02,0.0199,0.0201,0.020200000000000003,0.02
,0.0363,0.0184,0.019700000000000002,0.019,0.019100000000000002,0.019,0.019,0.019700000000000002,0.0187,0.0189,0.0199,0.019,0.0198,0.019100000000000002,0.019100000000000002,0.019200000000000002,0.0189,0.019700000000000002,0.019,0.0193,0.019200000000000002,0.019100000000000002,0.0189,0.0189,0.0193,0.019700000000000002,0.019100000000000002,0.0194,0.019100000000000002,0.0194,0.0194,0.019200000000000002,0.019200000000000002,0.0196,0.019100000000000002,0.0188,0.019200000000000002,0.0193,0.0194,0.019200000000000002,0.0193,0.019200000000000002,0.0193,0.019100000000000002,0.0195,0.0194,0.019100000000000002,0.0199,0.0199,0.0198,0.0196,0.0193,0.0196,0.019700000000000002,0.0201,0.0199,0.0198,0.0199,0.0196,0.0198,0.0199,0.0198,0.0195,0.019700000000000002,0.0195,0.0195,0.0195,0.0196,0.0198,0.0198,0.019700000000000002,0.0196,0.0196,0.0195,0.0196,0.020300000000000002,0.0199,0.0198,0.0201,0.0198,0.0198,0.019700000000000002,0.0198,0.0199,0.0199,0.0198,0.0198,0.0199,0.0196,0.019700000000000002,0.0196,0.019700000000000002,0.019700000000000002,0.02,0.0198,0.019700000000000002,0.019700000000000002,0.0196,0.019700000000000002,0.0198,0.019700000000000002,0.019700000000000002,0.020200000000000003,0.020300000000000002,0.020200000000000003,0.020300000000000002,0.02,0.019700000000000002,0.019700000000000002,0.0201,0.019700000000000002,0.0195,0.019700000000000002,0.019700000000000002,0.019700000000000002,0.0199,0.0198,0.02,0.0199,0.019700000000000002,0.019700000000000002,0.0196,0.0195,0.0194,0.0193,0.0194,0.0195,0.0193,0.0194,0.0194,0.0195,0.0196,0.0198,0.0198,0.02,0.0199,0.0198,0.0199,0.0199
,0.018600000000000002,0.0196,0.0195,0.0196,0.019100000000000002,0.0198,0.019,0.0187,0.0187,0.0201,0.019100000000000002,0.019,0.0188,0.019,0.0195,0.0194,0.019200000000000002,0.018600000000000002,0.019,0.0195,0.0198,0.0198,0.0195,0.0189,0.0193,0.0196,0.019700000000000002,0.0193,0.0199,0.0194,0.0194,0.0198,0.0196,0.019100000000000002,0.0194,0.0195,0.0193,0.019700000000000002,0.0194,0.0193,0.0196,0.0195,0.0195,0.0195,0.0194,0.0198,0.0196,0.0199,0.0199,0.0201,0.0199,0.0201,0.0201,0.0196,0.0194,0.0195,0.0196,0.02,0.0198,0.0198,0.0199,0.0198,0.020200000000000003,0.0199,0.02,0.02,0.0195,0.0194,0.02,0.0199,0.0201,0.020300000000000002,0.0196,0.0195,0.0194,0.0198,0.0198,0.0198,0.0199,0.0193,0.0196,0.0194,0.0198,0.0196,0.0199,0.02,0.0198,0.019700000000000002,0.0196,0.0195,0.019700000000000002,0.019700000000000002,0.0201,0.02,0.0198,0.0199,0.0198,0.0201,0.0199,0.0198,0.0198,0.02,0.0201,0.0198,0.0201,0.0201,0.0198,0.02,0.0198,0.019700000000000002,0.019700000000000002,0.0198,0.0199,0.0199,0.0198,0.0199,0.0196,0.019700000000000002,0.0199,0.0196,0.0196,0.0196,0.0196,0.0198,0.0196,0.0196,0.0199,0.0198,0.0199,0.0199,0.0198,0.019700000000000002,0.019700000000000002,0.019700000000000002,0.0195,0.0196,0.0198,0.0199,0.0199
,0.018600000000000002,0.0196,0.0182,0.018600000000000002,0.0196,0.0188,0.019200000000000002,0.0187,0.019,0.019,0.019100000000000002,0.019,0.019100000000000002,0.0201,0.0195,0.019200000000000002,0.0189,0.019700000000000002,0.0194,0.0195,0.0198,0.0198,0.0195,0.0189,0.0196,0.0196,0.019700000000000002,0.0193,0.0199,0.0194,0.0194,0.0198,0.0193,0.019200000000000002,0.0194,0.0193,0.0193,0.019700000000000002,0.0194,0.0193,0.0196,0.0195,0.0195,0.0195,0.0194,0.0198,0.0196,0.0199,0.0193,0.0201,0.0199,0.0201,0.0201,0.0196,0.019700000000000002,0.0198,0.0196,0.0201,0.0198,0.0198,0.0199,0.0199,0.020200000000000003,0.0199,0.02,0.02,0.020200000000000003,0.020200000000000003,0.0194,0.0194,0.0195,0.0195,0.02,0.019700000000000002,0.02,0.0199,0.0199,0.0198,0.019200000000000002,0.0198,0.0198,0.019700000000000002,0.019200000000000002,0.0195,0.0198,0.0196,0.0198,0.0195,0.0201,0.0199,0.019700000000000002,0.019700000000000002,0.0201,0.02,0.0198,0.0199,0.0198,0.0201,0.0199,0.0198,0.0198,0.02,0.0201,0.0199,0.0201,0.0201,0.0198,0.02,0.019700000000000002,0.0201,0.019700000000000002,0.0195,0.019700000000000002,0.0199,0.0198,0.0198,0.0196,0.019700000000000002,0.0199,0.0196,0.0196,0.0196,0.0196,0.0198,0.0196,0.0196,0.0199,0.0198,0.0199,0.0199,0.0198,0.019700000000000002,0.019700000000000002,0.019700000000000002,0.0198,0.0199,0.019700000000000002,0.0199,0.0199
,0.0379,0.0187,0.0182,0.0195,0.019,0.0188,0.0199,0.019,0.0198,0.0198,0.019100000000000002,0.020200000000000003,0.020200000000000003,0.0187,0.019,0.019200000000000002,0.0195,0.018600000000000002,0.0194,0.019100000000000002,0.0189,0.0189,0.019100000000000002,0.019200000000000002,0.0196,0.019100000000000002,0.019200000000000002,0.019100000000000002,0.0188,0.0193,0.0195,0.019100000000000002,0.0196,0.019200000000000002,0.0194,0.0193,0.0193,0.0201,0.02,0.02,0.020300000000000002,0.0205,0.0204,0.0201,0.0201,0.02,0.0198,0.0195,0.0201,0.0198,0.0196,0.019700000000000002,0.0198,0.0194,0.019700000000000002,0.0198,0.0196,0.0201,0.0198,0.0199,0.020200000000000003,0.0198,0.0198,0.0195,0.0195,0.0198,0.020200000000000003,0.020200000000000003,0.02,0.0199,0.0201,0.020300000000000002,0.02,0.019700000000000002,0.02,0.020300000000000002,0.0196,0.0198,0.019700000000000002,0.0196,0.019700000000000002,0.019700000000000002,0.0196,0.0195,0.0195,0.019700000000000002,0.0195,0.0196,0.0195,0.0195,0.019700000000000002,0.0198,0.0198,0.019200000000000002,0.0196,0.0196,0.0199,0.0196,0.0196,0.0198,0.019700000000000002,0.020300000000000002,0.0198,0.0198,0.0199,0.02,0.0198,0.0199,0.0199,0.0196,0.0198,0.0198,0.0201,0.0199,0.0194,0.0198,0.0196,0.02,0.0199,0.0199,0.019700000000000002,0.0195,0.0199,0.0201,0.0201,0.0201,0.020300000000000002,0.02,0.02,0.02,0.02,0.0201,0.0201,0.0199,0.0198,0.0199,0.0199,0.0204,0.020200000000000003
,0.0183,0.018000000000000002,0.019,0.019700000000000002,0.019,0.0188,0.0193,0.0198,0.0195,0.0189,0.020200000000000003,0.019700000000000002,0.0198,0.0204,0.0199,0.019700000000000002,0.0204,0.019,0.019100000000000002,0.0204,0.020300000000000002,0.020200000000000003,0.0198,0.019700000000000002,0.0196,0.0194,0.0195,0.0195,0.0193,0.0194,0.019100000000000002,0.019200000000000002,0.0193,0.0199,0.019700000000000002,0.019700000000000002,0.0201,0.0196,0.0194,0.0195,0.0196,0.0195,0.0193,0.019700000000000002,0.0195,0.0196,0.0196,0.019700000000000002,0.0201,0.0196,0.0195,0.02,0.019700000000000002,0.0196,0.020300000000000002,0.0204,0.0205,0.020200000000000003,0.0198,0.0194,0.0195,0.0198,0.0195,0.019700000000000002,0.0198,0.0199,0.019700000000000002,0.019700000000000002,0.0198,0.0196,0.019700000000000002,0.0196,0.0194,0.0195,0.0195,0.0195,0.0195,0.0198,0.019700000000000002,0.0196,0.02,0.0201,0.019700000000000002,0.02,0.02,0.0199,0.0196,0.02,0.0198,0.0196,0.019700000000000002,0.0199,0.0195,0.019700000000000002,0.0196,0.0195,0.0199,0.0198,0.019700000000000002,0.019700000000000002,0.0198,0.0195,0.0198,0.0199,0.0199,0.02,0.0198,0.0199,0.0199,0.0196,0.0198,0.0198,0.0201,0.0199,0.0194,0.019700000000000002,0.0196,0.02,0.0199,0.0199,0.019700000000000002,0.0195,0.0196,0.0198,0.0198,0.0199,0.0199,0.019700000000000002,0.020200000000000003,0.02,0.020200000000000003,0.019700000000000002,0.0196,0.0199,0.0199,0.0194,0.0199,0.0204,0.020200000000000003
,0.0213,0.018000000000000002,0.0193,0.019700000000000002,0.02,0.019200000000000002,0.0193,0.0194,0.0195,0.0189,0.0194,0.019100000000000002,0.0193,0.0198,0.0193,0.019100000000000002,0.0188,0.0199,0.02,0.0189,0.0196,0.0195,0.019100000000000002,0.0193,0.019200000000000002,0.02,0.0195,0.0195,0.0193,0.0194,0.019100000000000002,0.019200000000000002,0.0193,0.0195,0.0195,0.0196,0.0193,0.0195,0.0199,0.019700000000000002,0.0196,0.0198,0.02,0.0196,0.0201,0.02,0.02,0.019700000000000002,0.019700000000000002,0.0195,0.019700000000000002,0.02,0.020200000000000003,0.020200000000000003,0.0198,0.0194,0.0195,0.0198,0.019700000000000002,0.019700000000000002,0.0196,0.0199,0.0195,0.019700000000000002,0.0198,0.0199,0.0198,0.0201,0.0199,0.0194,0.0194,0.019700000000000002,0.019700000000000002,0.0201,0.019700000000000002,0.0195,0.0198,0.0198,0.019700000000000002,0.0198,0.02,0.0201,0.019700000000000002,0.02,0.02,0.0199,0.0196,0.02,0.0198,0.0196,0.019700000000000002,0.0199,0.0195,0.019700000000000002,0.0196,0.0195,0.0199,0.0198,0.019700000000000002,0.019700000000000002,0.019700000000000002,0.020300000000000002,0.0194,0.019700000000000002,0.0199,0.019700000000000002,0.0196,0.02,0.0196,0.0199,0.0195,0.0193,0.019700000000000002,0.0198,0.02,0.019700000000000002,0.0198,0.0199,0.0199,0.0198,0.019700000000000002,0.0196,0.0199,0.0201,0.0201,0.0201,0.0199,0.019700000000000002,0.020200000000000003,0.02,0.020200000000000003,0.019700000000000002,0.0196,0.0199,0.0199,0.0199,0.019700000000000002,0.019700000000000002,0.0198
,0.0181,0.019,0.0193,0.0193,0.019700000000000002,0.0199,0.0198,0.0194,0.0196,0.0195,0.019,0.019100000000000002,0.0193,0.0195,0.0195,0.0196,0.0188,0.0194,0.0193,0.0189,0.0196,0.0195,0.019100000000000002,0.0193,0.020200000000000003,0.0194,0.0198,0.020200000000000003,0.02,0.020200000000000003,0.02,0.0201,0.0198,0.0196,0.019700000000000002,0.0193,0.0198,0.0195,0.0199,0.019700000000000002,0.0196,0.0198,0.02,0.0196,0.0201,0.02,0.02,0.0196,0.0201,0.0195,0.0195,0.02,0.019700000000000002,0.0196,0.0196,0.0194,0.019700000000000002,0.019700000000000002,0.0201,0.02,0.02,0.019700000000000002,0.020200000000000003,0.0204,0.0201,0.020300000000000002,0.0198,0.0201,0.0199,0.0194,0.019700000000000002,0.019700000000000002,0.0194,0.0198,0.02,0.0198,0.0195,0.0194,0.0194,0.0196,0.0201,0.0198,0.0201,0.02,0.0201,0.019700000000000002,0.019700000000000002,0.019700000000000002,0.019700000000000002,0.0198,0.020200000000000003,0.02,0.0198,0.0199,0.0198,0.0199,0.019700000000000002,0.0196,0.0198,0.0199,0.0198,0.0199,0.0198,0.0198,0.0198,0.0199,0.0198,0.019700000000000002,0.0198,0.02,0.0199,0.0198,0.0201,0.019700000000000002,0.02,0.0194,0.0194,0.0195,0.0198,0.0199,0.019700000000000002,0.019700000000000002,0.0194,0.0198,0.0198,0.0198,0.020200000000000003,0.0199,0.0198,0.0195,0.0196,0.02,0.0198,0.0198,0.0199,0.0199,0.019700000000000002,0.0196,0.0199
,0.0181,0.019200000000000002,0.019100000000000002,0.0195,0.019700000000000002,0.019200000000000002,0.0198,0.0198,0.0196,0.0193,0.019,0.019700000000000002,0.0193,0.0195,0.0193,0.019100000000000002,0.0194,0.0194,0.0193,0.0195,0.0195,0.019700000000000002,0.0198,0.0195,0.019200000000000002,0.019700000000000002,0.0194,0.0195,0.019700000000000002,0.0195,0.0196,0.0195,0.0195,0.0196,0.019700000000000002,0.0193,0.0198,0.0195,0.0195,0.0196,0.0196,0.0196,0.0196,0.0196,0.019700000000000002,0.019700000000000002,0.0199,0.02,0.0199,0.019700000000000002,0.0196,0.0195,0.0199,0.02,0.0199,0.02,0.02,0.0199,0.0201,0.02,0.02,0.019700000000000002,0.019700000000000002,0.019700000000000002,0.0194,0.0199,0.020300000000000002,0.0196,0.0199,0.0198,0.0198,0.0198,0.0194,0.0201,0.019700000000000002,0.0195,0.0195,0.019700000000000002,0.0201,0.019700000000000002,0.0195,0.0198,0.019700000000000002,0.0199,0.0196,0.0195,0.019700000000000002,0.0195,0.019700000000000002,0.019700000000000002,0.0195,0.0198,0.019700000000000002,0.0196,0.0196,0.0195,0.0198,0.019700000000000002,0.0199,0.019700000000000002,0.0198,0.0195,0.019700000000000002,0.019700000000000002,0.0198,0.0198,0.0198,0.0193,0.0193,0.019700000000000002,0.019700000000000002,0.0199,0.019700000000000002,0.0198,0.0196,0.020200000000000003,0.0195,0.0196,0.019700000000000002,0.019700000000000002,0.0196,0.0196,0.0199,0.0195,0.0196,0.0194,0.0194,0.019700000000000002,0.0198,0.02,0.0199,0.0196,0.02,0.0199,0.0199,0.02,0.0198,0.0199,0.02
,0.0172,0.019200000000000002,0.019100000000000002,0.0189,0.0199,0.0195,0.019200000000000002,0.0198,0.019200000000000002,0.0195,0.019200000000000002,0.0198,0.0198,0.019700000000000002,0.019200000000000002,0.0194,0.0195,0.0196,0.019200000000000002,0.019700000000000002,0.0195,0.0194,0.0194,0.0195,0.019100000000000002,0.0194,0.0189,0.0195,0.0194,0.0195,0.0196,0.0196,0.0196,0.0194,0.0194,0.019200000000000002,0.0196,0.020300000000000002,0.019700000000000002,0.019700000000000002,0.0199,0.0196,0.0199,0.02,0.020200000000000003,0.020200000000000003,0.0201,0.0198,0.0199,0.0194,0.0198,0.0198,0.0195,0.0199,0.0199,0.02,0.02,0.0199,0.0198,0.0204,0.0205,0.02,0.0196,0.0198,0.0199,0.0198,0.0195,0.019700000000000002,0.0195,0.02,0.0201,0.0204,0.0195,0.019700000000000002,0.0199,0.019700000000000002,0.0199,0.0199,0.02,0.02,0.0201,0.020200000000000003,0.02,0.0199,0.020300000000000002,0.020300000000000002,0.0201,0.0201,0.0199,0.0199,0.0199,0.0198,0.0199,0.0198,0.0201,0.0199,0.0198,0.019700000000000002,0.019700000000000002,0.0201,0.020300000000000002,0.020300000000000002,0.0204,0.020300000000000002,0.0201,0.0201,0.020200000000000003,0.020300000000000002,0.020300000000000002,0.020200000000000003,0.0205,0.020300000000000002,0.0201,0.02,0.02,0.0195,0.02,0.0201,0.020200000000000003,0.020300000000000002,0.0204,0.020200000000000003,0.020200000000000003,0.0206,0.0205,0.0206,0.0206,0.020200000000000003,0.0201,0.02,0.02,0.0199,0.0199,0.020200000000000003,0.0195,0.019700000000000002,0.019700000000000002,0.0196,0.0199
,0.0172,0.0198,0.0196,0.0194,0.0193,0.0195,0.019200000000000002,0.0196,0.0198,0.0193,0.02,0.0198,0.019100000000000002,0.0194,0.0193,0.0195,0.0193,0.019200000000000002,0.0194,0.0194,0.019700000000000002,0.0194,0.0195,0.0196,0.019100000000000002,0.019700000000000002,0.019100000000000002,0.0195,0.019700000000000002,0.0193,0.0196,0.0196,0.0196,0.02,0.02,0.020200000000000003,0.0198,0.019700000000000002,0.019200000000000002,0.0194,0.0201,0.0198,0.0195,0.0198,0.019700000000000002,0.0196,0.0195,0.0198,0.0196,0.0201,0.0199,0.0199,0.0198,0.0201,0.0204,0.0204,0.0206,0.0201,0.0198,0.0204,0.0205,0.02,0.02,0.020200000000000003,0.0201,0.02,0.0196,0.02,0.0199,0.0198,0.0204,0.0206,0.0201,0.020200000000000003,0.020200000000000003,0.020200000000000003,0.0206,0.0201,0.02,0.0204,0.0206,0.0205,0.020200000000000003,0.0207,0.020800000000000003,0.020300000000000002,0.0204,0.02,0.020200000000000003,0.020300000000000002,0.0205,0.020200000000000003,0.0199,0.0201,0.020300000000000002,0.0205,0.0204,0.0201,0.0201,0.019700000000000002,0.0198,0.02,0.0199,0.0201,0.0199,0.019700000000000002,0.020200000000000003,0.0198,0.0198,0.02,0.02,0.020200000000000003,0.0205,0.020300000000000002,0.020200000000000003,0.0199,0.02,0.0201,0.020200000000000003,0.020300000000000002,0.0204,0.020200000000000003,0.020200000000000003,0.0206,0.0205,0.0206,0.0201,0.02,0.0201,0.02,0.02,0.0199,0.0199,0.020200000000000003,0.020300000000000002,0.0204,0.0196,0.0193,0.0194
,0.017400000000000002,0.019100000000000002,0.0184,0.0189,0.019,0.0196,0.0189,0.0195,0.0196,0.0194,0.02,0.019100000000000002,0.0198,0.0198,0.0199,0.020300000000000002,0.02,0.0196,0.0198,0.02,0.0201,0.0199,0.0201,0.02,0.0196,0.0198,0.02,0.0195,0.019700000000000002,0.0195,0.0193,0.019200000000000002,0.0194,0.0196,0.019700000000000002,0.0195,0.019700000000000002,0.0195,0.0194,0.0195,0.0195,0.0198,0.0195,0.0198,0.019700000000000002,0.0196,0.0195,0.0198,0.0198,0.0201,0.0199,0.0199,0.0198,0.0201,0.0204,0.0204,0.0206,0.0201,0.020300000000000002,0.0199,0.0201,0.0204,0.02,0.020200000000000003,0.0201,0.02,0.0201,0.019700000000000002,0.020200000000000003,0.0206,0.0199,0.0206,0.0206,0.020300000000000002,0.02,0.020300000000000002,0.0206,0.0201,0.02,0.0204,0.0206,0.0205,0.020200000000000003,0.0207,0.020800000000000003,0.020300000000000002,0.0204,0.02,0.020200000000000003,0.020300000000000002,0.0205,0.020200000000000003,0.0199,0.0201,0.020300000000000002,0.0205,0.0204,0.0201,0.0201,0.0201,0.020300000000000002,0.020300000000000002,0.0204,0.020300000000000002,0.0201,0.0201,0.0199,0.020300000000000002,0.020300000000000002,0.020200000000000003,0.0205,0.020300000000000002,0.0201,0.02,0.02,0.0199,0.02,0.020200000000000003,0.020300000000000002,0.020200000000000003,0.0201,0.0198,0.0199,0.0199,0.0199,0.0199,0.0206,0.020200000000000003,0.0201,0.02,0.02,0.0201,0.020300000000000002,0.020200000000000003,0.020300000000000002,0.0204,0.0206,0.0205,0.020300000000000002
,0.017400000000000002,0.019100000000000002,0.0184,0.0188,0.0187,0.0194,0.0205,0.0196,0.0201,0.0199,0.0194,0.020200000000000003,0.020200000000000003,0.019700000000000002,0.0196,0.0195,0.0193,0.02,0.019700000000000002,0.0194,0.0193,0.0196,0.0193,0.0194,0.0193,0.019700000000000002,0.019100000000000002,0.02,0.0204,0.02,0.02,0.020300000000000002,0.02,0.0195,0.0194,0.019700000000000002,0.019700000000000002,0.0195,0.0194,0.0194,0.0201,0.0198,0.019700000000000002,0.0195,0.0196,0.0195,0.0196,0.0196,0.0199,0.0206,0.020300000000000002,0.0205,0.020300000000000002,0.0201,0.0201,0.0199,0.0201,0.020300000000000002,0.0199,0.0196,0.019700000000000002,0.0204,0.0205,0.0204,0.020300000000000002,0.020300000000000002,0.0201,0.02,0.0198,0.0198,0.0204,0.0201,0.0206,0.020300000000000002,0.02,0.020300000000000002,0.019700000000000002,0.0199,0.0196,0.0198,0.02,0.0199,0.0199,0.0195,0.0198,0.02,0.0199,0.0199,0.0195,0.019700000000000002,0.019700000000000002,0.02,0.0198,0.0194,0.0196,0.019700000000000002,0.0196,0.0196,0.0196,0.0198,0.019700000000000002,0.0199,0.0194,0.0194,0.019700000000000002,0.019700000000000002,0.02,0.0196,0.0194,0.0199,0.0198,0.0196,0.0196,0.0199,0.0199,0.020200000000000003,0.0195,0.0195,0.0198,0.0198,0.0199,0.0196,0.0196,0.0198,0.0198,0.0199,0.019700000000000002,0.0193,0.0198,0.019700000000000002,0.0199,0.0199,0.0194,0.019700000000000002,0.0201,0.02,0.0206,0.0205,0.0199
,0.0539,0.0206,0.019200000000000002,0.019700000000000002,0.0195,0.018600000000000002,0.019100000000000002,0.020300000000000002,0.019200000000000002,0.0196,0.0195,0.0193,0.0194,0.019700000000000002,0.0196,0.0195,0.0193,0.0195,0.0198,0.0194,0.0193,0.0196,0.0193,0.0194,0.0196,0.0195,0.019700000000000002,0.0195,0.0198,0.0196,0.0194,0.0196,0.019700000000000002,0.0195,0.0194,0.019700000000000002,0.019700000000000002,0.0196,0.0195,0.0195,0.019700000000000002,0.0196,0.0194,0.0194,0.0196,0.0196,0.0195,0.0199,0.0199,0.0201,0.0204,0.0205,0.020300000000000002,0.0201,0.02,0.019700000000000002,0.0198,0.0201,0.0199,0.0196,0.0201,0.0205,0.0205,0.0204,0.020300000000000002,0.020300000000000002,0.020200000000000003,0.0199,0.0199,0.0198,0.0195,0.0195,0.02,0.0195,0.0196,0.019700000000000002,0.0198,0.02,0.019700000000000002,0.019700000000000002,0.0196,0.0195,0.019700000000000002,0.02,0.0201,0.0201,0.0199,0.0199,0.0196,0.019700000000000002,0.019700000000000002,0.0195,0.02,0.020200000000000003,0.0199,0.0199,0.0196,0.0199,0.019700000000000002,0.0195,0.0199,0.0195,0.02,0.02,0.0199,0.019700000000000002,0.02,0.0195,0.0196,0.0196,0.02,0.0196,0.0199,0.0201,0.0199,0.02,0.020200000000000003,0.0196,0.0194,0.0198,0.0196,0.0198,0.0201,0.0196,0.02,0.0201,0.0198,0.0198,0.02,0.0198,0.0195,0.0199,0.0196,0.0194,0.019700000000000002,0.0196,0.0198,0.0196,0.020300000000000002
,0.0539,0.0182,0.0198,0.019700000000000002,0.0187,0.019100000000000002,0.019200000000000002,0.019,0.0195,0.0193,0.0201,0.0196,0.0194,0.0195,0.0195,0.0193,0.0196,0.0195,0.019100000000000002,0.0195,0.0195,0.019700000000000002,0.0196,0.0194,0.0193,0.0196,0.019200000000000002,0.0193,0.0193,0.0196,0.0195,0.0198,0.0198,0.0194,0.0195,0.019700000000000002,0.0194,0.0195,0.0198,0.0196,0.0196,0.0196,0.019700000000000002,0.0198,0.02,0.019700000000000002,0.0195,0.0199,0.020200000000000003,0.0206,0.020300000000000002,0.020300000000000002,0.0198,0.020200000000000003,0.02,0.0199,0.0201,0.020300000000000002,0.0199,0.0199,0.0201,0.02,0.020200000000000003,0.020200000000000003,0.0201,0.020200000000000003,0.020200000000000003,0.0199,0.020200000000000003,0.0206,0.0195,0.0195,0.0196,0.019700000000000002,0.02,0.0201,0.0198,0.02,0.019700000000000002,0.019700000000000002,0.0196,0.0195,0.019700000000000002,0.02,0.0201,0.0201,0.0199,0.0199,0.0196,0.019700000000000002,0.019700000000000002,0.0195,0.02,0.020200000000000003,0.0199,0.0199,0.0196,0.0199,0.019700000000000002,0.0195,0.0199,0.0195,0.02,0.02,0.0199,0.019700000000000002,0.02,0.0195,0.0196,0.0196,0.02,0.0196,0.0199,0.0201,0.0199,0.0196,0.020200000000000003,0.0196,0.0194,0.0198,0.0196,0.0198,0.0201,0.0196,0.02,0.0201,0.0198,0.0198,0.02,0.0198,0.0195,0.0199,0.0196,0.0194,0.0198,0.0196,0.0199,0.0198,0.0199
,0.020900000000000002,0.0206,0.0198,0.0198,0.0198,0.019700000000000002,0.019100000000000002,0.0195,0.019200000000000002,0.0193,0.019700000000000002,0.019100000000000002,0.019700000000000002,0.0195,0.0196,0.0194,0.0194,0.019100000000000002,0.0198,0.0195,0.0195,0.019700000000000002,0.0196,0.019200000000000002,0.0195,0.019700000000000002,0.019200000000000002,0.0193,0.0193,0.0196,0.0195,0.0198,0.0198,0.0199,0.0204,0.0198,0.02,0.0199,0.0198,0.0196,0.0196,0.0196,0.019700000000000002,0.0198,0.02,0.019700000000000002,0.0195,0.019700000000000002,0.0199,0.020200000000000003,0.0205,0.02,0.020300000000000002,0.0204,0.02,0.0198,0.020200000000000003,0.0205,0.0198,0.020200000000000003,0.02,0.0205,0.0201,0.019700000000000002,0.0201,0.02,0.02,0.02,0.020300000000000002,0.0201,0.019700000000000002,0.019700000000000002,0.0196,0.019700000000000002,0.02,0.0201,0.02,0.0199,0.019700000000000002,0.0196,0.02,0.02,0.020200000000000003,0.0204,0.020200000000000003,0.020200000000000003,0.02,0.0196,0.019700000000000002,0.0196,0.02,0.02,0.0199,0.0204,0.020300000000000002,0.020200000000000003,0.02,0.02,0.0196,0.0199,0.0199,0.0199,0.0201,0.0201,0.02,0.02,0.0199,0.019700000000000002,0.02,0.0198,0.0199,0.0198,0.0198,0.0196,0.0196,0.0196,0.0199,0.0201,0.0201,0.0204,0.020300000000000002,0.0204,0.0204,0.02,0.0198,0.0199,0.02,0.0201,0.02,0.0198,0.0198,0.02,0.0201,0.0204,0.0198,0.0196,0.0194,0.0196,0.0195
,0.020900000000000002,0.0182,0.0195,0.020200000000000003,0.0198,0.019100000000000002,0.0196,0.019,0.0196,0.0194,0.0194,0.019100000000000002,0.0194,0.019700000000000002,0.0196,0.0194,0.0194,0.0194,0.019100000000000002,0.019700000000000002,0.019200000000000002,0.0194,0.0196,0.0194,0.0196,0.0196,0.0193,0.0194,0.019700000000000002,0.0193,0.0198,0.0193,0.0198,0.0194,0.019700000000000002,0.019700000000000002,0.0196,0.0195,0.0199,0.0195,0.0199,0.0198,0.0196,0.02,0.019700000000000002,0.0196,0.02,0.020200000000000003,0.020200000000000003,0.0201,0.0205,0.020300000000000002,0.0198,0.020200000000000003,0.0198,0.0196,0.0198,0.0201,0.0198,0.020200000000000003,0.02,0.020200000000000003,0.020300000000000002,0.019700000000000002,0.0201,0.020200000000000003,0.0199,0.0198,0.020300000000000002,0.02,0.02,0.0199,0.02,0.0201,0.0204,0.0201,0.019700000000000002,0.019700000000000002,0.0199,0.0201,0.0199,0.0198,0.0201,0.0201,0.0201,0.019700000000000002,0.02,0.0199,0.0199,0.019700000000000002,0.0196,0.0198,0.0201,0.020200000000000003,0.02,0.0199,0.0201,0.02,0.02,0.0152,0.015300000000000001,0.0154,0.015700000000000002,0.015700000000000002,0.0158,0.016,0.016,0.0159,0.016300000000000002,0.016300000000000002,0.0166,0.0165,0.0166,0.0165,0.0165,0.0196,0.016800000000000002,0.017,0.0173,0.0176,0.0175,0.0176,0.0177,0.0173,0.0171,0.0173,0.017400000000000002,0.017400000000000002,0.017400000000000002,0.0173,0.0173,0.0175,0.0176,0.0178,0.020300000000000002,0.020300000000000002,0.0194,0.0196,0.0195
,0.0171,0.018600000000000002,0.02,0.0189,0.0198,0.020200000000000003,0.0199,0.0193,0.0196,0.0196,0.0194,0.019700000000000002,0.0196,0.0195,0.02,0.0198,0.0198,0.019100000000000002,0.019200000000000002,0.019700000000000002,0.0199,0.0198,0.0196,0.0194,0.0195,0.0196,0.0196,0.019700000000000002,0.0201,0.0195,0.0195,0.02,0.02,0.019700000000000002,0.0199,0.019700000000000002,0.02,0.0198,0.02,0.019700000000000002,0.0199,0.020200000000000003,0.0201,0.02,0.0196,0.0198,0.0201,0.0201,0.0198,0.020200000000000003,0.0199,0.02,0.019700000000000002,0.019700000000000002,0.0198,0.0196,0.0198,0.0201,0.02,0.0198,0.0199,0.019700000000000002,0.0201,0.020200000000000003,0.0199,0.0201,0.020200000000000003,0.0198,0.020300000000000002,0.0199,0.020200000000000003,0.0199,0.0201,0.020300000000000002,0.0204,0.020300000000000002,0.0198,0.0199,0.020200000000000003,0.0205,0.0199,0.0198,0.0201,0.0201,0.0201,0.019700000000000002,0.013300000000000001,0.013600000000000001,0.0137,0.013600000000000001,0.0137,0.013900000000000001,0.0143,0.0148,0.0148,0.0148,0.0149,0.0149,0.0149,0.0199,0.0199,0.020300000000000002,0.020300000000000002,0.020200000000000003,0.0199,0.0198,0.0204,0.020200000000000003,0.02,0.0199,0.020200000000000003,0.0204,0.020200000000000003,0.0199,0.0198,0.0165,0.020200000000000003,0.0199,0.0198,0.02,0.0201,0.0199,0.02,0.019700000000000002,0.0196,0.0196,0.019700000000000002,0.02,0.02,0.0201,0.020200000000000003,0.020300000000000002,0.020200000000000003,0.0198,0.0177,0.0177,0.0204,0.020300000000000002,0.020300000000000002
,0.0183,0.0199,0.020300000000000002,0.020200000000000003,0.0199,0.019700000000000002,0.0199,0.0198,0.0196,0.0196,0.019700000000000002,0.0199,0.0198,0.019700000000000002,0.019700000000000002,0.0198,0.0194,0.0198,0.0195,0.019700000000000002,0.0196,0.019700000000000002,0.0199,0.0198,0.0198,0.02,0.02,0.0199,0.02,0.019700000000000002,0.0201,0.0199,0.0199,0.0194,0.019700000000000002,0.0198,0.02,0.020200000000000003,0.0198,0.0198,0.019700000000000002,0.020300000000000002,0.0199,0.0196,0.0198,0.020300000000000002,0.0205,0.019700000000000002,0.0201,0.0199,0.0195,0.0199,0.020300000000000002,0.0198,0.0196,0.0196,0.0195,0.0196,0.0196,0.0198,0.019700000000000002,0.019700000000000002,0.02,0.0199,0.0196,0.019700000000000002,0.0199,0.0201,0.02,0.02,0.02,0.0198,0.0201,0.0198,0.02,0.0198,0.0198,0.0198,0.02,0.020200000000000003,0.0199,0.02,0.02,0.02,0.02,0.0199,0.019700000000000002,0.0196,0.0198,0.02,0.020300000000000002,0.020200000000000003,0.020800000000000003,0.0206,0.0205,0.0207,0.0211,0.020900000000000002,0.020900000000000002,0.021,0.0211,0.0211,0.020900000000000002,0.020800000000000003,0.0206,0.020800000000000003,0.020800000000000003,0.020800000000000003,0.0207,0.0204,0.0201,0.02,0.020200000000000003,0.0201,0.0199,0.0201,0.0196,0.0195,0.0196,0.0199,0.019700000000000002,0.0195,0.0195,0.0194,0.0193,0.019200000000000002,0.019200000000000002,0.0201,0.02,0.02,0.0201,0.02,0.019700000000000002,0.0198,0.02,0.02,0.0178,0.0177,0.0177
,0.0172,0.0199,0.020300000000000002,0.020200000000000003,0.019700000000000002,0.019700000000000002,0.0198,0.0198,0.0198,0.0201,0.02,0.0199,0.0198,0.0196,0.0195,0.019700000000000002,0.0195,0.0199,0.0199,0.019700000000000002,0.0196,0.0196,0.0195,0.019700000000000002,0.02,0.0199,0.0195,0.0196,0.0198,0.019700000000000002,0.0195,0.0196,0.0199,0.0199,0.02,0.0196,0.0199,0.020200000000000003,0.0198,0.02,0.0199,0.020300000000000002,0.0199,0.0204,0.0198,0.020300000000000002,0.020200000000000003,0.020200000000000003,0.0198,0.0199,0.0195,0.0199,0.020300000000000002,0.0198,0.0201,0.02,0.0199,0.019700000000000002,0.0112,0.011000000000000001,0.011000000000000001,0.0198,0.02,0.0199,0.0196,0.019700000000000002,0.020200000000000003,0.0198,0.02,0.020200000000000003,0.02,0.019700000000000002,0.02,0.020300000000000002,0.0204,0.020300000000000002,0.019700000000000002,0.019700000000000002,0.0199,0.0201,0.02,0.0199,0.0201,0.0199,0.020200000000000003,0.0132,0.019700000000000002,0.0196,0.0198,0.0199,0.0199,0.0198,0.02,0.0198,0.019700000000000002,0.019700000000000002,0.0199,0.0199,0.02,0.020200000000000003,0.020200000000000003,0.020300000000000002,0.0201,0.0201,0.0198,0.0198,0.0198,0.0198,0.0199,0.0199,0.019700000000000002,0.019700000000000002,0.0198,0.019700000000000002,0.019700000000000002,0.019700000000000002,0.0194,0.0194,0.0195,0.0199,0.0198,0.0201,0.0201,0.0199,0.0201,0.02,0.0198,0.019100000000000002,0.0188,0.0189,0.0189,0.0187,0.018600000000000002,0.0182,0.02,0.0199,0.0199,0.0196,0.019700000000000002
,0.0173,0.019200000000000002,0.0198,0.0198,0.02,0.0193,0.0198,0.0195,0.020200000000000003,0.0201,0.02,0.0204,0.020200000000000003,0.0196,0.0195,0.019700000000000002,0.0195,0.0198,0.0193,0.019700000000000002,0.0196,0.0196,0.0195,0.019700000000000002,0.0195,0.0199,0.0195,0.0196,0.0198,0.019700000000000002,0.0195,0.0196,0.0199,0.0199,0.02,0.0196,0.0199,0.019700000000000002,0.0198,0.0198,0.019700000000000002,0.0198,0.020300000000000002,0.0196,0.0204,0.020200000000000003,0.0205,0.0201,0.019700000000000002,0.0194,0.0194,0.0196,0.019700000000000002,0.0199,0.0115,0.0112,0.011000000000000001,0.0111,0.0206,0.0201,0.02,0.0196,0.0198,0.0199,0.0199,0.019700000000000002,0.020200000000000003,0.0198,0.02,0.020200000000000003,0.02,0.0198,0.0199,0.0199,0.0199,0.0195,0.0198,0.0199,0.020200000000000003,0.0205,0.0199,0.02,0.019700000000000002,0.02,0.013000000000000001,0.0201,0.0201,0.0204,0.0201,0.0201,0.019700000000000002,0.02,0.020200000000000003,0.020300000000000002,0.020300000000000002,0.020200000000000003,0.0201,0.0204,0.0204,0.020300000000000002,0.0201,0.0199,0.019700000000000002,0.0199,0.020200000000000003,0.020200000000000003,0.02,0.02,0.0198,0.0201,0.0201,0.0198,0.0196,0.019700000000000002,0.020200000000000003,0.0195,0.02,0.020200000000000003,0.02,0.0196,0.0198,0.0198,0.0198,0.0199,0.02,0.0199,0.0199,0.0198,0.019700000000000002,0.0201,0.020300000000000002,0.020200000000000003,0.020200000000000003,0.0198,0.0179,0.0178,0.0198,0.0196,0.019700000000000002
,0.0183,0.0205,0.0198,0.0198,0.02,0.0196,0.0198,0.02,0.020200000000000003,0.02,0.0205,0.0204,0.020200000000000003,0.0199,0.019700000000000002,0.02,0.0195,0.0198,0.0193,0.0198,0.0201,0.0204,0.02,0.0201,0.0195,0.0198,0.0201,0.0201,0.0201,0.0199,0.020300000000000002,0.020300000000000002,0.02,0.020200000000000003,0.0201,0.0201,0.0199,0.019700000000000002,0.0198,0.02,0.0199,0.02,0.0205,0.0204,0.0204,0.020200000000000003,0.020200000000000003,0.0201,0.019700000000000002,0.0199,0.02,0.0198,0.0198,0.0199,0.0199,0.020200000000000003,0.0206,0.0201,0.0199,0.0201,0.02,0.0111,0.011000000000000001,0.0111,0.011000000000000001,0.0111,0.02,0.02,0.0201,0.0199,0.020200000000000003,0.020300000000000002,0.0199,0.0199,0.0199,0.0195,0.0199,0.019700000000000002,0.0195,0.019700000000000002,0.0199,0.02,0.02,0.02,0.02,0.020200000000000003,0.0199,0.02,0.0201,0.0201,0.0199,0.0199,0.02,0.020200000000000003,0.020300000000000002,0.020200000000000003,0.019700000000000002,0.02,0.0198,0.0196,0.019700000000000002,0.0198,0.02,0.0198,0.0195,0.019700000000000002,0.0205,0.0205,0.0201,0.0201,0.0201,0.0205,0.020200000000000003,0.02,0.0199,0.0201,0.0201,0.0199,0.020200000000000003,0.0204,0.0204,0.0201,0.0198,0.0201,0.02,0.02,0.0201,0.0204,0.0201,0.0198,0.019700000000000002,0.0195,0.019700000000000002,0.0198,0.0198,0.0198,0.0177,0.0175,0.0173
,0.0173,0.0188,0.0193,0.0193,0.0195,0.0201,0.0195,0.02,0.019700000000000002,0.019200000000000002,0.0205,0.0199,0.0201,0.0199,0.019700000000000002,0.02,0.0195,0.02,0.0198,0.0198,0.0201,0.0204,0.02,0.0201,0.0199,0.0198,0.0201,0.0201,0.0201,0.0199,0.020300000000000002,0.020300000000000002,0.02,0.020200000000000003,0.0205,0.0201,0.0201,0.0201,0.019700000000000002,0.0201,0.0199,0.0198,0.020300000000000002,0.0198,0.02,0.019700000000000002,0.0199,0.0201,0.0196,0.0118,0.0118,0.0115,0.0114,0.011300000000000001,0.020200000000000003,0.0204,0.02,0.0199,0.0206,0.0198,0.0199,0.0199,0.0199,0.02,0.0194,0.019700000000000002,0.011300000000000001,0.0114,0.0112,0.0114,0.011600000000000001,0.0118,0.0199,0.020200000000000003,0.02,0.0199,0.0122,0.012100000000000001,0.012100000000000001,0.0122,0.012700000000000001,0.0129,0.013000000000000001,0.0128,0.02,0.0201,0.0201,0.0204,0.0201,0.0201,0.019700000000000002,0.02,0.020200000000000003,0.020300000000000002,0.020300000000000002,0.020200000000000003,0.0201,0.0204,0.0204,0.020300000000000002,0.0201,0.020200000000000003,0.0195,0.019700000000000002,0.0198,0.0195,0.0199,0.0201,0.02,0.0201,0.02,0.019700000000000002,0.0199,0.0199,0.0201,0.02,0.0199,0.02,0.0199,0.0198,0.0199,0.0201,0.02,0.019700000000000002,0.019700000000000002,0.019700000000000002,0.020200000000000003,0.02,0.0199,0.019700000000000002,0.019700000000000002,0.019700000000000002,0.019700000000000002,0.020200000000000003,0.0198,0.0198,0.019700000000000002,0.0199,0.0199
,0.024200000000000003,0.0188,0.0189,0.0193,0.0195,0.0201,0.0195,0.0195,0.019700000000000002,0.0196,0.0199,0.0199,0.0201,0.02,0.0199,0.0199,0.02,0.02,0.0198,0.0199,0.02,0.0201,0.019700000000000002,0.0195,0.0199,0.0199,0.0198,0.0201,0.0196,0.020200000000000003,0.0199,0.0198,0.0196,0.02,0.0201,0.02,0.0199,0.0201,0.019700000000000002,0.0201,0.0199,0.02,0.0205,0.0198,0.02,0.019700000000000002,0.0199,0.019700000000000002,0.0199,0.0201,0.02,0.0198,0.0201,0.0198,0.0199,0.020200000000000003,0.0206,0.0201,0.0198,0.0198,0.0198,0.020200000000000003,0.020200000000000003,0.0201,0.0201,0.0201,0.02,0.0201,0.0199,0.02,0.0199,0.02,0.011600000000000001,0.0119,0.0119,0.012100000000000001,0.0199,0.020200000000000003,0.0201,0.0198,0.0199,0.02,0.0201,0.020200000000000003,0.0199,0.02,0.0198,0.0198,0.0204,0.0199,0.02,0.019700000000000002,0.019700000000000002,0.0198,0.0198,0.0196,0.02,0.020200000000000003,0.0199,0.020300000000000002,0.02,0.0198,0.019700000000000002,0.0199,0.020200000000000003,0.020200000000000003,0.0205,0.0205,0.02,0.0201,0.0201,0.0205,0.020200000000000003,0.02,0.0199,0.0196,0.0199,0.0199,0.020200000000000003,0.0204,0.0204,0.0201,0.0198,0.019700000000000002,0.019700000000000002,0.019700000000000002,0.020200000000000003,0.0204,0.0201,0.0198,0.019700000000000002,0.019700000000000002,0.019700000000000002,0.020200000000000003,0.0205,0.02,0.0198,0.0196,0.0195
,0.0548,0.019200000000000002,0.0189,0.0196,0.0194,0.0195,0.0196,0.0195,0.0195,0.019200000000000002,0.0195,0.0199,0.0201,0.0196,0.0196,0.0201,0.0199,0.0198,0.0201,0.0199,0.02,0.0201,0.019700000000000002,0.0195,0.0199,0.0199,0.0198,0.0201,0.0196,0.020200000000000003,0.02,0.019700000000000002,0.0205,0.02,0.0205,0.02,0.0201,0.0196,0.019700000000000002,0.0199,0.0198,0.0201,0.0201,0.02,0.019700000000000002,0.019700000000000002,0.019700000000000002,0.0195,0.0119,0.02,0.0199,0.0199,0.0201,0.0198,0.0201,0.02,0.02,0.02,0.0201,0.0198,0.0194,0.0199,0.020200000000000003,0.02,0.0199,0.0201,0.020200000000000003,0.019700000000000002,0.0201,0.0199,0.020300000000000002,0.020300000000000002,0.020200000000000003,0.0201,0.0199,0.0199,0.0199,0.0201,0.020300000000000002,0.0204,0.0205,0.02,0.0199,0.020200000000000003,0.02,0.0198,0.02,0.02,0.0201,0.0198,0.0199,0.020300000000000002,0.020300000000000002,0.0198,0.02,0.0198,0.020200000000000003,0.020200000000000003,0.020200000000000003,0.0201,0.02,0.02,0.02,0.020200000000000003,0.020200000000000003,0.020200000000000003,0.02,0.02,0.0199,0.02,0.0199,0.0199,0.02,0.0201,0.020300000000000002,0.0196,0.020300000000000002,0.020300000000000002,0.0201,0.0201,0.020200000000000003,0.0201,0.02,0.020200000000000003,0.020200000000000003,0.020300000000000002,0.020200000000000003,0.020200000000000003,0.020200000000000003,0.020200000000000003,0.0198,0.0201,0.020300000000000002,0.020200000000000003,0.0205,0.02,0.0198,0.019700000000000002,0.019700000000000002
,0.0172,0.019200000000000002,0.019700000000000002,0.02,0.0194,0.0195,0.0196,0.0196,0.0195,0.0196,0.0195,0.0196,0.02,0.0196,0.0196,0.0199,0.02,0.0198,0.0201,0.0204,0.0198,0.0198,0.0201,0.0199,0.0199,0.0193,0.0195,0.0196,0.0196,0.019700000000000002,0.0199,0.0198,0.0196,0.0198,0.0199,0.0198,0.0195,0.019700000000000002,0.0195,0.0195,0.0195,0.0199,0.0199,0.02,0.0194,0.0196,0.019700000000000002,0.0119,0.0198,0.0201,0.02,0.0198,0.019700000000000002,0.02,0.0198,0.0199,0.0201,0.02,0.019700000000000002,0.0196,0.0196,0.0201,0.020200000000000003,0.0201,0.0201,0.0201,0.0199,0.019700000000000002,0.0199,0.0199,0.0201,0.02,0.0204,0.020300000000000002,0.0198,0.0198,0.02,0.0199,0.0199,0.02,0.0199,0.02,0.02,0.0199,0.02,0.0199,0.02,0.019700000000000002,0.0198,0.020200000000000003,0.020300000000000002,0.019700000000000002,0.0199,0.02,0.02,0.02,0.020200000000000003,0.0201,0.0199,0.0201,0.0199,0.0199,0.0199,0.0194,0.0199,0.020200000000000003,0.020300000000000002,0.02,0.0198,0.020200000000000003,0.020200000000000003,0.0201,0.0199,0.0198,0.020300000000000002,0.020200000000000003,0.02,0.0196,0.0201,0.020200000000000003,0.0201,0.0195,0.0199,0.0198,0.0199,0.0198,0.0199,0.019700000000000002,0.0201,0.0199,0.020200000000000003,0.0201,0.0201,0.020200000000000003,0.0199,0.0201,0.0198,0.019700000000000002,0.019700000000000002
,0.0172,0.018600000000000002,0.0188,0.0189,0.0195,0.0195,0.019700000000000002,0.0196,0.0196,0.0194,0.0195,0.0196,0.019100000000000002,0.0195,0.0196,0.0196,0.0194,0.0199,0.0199,0.0195,0.0198,0.0198,0.0201,0.0199,0.019700000000000002,0.0193,0.0195,0.0196,0.0196,0.019700000000000002,0.02,0.019700000000000002,0.0205,0.0199,0.02,0.020200000000000003,0.020200000000000003,0.019700000000000002,0.0201,0.0201,0.0204,0.0134,0.0131,0.0129,0.012400000000000001,0.0123,0.0122,0.02,0.02,0.0199,0.019700000000000002,0.0198,0.0198,0.0199,0.0195,0.0194,0.0195,0.019700000000000002,0.02,0.019700000000000002,0.02,0.019700000000000002,0.0201,0.020200000000000003,0.0201,0.020300000000000002,0.020200000000000003,0.019700000000000002,0.0201,0.0199,0.020300000000000002,0.020300000000000002,0.020300000000000002,0.02,0.0199,0.0199,0.02,0.0201,0.020300000000000002,0.0204,0.0205,0.02,0.0199,0.0199,0.02,0.0199,0.02,0.019700000000000002,0.0198,0.020200000000000003,0.020300000000000002,0.020300000000000002,0.020300000000000002,0.0198,0.02,0.02,0.020200000000000003,0.0201,0.0199,0.0201,0.0199,0.0199,0.0199,0.0194,0.0199,0.020200000000000003,0.020300000000000002,0.02,0.0198,0.020200000000000003,0.020200000000000003,0.0201,0.0199,0.0198,0.020300000000000002,0.020300000000000002,0.02,0.0196,0.0201,0.020200000000000003,0.0201,0.0195,0.0199,0.0198,0.0199,0.0198,0.0199,0.019700000000000002,0.0201,0.0199,0.0198,0.0201,0.020300000000000002,0.020200000000000003,0.0201,0.0199,0.0201,0.020300000000000002,0.019700000000000002
,0.020300000000000002,0.019100000000000002,0.020300000000000002,0.02,0.0198,0.0195,0.019700000000000002,0.0199,0.0196,0.0194,0.0195,0.0194,0.02,0.0196,0.0196,0.0196,0.0194,0.02,0.0196,0.0195,0.019700000000000002,0.0198,0.0201,0.0199,0.019700000000000002,0.0199,0.0199,0.020200000000000003,0.0199,0.0195,0.0196,0.0201,0.0196,0.0198,0.0195,0.0195,0.019700000000000002,0.014100000000000001,0.0137,0.0135,0.0134,0.019700000000000002,0.0198,0.020200000000000003,0.020200000000000003,0.0201,0.020200000000000003,0.0199,0.0198,0.02,0.0201,0.0198,0.019700000000000002,0.019700000000000002,0.0193,0.0201,0.0196,0.02,0.02,0.019700000000000002,0.02,0.0196,0.02,0.02,0.0201,0.02,0.0201,0.02,0.0198,0.0199,0.0201,0.0199,0.0204,0.020300000000000002,0.0198,0.0199,0.0199,0.0199,0.02,0.0201,0.019700000000000002,0.0198,0.0196,0.0195,0.0199,0.0201,0.0199,0.0198,0.0201,0.020200000000000003,0.020300000000000002,0.02,0.0201,0.020300000000000002,0.02,0.0199,0.0199,0.0199,0.02,0.0196,0.0199,0.0198,0.02,0.020200000000000003,0.020200000000000003,0.020200000000000003,0.0199,0.020200000000000003,0.02,0.0199,0.0199,0.0198,0.0199,0.02,0.0201,0.020300000000000002,0.0201,0.020200000000000003,0.0199,0.02,0.02,0.0198,0.019700000000000002,0.019700000000000002,0.0198,0.0198,0.0199,0.02,0.02,0.02,0.02,0.02,0.0201,0.0198,0.0199,0.0201,0.02,0.02,0.0198
,0.020300000000000002,0.019700000000000002,0.020300000000000002,0.0188,0.0198,0.0196,0.0195,0.0199,0.0198,0.0198,0.019700000000000002,0.0194,0.019100000000000002,0.0195,0.0194,0.019100000000000002,0.019700000000000002,0.02,0.0196,0.0193,0.019700000000000002,0.0199,0.0196,0.0195,0.0199,0.0198,0.019700000000000002,0.0194,0.0198,0.0199,0.0198,0.020200000000000003,0.0198,0.0194,0.0148,0.0146,0.014400000000000001,0.019700000000000002,0.0196,0.0199,0.0199,0.0196,0.0195,0.0195,0.0198,0.0199,0.019700000000000002,0.02,0.0199,0.019700000000000002,0.0195,0.0196,0.0199,0.0199,0.0193,0.0201,0.0196,0.02,0.019700000000000002,0.019700000000000002,0.019700000000000002,0.019700000000000002,0.0196,0.0195,0.019700000000000002,0.019700000000000002,0.0199,0.02,0.0198,0.0198,0.0196,0.0201,0.020200000000000003,0.0201,0.02,0.020200000000000003,0.0196,0.019700000000000002,0.0204,0.020300000000000002,0.0201,0.02,0.020200000000000003,0.02,0.0201,0.020300000000000002,0.0201,0.020200000000000003,0.0204,0.0201,0.02,0.0198,0.0198,0.02,0.02,0.0201,0.0201,0.0199,0.0196,0.019700000000000002,0.0195,0.0199,0.02,0.0199,0.0201,0.02,0.0199,0.02,0.02,0.020200000000000003,0.0199,0.019700000000000002,0.019700000000000002,0.019700000000000002,0.019700000000000002,0.02,0.019700000000000002,0.0199,0.02,0.0201,0.0199,0.02,0.0199,0.0198,0.0199,0.0201,0.020200000000000003,0.020200000000000003,0.020200000000000003,0.020300000000000002,0.020300000000000002,0.0204,0.0204,0.020200000000000003,0.0198,0.0198,0.0201,0.020300000000000002,0.019700000000000002
,0.019,0.007200000000000001,0.018500000000000003,0.018600000000000002,0.0193,0.0194,0.0194,0.019700000000000002,0.019100000000000002,0.019,0.019700000000000002,0.019,0.0195,0.0196,0.0194,0.019100000000000002,0.019700000000000002,0.0196,0.0196,0.0193,0.019700000000000002,0.0199,0.0195,0.0199,0.0196,0.019700000000000002,0.0193,0.0195,0.0196,0.0195,0.0196,0.0198,0.0199,0.0198,0.0198,0.020200000000000003,0.0198,0.019700000000000002,0.0196,0.0199,0.0199,0.0196,0.0195,0.0195,0.0198,0.0199,0.020200000000000003,0.0199,0.02,0.0201,0.0201,0.02,0.0196,0.0201,0.0198,0.019700000000000002,0.020300000000000002,0.019700000000000002,0.019700000000000002,0.019700000000000002,0.019700000000000002,0.019700000000000002,0.0199,0.02,0.0195,0.02,0.0199,0.0196,0.02,0.020300000000000002,0.0196,0.0199,0.020300000000000002,0.0199,0.0198,0.0195,0.0201,0.0201,0.02,0.02,0.0205,0.0204,0.0196,0.0195,0.019700000000000002,0.020300000000000002,0.0201,0.020200000000000003,0.0204,0.0201,0.02,0.0198,0.0198,0.02,0.02,0.0201,0.0201,0.0199,0.0196,0.019700000000000002,0.0195,0.0199,0.02,0.0199,0.0201,0.02,0.0199,0.02,0.02,0.020200000000000003,0.0199,0.019700000000000002,0.019700000000000002,0.019700000000000002,0.019700000000000002,0.0198,0.019700000000000002,0.0199,0.02,0.0201,0.0199,0.02,0.0199,0.0198,0.0199,0.0201,0.020200000000000003,0.020200000000000003,0.020200000000000003,0.020300000000000002,0.020300000000000002,0.0204,0.0204,0.020200000000000003,0.020200000000000003,0.020300000000000002,0.020200000000000003,0.02,0.0201
,0.016800000000000002,0.0204,0.018600000000000002,0.018500000000000003,0.0188,0.0196,0.0193,0.019200000000000002,0.0198,0.0195,0.019100000000000002,0.0198,0.0083,0.019200000000000002,0.0189,0.019100000000000002,0.019700000000000002,0.0196,0.0196,0.0196,0.0193,0.0194,0.0196,0.0199,0.0198,0.019700000000000002,0.0193,0.0195,0.0196,0.0195,0.0196,0.0198,0.0195,0.0149,0.0198,0.020200000000000003,0.0198,0.0198,0.0198,0.019700000000000002,0.019700000000000002,0.020200000000000003,0.019700000000000002,0.0199,0.019700000000000002,0.0198,0.0199,0.0198,0.0196,0.0206,0.02,0.0198,0.0199,0.0201,0.0199,0.0199,0.020300000000000002,0.019700000000000002,0.019700000000000002,0.0201,0.020200000000000003,0.0198,0.0199,0.02,0.0195,0.02,0.0201,0.0195,0.02,0.020300000000000002,0.0196,0.0199,0.0201,0.02,0.0198,0.0201,0.0201,0.0201,0.02,0.02,0.0205,0.0204,0.020200000000000003,0.02,0.0201,0.0196,0.020200000000000003,0.020300000000000002,0.0201,0.0199,0.0199,0.0198,0.02,0.02,0.0196,0.0196,0.0195,0.0195,0.019700000000000002,0.0198,0.019700000000000002,0.019700000000000002,0.0199,0.02,0.0201,0.0198,0.0198,0.02,0.02,0.02,0.02,0.0198,0.02,0.019700000000000002,0.019700000000000002,0.0198,0.019700000000000002,0.0199,0.0201,0.02,0.020200000000000003,0.0201,0.019700000000000002,0.0199,0.0201,0.0201,0.02,0.0199,0.0199,0.0199,0.0201,0.02,0.0196,0.0196,0.020200000000000003,0.019700000000000002,0.0204,0.020200000000000003,0.02
,0.0119,0.0204,0.0181,0.019100000000000002,0.0193,0.019200000000000002,0.019,0.0193,0.019200000000000002,0.019200000000000002,0.0195,0.0068000000000000005,0.019700000000000002,0.0095,0.0103,0.011600000000000001,0.019200000000000002,0.0193,0.0198,0.019100000000000002,0.0193,0.0194,0.0193,0.0195,0.0198,0.019200000000000002,0.0198,0.0194,0.019700000000000002,0.0198,0.0199,0.0195,0.0199,0.020200000000000003,0.02,0.019700000000000002,0.0196,0.0199,0.019700000000000002,0.0196,0.0196,0.0193,0.0195,0.0196,0.019700000000000002,0.019700000000000002,0.0195,0.0194,0.02,0.0201,0.0201,0.02,0.0196,0.0199,0.0198,0.019700000000000002,0.02,0.0199,0.0204,0.0196,0.0195,0.0198,0.0198,0.019700000000000002,0.019700000000000002,0.020300000000000002,0.0201,0.0195,0.0196,0.0196,0.0196,0.0196,0.0201,0.02,0.0198,0.0201,0.0198,0.02,0.020200000000000003,0.02,0.0196,0.0194,0.019700000000000002,0.019700000000000002,0.02,0.0201,0.019700000000000002,0.02,0.0199,0.019700000000000002,0.0198,0.0195,0.019700000000000002,0.02,0.0198,0.019700000000000002,0.0199,0.0201,0.019700000000000002,0.0198,0.019700000000000002,0.019700000000000002,0.0199,0.02,0.0201,0.0198,0.0198,0.02,0.02,0.02,0.02,0.0198,0.0199,0.02,0.02,0.0198,0.019700000000000002,0.0199,0.0198,0.0201,0.0201,0.0199,0.019700000000000002,0.0196,0.0198,0.0199,0.0204,0.0201,0.020200000000000003,0.02,0.0198,0.0199,0.019700000000000002,0.0199,0.0195,0.020300000000000002,0.0198,0.0196,0.0199
,0.023,0.018500000000000003,0.019200000000000002,0.0183,0.019100000000000002,0.019100000000000002,0.019100000000000002,0.0194,0.0195,0.0193,0.0054,0.0195,0.0193,0.019700000000000002,0.0196,0.0194,0.0125,0.0193,0.0193,0.0146,0.0149,0.015300000000000001,0.0154,0.0158,0.019700000000000002,0.015700000000000002,0.0162,0.0158,0.0159,0.0159,0.0158,0.015300000000000001,0.0151,0.0196,0.0196,0.019700000000000002,0.02,0.0195,0.0196,0.0196,0.0195,0.0196,0.0194,0.0198,0.0195,0.0193,0.0194,0.0198,0.0205,0.0206,0.0201,0.02,0.0205,0.02,0.0205,0.0201,0.020300000000000002,0.020300000000000002,0.0204,0.0201,0.020200000000000003,0.0207,0.0198,0.019700000000000002,0.019700000000000002,0.020300000000000002,0.020300000000000002,0.0196,0.019700000000000002,0.0199,0.0199,0.0199,0.0196,0.019700000000000002,0.019700000000000002,0.0198,0.0196,0.02,0.020200000000000003,0.02,0.0196,0.0194,0.019700000000000002,0.019700000000000002,0.02,0.0201,0.019700000000000002,0.02,0.0199,0.019700000000000002,0.0199,0.0198,0.02,0.02,0.0196,0.0196,0.0195,0.0195,0.0199,0.0198,0.0198,0.019700000000000002,0.0198,0.0198,0.0199,0.0199,0.0199,0.020200000000000003,0.0201,0.0199,0.019700000000000002,0.0196,0.02,0.019700000000000002,0.019700000000000002,0.0199,0.019700000000000002,0.0195,0.0201,0.02,0.020200000000000003,0.0201,0.019700000000000002,0.0199,0.0198,0.0199,0.0204,0.0201,0.020200000000000003,0.02,0.0198,0.0199,0.019700000000000002,0.0199,0.02,0.0199,0.0204,0.020200000000000003,0.02
,0.0219,0.018000000000000002,0.019,0.019,0.0188,0.019200000000000002,0.0193,0.0188,0.0193,0.0195,0.019200000000000002,0.019200000000000002,0.019200000000000002,0.0194,0.019700000000000002,0.0199,0.0198,0.013300000000000001,0.014,0.0194,0.0195,0.0196,0.0195,0.0193,0.0161,0.0194,0.0194,0.0198,0.0195,0.0194,0.0193,0.0198,0.02,0.0199,0.0199,0.0195,0.0196,0.02,0.019700000000000002,0.02,0.0196,0.019700000000000002,0.0195,0.0196,0.0199,0.0198,0.0196,0.020200000000000003,0.0201,0.0201,0.0201,0.020200000000000003,0.0194,0.0199,0.0205,0.0201,0.020300000000000002,0.020300000000000002,0.019700000000000002,0.0198,0.0195,0.0196,0.0204,0.0204,0.0198,0.0199,0.020300000000000002,0.0196,0.019700000000000002,0.0199,0.0199,0.0199,0.0196,0.0195,0.019700000000000002,0.0198,0.0198,0.019700000000000002,0.019700000000000002,0.0196,0.0194,0.0195,0.0195,0.0196,0.0196,0.0196,0.0199,0.0198,0.019700000000000002,0.0201,0.0201,0.020200000000000003,0.0196,0.0194,0.019700000000000002,0.0198,0.0194,0.0194,0.019700000000000002,0.0199,0.0198,0.0199,0.0199,0.0198,0.0199,0.0199,0.0198,0.0196,0.0195,0.0195,0.0199,0.020300000000000002,0.020200000000000003,0.020200000000000003,0.0201,0.0198,0.019700000000000002,0.0195,0.0194,0.019700000000000002,0.0199,0.0198,0.0201,0.020200000000000003,0.0201,0.02,0.0196,0.0195,0.0195,0.0196,0.0198,0.0201,0.0201,0.020200000000000003,0.02,0.0199,0.019700000000000002,0.0198,0.0196
,0.0188,0.019100000000000002,0.0195,0.0193,0.019200000000000002,0.019100000000000002,0.0188,0.0194,0.0193,0.019100000000000002,0.0193,0.0188,0.019200000000000002,0.0193,0.0193,0.0196,0.02,0.0194,0.0194,0.020300000000000002,0.0204,0.019700000000000002,0.0198,0.0196,0.0196,0.0195,0.0195,0.0196,0.019700000000000002,0.02,0.0198,0.019700000000000002,0.0195,0.0199,0.0199,0.0199,0.02,0.0199,0.0201,0.019700000000000002,0.0201,0.020200000000000003,0.0205,0.0201,0.0204,0.020300000000000002,0.0205,0.020200000000000003,0.0205,0.0196,0.0195,0.02,0.0205,0.0204,0.019700000000000002,0.0195,0.0193,0.0196,0.0198,0.0199,0.019700000000000002,0.0207,0.0196,0.0196,0.019700000000000002,0.020200000000000003,0.0199,0.0201,0.0198,0.0201,0.0201,0.019700000000000002,0.0196,0.019700000000000002,0.019700000000000002,0.0198,0.020200000000000003,0.019700000000000002,0.0198,0.020200000000000003,0.0201,0.0201,0.02,0.0198,0.0199,0.020200000000000003,0.0201,0.020200000000000003,0.0196,0.0199,0.0199,0.0196,0.0198,0.0196,0.0194,0.0196,0.019700000000000002,0.019700000000000002,0.0199,0.019700000000000002,0.0193,0.0196,0.019700000000000002,0.019700000000000002,0.0198,0.0199,0.0198,0.0195,0.019200000000000002,0.0194,0.0196,0.019700000000000002,0.019700000000000002,0.0198,0.0199,0.02,0.019700000000000002,0.019700000000000002,0.0195,0.0194,0.0195,0.019700000000000002,0.0196,0.02,0.0199,0.0198,0.02,0.02,0.0199,0.0196,0.0196,0.0195,0.0195,0.019700000000000002,0.0199,0.02,0.019700000000000002,0.0198,0.0196
,0.0188,0.019100000000000002,0.0184,0.0193,0.0189,0.0187,0.0194,0.019100000000000002,0.019200000000000002,0.0198,0.019100000000000002,0.0194,0.0193,0.0193,0.0193,0.0195,0.0196,0.019100000000000002,0.0198,0.0198,0.0198,0.019200000000000002,0.0196,0.019700000000000002,0.0195,0.02,0.0196,0.0196,0.0195,0.019700000000000002,0.020200000000000003,0.019700000000000002,0.0196,0.02,0.0199,0.019700000000000002,0.019700000000000002,0.020200000000000003,0.0201,0.02,0.0201,0.020200000000000003,0.0205,0.0201,0.0204,0.020300000000000002,0.0205,0.0198,0.0201,0.0196,0.0195,0.020200000000000003,0.0194,0.0204,0.0199,0.0199,0.0198,0.0198,0.0199,0.02,0.020300000000000002,0.019200000000000002,0.0204,0.0204,0.019700000000000002,0.020200000000000003,0.0201,0.0205,0.020200000000000003,0.020200000000000003,0.0205,0.020200000000000003,0.0198,0.0201,0.0201,0.0201,0.0204,0.0201,0.0201,0.020300000000000002,0.0204,0.02,0.0196,0.0199,0.02,0.0196,0.0196,0.0194,0.0199,0.0198,0.0198,0.0201,0.019700000000000002,0.019700000000000002,0.02,0.0198,0.0198,0.0198,0.019700000000000002,0.0196,0.0196,0.02,0.019700000000000002,0.0198,0.020200000000000003,0.020200000000000003,0.0198,0.0199,0.0199,0.02,0.0199,0.0198,0.0201,0.02,0.0201,0.0198,0.0195,0.0196,0.0198,0.0201,0.0201,0.020200000000000003,0.02,0.020200000000000003,0.020200000000000003,0.0201,0.020300000000000002,0.020200000000000003,0.0199,0.0195,0.0196,0.0196,0.019700000000000002,0.0198,0.0196,0.0195,0.0196,0.0196,0.0196
,0.0334,0.0179,0.0195,0.018000000000000002,0.019700000000000002,0.019,0.019,0.019100000000000002,0.019,0.0195,0.0193,0.0196,0.0193,0.0194,0.019100000000000002,0.0194,0.019700000000000002,0.0194,0.0196,0.019700000000000002,0.0195,0.019700000000000002,0.0198,0.0196,0.0196,0.0196,0.0195,0.0194,0.019700000000000002,0.0198,0.0201,0.02,0.019700000000000002,0.020300000000000002,0.0206,0.0206,0.020200000000000003,0.020200000000000003,0.0201,0.019700000000000002,0.0199,0.0198,0.0198,0.0194,0.0198,0.02,0.0204,0.0198,0.02,0.019200000000000002,0.019200000000000002,0.0194,0.0198,0.0199,0.020200000000000003,0.0199,0.02,0.0204,0.0198,0.020300000000000002,0.0199,0.0198,0.0196,0.0196,0.0198,0.019700000000000002,0.0201,0.0205,0.020200000000000003,0.020200000000000003,0.0205,0.020200000000000003,0.0201,0.0196,0.02,0.02,0.0204,0.0195,0.019700000000000002,0.0199,0.0196,0.0195,0.0201,0.0196,0.02,0.020300000000000002,0.0204,0.020300000000000002,0.02,0.020200000000000003,0.0204,0.0205,0.020200000000000003,0.02,0.0201,0.0199,0.0201,0.0201,0.0201,0.0199,0.0198,0.0201,0.02,0.020300000000000002,0.0205,0.0204,0.0201,0.020200000000000003,0.020300000000000002,0.020800000000000003,0.020300000000000002,0.020200000000000003,0.0201,0.0198,0.0196,0.0195,0.020200000000000003,0.0201,0.0199,0.02,0.02,0.020300000000000002,0.0204,0.0204,0.02,0.020200000000000003,0.0206,0.020300000000000002,0.02,0.019700000000000002,0.019700000000000002,0.0198,0.019700000000000002,0.0198,0.0199,0.0199,0.0195,0.0196,0.0194
,0.0211,0.0179,0.018000000000000002,0.0184,0.0187,0.0188,0.0196,0.019200000000000002,0.0195,0.019100000000000002,0.019700000000000002,0.0196,0.0196,0.0196,0.0196,0.0199,0.0195,0.0198,0.0196,0.019700000000000002,0.019200000000000002,0.0196,0.0195,0.019700000000000002,0.0196,0.0194,0.0198,0.02,0.0201,0.0199,0.0196,0.0199,0.0199,0.0194,0.0206,0.0206,0.020200000000000003,0.0198,0.0196,0.02,0.02,0.0199,0.0198,0.0194,0.0198,0.02,0.0204,0.0196,0.02,0.02,0.0199,0.0201,0.0199,0.0201,0.0204,0.0201,0.0198,0.0198,0.020300000000000002,0.02,0.0196,0.020200000000000003,0.0199,0.0199,0.0199,0.0199,0.0194,0.019700000000000002,0.0198,0.0196,0.019700000000000002,0.0194,0.0201,0.0196,0.02,0.02,0.0194,0.0201,0.0201,0.020300000000000002,0.0204,0.02,0.0201,0.0196,0.02,0.020300000000000002,0.0204,0.020300000000000002,0.02,0.020200000000000003,0.0204,0.0205,0.020200000000000003,0.02,0.0201,0.0199,0.0201,0.0201,0.0201,0.0199,0.0198,0.0201,0.02,0.020300000000000002,0.0205,0.0204,0.0201,0.020200000000000003,0.020300000000000002,0.020800000000000003,0.020300000000000002,0.020200000000000003,0.0201,0.0198,0.0196,0.02,0.020200000000000003,0.0201,0.0199,0.02,0.02,0.020300000000000002,0.0204,0.0204,0.02,0.020200000000000003,0.0206,0.020300000000000002,0.0195,0.0194,0.0199,0.02,0.020300000000000002,0.020300000000000002,0.0199,0.0198,0.0199,0.02,0.0199
,0.0207,0.018000000000000002,0.018000000000000002,0.018000000000000002,0.019700000000000002,0.018600000000000002,0.0196,0.019200000000000002,0.0195,0.019100000000000002,0.0193,0.0194,0.0193,0.019700000000000002,0.0195,0.0193,0.019200000000000002,0.0199,0.0193,0.0193,0.0198,0.0194,0.0195,0.019700000000000002,0.0198,0.0195,0.0198,0.0195,0.0195,0.0198,0.0196,0.019700000000000002,0.0196,0.020300000000000002,0.0198,0.0195,0.0199,0.0198,0.0196,0.02,0.02,0.0199,0.0198,0.0194,0.02,0.0195,0.0196,0.0196,0.0194,0.0199,0.0199,0.02,0.0204,0.02,0.02,0.020200000000000003,0.019700000000000002,0.0198,0.020300000000000002,0.02,0.0196,0.0199,0.0198,0.0199,0.020300000000000002,0.020200000000000003,0.0199,0.02,0.02,0.0199,0.02,0.02,0.0196,0.0198,0.0199,0.0194,0.0198,0.0198,0.019700000000000002,0.019700000000000002,0.0195,0.019700000000000002,0.0199,0.0199,0.0198,0.02,0.0199,0.0199,0.0201,0.020200000000000003,0.0201,0.02,0.019700000000000002,0.019700000000000002,0.019700000000000002,0.0198,0.0196,0.0198,0.019700000000000002,0.0198,0.0198,0.0199,0.0201,0.0199,0.02,0.0199,0.0199,0.0196,0.019700000000000002,0.0201,0.0199,0.019700000000000002,0.0195,0.0194,0.0196,0.02,0.0199,0.0199,0.0199,0.0198,0.0198,0.0199,0.0199,0.02,0.02,0.0199,0.019700000000000002,0.0196,0.02,0.019700000000000002,0.0199,0.02,0.020300000000000002,0.020300000000000002,0.02,0.0205,0.0199,0.019700000000000002,0.0198
,0.0207,0.0198,0.0196,0.0187,0.0187,0.019200000000000002,0.0189,0.019200000000000002,0.019100000000000002,0.0195,0.0196,0.0198,0.02,0.0196,0.019700000000000002,0.0193,0.0193,0.0195,0.0196,0.0194,0.0194,0.0195,0.0195,0.0195,0.02,0.0196,0.0196,0.0196,0.0195,0.0201,0.020300000000000002,0.0199,0.02,0.019700000000000002,0.0196,0.0196,0.019700000000000002,0.0195,0.0198,0.0193,0.0198,0.0194,0.02,0.0194,0.02,0.0195,0.0196,0.0198,0.0196,0.020200000000000003,0.0199,0.0196,0.02,0.0198,0.02,0.020200000000000003,0.019700000000000002,0.0198,0.0199,0.019700000000000002,0.0195,0.0196,0.020200000000000003,0.0196,0.0198,0.019700000000000002,0.02,0.0199,0.0199,0.0199,0.0204,0.0201,0.0201,0.0201,0.02,0.0199,0.0201,0.0199,0.02,0.0198,0.0201,0.02,0.02,0.020300000000000002,0.020200000000000003,0.020200000000000003,0.0201,0.020200000000000003,0.0201,0.02,0.0198,0.0198,0.0199,0.0201,0.0199,0.0199,0.0199,0.02,0.02,0.0199,0.0199,0.0199,0.02,0.02,0.0199,0.0201,0.02,0.0198,0.0199,0.02,0.0204,0.020300000000000002,0.020200000000000003,0.0201,0.0199,0.0198,0.0199,0.0196,0.0196,0.0196,0.0196,0.0198,0.02,0.0198,0.0199,0.0201,0.02,0.02,0.019700000000000002,0.0196,0.0194,0.0195,0.0196,0.02,0.02,0.0205,0.020300000000000002,0.02,0.02
,0.017400000000000002,0.019100000000000002,0.0188,0.0194,0.0187,0.019200000000000002,0.0189,0.0193,0.0195,0.019,0.0198,0.0198,0.02,0.0194,0.0195,0.0199,0.0198,0.019200000000000002,0.0193,0.0195,0.0196,0.020200000000000003,0.0198,0.020300000000000002,0.0195,0.0201,0.02,0.0205,0.02,0.0194,0.019700000000000002,0.0199,0.02,0.0196,0.019700000000000002,0.0201,0.02,0.019200000000000002,0.0198,0.0195,0.0198,0.0194,0.0198,0.0195,0.0199,0.02,0.019700000000000002,0.0199,0.0199,0.0196,0.02,0.0198,0.0198,0.0201,0.0198,0.0195,0.0194,0.0198,0.0199,0.019700000000000002,0.0195,0.0196,0.020300000000000002,0.02,0.0195,0.0199,0.0199,0.0204,0.0201,0.020300000000000002,0.02,0.0195,0.020300000000000002,0.0201,0.0199,0.0199,0.0199,0.0198,0.0195,0.0196,0.0198,0.02,0.0196,0.019700000000000002,0.0195,0.0196,0.0199,0.0199,0.02,0.0199,0.0198,0.019700000000000002,0.0199,0.0198,0.0198,0.0198,0.0196,0.0193,0.0195,0.019700000000000002,0.0198,0.019700000000000002,0.0199,0.0199,0.0196,0.0194,0.019700000000000002,0.02,0.0199,0.0199,0.02,0.0198,0.0196,0.0195,0.0194,0.019700000000000002,0.0199,0.0199,0.0198,0.02,0.0194,0.0195,0.019700000000000002,0.0201,0.02,0.0199,0.0199,0.0198,0.0198,0.0194,0.0195,0.0198,0.02,0.0199,0.0198,0.0199,0.020300000000000002,0.02,0.02
,0.0183,0.0184,0.0184,0.0189,0.0187,0.018500000000000003,0.019100000000000002,0.018600000000000002,0.018600000000000002,0.0188,0.0198,0.0188,0.019200000000000002,0.0194,0.0195,0.0199,0.0198,0.0196,0.0198,0.0195,0.0196,0.0199,0.0196,0.020300000000000002,0.0198,0.0201,0.02,0.0205,0.02,0.0201,0.020300000000000002,0.0196,0.0193,0.0196,0.0196,0.0196,0.019700000000000002,0.0199,0.0198,0.0193,0.019700000000000002,0.0199,0.0194,0.0196,0.019700000000000002,0.0195,0.0195,0.0198,0.0199,0.0196,0.0198,0.0198,0.0198,0.0201,0.0198,0.0195,0.0194,0.0198,0.0198,0.0196,0.019700000000000002,0.0194,0.020300000000000002,0.02,0.0195,0.0199,0.02,0.019700000000000002,0.0195,0.0199,0.0201,0.0196,0.02,0.0193,0.02,0.0204,0.02,0.020200000000000003,0.0201,0.0196,0.0198,0.02,0.0196,0.019700000000000002,0.0195,0.0196,0.0199,0.0199,0.02,0.0199,0.0198,0.019700000000000002,0.0199,0.0198,0.0198,0.0198,0.0196,0.0193,0.0195,0.019700000000000002,0.0198,0.019700000000000002,0.0199,0.0199,0.0196,0.0194,0.019700000000000002,0.02,0.0199,0.0199,0.02,0.0198,0.0196,0.0195,0.0194,0.0196,0.0199,0.0199,0.0198,0.02,0.0194,0.0195,0.019700000000000002,0.0201,0.02,0.0199,0.0199,0.0198,0.0198,0.0194,0.0195,0.0198,0.02,0.0199,0.019700000000000002,0.0199,0.02,0.0199,0.02
,0.0183,0.0194,0.0177,0.019,0.0195,0.018500000000000003,0.019,0.019100000000000002,0.018600000000000002,0.0193,0.0188,0.0193,0.0195,0.0188,0.019200000000000002,0.0195,0.0193,0.0196,0.0198,0.0204,0.019700000000000002,0.020200000000000003,0.0198,0.0195,0.0198,0.0201,0.0199,0.0198,0.019700000000000002,0.0195,0.0199,0.020200000000000003,0.019700000000000002,0.0195,0.019100000000000002,0.0194,0.0196,0.019200000000000002,0.0198,0.02,0.0198,0.0198,0.0196,0.0198,0.020200000000000003,0.0199,0.0196,0.020200000000000003,0.0196,0.019700000000000002,0.02,0.0193,0.0198,0.0199,0.0198,0.0198,0.0199,0.0199,0.019700000000000002,0.0194,0.019100000000000002,0.0194,0.0198,0.02,0.019700000000000002,0.0195,0.02,0.019700000000000002,0.0195,0.0199,0.0201,0.0196,0.0198,0.02,0.020200000000000003,0.0198,0.0199,0.0198,0.0195,0.0196,0.020200000000000003,0.02,0.02,0.0201,0.020300000000000002,0.0199,0.0199,0.0198,0.0199,0.0198,0.0199,0.0201,0.0201,0.02,0.0201,0.0199,0.0199,0.02,0.02,0.02,0.0198,0.02,0.02,0.0201,0.02,0.0198,0.019700000000000002,0.019700000000000002,0.019700000000000002,0.02,0.0198,0.0198,0.02,0.02,0.02,0.0196,0.020200000000000003,0.0198,0.0199,0.019700000000000002,0.0199,0.0198,0.0199,0.02,0.02,0.02,0.02,0.0198,0.0199,0.0199,0.02,0.02,0.02,0.02,0.019700000000000002,0.0199,0.0198,0.0198,0.0196
,0.021500000000000002,0.0178,0.0177,0.0181,0.0193,0.019100000000000002,0.019200000000000002,0.018600000000000002,0.019100000000000002,0.0188,0.019200000000000002,0.0193,0.020200000000000003,0.0204,0.020800000000000003,0.0206,0.0205,0.020300000000000002,0.020200000000000003,0.0204,0.019700000000000002,0.0199,0.0196,0.0195,0.0196,0.0201,0.0199,0.0198,0.019700000000000002,0.0195,0.0199,0.020200000000000003,0.019700000000000002,0.0195,0.019100000000000002,0.0194,0.0196,0.019200000000000002,0.019,0.019200000000000002,0.0193,0.0193,0.0201,0.02,0.0201,0.019700000000000002,0.019700000000000002,0.0194,0.0196,0.019700000000000002,0.0198,0.0193,0.0198,0.0199,0.019700000000000002,0.0193,0.0195,0.019200000000000002,0.020300000000000002,0.02,0.0201,0.0198,0.0198,0.02,0.019700000000000002,0.0199,0.0193,0.0199,0.0198,0.019700000000000002,0.0198,0.0199,0.0198,0.0193,0.02,0.0198,0.02,0.0198,0.02,0.02,0.02,0.019700000000000002,0.02,0.019700000000000002,0.0199,0.0201,0.020200000000000003,0.02,0.0199,0.0201,0.0201,0.020200000000000003,0.020200000000000003,0.0204,0.0201,0.0201,0.0201,0.020300000000000002,0.02,0.02,0.02,0.020200000000000003,0.020300000000000002,0.02,0.0199,0.0199,0.0201,0.020300000000000002,0.020200000000000003,0.0201,0.0198,0.0201,0.02,0.0199,0.0199,0.02,0.0199,0.02,0.0201,0.0199,0.0201,0.0198,0.0198,0.02,0.0198,0.0201,0.0201,0.0201,0.0201,0.020200000000000003,0.020200000000000003,0.02,0.020200000000000003,0.0201,0.0199,0.0198,0.0198,0.0198,0.0196
,0.0187,0.018500000000000003,0.019,0.0181,0.019100000000000002,0.019100000000000002,0.0196,0.0189,0.0201,0.02,0.0189,0.0189,0.0194,0.0195,0.020800000000000003,0.0206,0.0205,0.019200000000000002,0.019100000000000002,0.019200000000000002,0.0189,0.019100000000000002,0.0193,0.019200000000000002,0.0196,0.019200000000000002,0.019200000000000002,0.019100000000000002,0.019100000000000002,0.019200000000000002,0.0193,0.0194,0.0194,0.0195,0.0194,0.0194,0.0195,0.0194,0.0195,0.0193,0.0196,0.019700000000000002,0.0199,0.0198,0.019700000000000002,0.0196,0.0195,0.0194,0.020200000000000003,0.0194,0.0195,0.0201,0.0199,0.0199,0.0201,0.020300000000000002,0.0199,0.0204,0.0201,0.0198,0.0199,0.0195,0.0201,0.02,0.0199,0.0195,0.0198,0.0198,0.0199,0.02,0.0196,0.019700000000000002,0.0199,0.0201,0.0201,0.0201,0.0194,0.0196,0.0198,0.02,0.0201,0.0199,0.02,0.0196,0.0195,0.019200000000000002,0.019700000000000002,0.0198,0.0199,0.0196,0.019700000000000002,0.019700000000000002,0.0196,0.019700000000000002,0.02,0.0199,0.0199,0.019700000000000002,0.0194,0.0194,0.019700000000000002,0.0198,0.0198,0.0199,0.02,0.019700000000000002,0.0199,0.0198,0.0195,0.0193,0.0196,0.019700000000000002,0.0199,0.019700000000000002,0.0195,0.0199,0.0198,0.0198,0.0198,0.019700000000000002,0.02,0.0201,0.0198,0.02,0.0198,0.0198,0.0201,0.020300000000000002,0.020300000000000002,0.0204,0.02,0.02,0.02,0.02,0.020200000000000003,0.020200000000000003,0.019700000000000002,0.0199,0.0198
,0.0187,0.0171,0.019,0.0184,0.0184,0.0194,0.019700000000000002,0.020200000000000003,0.0201,0.02,0.019,0.0189,0.020200000000000003,0.0204,0.0199,0.0199,0.0194,0.020300000000000002,0.020200000000000003,0.0194,0.0195,0.0194,0.0196,0.0194,0.0195,0.019100000000000002,0.019,0.0193,0.0195,0.019700000000000002,0.0195,0.019100000000000002,0.0193,0.019200000000000002,0.0193,0.0194,0.0195,0.0195,0.0194,0.0194,0.0196,0.019100000000000002,0.019200000000000002,0.0198,0.019700000000000002,0.0196,0.0195,0.020200000000000003,0.0195,0.02,0.020200000000000003,0.0194,0.019200000000000002,0.019200000000000002,0.0199,0.0201,0.019700000000000002,0.0199,0.0199,0.0193,0.0201,0.02,0.0193,0.0193,0.019700000000000002,0.0195,0.0193,0.0199,0.0198,0.019700000000000002,0.0196,0.019700000000000002,0.0194,0.0199,0.0198,0.019700000000000002,0.0194,0.0196,0.0198,0.02,0.0201,0.0199,0.02,0.0196,0.0195,0.019200000000000002,0.019700000000000002,0.0198,0.0199,0.0196,0.019700000000000002,0.019700000000000002,0.0196,0.019700000000000002,0.02,0.0199,0.0199,0.019700000000000002,0.0194,0.0194,0.019700000000000002,0.0198,0.0198,0.0199,0.02,0.019700000000000002,0.0199,0.0198,0.0195,0.0198,0.019700000000000002,0.0199,0.02,0.02,0.0199,0.0194,0.0201,0.0201,0.02,0.02,0.0198,0.019700000000000002,0.0199,0.02,0.0198,0.0198,0.0201,0.020300000000000002,0.020300000000000002,0.0204,0.02,0.02,0.02,0.02,0.019700000000000002,0.0198,0.020200000000000003,0.020200000000000003,0.0199
,0.0164,0.0171,0.018000000000000002,0.0184,0.0184,0.019200000000000002,0.019700000000000002,0.020200000000000003,0.019200000000000002,0.019700000000000002,0.0189,0.02,0.019,0.019200000000000002,0.019100000000000002,0.0193,0.0198,0.019100000000000002,0.0193,0.019,0.0188,0.019,0.019200000000000002,0.0194,0.0195,0.019100000000000002,0.019,0.0193,0.0195,0.019700000000000002,0.0195,0.019100000000000002,0.0193,0.0194,0.0194,0.0193,0.0193,0.0195,0.0194,0.0194,0.0196,0.019700000000000002,0.0199,0.0194,0.0195,0.0194,0.0195,0.0195,0.020200000000000003,0.0204,0.0205,0.020200000000000003,0.020200000000000003,0.0205,0.0201,0.0199,0.0199,0.020300000000000002,0.020200000000000003,0.0201,0.0201,0.0198,0.0205,0.02,0.020200000000000003,0.02,0.0195,0.0194,0.0193,0.0195,0.0195,0.0193,0.0194,0.0199,0.0198,0.019700000000000002,0.019200000000000002,0.0195,0.019700000000000002,0.0196,0.019700000000000002,0.0195,0.0196,0.0198,0.0196,0.0199,0.02,0.0199,0.0201,0.020300000000000002,0.0201,0.0198,0.0198,0.0198,0.02,0.019700000000000002,0.019700000000000002,0.02,0.0198,0.0196,0.0195,0.0196,0.0199,0.0199,0.02,0.020200000000000003,0.020300000000000002,0.0204,0.020200000000000003,0.0193,0.0196,0.019700000000000002,0.0199,0.019700000000000002,0.0195,0.0199,0.0198,0.0198,0.0198,0.019700000000000002,0.02,0.0201,0.0198,0.019700000000000002,0.0196,0.0196,0.0195,0.0195,0.0196,0.0198,0.0198,0.019700000000000002,0.0199,0.0199,0.019700000000000002,0.0198,0.0198,0.0198,0.019700000000000002
,0.019100000000000002,0.017,0.018000000000000002,0.0201,0.020200000000000003,0.0199,0.018600000000000002,0.0194,0.0188,0.019,0.0199,0.02,0.019,0.018600000000000002,0.0193,0.0193,0.019100000000000002,0.0195,0.0194,0.019,0.0188,0.019,0.019200000000000002,0.0194,0.0193,0.019100000000000002,0.0194,0.0194,0.0194,0.0194,0.0193,0.0196,0.0194,0.0194,0.0194,0.0193,0.0193,0.0201,0.019700000000000002,0.0201,0.0198,0.0199,0.0196,0.0199,0.0196,0.0198,0.0194,0.020200000000000003,0.0199,0.0198,0.02,0.0198,0.02,0.0201,0.0198,0.0196,0.0196,0.0195,0.0199,0.0193,0.019700000000000002,0.0195,0.020200000000000003,0.0198,0.02,0.0198,0.02,0.0205,0.020300000000000002,0.020200000000000003,0.0201,0.020200000000000003,0.019700000000000002,0.0195,0.0194,0.019700000000000002,0.0201,0.0201,0.0205,0.0205,0.020300000000000002,0.0196,0.0194,0.0198,0.0196,0.0199,0.02,0.0199,0.0201,0.020300000000000002,0.0201,0.0198,0.0198,0.0198,0.02,0.019700000000000002,0.019700000000000002,0.02,0.0198,0.0196,0.0195,0.0196,0.0199,0.0199,0.02,0.020200000000000003,0.020300000000000002,0.0204,0.020200000000000003,0.0198,0.019700000000000002,0.0199,0.02,0.02,0.0199,0.0194,0.0201,0.0201,0.02,0.02,0.0198,0.019700000000000002,0.0199,0.019700000000000002,0.0196,0.0196,0.0195,0.0195,0.0196,0.0198,0.0198,0.019700000000000002,0.0199,0.0199,0.019700000000000002,0.0198,0.02,0.02,0.02
,0.018600000000000002,0.017,0.020300000000000002,0.0201,0.020200000000000003,0.0199,0.018600000000000002,0.018600000000000002,0.019100000000000002,0.019,0.0199,0.0073,0.0092,0.018600000000000002,0.0193,0.0193,0.019100000000000002,0.019200000000000002,0.019700000000000002,0.0195,0.0196,0.019,0.0193,0.0193,0.0195,0.0193,0.0194,0.0193,0.0193,0.0193,0.0193,0.0194,0.0193,0.02,0.0198,0.0196,0.0198,0.0196,0.019700000000000002,0.019700000000000002,0.0201,0.0199,0.0201,0.0199,0.0196,0.0198,0.0195,0.0201,0.020300000000000002,0.0201,0.020300000000000002,0.02,0.0199,0.020200000000000003,0.0198,0.019700000000000002,0.0196,0.0199,0.020300000000000002,0.0198,0.0198,0.0195,0.019700000000000002,0.0196,0.0196,0.019700000000000002,0.0198,0.0201,0.0201,0.02,0.0199,0.02,0.0205,0.0206,0.020300000000000002,0.020200000000000003,0.0199,0.0199,0.02,0.0199,0.0199,0.0196,0.0196,0.0198,0.0194,0.0205,0.020300000000000002,0.020300000000000002,0.0199,0.019700000000000002,0.0199,0.0201,0.020200000000000003,0.020200000000000003,0.020200000000000003,0.020200000000000003,0.02,0.0198,0.02,0.02,0.019700000000000002,0.019700000000000002,0.0198,0.0199,0.0199,0.019700000000000002,0.019700000000000002,0.019700000000000002,0.0199,0.019700000000000002,0.0196,0.0199,0.0201,0.020300000000000002,0.020300000000000002,0.0199,0.02,0.0198,0.02,0.019700000000000002,0.0196,0.0196,0.0196,0.019700000000000002,0.0199,0.019700000000000002,0.02,0.02,0.0199,0.0199,0.0198,0.0196,0.0194,0.0193,0.019700000000000002,0.0198,0.0198,0.0198,0.019700000000000002
,0.0178,0.0188,0.020300000000000002,0.019200000000000002,0.0189,0.0182,0.019,0.018600000000000002,0.0188,0.0188,0.0196,0.019200000000000002,0.0195,0.0109,0.0123,0.019100000000000002,0.019100000000000002,0.019200000000000002,0.0194,0.0196,0.0195,0.019,0.0193,0.0193,0.0195,0.0193,0.0194,0.0193,0.0193,0.0193,0.0193,0.0194,0.0193,0.020800000000000003,0.020900000000000002,0.020900000000000002,0.0198,0.0196,0.019700000000000002,0.019700000000000002,0.0201,0.0199,0.0196,0.02,0.0198,0.0199,0.0201,0.020300000000000002,0.0199,0.0199,0.0199,0.0198,0.020200000000000003,0.0201,0.0198,0.019700000000000002,0.0196,0.0195,0.0196,0.020300000000000002,0.0201,0.0195,0.019700000000000002,0.0196,0.0196,0.019700000000000002,0.0199,0.0201,0.019700000000000002,0.0198,0.020300000000000002,0.02,0.02,0.020200000000000003,0.0201,0.02,0.0196,0.019700000000000002,0.0195,0.0201,0.0201,0.020200000000000003,0.0201,0.020300000000000002,0.0204,0.0193,0.0195,0.0198,0.0195,0.0196,0.019700000000000002,0.0199,0.0199,0.02,0.02,0.019700000000000002,0.0196,0.0198,0.02,0.02,0.019700000000000002,0.019700000000000002,0.0198,0.0199,0.0199,0.019700000000000002,0.019700000000000002,0.019700000000000002,0.0199,0.019700000000000002,0.0196,0.0199,0.0201,0.020300000000000002,0.020300000000000002,0.020300000000000002,0.02,0.0198,0.02,0.019700000000000002,0.0196,0.0196,0.0196,0.019700000000000002,0.02,0.0198,0.0204,0.0204,0.020300000000000002,0.0205,0.0206,0.0204,0.020200000000000003,0.0201,0.0195,0.0196,0.02,0.02,0.02
,0.019100000000000002,0.0188,0.0187,0.019200000000000002,0.0189,0.0182,0.019,0.019200000000000002,0.019100000000000002,0.0188,0.0057,0.0195,0.019200000000000002,0.0195,0.019,0.019100000000000002,0.019100000000000002,0.0195,0.019200000000000002,0.0196,0.0196,0.0196,0.0194,0.019700000000000002,0.0195,0.0198,0.020200000000000003,0.020200000000000003,0.020200000000000003,0.02,0.0198,0.019700000000000002,0.02,0.0199,0.0198,0.019700000000000002,0.0198,0.0205,0.020300000000000002,0.020200000000000003,0.0204,0.0205,0.0205,0.020300000000000002,0.020200000000000003,0.0204,0.0206,0.0199,0.02,0.020300000000000002,0.019700000000000002,0.0201,0.0198,0.019700000000000002,0.0199,0.019700000000000002,0.0199,0.0199,0.0196,0.0198,0.0198,0.0201,0.0198,0.02,0.0198,0.02,0.0199,0.0201,0.019700000000000002,0.0198,0.020300000000000002,0.02,0.020200000000000003,0.0201,0.0199,0.02,0.0196,0.019700000000000002,0.0195,0.0199,0.0199,0.02,0.0199,0.0201,0.0201,0.02,0.02,0.0201,0.019700000000000002,0.0195,0.019700000000000002,0.0196,0.0196,0.019700000000000002,0.02,0.02,0.0198,0.0198,0.0198,0.02,0.019700000000000002,0.0198,0.02,0.0199,0.019700000000000002,0.019700000000000002,0.0195,0.0193,0.019,0.0187,0.0187,0.0188,0.0187,0.0183,0.0184,0.020300000000000002,0.018000000000000002,0.018000000000000002,0.018000000000000002,0.0179,0.0178,0.0173,0.017,0.0166,0.016300000000000002,0.016300000000000002,0.0162,0.0158,0.0155,0.0155,0.0151,0.015000000000000001,0.014700000000000001,0.014400000000000001,0.0205,0.020800000000000003,0.0198,0.0199,0.0198
,0.018000000000000002,0.0182,0.0187,0.019200000000000002,0.0195,0.019,0.019100000000000002,0.019200000000000002,0.019100000000000002,0.019,0.0194,0.0195,0.019200000000000002,0.019,0.0195,0.0134,0.014700000000000001,0.0195,0.019200000000000002,0.0172,0.0176,0.0183,0.018500000000000003,0.019,0.0196,0.0196,0.02,0.0198,0.0196,0.020200000000000003,0.020200000000000003,0.020300000000000002,0.0204,0.0201,0.02,0.02,0.021,0.0198,0.0195,0.0194,0.0198,0.019700000000000002,0.019700000000000002,0.0195,0.0195,0.019700000000000002,0.02,0.020300000000000002,0.019700000000000002,0.0201,0.0198,0.0193,0.0198,0.019700000000000002,0.0199,0.019700000000000002,0.0199,0.0199,0.020200000000000003,0.019700000000000002,0.0194,0.0196,0.0198,0.02,0.0198,0.02,0.0199,0.0196,0.0196,0.0198,0.019700000000000002,0.0198,0.020200000000000003,0.0201,0.0199,0.02,0.0198,0.0198,0.0196,0.019700000000000002,0.0198,0.019700000000000002,0.0196,0.019700000000000002,0.0199,0.02,0.020300000000000002,0.020200000000000003,0.0199,0.019700000000000002,0.02,0.0195,0.0194,0.0198,0.02,0.019700000000000002,0.0196,0.0198,0.0198,0.0201,0.0198,0.02,0.0204,0.0204,0.020300000000000002,0.020200000000000003,0.02,0.02,0.0198,0.0195,0.0196,0.0199,0.0199,0.019700000000000002,0.0199,0.018500000000000003,0.0198,0.0199,0.02,0.0201,0.0204,0.02,0.0198,0.019700000000000002,0.0195,0.0196,0.02,0.0199,0.0199,0.02,0.0198,0.0201,0.020200000000000003,0.02,0.013800000000000002,0.0137,0.020800000000000003,0.020800000000000003,0.0206
,0.018000000000000002,0.0187,0.0189,0.019,0.0195,0.019,0.019100000000000002,0.0188,0.019100000000000002,0.019,0.0194,0.019100000000000002,0.0196,0.019,0.019,0.0194,0.0196,0.0158,0.0162,0.0196,0.0194,0.019700000000000002,0.019200000000000002,0.019700000000000002,0.0194,0.0196,0.0198,0.019700000000000002,0.0198,0.0198,0.0195,0.0194,0.0195,0.0201,0.0198,0.019700000000000002,0.0201,0.0199,0.0199,0.020200000000000003,0.0198,0.0201,0.0198,0.0195,0.0198,0.02,0.019700000000000002,0.0195,0.02,0.020300000000000002,0.019700000000000002,0.0201,0.0198,0.0196,0.020200000000000003,0.0198,0.0201,0.0198,0.020200000000000003,0.0198,0.020300000000000002,0.0195,0.0198,0.0198,0.02,0.0196,0.0199,0.0196,0.0196,0.0198,0.019700000000000002,0.0198,0.02,0.0199,0.0201,0.0199,0.0198,0.0198,0.0196,0.019700000000000002,0.0198,0.019700000000000002,0.0196,0.019700000000000002,0.0199,0.02,0.020300000000000002,0.020200000000000003,0.0199,0.019700000000000002,0.02,0.0196,0.0196,0.019700000000000002,0.0195,0.0195,0.0196,0.0198,0.019200000000000002,0.0195,0.0198,0.0193,0.0196,0.019700000000000002,0.0198,0.0193,0.0195,0.019700000000000002,0.02,0.0201,0.0201,0.020200000000000003,0.02,0.0198,0.019700000000000002,0.0201,0.0198,0.0198,0.0198,0.019700000000000002,0.0196,0.0196,0.0198,0.0199,0.0201,0.0201,0.02,0.0198,0.0199,0.0199,0.0199,0.0198,0.0196,0.0198,0.0199,0.02,0.0131,0.0126,0.012
,0.019200000000000002,0.0198,0.018600000000000002,0.0195,0.019,0.0193,0.019,0.0188,0.019,0.019100000000000002,0.0188,0.019100000000000002,0.0196,0.0195,0.0193,0.0198,0.0196,0.019700000000000002,0.0193,0.0195,0.019700000000000002,0.0195,0.0195,0.019700000000000002,0.0196,0.0195,0.0198,0.019700000000000002,0.0196,0.0199,0.019700000000000002,0.019700000000000002,0.0196,0.020200000000000003,0.019700000000000002,0.0196,0.0198,0.02,0.020200000000000003,0.0199,0.02,0.02,0.0199,0.02,0.0199,0.019700000000000002,0.0198,0.0196,0.019700000000000002,0.0201,0.0198,0.0193,0.0198,0.0196,0.020200000000000003,0.0198,0.0201,0.0198,0.0198,0.02,0.0199,0.0194,0.019700000000000002,0.0196,0.019700000000000002,0.0196,0.0198,0.0199,0.0201,0.020200000000000003,0.020200000000000003,0.0201,0.02,0.0199,0.0201,0.0199,0.0201,0.0201,0.0199,0.02,0.0201,0.020300000000000002,0.020200000000000003,0.0201,0.020200000000000003,0.0201,0.02,0.0199,0.0199,0.0196,0.019700000000000002,0.0196,0.0196,0.0201,0.020200000000000003,0.0199,0.0201,0.020200000000000003,0.0201,0.02,0.020200000000000003,0.0201,0.02,0.0199,0.0195,0.0196,0.0196,0.0198,0.019700000000000002,0.0195,0.019700000000000002,0.0195,0.019700000000000002,0.0195,0.019700000000000002,0.019700000000000002,0.0198,0.019200000000000002,0.0195,0.019700000000000002,0.0199,0.019700000000000002,0.0199,0.0201,0.020200000000000003,0.02,0.0199,0.0198,0.019700000000000002,0.0199,0.0196,0.0196,0.02,0.02,0.0199,0.0198,0.0199,0.019700000000000002,0.0196
,0.0167,0.0198,0.0194,0.0195,0.0187,0.0193,0.0188,0.019,0.019100000000000002,0.0195,0.0188,0.019100000000000002,0.019,0.0195,0.0193,0.0198,0.0194,0.0198,0.0193,0.0194,0.0195,0.0198,0.0196,0.0196,0.019700000000000002,0.0194,0.0195,0.0195,0.0195,0.0194,0.0196,0.019700000000000002,0.0196,0.0198,0.0198,0.019700000000000002,0.0199,0.0195,0.0196,0.0198,0.019700000000000002,0.0193,0.02,0.0198,0.0194,0.019700000000000002,0.0195,0.0198,0.02,0.019700000000000002,0.02,0.0199,0.0201,0.0198,0.0199,0.0201,0.0201,0.0201,0.0194,0.019700000000000002,0.0194,0.0199,0.0193,0.0195,0.0194,0.0193,0.0196,0.0198,0.0199,0.020200000000000003,0.0201,0.019700000000000002,0.02,0.0199,0.0199,0.0199,0.02,0.020300000000000002,0.020300000000000002,0.0201,0.02,0.0198,0.0198,0.0198,0.0198,0.019700000000000002,0.0196,0.0198,0.019700000000000002,0.019700000000000002,0.0199,0.02,0.02,0.02,0.02,0.0201,0.0198,0.0198,0.0196,0.019700000000000002,0.019700000000000002,0.019700000000000002,0.019700000000000002,0.019700000000000002,0.0196,0.0196,0.019700000000000002,0.0199,0.02,0.0201,0.0201,0.020200000000000003,0.020200000000000003,0.0201,0.02,0.019700000000000002,0.0196,0.019700000000000002,0.0198,0.019700000000000002,0.0196,0.0196,0.0194,0.0195,0.019700000000000002,0.019700000000000002,0.0195,0.0194,0.0195,0.02,0.0195,0.0193,0.0195,0.0196,0.020200000000000003,0.0198,0.0196,0.0198,0.0195
,0.0177,0.0189,0.0194,0.0187,0.019700000000000002,0.019,0.0196,0.0193,0.0195,0.019700000000000002,0.019100000000000002,0.019100000000000002,0.019,0.019100000000000002,0.0193,0.019700000000000002,0.0194,0.0195,0.0194,0.0194,0.0195,0.0198,0.0196,0.0196,0.0196,0.0194,0.0195,0.0195,0.0195,0.0194,0.0196,0.0196,0.0201,0.0198,0.0196,0.0196,0.019700000000000002,0.0195,0.0198,0.0194,0.019700000000000002,0.0193,0.02,0.0198,0.0194,0.0198,0.0196,0.0196,0.019700000000000002,0.019700000000000002,0.02,0.0199,0.0201,0.0198,0.0194,0.0195,0.0198,0.0199,0.020200000000000003,0.0198,0.020300000000000002,0.0194,0.0201,0.0195,0.0194,0.0193,0.0194,0.0195,0.0199,0.019700000000000002,0.0193,0.0194,0.0199,0.0198,0.02,0.02,0.0194,0.0194,0.0195,0.02,0.0198,0.0196,0.0195,0.0193,0.0193,0.0194,0.0196,0.0196,0.0194,0.0196,0.0194,0.019700000000000002,0.0198,0.0199,0.0196,0.0194,0.0194,0.0196,0.0198,0.0198,0.02,0.0196,0.0194,0.0194,0.0196,0.0199,0.019700000000000002,0.0194,0.0194,0.0198,0.0198,0.0198,0.0195,0.0193,0.0196,0.0199,0.019700000000000002,0.0196,0.0193,0.0195,0.0199,0.0198,0.019700000000000002,0.0194,0.0195,0.0199,0.0198,0.0198,0.0193,0.0196,0.0199,0.02,0.019700000000000002,0.0193,0.02,0.0196,0.0198,0.0198,0.0199
,0.0373,0.0179,0.019,0.0193,0.019700000000000002,0.019,0.0196,0.019100000000000002,0.0194,0.02,0.019100000000000002,0.0193,0.0196,0.019100000000000002,0.0196,0.019100000000000002,0.019,0.0195,0.0194,0.0193,0.0193,0.0193,0.0193,0.0199,0.0196,0.0198,0.0196,0.02,0.0199,0.019700000000000002,0.0201,0.0199,0.02,0.0198,0.0196,0.0196,0.019700000000000002,0.019700000000000002,0.0196,0.0198,0.020200000000000003,0.0198,0.02,0.0199,0.0196,0.019700000000000002,0.0195,0.0198,0.0196,0.0196,0.019700000000000002,0.0199,0.0201,0.0196,0.0194,0.0193,0.0196,0.0193,0.0194,0.019700000000000002,0.0196,0.0198,0.0193,0.0201,0.02,0.0201,0.0194,0.0195,0.0199,0.019700000000000002,0.0193,0.0194,0.0194,0.0196,0.019700000000000002,0.0196,0.0194,0.0194,0.0195,0.02,0.0198,0.0196,0.0195,0.0193,0.0193,0.0194,0.0196,0.0196,0.0194,0.0196,0.0194,0.019700000000000002,0.0198,0.0199,0.0196,0.0194,0.0194,0.0196,0.0198,0.0198,0.02,0.0196,0.0194,0.0194,0.0196,0.0199,0.019700000000000002,0.0194,0.0194,0.0198,0.0198,0.0198,0.0195,0.0193,0.0196,0.0198,0.019700000000000002,0.0196,0.0193,0.0195,0.0199,0.0198,0.019700000000000002,0.0194,0.0195,0.0199,0.0198,0.0198,0.0193,0.0196,0.0199,0.02,0.019700000000000002,0.0193,0.0199,0.02,0.0198,0.0195,0.0196
,0.0373,0.019,0.0193,0.018600000000000002,0.0188,0.0195,0.0193,0.0194,0.0194,0.02,0.0193,0.019700000000000002,0.0193,0.019200000000000002,0.0193,0.019100000000000002,0.019,0.0194,0.019700000000000002,0.0193,0.0193,0.0193,0.0196,0.0193,0.0195,0.0196,0.0198,0.0193,0.0195,0.0198,0.0196,0.0193,0.0199,0.0196,0.0198,0.0199,0.0196,0.019700000000000002,0.0198,0.0194,0.020200000000000003,0.0198,0.02,0.0199,0.0196,0.0198,0.0196,0.0198,0.0196,0.019700000000000002,0.0199,0.0199,0.0195,0.0199,0.0195,0.0195,0.0196,0.0193,0.0195,0.0195,0.019700000000000002,0.0199,0.02,0.020200000000000003,0.0198,0.0201,0.0199,0.019700000000000002,0.0196,0.019700000000000002,0.019700000000000002,0.0198,0.0194,0.0196,0.019700000000000002,0.0196,0.020200000000000003,0.02,0.02,0.020200000000000003,0.020200000000000003,0.020200000000000003,0.0201,0.0201,0.020300000000000002,0.020300000000000002,0.020300000000000002,0.0201,0.020200000000000003,0.0201,0.020200000000000003,0.0201,0.020200000000000003,0.020300000000000002,0.020200000000000003,0.0201,0.02,0.02,0.02,0.02,0.02,0.02,0.02,0.0201,0.0201,0.019700000000000002,0.019700000000000002,0.019700000000000002,0.0199,0.019700000000000002,0.0198,0.0198,0.02,0.0199,0.0201,0.0198,0.0199,0.02,0.0198,0.019700000000000002,0.019700000000000002,0.019700000000000002,0.019700000000000002,0.02,0.0201,0.0199,0.02,0.02,0.02,0.0201,0.02,0.02,0.0198,0.019700000000000002,0.0199,0.02,0.019700000000000002,0.0195,0.019700000000000002
,0.0064,0.019,0.0183,0.019,0.019100000000000002,0.0195,0.0193,0.019100000000000002,0.0196,0.0193,0.0189,0.0194,0.0199,0.019200000000000002,0.0193,0.019200000000000002,0.0194,0.0194,0.019700000000000002,0.0196,0.0198,0.0196,0.0193,0.0193,0.0198,0.0196,0.0198,0.0193,0.0195,0.0198,0.0196,0.0193,0.0199,0.0196,0.0198,0.0199,0.0196,0.0196,0.0199,0.0198,0.0198,0.0196,0.020300000000000002,0.02,0.0199,0.0195,0.0201,0.0198,0.0195,0.019700000000000002,0.0198,0.019700000000000002,0.0196,0.0196,0.0194,0.0193,0.0189,0.0196,0.02,0.02,0.0199,0.0198,0.02,0.020200000000000003,0.019700000000000002,0.0198,0.020200000000000003,0.0198,0.02,0.020200000000000003,0.02,0.0196,0.0199,0.02,0.020200000000000003,0.020200000000000003,0.0199,0.0199,0.019700000000000002,0.0194,0.0195,0.0193,0.0195,0.0198,0.0199,0.02,0.0201,0.0198,0.0195,0.0195,0.019700000000000002,0.0195,0.0194,0.0196,0.019700000000000002,0.0198,0.0198,0.0201,0.0201,0.020200000000000003,0.02,0.0201,0.02,0.019700000000000002,0.019700000000000002,0.019700000000000002,0.0201,0.0201,0.019700000000000002,0.0198,0.02,0.02,0.0198,0.0198,0.0196,0.0199,0.02,0.0199,0.019700000000000002,0.0199,0.0198,0.02,0.0198,0.019700000000000002,0.0198,0.0199,0.0199,0.0198,0.0198,0.02,0.0198,0.0199,0.02,0.02,0.0198,0.0198,0.019700000000000002,0.0195,0.019700000000000002
,0.030600000000000002,0.019100000000000002,0.0195,0.0188,0.018600000000000002,0.019,0.0195,0.0193,0.019200000000000002,0.0194,0.0193,0.0198,0.02,0.0196,0.0196,0.0198,0.019700000000000002,0.019,0.0194,0.019700000000000002,0.0195,0.019200000000000002,0.0196,0.0195,0.0198,0.019700000000000002,0.0198,0.019200000000000002,0.019700000000000002,0.0196,0.0193,0.0194,0.0196,0.0196,0.0198,0.0196,0.0198,0.0196,0.0199,0.0198,0.0198,0.0196,0.020300000000000002,0.02,0.0199,0.0195,0.0201,0.0194,0.0198,0.019700000000000002,0.019100000000000002,0.0195,0.0193,0.0201,0.0199,0.0199,0.0198,0.02,0.0193,0.0193,0.019100000000000002,0.019700000000000002,0.0196,0.0198,0.0198,0.0201,0.0196,0.0195,0.0195,0.0199,0.0195,0.0194,0.019700000000000002,0.019700000000000002,0.02,0.02,0.0198,0.0195,0.0195,0.019700000000000002,0.0199,0.019700000000000002,0.0194,0.0195,0.0198,0.0198,0.019700000000000002,0.0196,0.019700000000000002,0.019700000000000002,0.0199,0.019700000000000002,0.0198,0.019200000000000002,0.02,0.019700000000000002,0.019700000000000002,0.0201,0.0199,0.02,0.0201,0.0198,0.0199,0.0199,0.0199,0.0201,0.02,0.019700000000000002,0.0201,0.0199,0.019700000000000002,0.02,0.02,0.0201,0.0199,0.0199,0.0196,0.0201,0.0201,0.020200000000000003,0.0198,0.0199,0.02,0.02,0.0199,0.019700000000000002,0.0199,0.02,0.0199,0.0196,0.0201,0.020200000000000003,0.0199,0.02,0.02,0.0199,0.019700000000000002,0.0198,0.0198
,0.0172,0.0189,0.0187,0.0188,0.019200000000000002,0.0189,0.0194,0.0193,0.0188,0.0196,0.0198,0.0194,0.0195,0.0196,0.0195,0.0194,0.0196,0.0196,0.0199,0.0198,0.02,0.0198,0.019700000000000002,0.0198,0.0193,0.0198,0.0195,0.0196,0.0198,0.019700000000000002,0.0194,0.0196,0.0195,0.0196,0.0198,0.0193,0.0198,0.0198,0.019700000000000002,0.019700000000000002,0.0195,0.0198,0.0198,0.0201,0.0198,0.019700000000000002,0.0195,0.0201,0.0194,0.019700000000000002,0.019100000000000002,0.0195,0.0193,0.0196,0.0194,0.0194,0.0194,0.0193,0.019700000000000002,0.0196,0.0198,0.0201,0.0196,0.0199,0.019700000000000002,0.0195,0.020200000000000003,0.0195,0.0196,0.019700000000000002,0.0198,0.02,0.02,0.020200000000000003,0.02,0.0193,0.019700000000000002,0.020300000000000002,0.020300000000000002,0.02,0.0198,0.0198,0.02,0.0201,0.020200000000000003,0.02,0.02,0.0198,0.02,0.0201,0.02,0.0201,0.0199,0.0198,0.019200000000000002,0.0195,0.0195,0.0193,0.0195,0.0196,0.0196,0.0196,0.019700000000000002,0.019700000000000002,0.0196,0.0195,0.0193,0.019200000000000002,0.019200000000000002,0.019200000000000002,0.0194,0.0195,0.0196,0.0198,0.0198,0.019700000000000002,0.019700000000000002,0.0196,0.0196,0.0195,0.0195,0.0196,0.019700000000000002,0.0199,0.020200000000000003,0.019700000000000002,0.0194,0.0193,0.0193,0.019700000000000002,0.0195,0.0193,0.019700000000000002,0.0196,0.02,0.0199,0.0199,0.0196,0.019700000000000002
,0.042800000000000005,0.0189,0.0195,0.0195,0.0187,0.0193,0.0189,0.019200000000000002,0.0188,0.0194,0.0198,0.0198,0.02,0.0196,0.0195,0.0194,0.0196,0.0196,0.02,0.0198,0.02,0.0198,0.019700000000000002,0.0198,0.02,0.0196,0.019200000000000002,0.0196,0.019200000000000002,0.019700000000000002,0.0194,0.0196,0.0195,0.0196,0.0198,0.0193,0.0198,0.02,0.0196,0.0196,0.020200000000000003,0.0194,0.0194,0.019700000000000002,0.0199,0.0198,0.020300000000000002,0.0194,0.019200000000000002,0.02,0.02,0.0201,0.0201,0.02,0.0196,0.0195,0.019200000000000002,0.019200000000000002,0.019700000000000002,0.0196,0.0198,0.019,0.0201,0.02,0.0198,0.0198,0.0198,0.0198,0.02,0.020200000000000003,0.02,0.02,0.019700000000000002,0.0195,0.0195,0.0198,0.019700000000000002,0.020300000000000002,0.020300000000000002,0.02,0.0198,0.0198,0.02,0.0201,0.020200000000000003,0.02,0.0199,0.0199,0.0198,0.0201,0.0199,0.0201,0.02,0.0199,0.0198,0.0199,0.0198,0.0199,0.02,0.0201,0.0199,0.0199,0.0199,0.0201,0.0201,0.02,0.02,0.02,0.02,0.0199,0.0199,0.0198,0.0198,0.0198,0.0198,0.019700000000000002,0.0198,0.0198,0.0199,0.02,0.02,0.0201,0.0201,0.02,0.0201,0.0201,0.020200000000000003,0.020300000000000002,0.0204,0.020300000000000002,0.0201,0.02,0.02,0.02,0.019200000000000002,0.0195,0.0198,0.0199,0.02
,0.042800000000000005,0.018000000000000002,0.0188,0.0195,0.0187,0.0193,0.0189,0.0194,0.019200000000000002,0.0195,0.0195,0.019,0.0193,0.0193,0.019700000000000002,0.0193,0.0195,0.0196,0.02,0.0194,0.019700000000000002,0.0193,0.0195,0.019700000000000002,0.0199,0.0198,0.0195,0.0193,0.0198,0.0196,0.0196,0.0198,0.0195,0.0195,0.0193,0.0196,0.0196,0.019700000000000002,0.0198,0.019700000000000002,0.0194,0.0193,0.019700000000000002,0.0195,0.0198,0.019700000000000002,0.0195,0.0193,0.019200000000000002,0.0194,0.0196,0.0196,0.0194,0.0194,0.0196,0.0195,0.019200000000000002,0.019200000000000002,0.02,0.0196,0.019700000000000002,0.019700000000000002,0.0193,0.0193,0.019200000000000002,0.019200000000000002,0.0196,0.0198,0.0199,0.02,0.02,0.0198,0.02,0.020200000000000003,0.02,0.0198,0.019700000000000002,0.019700000000000002,0.019700000000000002,0.0201,0.02,0.02,0.020200000000000003,0.02,0.019700000000000002,0.0198,0.0199,0.0199,0.0198,0.0201,0.0199,0.0201,0.02,0.0199,0.0198,0.0199,0.0198,0.0199,0.02,0.0201,0.0199,0.0199,0.0199,0.0201,0.0201,0.02,0.02,0.02,0.02,0.0199,0.0199,0.0198,0.0198,0.0198,0.0198,0.0198,0.0198,0.0198,0.0199,0.02,0.02,0.0201,0.0201,0.02,0.0201,0.0201,0.020200000000000003,0.020300000000000002,0.0204,0.020300000000000002,0.0201,0.02,0.02,0.02,0.0198,0.0198,0.0198,0.0196,0.0199
,0.0177,0.018500000000000003,0.0188,0.0199,0.0129,0.0189,0.0194,0.019200000000000002,0.0194,0.019200000000000002,0.019200000000000002,0.019,0.0193,0.0196,0.019200000000000002,0.019100000000000002,0.0195,0.0194,0.0194,0.0194,0.019700000000000002,0.0193,0.0195,0.019700000000000002,0.02,0.0196,0.019200000000000002,0.0193,0.019200000000000002,0.0196,0.0196,0.0198,0.0195,0.0195,0.02,0.0194,0.020200000000000003,0.0199,0.02,0.0199,0.0199,0.02,0.02,0.0201,0.0199,0.019700000000000002,0.0198,0.0193,0.02,0.0199,0.0194,0.0196,0.019700000000000002,0.0196,0.019700000000000002,0.019200000000000002,0.019700000000000002,0.0196,0.02,0.0196,0.019700000000000002,0.02,0.0196,0.019700000000000002,0.0196,0.0193,0.019200000000000002,0.0193,0.0195,0.0196,0.019700000000000002,0.019700000000000002,0.019700000000000002,0.0199,0.02,0.0198,0.0195,0.0193,0.0193,0.019200000000000002,0.0193,0.019200000000000002,0.0194,0.0194,0.0195,0.0196,0.0195,0.0194,0.0195,0.0196,0.0196,0.0194,0.0195,0.0195,0.0194,0.019200000000000002,0.0193,0.0193,0.019100000000000002,0.0189,0.019200000000000002,0.019200000000000002,0.0193,0.0193,0.0193,0.019200000000000002,0.019,0.019100000000000002,0.019100000000000002,0.019100000000000002,0.019200000000000002,0.019100000000000002,0.019,0.019,0.019200000000000002,0.0198,0.019200000000000002,0.019200000000000002,0.019200000000000002,0.019200000000000002,0.0194,0.0194,0.0195,0.0194,0.0193,0.0194,0.0193,0.0194,0.0196,0.0196,0.019700000000000002,0.019700000000000002,0.0198,0.0198,0.0198,0.0198,0.0199,0.0198,0.019700000000000002
,0.017400000000000002,0.0183,0.0182,0.0187,0.0198,0.0189,0.0194,0.0196,0.0194,0.019200000000000002,0.019200000000000002,0.0198,0.0196,0.0196,0.019200000000000002,0.0193,0.019700000000000002,0.0194,0.0194,0.0195,0.0193,0.0193,0.0193,0.019200000000000002,0.0199,0.0195,0.0194,0.0195,0.0193,0.0195,0.0196,0.0193,0.0195,0.020300000000000002,0.0201,0.0198,0.0198,0.019100000000000002,0.019100000000000002,0.0196,0.019200000000000002,0.0194,0.019200000000000002,0.019700000000000002,0.0193,0.0194,0.0198,0.0201,0.0193,0.0199,0.0194,0.0196,0.0196,0.0196,0.019700000000000002,0.019700000000000002,0.0199,0.0195,0.0198,0.02,0.0198,0.019700000000000002,0.0195,0.019700000000000002,0.0196,0.0193,0.0196,0.019700000000000002,0.019700000000000002,0.0196,0.0194,0.02,0.0196,0.019700000000000002,0.0196,0.0193,0.0198,0.019700000000000002,0.0196,0.0195,0.0195,0.0195,0.0193,0.0199,0.0199,0.020200000000000003,0.0199,0.0201,0.019700000000000002,0.0195,0.0195,0.0195,0.0195,0.0195,0.019700000000000002,0.0194,0.0196,0.0198,0.02,0.0199,0.0201,0.020300000000000002,0.02,0.0198,0.019700000000000002,0.019700000000000002,0.0199,0.0198,0.0196,0.0195,0.0198,0.02,0.0201,0.020200000000000003,0.0201,0.019100000000000002,0.0199,0.0198,0.02,0.019700000000000002,0.019700000000000002,0.0196,0.0195,0.0194,0.0195,0.0196,0.019700000000000002,0.0199,0.0199,0.019700000000000002,0.0196,0.0199,0.0201,0.020200000000000003,0.019700000000000002,0.019700000000000002,0.0199,0.0198,0.019700000000000002
,0.0184,0.0179,0.019100000000000002,0.019100000000000002,0.0201,0.019,0.0188,0.0196,0.0189,0.019,0.019200000000000002,0.0194,0.019700000000000002,0.019700000000000002,0.019700000000000002,0.0196,0.0198,0.0194,0.019200000000000002,0.019700000000000002,0.0196,0.0196,0.0196,0.0204,0.0193,0.020200000000000003,0.02,0.0196,0.0201,0.020200000000000003,0.0201,0.0199,0.02,0.019200000000000002,0.0188,0.0195,0.019200000000000002,0.0199,0.019100000000000002,0.019100000000000002,0.019200000000000002,0.0194,0.019200000000000002,0.019700000000000002,0.0193,0.0194,0.0199,0.0195,0.019700000000000002,0.0196,0.019700000000000002,0.0196,0.019700000000000002,0.0198,0.0198,0.019200000000000002,0.019700000000000002,0.0196,0.0198,0.02,0.0198,0.02,0.0196,0.0199,0.0198,0.0193,0.0196,0.019700000000000002,0.019700000000000002,0.0196,0.0194,0.02,0.0201,0.0198,0.0198,0.0199,0.0198,0.019700000000000002,0.0196,0.0195,0.0195,0.0195,0.0193,0.0199,0.0199,0.020200000000000003,0.0199,0.0201,0.019700000000000002,0.0195,0.0195,0.0195,0.0195,0.0195,0.019700000000000002,0.0194,0.0196,0.0198,0.02,0.0199,0.0201,0.020300000000000002,0.02,0.0198,0.019700000000000002,0.019700000000000002,0.0199,0.0198,0.0196,0.0195,0.0198,0.02,0.0201,0.020200000000000003,0.0201,0.02,0.0199,0.0198,0.02,0.019700000000000002,0.019700000000000002,0.0196,0.0195,0.0194,0.0195,0.0196,0.019700000000000002,0.0199,0.0199,0.019700000000000002,0.0196,0.0199,0.0201,0.020200000000000003,0.0204,0.020200000000000003,0.019700000000000002,0.0196,0.0196
,0.0187,0.0179,0.0196,0.019100000000000002,0.0201,0.019700000000000002,0.02,0.019100000000000002,0.019700000000000002,0.0199,0.0195,0.019700000000000002,0.0195,0.0196,0.0198,0.0196,0.0198,0.0195,0.0199,0.0198,0.0194,0.0196,0.0199,0.0198,0.020200000000000003,0.0194,0.019700000000000002,0.019200000000000002,0.019100000000000002,0.0198,0.0195,0.019200000000000002,0.02,0.019700000000000002,0.0196,0.019200000000000002,0.0196,0.019100000000000002,0.019100000000000002,0.0196,0.0193,0.0193,0.019100000000000002,0.0188,0.019100000000000002,0.019,0.0193,0.0196,0.019700000000000002,0.0196,0.019700000000000002,0.0196,0.0196,0.0198,0.0198,0.019700000000000002,0.0199,0.0195,0.0199,0.0199,0.0199,0.019700000000000002,0.0195,0.0199,0.0198,0.0193,0.0193,0.0196,0.0198,0.0198,0.0196,0.019700000000000002,0.0201,0.0198,0.0198,0.0199,0.0195,0.0196,0.0196,0.0196,0.0195,0.0196,0.019700000000000002,0.0196,0.0196,0.02,0.0199,0.02,0.0201,0.02,0.0199,0.02,0.0199,0.0198,0.0199,0.0199,0.0199,0.0199,0.0198,0.0198,0.0198,0.0196,0.0198,0.0199,0.0198,0.020200000000000003,0.020200000000000003,0.0199,0.020300000000000002,0.020300000000000002,0.0199,0.0199,0.019700000000000002,0.0195,0.0195,0.02,0.0198,0.02,0.0199,0.019700000000000002,0.0196,0.0195,0.0195,0.0196,0.02,0.02,0.0198,0.0196,0.019700000000000002,0.019200000000000002,0.019700000000000002,0.02,0.0198,0.0199,0.0204,0.020200000000000003,0.020300000000000002,0.0198,0.0198
,0.0187,0.019200000000000002,0.0195,0.019100000000000002,0.018600000000000002,0.019200000000000002,0.02,0.0196,0.019700000000000002,0.0199,0.0198,0.019700000000000002,0.0195,0.0196,0.0195,0.019700000000000002,0.019700000000000002,0.0198,0.0195,0.0194,0.019200000000000002,0.019100000000000002,0.019,0.019,0.0189,0.0189,0.0189,0.019,0.019200000000000002,0.019200000000000002,0.0193,0.0194,0.019100000000000002,0.019700000000000002,0.0196,0.019200000000000002,0.0196,0.0199,0.0196,0.0195,0.019700000000000002,0.0195,0.019200000000000002,0.0195,0.0199,0.0193,0.019700000000000002,0.0196,0.019700000000000002,0.019700000000000002,0.0198,0.0196,0.019700000000000002,0.0196,0.020300000000000002,0.0201,0.019700000000000002,0.0199,0.0201,0.019700000000000002,0.0201,0.019700000000000002,0.0195,0.0199,0.019700000000000002,0.0198,0.0193,0.0196,0.0198,0.0198,0.0196,0.019700000000000002,0.019700000000000002,0.0195,0.0195,0.0198,0.0195,0.0196,0.0196,0.0196,0.0195,0.0196,0.019700000000000002,0.0196,0.0196,0.02,0.0199,0.02,0.0201,0.02,0.0199,0.02,0.02,0.02,0.0201,0.02,0.0199,0.019700000000000002,0.0196,0.019700000000000002,0.0196,0.0196,0.0198,0.0199,0.0198,0.020200000000000003,0.020200000000000003,0.0199,0.020300000000000002,0.020300000000000002,0.0199,0.0199,0.019700000000000002,0.0195,0.0195,0.0198,0.0198,0.0198,0.019700000000000002,0.0193,0.0196,0.0199,0.0198,0.0196,0.02,0.02,0.0198,0.0196,0.019700000000000002,0.019200000000000002,0.019700000000000002,0.02,0.0198,0.0199,0.019700000000000002,0.019700000000000002,0.020300000000000002,0.0198,0.0198
,0.017,0.0188,0.0195,0.0193,0.019200000000000002,0.0198,0.0196,0.0196,0.0188,0.019200000000000002,0.0198,0.0193,0.0193,0.0196,0.0195,0.019700000000000002,0.019700000000000002,0.0193,0.0195,0.0196,0.019200000000000002,0.019200000000000002,0.0194,0.0198,0.0195,0.019700000000000002,0.0194,0.0194,0.0193,0.0194,0.0198,0.0196,0.0198,0.0195,0.0193,0.019100000000000002,0.0194,0.019100000000000002,0.0196,0.0195,0.019700000000000002,0.0195,0.019200000000000002,0.0195,0.0199,0.0193,0.019700000000000002,0.0196,0.019700000000000002,0.019700000000000002,0.0198,0.0196,0.019700000000000002,0.0196,0.0195,0.0199,0.0199,0.019700000000000002,0.0201,0.019700000000000002,0.0199,0.0194,0.0195,0.0199,0.019700000000000002,0.0198,0.0199,0.0196,0.02,0.0195,0.019700000000000002,0.0198,0.019700000000000002,0.0195,0.0195,0.0198,0.0199,0.0196,0.020200000000000003,0.019700000000000002,0.0193,0.0196,0.0199,0.0198,0.0196,0.0198,0.0195,0.0199,0.0201,0.0201,0.019700000000000002,0.019700000000000002,0.0199,0.0198,0.0199,0.0199,0.0199,0.0199,0.0198,0.0198,0.0198,0.0198,0.0199,0.0199,0.0199,0.0198,0.0199,0.0198,0.019700000000000002,0.019700000000000002,0.0198,0.0195,0.0195,0.0195,0.0195,0.019700000000000002,0.0198,0.02,0.0199,0.019700000000000002,0.0196,0.0195,0.0195,0.0196,0.0199,0.0199,0.019700000000000002,0.0195,0.0196,0.0198,0.019700000000000002,0.0196,0.0196,0.019700000000000002,0.019700000000000002,0.019700000000000002,0.0196,0.0198,0.02
,0.018600000000000002,0.019200000000000002,0.019200000000000002,0.018000000000000002,0.019,0.0198,0.0196,0.0194,0.0195,0.0194,0.019200000000000002,0.0199,0.0198,0.019100000000000002,0.0194,0.0194,0.019200000000000002,0.0193,0.0194,0.0196,0.019200000000000002,0.019200000000000002,0.0194,0.0194,0.0196,0.0198,0.0199,0.0194,0.0193,0.0194,0.0198,0.0196,0.0198,0.0195,0.0193,0.019100000000000002,0.0194,0.02,0.0196,0.0196,0.0196,0.019700000000000002,0.0196,0.0198,0.0198,0.0194,0.0195,0.0196,0.0194,0.0199,0.02,0.0199,0.02,0.0198,0.0195,0.0199,0.0199,0.019700000000000002,0.0196,0.0195,0.019200000000000002,0.02,0.0199,0.0195,0.019700000000000002,0.0198,0.0199,0.0196,0.02,0.0201,0.019700000000000002,0.0198,0.0201,0.0198,0.0199,0.02,0.0199,0.0196,0.020200000000000003,0.019700000000000002,0.0193,0.0196,0.0199,0.0198,0.0196,0.0198,0.0195,0.0199,0.0201,0.0201,0.019700000000000002,0.019700000000000002,0.02,0.02,0.0201,0.02,0.0199,0.019700000000000002,0.0196,0.019700000000000002,0.0196,0.0198,0.0199,0.0199,0.0199,0.0198,0.0199,0.0198,0.019700000000000002,0.019700000000000002,0.0198,0.0195,0.0195,0.0195,0.0195,0.0198,0.0198,0.0198,0.019700000000000002,0.0193,0.0196,0.0199,0.0198,0.0196,0.0199,0.0199,0.019700000000000002,0.0195,0.0196,0.0198,0.019700000000000002,0.0196,0.0196,0.019700000000000002,0.0201,0.020200000000000003,0.0196,0.0198,0.02
,0.0177,0.0177,0.018000000000000002,0.0193,0.019,0.0195,0.0188,0.0188,0.0196,0.019700000000000002,0.02,0.0199,0.0198,0.0195,0.0198,0.0198,0.0194,0.019,0.0194,0.019100000000000002,0.0193,0.0195,0.0195,0.0198,0.0194,0.019700000000000002,0.0194,0.0199,0.0201,0.0196,0.0196,0.0198,0.0194,0.0196,0.0194,0.019,0.0196,0.02,0.0196,0.0196,0.0196,0.019700000000000002,0.0196,0.0198,0.0198,0.0194,0.0195,0.0196,0.0194,0.02,0.0196,0.0199,0.02,0.0199,0.019700000000000002,0.019700000000000002,0.02,0.019700000000000002,0.0198,0.0199,0.02,0.0194,0.0199,0.0195,0.019700000000000002,0.0198,0.0194,0.02,0.0196,0.0195,0.0196,0.0199,0.0201,0.0198,0.0199,0.02,0.0198,0.019700000000000002,0.0199,0.0199,0.019700000000000002,0.019700000000000002,0.0198,0.0196,0.0194,0.019,0.019200000000000002,0.0193,0.0196,0.0195,0.0196,0.019200000000000002,0.019200000000000002,0.0194,0.0194,0.019700000000000002,0.0196,0.0196,0.0194,0.0193,0.0196,0.0195,0.0196,0.0195,0.019200000000000002,0.019,0.019100000000000002,0.019200000000000002,0.0195,0.0195,0.0193,0.019200000000000002,0.019700000000000002,0.019200000000000002,0.019200000000000002,0.019700000000000002,0.019200000000000002,0.0193,0.0195,0.0196,0.0194,0.0195,0.019200000000000002,0.0194,0.0196,0.0198,0.019700000000000002,0.0194,0.019700000000000002,0.0195,0.0194,0.0189,0.019,0.019200000000000002,0.0201,0.020200000000000003,0.020200000000000003,0.0201,0.0201
,0.0184,0.019700000000000002,0.019200000000000002,0.019200000000000002,0.018600000000000002,0.019700000000000002,0.0196,0.0195,0.02,0.019700000000000002,0.02,0.019100000000000002,0.019100000000000002,0.0195,0.0198,0.0194,0.020200000000000003,0.019100000000000002,0.0193,0.0196,0.0198,0.0196,0.019700000000000002,0.0198,0.0194,0.0193,0.0195,0.0195,0.019200000000000002,0.0195,0.0195,0.019200000000000002,0.0194,0.0199,0.019700000000000002,0.019,0.0196,0.0198,0.0199,0.0198,0.0198,0.0201,0.0198,0.0198,0.0198,0.0193,0.0199,0.0196,0.0198,0.0199,0.0195,0.019700000000000002,0.0196,0.0199,0.0193,0.0193,0.0195,0.0193,0.0198,0.0198,0.02,0.019200000000000002,0.0199,0.0201,0.0198,0.0198,0.0194,0.02,0.0196,0.0201,0.0196,0.0199,0.0198,0.0198,0.0196,0.0204,0.0198,0.019700000000000002,0.0199,0.0199,0.020200000000000003,0.020200000000000003,0.0194,0.02,0.02,0.0201,0.0201,0.0201,0.0201,0.0198,0.0198,0.0198,0.02,0.02,0.02,0.02,0.0199,0.0198,0.0199,0.02,0.0198,0.0198,0.019700000000000002,0.0199,0.020200000000000003,0.0199,0.0199,0.0199,0.019700000000000002,0.0199,0.02,0.0204,0.020200000000000003,0.0201,0.0201,0.019,0.0199,0.02,0.0201,0.0201,0.020200000000000003,0.0198,0.0199,0.02,0.02,0.019700000000000002,0.0201,0.02,0.020200000000000003,0.02,0.0201,0.020200000000000003,0.02,0.019700000000000002,0.0193,0.0193,0.020200000000000003,0.0201,0.0201
,0.0184,0.0194,0.0194,0.0198,0.019700000000000002,0.019700000000000002,0.0198,0.0195,0.0196,0.019700000000000002,0.019,0.0193,0.0193,0.019100000000000002,0.0193,0.0198,0.020200000000000003,0.0196,0.0195,0.0196,0.0198,0.0196,0.019700000000000002,0.0198,0.019200000000000002,0.0193,0.0195,0.0195,0.0198,0.0196,0.0195,0.019200000000000002,0.0198,0.0199,0.0194,0.019700000000000002,0.0198,0.0199,0.0199,0.0199,0.0199,0.0198,0.0196,0.0194,0.0199,0.0198,0.0199,0.019700000000000002,0.019700000000000002,0.0199,0.0195,0.019700000000000002,0.0196,0.0199,0.0199,0.019700000000000002,0.02,0.0198,0.0193,0.0195,0.0195,0.0199,0.0194,0.0194,0.019200000000000002,0.019200000000000002,0.0198,0.02,0.0199,0.02,0.02,0.02,0.0198,0.0198,0.0196,0.0204,0.0198,0.0198,0.02,0.0201,0.019700000000000002,0.019700000000000002,0.0201,0.0198,0.0198,0.0196,0.019700000000000002,0.019700000000000002,0.02,0.0199,0.0198,0.019700000000000002,0.020200000000000003,0.0198,0.019700000000000002,0.0201,0.0198,0.019700000000000002,0.019700000000000002,0.0201,0.020300000000000002,0.019700000000000002,0.0198,0.0198,0.0196,0.0198,0.02,0.0199,0.019700000000000002,0.0198,0.02,0.020300000000000002,0.0201,0.020200000000000003,0.0201,0.019700000000000002,0.0199,0.0199,0.0199,0.0199,0.0201,0.020200000000000003,0.02,0.0201,0.0201,0.02,0.02,0.0201,0.0198,0.019700000000000002,0.0198,0.0196,0.0196,0.0195,0.0196,0.0198,0.0194,0.019700000000000002,0.0198
,0.016800000000000002,0.0194,0.0195,0.0198,0.019200000000000002,0.0188,0.0193,0.019100000000000002,0.019700000000000002,0.0198,0.0193,0.0199,0.0194,0.0194,0.0193,0.0196,0.019700000000000002,0.0196,0.0195,0.019700000000000002,0.019700000000000002,0.02,0.0196,0.019700000000000002,0.019200000000000002,0.019700000000000002,0.0195,0.0196,0.019200000000000002,0.0195,0.0198,0.0198,0.0194,0.020200000000000003,0.0198,0.0199,0.0201,0.0196,0.019700000000000002,0.019700000000000002,0.0195,0.0196,0.0196,0.0194,0.0198,0.0193,0.019700000000000002,0.0201,0.0196,0.019700000000000002,0.02,0.019200000000000002,0.0196,0.0195,0.0195,0.0196,0.0199,0.0196,0.019700000000000002,0.0194,0.0195,0.0199,0.0196,0.0196,0.0198,0.0199,0.0196,0.019700000000000002,0.0193,0.0194,0.0194,0.0193,0.020200000000000003,0.020200000000000003,0.0199,0.0198,0.019100000000000002,0.019200000000000002,0.0196,0.0196,0.0196,0.019200000000000002,0.0198,0.0198,0.0198,0.0196,0.019700000000000002,0.019700000000000002,0.02,0.0199,0.0198,0.019700000000000002,0.020200000000000003,0.0198,0.019700000000000002,0.0201,0.0198,0.019700000000000002,0.019700000000000002,0.0201,0.020300000000000002,0.019700000000000002,0.0198,0.0198,0.0198,0.0199,0.0195,0.0196,0.019700000000000002,0.019700000000000002,0.0194,0.019700000000000002,0.0198,0.0199,0.02,0.02,0.020300000000000002,0.02,0.02,0.0196,0.0195,0.0199,0.0199,0.0199,0.0199,0.02,0.0199,0.0201,0.02,0.02,0.02,0.0198,0.0198,0.0199,0.0196,0.019700000000000002,0.02,0.02,0.02
,0.0189,0.018000000000000002,0.0195,0.019100000000000002,0.019200000000000002,0.0196,0.0193,0.019200000000000002,0.019700000000000002,0.0198,0.0201,0.019200000000000002,0.02,0.0193,0.019100000000000002,0.019200000000000002,0.0195,0.0198,0.0199,0.019200000000000002,0.0195,0.019200000000000002,0.019200000000000002,0.0195,0.0198,0.019100000000000002,0.0196,0.0195,0.0198,0.0196,0.0198,0.0198,0.0194,0.0193,0.019700000000000002,0.0193,0.019700000000000002,0.0196,0.019700000000000002,0.019700000000000002,0.0195,0.0196,0.02,0.0201,0.02,0.0196,0.0199,0.0196,0.0196,0.019100000000000002,0.019100000000000002,0.0199,0.02,0.019700000000000002,0.0199,0.0195,0.0195,0.0196,0.0196,0.0195,0.0198,0.0195,0.0198,0.019700000000000002,0.0199,0.02,0.0201,0.0204,0.02,0.0198,0.0198,0.0198,0.019200000000000002,0.0194,0.0195,0.0196,0.0198,0.019700000000000002,0.0199,0.0201,0.0201,0.02,0.0196,0.0194,0.0195,0.019700000000000002,0.019700000000000002,0.0198,0.0199,0.0201,0.0201,0.02,0.0201,0.020200000000000003,0.02,0.020200000000000003,0.0196,0.0198,0.0196,0.0195,0.0196,0.0198,0.0199,0.0199,0.0196,0.0198,0.02,0.0199,0.019700000000000002,0.019700000000000002,0.0194,0.019700000000000002,0.0198,0.0199,0.02,0.02,0.020300000000000002,0.02,0.02,0.0196,0.0195,0.0199,0.0199,0.0199,0.0199,0.02,0.0199,0.0201,0.02,0.02,0.02,0.0198,0.0198,0.0199,0.0198,0.0198,0.02,0.0201,0.02
,0.0189,0.0184,0.019100000000000002,0.0189,0.0196,0.019,0.0196,0.019200000000000002,0.0198,0.0205,0.019100000000000002,0.019200000000000002,0.0194,0.0199,0.019700000000000002,0.0196,0.0195,0.0193,0.0196,0.019200000000000002,0.0195,0.019200000000000002,0.019200000000000002,0.0195,0.0188,0.019100000000000002,0.0196,0.0196,0.0195,0.019700000000000002,0.0196,0.019700000000000002,0.0199,0.0193,0.019700000000000002,0.0193,0.019700000000000002,0.019700000000000002,0.0198,0.0199,0.0198,0.0196,0.0195,0.0199,0.0198,0.0196,0.0201,0.0198,0.0196,0.0196,0.019700000000000002,0.0198,0.0196,0.0198,0.019700000000000002,0.0204,0.0199,0.019700000000000002,0.020200000000000003,0.0198,0.0201,0.0195,0.019700000000000002,0.0196,0.0196,0.0199,0.0199,0.020200000000000003,0.0201,0.020200000000000003,0.0198,0.019700000000000002,0.0196,0.0196,0.0198,0.0198,0.0198,0.02,0.0198,0.0198,0.0196,0.0199,0.0201,0.0201,0.0204,0.020200000000000003,0.0199,0.0199,0.0199,0.0198,0.019700000000000002,0.019700000000000002,0.0198,0.019700000000000002,0.0198,0.0201,0.02,0.02,0.020200000000000003,0.020300000000000002,0.0204,0.0201,0.02,0.0201,0.0201,0.0201,0.02,0.0199,0.0199,0.0199,0.0199,0.0199,0.0199,0.02,0.02,0.02,0.0199,0.0199,0.0199,0.0199,0.0199,0.0199,0.0198,0.0199,0.0199,0.02,0.0201,0.020200000000000003,0.020200000000000003,0.02,0.02,0.0199,0.0199,0.02,0.0198,0.0198,0.0199,0.0198,0.0198
,0.0188,0.019200000000000002,0.0188,0.0184,0.0196,0.019,0.0196,0.0199,0.0198,0.0193,0.019100000000000002,0.0196,0.0194,0.0193,0.019100000000000002,0.019200000000000002,0.0195,0.019200000000000002,0.0196,0.0195,0.0193,0.0194,0.0194,0.0193,0.0188,0.019700000000000002,0.0193,0.019100000000000002,0.0195,0.019100000000000002,0.019700000000000002,0.0193,0.0198,0.0196,0.0198,0.0198,0.019700000000000002,0.0194,0.0196,0.019700000000000002,0.0193,0.0194,0.0201,0.019700000000000002,0.020200000000000003,0.0198,0.0198,0.0196,0.019700000000000002,0.0193,0.0196,0.0199,0.0194,0.0196,0.0195,0.0198,0.02,0.019700000000000002,0.0198,0.020200000000000003,0.0198,0.0199,0.0195,0.0196,0.0193,0.0196,0.019700000000000002,0.0195,0.0193,0.0195,0.0196,0.0199,0.0198,0.0199,0.0198,0.02,0.0193,0.0194,0.019700000000000002,0.0195,0.0196,0.0199,0.0196,0.019200000000000002,0.0196,0.0198,0.0196,0.0196,0.0196,0.019700000000000002,0.019700000000000002,0.019700000000000002,0.0196,0.019700000000000002,0.0199,0.0199,0.0196,0.0196,0.019700000000000002,0.019700000000000002,0.0198,0.0193,0.0196,0.0198,0.0198,0.0198,0.0196,0.0195,0.0195,0.0196,0.0194,0.019200000000000002,0.019200000000000002,0.019200000000000002,0.0194,0.0199,0.0196,0.0195,0.019700000000000002,0.019700000000000002,0.0195,0.019700000000000002,0.0196,0.0196,0.019700000000000002,0.0193,0.0193,0.019100000000000002,0.0194,0.0194,0.0199,0.0198,0.0198,0.0196,0.02,0.020200000000000003,0.0199,0.0198,0.0198
,0.0188,0.0194,0.0187,0.019200000000000002,0.0194,0.02,0.019,0.0199,0.019100000000000002,0.0205,0.0194,0.0194,0.019100000000000002,0.0194,0.0195,0.0198,0.0199,0.019200000000000002,0.019200000000000002,0.0198,0.0198,0.0199,0.0199,0.019700000000000002,0.019200000000000002,0.019700000000000002,0.019700000000000002,0.0196,0.0198,0.0198,0.019700000000000002,0.0196,0.0198,0.0199,0.0193,0.0196,0.0195,0.0198,0.0195,0.0193,0.0196,0.0198,0.0194,0.0198,0.020200000000000003,0.0198,0.0201,0.019200000000000002,0.0196,0.0201,0.0198,0.0199,0.02,0.0199,0.019700000000000002,0.0204,0.0196,0.0196,0.0196,0.0195,0.0196,0.0199,0.0201,0.020300000000000002,0.02,0.019700000000000002,0.0196,0.019700000000000002,0.0195,0.0195,0.0193,0.019200000000000002,0.0198,0.0196,0.0195,0.0193,0.0195,0.0194,0.019700000000000002,0.0198,0.0194,0.0195,0.0196,0.0196,0.0194,0.019700000000000002,0.0198,0.0195,0.0198,0.0196,0.0196,0.0194,0.0196,0.019700000000000002,0.0199,0.0195,0.0194,0.019200000000000002,0.0194,0.0196,0.0198,0.019700000000000002,0.019700000000000002,0.0195,0.0193,0.0195,0.019700000000000002,0.0199,0.0198,0.020200000000000003,0.020300000000000002,0.020300000000000002,0.020300000000000002,0.0199,0.0198,0.0195,0.0198,0.0196,0.019700000000000002,0.019700000000000002,0.0199,0.0198,0.0199,0.019700000000000002,0.0195,0.0196,0.02,0.0201,0.020300000000000002,0.020200000000000003,0.0199,0.0199,0.0198,0.02,0.0193,0.019200000000000002,0.020300000000000002,0.020300000000000002,0.020300000000000002
,0.018000000000000002,0.019200000000000002,0.0188,0.0188,0.019,0.02,0.0194,0.019100000000000002,0.019100000000000002,0.019100000000000002,0.0194,0.0194,0.019100000000000002,0.0198,0.019700000000000002,0.0195,0.0194,0.0196,0.02,0.0193,0.0195,0.019700000000000002,0.0194,0.019700000000000002,0.0196,0.019700000000000002,0.019700000000000002,0.019700000000000002,0.019700000000000002,0.02,0.019700000000000002,0.0196,0.0194,0.0198,0.0194,0.0195,0.0198,0.0199,0.019700000000000002,0.02,0.019700000000000002,0.0199,0.0196,0.019700000000000002,0.019200000000000002,0.0189,0.019100000000000002,0.0195,0.02,0.0201,0.0198,0.0199,0.019700000000000002,0.019700000000000002,0.0199,0.019700000000000002,0.02,0.019700000000000002,0.020200000000000003,0.0198,0.0196,0.0199,0.0201,0.020300000000000002,0.02,0.019700000000000002,0.02,0.02,0.02,0.019700000000000002,0.019700000000000002,0.0201,0.0195,0.019700000000000002,0.0196,0.0198,0.020300000000000002,0.020200000000000003,0.020300000000000002,0.020300000000000002,0.020300000000000002,0.020300000000000002,0.020300000000000002,0.020300000000000002,0.020300000000000002,0.020300000000000002,0.020300000000000002,0.020200000000000003,0.020300000000000002,0.020300000000000002,0.020300000000000002,0.0204,0.020300000000000002,0.020200000000000003,0.02,0.0199,0.0199,0.0199,0.02,0.02,0.0198,0.0196,0.0196,0.0194,0.0195,0.0196,0.0196,0.0195,0.0198,0.020200000000000003,0.020300000000000002,0.020300000000000002,0.020300000000000002,0.0199,0.0198,0.0198,0.0198,0.0196,0.019700000000000002,0.019700000000000002,0.0199,0.0198,0.0199,0.019700000000000002,0.0195,0.0196,0.02,0.0201,0.020300000000000002,0.020200000000000003,0.0199,0.0199,0.0198,0.02,0.0201,0.0198,0.0195,0.0196,0.0194
,0.011000000000000001,0.0184,0.018500000000000003,0.018500000000000003,0.019200000000000002,0.0195,0.0195,0.019100000000000002,0.019,0.019100000000000002,0.0193,0.0199,0.0199,0.0198,0.019700000000000002,0.0195,0.019200000000000002,0.0198,0.0194,0.0195,0.019700000000000002,0.019700000000000002,0.0195,0.0198,0.019700000000000002,0.0195,0.02,0.0195,0.0198,0.0198,0.0198,0.0198,0.0198,0.0196,0.0201,0.019700000000000002,0.0198,0.019700000000000002,0.019200000000000002,0.02,0.019100000000000002,0.0199,0.0201,0.0195,0.0193,0.0196,0.0198,0.0198,0.0196,0.0201,0.019700000000000002,0.0196,0.02,0.0199,0.0199,0.019700000000000002,0.0196,0.019700000000000002,0.0198,0.0196,0.0196,0.0196,0.0196,0.0199,0.019700000000000002,0.0204,0.02,0.02,0.02,0.019700000000000002,0.019700000000000002,0.0201,0.020200000000000003,0.020300000000000002,0.0204,0.020300000000000002,0.020300000000000002,0.020200000000000003,0.020300000000000002,0.020300000000000002,0.020300000000000002,0.020300000000000002,0.020300000000000002,0.020300000000000002,0.020300000000000002,0.020300000000000002,0.020300000000000002,0.020200000000000003,0.020300000000000002,0.020300000000000002,0.020300000000000002,0.0204,0.020300000000000002,0.020200000000000003,0.02,0.0199,0.0199,0.0199,0.02,0.02,0.0198,0.0196,0.0196,0.0194,0.0195,0.0196,0.0196,0.0199,0.0196,0.0198,0.0193,0.019,0.019200000000000002,0.0195,0.0198,0.0198,0.0196,0.0195,0.0195,0.0193,0.019700000000000002,0.0198,0.0198,0.0199,0.02,0.02,0.02,0.0199,0.0198,0.019700000000000002,0.0198,0.0198,0.0198,0.0198,0.0201,0.0198,0.02,0.0195,0.0194
,0.0182,0.018500000000000003,0.0184,0.019100000000000002,0.0188,0.0194,0.0189,0.0193,0.0198,0.0196,0.02,0.0199,0.0199,0.020300000000000002,0.0194,0.0195,0.0194,0.0196,0.0196,0.0195,0.019700000000000002,0.019700000000000002,0.0195,0.0198,0.0198,0.0195,0.02,0.019700000000000002,0.0196,0.019700000000000002,0.0198,0.0195,0.0199,0.0196,0.0201,0.019700000000000002,0.019100000000000002,0.019200000000000002,0.019700000000000002,0.019,0.019700000000000002,0.019200000000000002,0.0194,0.0193,0.02,0.0196,0.0195,0.0198,0.0196,0.019700000000000002,0.0199,0.0199,0.0198,0.019700000000000002,0.0201,0.0198,0.0201,0.019700000000000002,0.020200000000000003,0.0195,0.019700000000000002,0.0199,0.0195,0.0198,0.0199,0.0199,0.020300000000000002,0.019700000000000002,0.0199,0.0199,0.0198,0.0195,0.020200000000000003,0.020300000000000002,0.0204,0.020300000000000002,0.0198,0.02,0.0199,0.019700000000000002,0.0194,0.0194,0.0196,0.0198,0.0198,0.02,0.0198,0.0199,0.0198,0.0196,0.0195,0.0195,0.0196,0.019700000000000002,0.0195,0.019700000000000002,0.0198,0.0199,0.02,0.02,0.02,0.0201,0.0199,0.019700000000000002,0.02,0.019700000000000002,0.019700000000000002,0.0198,0.0198,0.0199,0.0199,0.0199,0.02,0.0199,0.02,0.0196,0.0199,0.0199,0.0199,0.0199,0.0199,0.0196,0.019700000000000002,0.0195,0.0195,0.02,0.02,0.0199,0.0198,0.019700000000000002,0.0198,0.0198,0.0198,0.0198,0.02,0.02,0.02,0.0195,0.0194
,0.0187,0.0178,0.019100000000000002,0.019100000000000002,0.0188,0.019100000000000002,0.0193,0.0199,0.0196,0.0196,0.02,0.019200000000000002,0.019,0.019200000000000002,0.020200000000000003,0.020200000000000003,0.02,0.0196,0.0196,0.020200000000000003,0.0198,0.02,0.0199,0.0199,0.0198,0.02,0.0198,0.0196,0.0196,0.0196,0.0196,0.0195,0.0196,0.019100000000000002,0.0189,0.0199,0.0198,0.0199,0.0201,0.0201,0.019700000000000002,0.0198,0.0198,0.0199,0.020300000000000002,0.019700000000000002,0.0199,0.0198,0.0198,0.02,0.0199,0.0199,0.0198,0.019700000000000002,0.0195,0.02,0.0196,0.019700000000000002,0.020200000000000003,0.0195,0.019700000000000002,0.019700000000000002,0.0196,0.0199,0.019700000000000002,0.0204,0.020300000000000002,0.019700000000000002,0.0199,0.0199,0.0198,0.0195,0.0199,0.0195,0.0195,0.0199,0.0198,0.02,0.0199,0.019700000000000002,0.0194,0.0194,0.0196,0.0198,0.0198,0.02,0.0198,0.0199,0.0198,0.0196,0.0195,0.0195,0.0196,0.019700000000000002,0.0195,0.019700000000000002,0.0198,0.0199,0.02,0.02,0.02,0.0201,0.0199,0.019700000000000002,0.02,0.019700000000000002,0.019700000000000002,0.0198,0.0198,0.0199,0.0199,0.0199,0.02,0.0199,0.02,0.02,0.0199,0.0199,0.0199,0.0199,0.0199,0.0198,0.0198,0.0199,0.02,0.019100000000000002,0.019200000000000002,0.019700000000000002,0.0195,0.019700000000000002,0.0195,0.019200000000000002,0.0193,0.0199,0.02,0.02,0.0199,0.019700000000000002,0.0198
,0.0181,0.0182,0.019100000000000002,0.0187,0.0184,0.0194,0.0194,0.0193,0.0196,0.0195,0.0193,0.0193,0.0194,0.020300000000000002,0.020200000000000003,0.020200000000000003,0.02,0.0196,0.0198,0.019700000000000002,0.0195,0.0195,0.0199,0.0199,0.02,0.02,0.0198,0.0196,0.0196,0.0196,0.0196,0.0195,0.0196,0.02,0.0198,0.019100000000000002,0.0195,0.019700000000000002,0.0201,0.0201,0.019700000000000002,0.0198,0.0198,0.0199,0.020300000000000002,0.019700000000000002,0.0199,0.0198,0.02,0.019700000000000002,0.0198,0.0194,0.0196,0.0199,0.0195,0.02,0.0196,0.019700000000000002,0.019100000000000002,0.0193,0.0195,0.019700000000000002,0.0199,0.02,0.019700000000000002,0.0198,0.02,0.0198,0.0198,0.019700000000000002,0.0196,0.019700000000000002,0.0199,0.0195,0.0195,0.0199,0.0194,0.0196,0.019700000000000002,0.020200000000000003,0.02,0.0198,0.0196,0.0196,0.0199,0.019700000000000002,0.0199,0.0199,0.019700000000000002,0.0196,0.02,0.020200000000000003,0.0201,0.0199,0.0194,0.0196,0.0195,0.0195,0.0198,0.019700000000000002,0.0198,0.02,0.02,0.0199,0.0198,0.02,0.0199,0.0198,0.02,0.020300000000000002,0.020300000000000002,0.02,0.02,0.02,0.019700000000000002,0.02,0.0199,0.0198,0.0199,0.0199,0.0201,0.0201,0.0201,0.02,0.02,0.020200000000000003,0.0201,0.0201,0.02,0.02,0.0199,0.0198,0.0199,0.0194,0.02,0.02,0.0199,0.019700000000000002,0.0198
,0.0188,0.0187,0.0189,0.0189,0.0195,0.019200000000000002,0.0194,0.0196,0.0196,0.0195,0.0195,0.0198,0.0195,0.0195,0.0193,0.019700000000000002,0.0196,0.019700000000000002,0.0196,0.020200000000000003,0.0198,0.02,0.0196,0.0198,0.02,0.0194,0.0198,0.0199,0.0196,0.0195,0.0195,0.019,0.019100000000000002,0.02,0.0198,0.0199,0.0195,0.019700000000000002,0.0196,0.0198,0.0201,0.019700000000000002,0.0195,0.020200000000000003,0.0198,0.019700000000000002,0.020200000000000003,0.0199,0.0199,0.0194,0.019700000000000002,0.0196,0.0196,0.0201,0.019,0.0193,0.0194,0.0193,0.02,0.0199,0.020200000000000003,0.019700000000000002,0.0196,0.0199,0.019700000000000002,0.0199,0.0201,0.0198,0.0201,0.02,0.0198,0.019700000000000002,0.0199,0.020200000000000003,0.0201,0.019700000000000002,0.0196,0.0201,0.020300000000000002,0.019700000000000002,0.0196,0.0194,0.0196,0.020200000000000003,0.020300000000000002,0.0199,0.0195,0.0195,0.0195,0.0198,0.0198,0.019700000000000002,0.02,0.0199,0.0199,0.0198,0.0199,0.0198,0.0198,0.019700000000000002,0.0198,0.02,0.02,0.0199,0.0198,0.02,0.0199,0.0198,0.02,0.020300000000000002,0.020300000000000002,0.02,0.02,0.02,0.019700000000000002,0.019700000000000002,0.0199,0.0198,0.0199,0.0199,0.0201,0.0201,0.0201,0.02,0.02,0.020200000000000003,0.0201,0.0201,0.02,0.02,0.0199,0.0198,0.0199,0.0199,0.0198,0.0195,0.02,0.02,0.0199
,0.016900000000000002,0.0187,0.019,0.0188,0.0195,0.019200000000000002,0.0187,0.0196,0.0188,0.0188,0.019700000000000002,0.0196,0.019700000000000002,0.020300000000000002,0.0198,0.019200000000000002,0.019200000000000002,0.0196,0.0198,0.0189,0.019,0.019200000000000002,0.019,0.019200000000000002,0.0194,0.0193,0.0189,0.019100000000000002,0.0188,0.019100000000000002,0.0196,0.0194,0.020200000000000003,0.0195,0.0198,0.0198,0.0196,0.019200000000000002,0.0196,0.0196,0.0196,0.0194,0.0198,0.0198,0.0196,0.0195,0.0194,0.0195,0.02,0.0196,0.0196,0.0196,0.0196,0.0201,0.020300000000000002,0.0204,0.0204,0.02,0.0195,0.0194,0.02,0.0195,0.0196,0.0199,0.019700000000000002,0.0199,0.0199,0.0196,0.0198,0.0199,0.0198,0.0195,0.0198,0.0196,0.0196,0.0195,0.019700000000000002,0.0198,0.019700000000000002,0.019700000000000002,0.0196,0.0194,0.0196,0.020200000000000003,0.020300000000000002,0.0199,0.0195,0.0195,0.0195,0.0196,0.02,0.020200000000000003,0.0201,0.0199,0.0194,0.0196,0.0195,0.0195,0.019700000000000002,0.02,0.0199,0.0198,0.0198,0.0198,0.02,0.0199,0.0199,0.0201,0.0199,0.0198,0.0198,0.0198,0.0199,0.0199,0.019700000000000002,0.019700000000000002,0.0198,0.02,0.02,0.0198,0.02,0.0198,0.019700000000000002,0.0196,0.019700000000000002,0.0196,0.019700000000000002,0.0198,0.0199,0.0198,0.019700000000000002,0.0198,0.0201,0.020200000000000003,0.02,0.02,0.0196,0.02,0.0199
,0.0178,0.018500000000000003,0.019,0.0188,0.019200000000000002,0.019200000000000002,0.0193,0.0189,0.019100000000000002,0.0195,0.0195,0.020200000000000003,0.0193,0.0193,0.019200000000000002,0.0196,0.02,0.019,0.0194,0.0204,0.0198,0.019700000000000002,0.0201,0.0198,0.0188,0.02,0.0199,0.020300000000000002,0.0198,0.0196,0.0198,0.0198,0.0196,0.0195,0.0194,0.019700000000000002,0.019700000000000002,0.019100000000000002,0.0193,0.0194,0.019100000000000002,0.0194,0.019700000000000002,0.019700000000000002,0.0194,0.0195,0.019700000000000002,0.0195,0.0189,0.0204,0.019700000000000002,0.0193,0.019100000000000002,0.0193,0.02,0.0198,0.02,0.0195,0.0176,0.017400000000000002,0.0177,0.0205,0.0193,0.019200000000000002,0.020200000000000003,0.020200000000000003,0.0199,0.0196,0.0198,0.0199,0.0198,0.0195,0.0199,0.020200000000000003,0.019700000000000002,0.0194,0.019700000000000002,0.0201,0.020300000000000002,0.0196,0.019700000000000002,0.0198,0.0198,0.0199,0.0199,0.0198,0.0199,0.020200000000000003,0.0199,0.020200000000000003,0.02,0.0199,0.020200000000000003,0.0204,0.0201,0.0198,0.0199,0.020300000000000002,0.02,0.02,0.0199,0.019700000000000002,0.0199,0.02,0.0198,0.0198,0.0196,0.0196,0.0196,0.019700000000000002,0.0198,0.02,0.02,0.02,0.02,0.0198,0.02,0.020200000000000003,0.020300000000000002,0.0199,0.0199,0.019700000000000002,0.019700000000000002,0.0196,0.0196,0.019700000000000002,0.0199,0.0201,0.02,0.0201,0.0204,0.0204,0.020200000000000003,0.020300000000000002,0.020300000000000002,0.0201,0.02,0.0195,0.0194
,0.0178,0.0188,0.019100000000000002,0.018500000000000003,0.019,0.018500000000000003,0.0193,0.0193,0.019,0.019,0.0201,0.020200000000000003,0.0198,0.0196,0.0198,0.0196,0.02,0.0199,0.0198,0.0204,0.0198,0.019700000000000002,0.0201,0.0198,0.02,0.02,0.0199,0.020300000000000002,0.0198,0.0196,0.0198,0.0198,0.020200000000000003,0.020300000000000002,0.0201,0.019,0.0194,0.019100000000000002,0.0193,0.0194,0.019100000000000002,0.0194,0.019700000000000002,0.019700000000000002,0.0194,0.0195,0.019700000000000002,0.0195,0.0198,0.0196,0.02,0.0198,0.020300000000000002,0.020300000000000002,0.018600000000000002,0.0183,0.0183,0.0179,0.0194,0.0198,0.0199,0.02,0.0206,0.0205,0.019100000000000002,0.0194,0.0201,0.0201,0.020300000000000002,0.0199,0.0199,0.0196,0.0199,0.020200000000000003,0.019700000000000002,0.0194,0.0198,0.02,0.0196,0.0199,0.0199,0.0198,0.0199,0.0198,0.0201,0.0201,0.020200000000000003,0.02,0.0196,0.0199,0.0196,0.019700000000000002,0.0199,0.0199,0.019700000000000002,0.019700000000000002,0.019700000000000002,0.0196,0.0198,0.0199,0.02,0.0198,0.0196,0.0199,0.0196,0.0199,0.0199,0.0199,0.0198,0.0199,0.0201,0.020200000000000003,0.020200000000000003,0.020200000000000003,0.0201,0.02,0.02,0.0199,0.02,0.02,0.0201,0.02,0.0201,0.020200000000000003,0.0205,0.0201,0.0199,0.0196,0.0196,0.0196,0.0198,0.0201,0.020200000000000003,0.02,0.0199,0.019700000000000002,0.0201,0.0201,0.02
,0.017,0.018500000000000003,0.018000000000000002,0.019100000000000002,0.019,0.019,0.019,0.0195,0.019200000000000002,0.0195,0.0201,0.0193,0.019700000000000002,0.020300000000000002,0.02,0.0199,0.019700000000000002,0.0199,0.0198,0.0201,0.019700000000000002,0.0201,0.02,0.0194,0.02,0.0193,0.0194,0.0195,0.0193,0.0196,0.0194,0.0193,0.019700000000000002,0.0193,0.0195,0.019,0.0194,0.019700000000000002,0.0205,0.020200000000000003,0.0204,0.0204,0.0201,0.0195,0.0195,0.0201,0.0193,0.0198,0.0205,0.0196,0.0198,0.0196,0.0194,0.0201,0.0196,0.0195,0.0198,0.0193,0.0194,0.0198,0.0199,0.017400000000000002,0.0198,0.0198,0.0199,0.02,0.0194,0.019100000000000002,0.02,0.0201,0.020200000000000003,0.020200000000000003,0.0195,0.0199,0.020300000000000002,0.0201,0.014,0.013800000000000002,0.0134,0.0131,0.0128,0.012400000000000001,0.012400000000000001,0.0122,0.0122,0.0118,0.011600000000000001,0.011300000000000001,0.0109,0.0106,0.010400000000000001,0.0102,0.01,0.0098,0.0094,0.0092,0.0091,0.008700000000000001,0.0086,0.008400000000000001,0.020200000000000003,0.0205,0.0201,0.020200000000000003,0.0201,0.02,0.0199,0.0198,0.019700000000000002,0.019700000000000002,0.019700000000000002,0.019700000000000002,0.0198,0.0199,0.02,0.020200000000000003,0.0199,0.02,0.020200000000000003,0.0204,0.020300000000000002,0.020300000000000002,0.020300000000000002,0.0201,0.0199,0.0198,0.0199,0.02,0.02,0.02,0.0199,0.019700000000000002,0.02,0.0201,0.0201,0.020200000000000003,0.02,0.0199,0.019700000000000002
,0.0165,0.0188,0.0193,0.019100000000000002,0.019,0.019200000000000002,0.0193,0.019,0.019200000000000002,0.0195,0.019,0.019,0.019,0.0196,0.02,0.0198,0.02,0.0198,0.02,0.0199,0.0201,0.0193,0.019200000000000002,0.0198,0.0194,0.020200000000000003,0.0201,0.0201,0.020200000000000003,0.020300000000000002,0.0199,0.0204,0.0199,0.0194,0.0195,0.0204,0.0205,0.0195,0.0194,0.019200000000000002,0.0193,0.0194,0.0193,0.0201,0.020300000000000002,0.0193,0.0204,0.0198,0.0198,0.0189,0.019,0.0188,0.018500000000000003,0.019,0.0196,0.0195,0.0198,0.0193,0.0211,0.0211,0.021400000000000002,0.0196,0.017,0.0167,0.016800000000000002,0.0167,0.0196,0.019700000000000002,0.0194,0.019200000000000002,0.019700000000000002,0.0195,0.0204,0.0204,0.014700000000000001,0.0143,0.0201,0.0201,0.02,0.0201,0.02,0.02,0.020200000000000003,0.0204,0.0204,0.020200000000000003,0.02,0.02,0.02,0.020200000000000003,0.020200000000000003,0.0201,0.020300000000000002,0.020200000000000003,0.020200000000000003,0.02,0.0201,0.0198,0.0199,0.0199,0.0083,0.0079,0.0077,0.0077,0.007200000000000001,0.0071,0.006900000000000001,0.0068000000000000005,0.0064,0.006200000000000001,0.0061,0.0059,0.0057,0.0055000000000000005,0.0053,0.02,0.0198,0.0196,0.0196,0.019700000000000002,0.0196,0.0196,0.0196,0.0198,0.0199,0.0199,0.019700000000000002,0.0198,0.0198,0.0198,0.0198,0.0198,0.019700000000000002,0.019700000000000002,0.0204,0.0206,0.020300000000000002,0.0204,0.02
,0.019200000000000002,0.0194,0.0193,0.020900000000000002,0.018600000000000002,0.0193,0.019,0.019200000000000002,0.0193,0.019200000000000002,0.019100000000000002,0.019100000000000002,0.019100000000000002,0.019200000000000002,0.019,0.0193,0.019200000000000002,0.02,0.0198,0.019100000000000002,0.019100000000000002,0.020200000000000003,0.0199,0.0201,0.0204,0.020200000000000003,0.019,0.019,0.0189,0.0188,0.019100000000000002,0.019200000000000002,0.0193,0.0193,0.0195,0.0195,0.0195,0.0195,0.0195,0.0196,0.019700000000000002,0.0196,0.0198,0.0199,0.019700000000000002,0.019700000000000002,0.0198,0.0198,0.0195,0.0198,0.019200000000000002,0.02,0.019700000000000002,0.019700000000000002,0.02,0.02,0.0198,0.020800000000000003,0.0172,0.017400000000000002,0.0178,0.0196,0.0194,0.0196,0.0196,0.0196,0.0162,0.0159,0.0162,0.015700000000000002,0.0154,0.0149,0.014700000000000001,0.0146,0.0201,0.02,0.0193,0.0195,0.019700000000000002,0.0194,0.019100000000000002,0.0196,0.0194,0.019200000000000002,0.0194,0.0194,0.0195,0.0195,0.0196,0.0196,0.0195,0.0193,0.019200000000000002,0.0193,0.0194,0.0195,0.0194,0.0194,0.0196,0.0196,0.0195,0.0196,0.0194,0.0196,0.0198,0.019700000000000002,0.02,0.0199,0.0195,0.0195,0.0196,0.019700000000000002,0.019700000000000002,0.0196,0.0196,0.0051,0.0198,0.0199,0.0201,0.0201,0.02,0.0198,0.0198,0.0198,0.0199,0.0196,0.019700000000000002,0.0196,0.0198,0.0201,0.020200000000000003,0.0199,0.0199,0.019700000000000002,0.019700000000000002,0.0194,0.020300000000000002,0.020300000000000002,0.0204
,0.019200000000000002,0.0178,0.0178,0.0201,0.019100000000000002,0.0193,0.0188,0.0195,0.0196,0.0199,0.0193,0.0194,0.0193,0.0193,0.0188,0.0189,0.0193,0.019200000000000002,0.0188,0.019200000000000002,0.0187,0.0188,0.0189,0.019,0.020300000000000002,0.019,0.0199,0.0198,0.02,0.0201,0.02,0.019100000000000002,0.0193,0.0199,0.02,0.020300000000000002,0.0198,0.0195,0.0195,0.0196,0.019700000000000002,0.0196,0.0198,0.0199,0.019700000000000002,0.019700000000000002,0.0198,0.02,0.0189,0.0198,0.019200000000000002,0.02,0.019700000000000002,0.019700000000000002,0.0167,0.016800000000000002,0.016800000000000002,0.017,0.0076,0.0077,0.0076,0.0206,0.0194,0.0196,0.0196,0.0196,0.0194,0.0194,0.019700000000000002,0.020200000000000003,0.0201,0.0201,0.019100000000000002,0.0194,0.0194,0.0194,0.0198,0.0196,0.0196,0.0196,0.0196,0.019700000000000002,0.0199,0.0198,0.0199,0.0199,0.0198,0.0198,0.019700000000000002,0.0198,0.0199,0.0199,0.019700000000000002,0.0196,0.0196,0.019700000000000002,0.0196,0.0196,0.0196,0.0195,0.0195,0.0195,0.0195,0.0196,0.0196,0.0196,0.0195,0.0195,0.0195,0.0195,0.0196,0.0196,0.0196,0.019700000000000002,0.0196,0.0196,0.0198,0.0199,0.0201,0.0201,0.02,0.0198,0.0198,0.0198,0.0199,0.0196,0.019700000000000002,0.0196,0.0198,0.0201,0.020200000000000003,0.0199,0.0199,0.019700000000000002,0.0198,0.019700000000000002,0.019200000000000002,0.019100000000000002,0.0193
,0.016800000000000002,0.0194,0.0119,0.017,0.019100000000000002,0.0188,0.0188,0.019700000000000002,0.019200000000000002,0.019200000000000002,0.019200000000000002,0.0194,0.0193,0.0196,0.019700000000000002,0.019700000000000002,0.0196,0.0195,0.0193,0.019700000000000002,0.0198,0.019700000000000002,0.0193,0.019200000000000002,0.019,0.0193,0.019,0.0195,0.0194,0.0194,0.019200000000000002,0.019100000000000002,0.0193,0.0201,0.0198,0.019700000000000002,0.0198,0.0196,0.0201,0.02,0.02,0.020300000000000002,0.0198,0.0196,0.0199,0.0196,0.0196,0.0193,0.0198,0.0199,0.020200000000000003,0.0201,0.02,0.02,0.007200000000000001,0.0074,0.007500000000000001,0.007500000000000001,0.0076,0.0077,0.0076,0.0181,0.020800000000000003,0.0205,0.0199,0.0201,0.0194,0.0194,0.019700000000000002,0.020200000000000003,0.0201,0.0201,0.0201,0.0199,0.020200000000000003,0.0199,0.0198,0.0196,0.0196,0.0196,0.0196,0.019700000000000002,0.0199,0.0198,0.0199,0.0199,0.0198,0.0198,0.019700000000000002,0.0198,0.0199,0.0199,0.019700000000000002,0.0196,0.0196,0.019700000000000002,0.0196,0.0196,0.0196,0.0195,0.0195,0.0195,0.0195,0.0196,0.0196,0.0196,0.0195,0.0195,0.0195,0.0195,0.0196,0.0196,0.0196,0.019700000000000002,0.0196,0.0196,0.0201,0.0198,0.0199,0.0198,0.02,0.0198,0.019700000000000002,0.020200000000000003,0.020200000000000003,0.0198,0.0198,0.0199,0.02,0.0198,0.0196,0.019700000000000002,0.0201,0.02,0.0198,0.019700000000000002,0.0198,0.020200000000000003,0.020300000000000002
,0.020300000000000002,0.018500000000000003,0.015300000000000001,0.0131,0.02,0.019,0.0193,0.0194,0.019200000000000002,0.019100000000000002,0.019200000000000002,0.0193,0.0188,0.0196,0.019700000000000002,0.019700000000000002,0.0196,0.0195,0.0195,0.019700000000000002,0.0198,0.019700000000000002,0.0199,0.0199,0.0194,0.0193,0.019,0.0195,0.0194,0.0194,0.019200000000000002,0.0199,0.0201,0.0201,0.0198,0.019700000000000002,0.0205,0.0193,0.0199,0.019700000000000002,0.019700000000000002,0.0196,0.019700000000000002,0.0201,0.019200000000000002,0.019200000000000002,0.0189,0.0193,0.0198,0.015600000000000001,0.015600000000000001,0.0161,0.0164,0.0165,0.0066,0.0074,0.007500000000000001,0.007500000000000001,0.006,0.006,0.006,0.008,0.0182,0.0184,0.018600000000000002,0.0188,0.0199,0.0196,0.0194,0.0195,0.019700000000000002,0.0196,0.0201,0.0199,0.020200000000000003,0.0199,0.020200000000000003,0.0207,0.0207,0.020900000000000002,0.020900000000000002,0.0206,0.0211,0.0212,0.021400000000000002,0.020800000000000003,0.020200000000000003,0.0205,0.020300000000000002,0.0201,0.02,0.0198,0.0201,0.0201,0.0201,0.0199,0.0199,0.0199,0.02,0.0199,0.0199,0.020200000000000003,0.0201,0.020200000000000003,0.019700000000000002,0.0201,0.020200000000000003,0.02,0.02,0.0198,0.0198,0.02,0.02,0.0196,0.0198,0.0196,0.0173,0.0176,0.018000000000000002,0.0179,0.0179,0.0178,0.0178,0.0178,0.018000000000000002,0.018500000000000003,0.018500000000000003,0.0187,0.0187,0.018500000000000003,0.0187,0.0187,0.019100000000000002,0.019200000000000002,0.0196,0.0199,0.0198,0.020200000000000003,0.020300000000000002
,0.020300000000000002,0.018000000000000002,,0.0131,0.019,0.019,0.0193,0.0196,0.019200000000000002,0.019200000000000002,0.019200000000000002,0.02,0.0196,0.0188,0.019,0.0188,0.019100000000000002,0.0195,0.0195,0.019100000000000002,0.018600000000000002,0.0193,0.0193,0.019200000000000002,0.0194,0.0199,0.019700000000000002,0.0195,0.0196,0.0198,0.019700000000000002,0.019700000000000002,0.02,0.019700000000000002,0.0198,0.0195,0.0198,0.018600000000000002,0.019100000000000002,0.019,0.019200000000000002,0.0189,0.019200000000000002,0.019,0.0198,0.0195,0.0196,0.0193,0.02,0.0067,0.0068000000000000005,0.007,0.006900000000000001,0.0071,0.007200000000000001,0.0063,0.006200000000000001,0.0061,,,,0.008,0.008,0.008,0.008,0.0082,0.0187,0.0193,0.0194,0.019200000000000002,0.019100000000000002,0.0189,0.02,0.020200000000000003,0.0204,0.020300000000000002,0.0179,0.0179,0.018000000000000002,0.018000000000000002,0.0178,0.0175,0.017400000000000002,0.0172,0.0172,0.0171,0.016900000000000002,0.016900000000000002,0.0167,0.0166,0.0165,0.0165,0.0165,0.0165,0.016800000000000002,0.016900000000000002,0.017,0.016800000000000002,0.016800000000000002,0.0171,0.016900000000000002,0.016800000000000002,0.0166,0.016800000000000002,0.016900000000000002,0.016800000000000002,0.016800000000000002,0.0172,0.017400000000000002,0.017400000000000002,0.0175,0.0175,0.0176,0.0173,0.017400000000000002,0.020200000000000003,0.0123,0.0122,0.0119,0.0119,0.0126,0.012700000000000001,0.0132,0.013300000000000001,0.0135,0.014,0.0145,0.0145,0.0149,0.0152,0.0154,0.0158,0.016,0.0161,0.019,0.019,0.0198,0.02,0.019700000000000002
,0.020200000000000003,,,,0.0181,0.0194,0.0199,0.0194,0.019200000000000002,0.019100000000000002,0.020200000000000003,0.019100000000000002,0.0188,0.0188,0.019,0.0188,0.019100000000000002,0.019100000000000002,0.019,0.019100000000000002,0.018600000000000002,0.0193,0.0199,0.0199,0.0195,0.0199,0.019700000000000002,0.0195,0.0196,0.0198,0.019700000000000002,0.019700000000000002,0.02,0.018500000000000003,0.0187,0.0187,0.019,0.019,0.0189,0.0194,0.0195,0.019100000000000002,0.0196,0.0195,0.02,0.0195,0.0196,0.020300000000000002,0.0154,0.0074,0.007200000000000001,0.007,0.006900000000000001,0.0066,,,,,,,,0.0058000000000000005,0.008,0.008,0.008,0.0082,0.0083,0.0083,0.0082,0.008400000000000001,0.0083,0.0083,0.0189,0.018500000000000003,0.0184,0.0182,0.0082,0.0082,0.009600000000000001,0.01,0.0102,0.0103,0.0105,0.010400000000000001,0.0105,0.0108,0.0109,0.011000000000000001,0.011300000000000001,0.011300000000000001,0.0112,0.0114,0.011600000000000001,0.0118,0.0119,0.012,0.0119,0.0119,0.012100000000000001,0.0119,0.0119,0.012,0.0122,0.0122,0.012100000000000001,0.0122,0.0122,0.0122,0.0123,0.012100000000000001,0.012,0.0119,0.0119,0.0119,0.012,0.0175,0.0109,0.011300000000000001,0.0117,0.012,0.0119,0.012,0.012,0.012,0.012,0.012,0.0119,0.0119,0.0118,0.0118,0.0117,0.0117,0.011600000000000001,0.011600000000000001,0.0162,0.0167,0.019200000000000002,0.0194,0.019700000000000002
,0.018000000000000002,,,,0.0181,0.019200000000000002,0.0199,0.0195,0.019200000000000002,0.019100000000000002,0.0188,0.019200000000000002,0.020200000000000003,0.0198,0.0195,0.0188,0.0193,0.019100000000000002,0.019,0.0193,0.019100000000000002,0.0194,0.0193,0.0195,0.0195,0.019700000000000002,0.019700000000000002,0.0196,0.020200000000000003,0.019700000000000002,0.019700000000000002,0.019700000000000002,0.0199,0.0195,0.0195,0.0194,0.0193,0.019,0.0189,0.0194,0.0195,0.019100000000000002,0.0196,0.0195,0.0198,0.0201,0.0199,0.015300000000000001,0.006500000000000001,0.0067,0.0068000000000000005,0.007,0.006900000000000001,0.0071,,,,,,,,,0.0056,0.0053,0.0056,0.0059,0.0083,0.0083,0.0082,0.008400000000000001,0.0083,0.0083,0.0083,0.0082,0.0081,0.0082,0.0091,0.009300000000000001,0.009600000000000001,0.01,0.0102,0.0103,0.0105,0.010400000000000001,0.0105,0.0108,0.0109,0.011000000000000001,0.011300000000000001,0.011300000000000001,0.0112,0.0114,0.011600000000000001,0.0118,0.0119,0.012,0.0119,0.0119,0.012100000000000001,0.0119,0.0119,0.012,0.0122,0.0122,0.012100000000000001,0.0122,0.0122,0.0122,0.0123,0.012100000000000001,0.012,0.0119,0.0119,0.0119,0.012,0.012100000000000001,0.0123,0.0122,0.0119,0.0119,0.0119,0.012,0.012,0.012,0.012,0.012,0.0119,0.0119,0.0118,0.0118,0.0117,0.0117,0.011600000000000001,0.011600000000000001,0.0114,0.0112,0.016900000000000002,0.0171,0.0173
,0.0217,,,,0.0151,0.0199,0.0109,0.0195,0.0135,0.013800000000000002,0.0194,0.019100000000000002,0.019200000000000002,0.019700000000000002,0.0193,0.0195,0.0193,0.0178,0.0195,0.0193,0.019100000000000002,0.0194,0.0193,0.0195,0.019200000000000002,0.019700000000000002,0.019700000000000002,0.0196,0.0195,0.0181,0.0181,0.0182,0.018500000000000003,0.0195,0.0195,0.0194,0.0193,0.0135,0.0135,0.0137,0.014,0.0142,0.014400000000000001,0.0149,0.0148,0.0149,0.0151,0.0064,0.007500000000000001,,,,,,,,,,,,,,,0.0055000000000000005,0.0054,0.0053,0.006200000000000001,0.006900000000000001,0.0071,0.007500000000000001,0.0077,0.0077,0.0082,0.0085,0.008700000000000001,0.0089,0.0082,0.0082,0.0081,0.0078000000000000005,0.008,0.0079,0.0078000000000000005,0.0078000000000000005,0.0077,0.0077,0.0076,0.007500000000000001,0.007500000000000001,0.007500000000000001,0.0076,0.007500000000000001,0.007500000000000001,0.0074,0.0073,0.0073,0.007200000000000001,0.0071,0.0071,0.0071,0.0071,0.007200000000000001,0.0071,0.0071,0.0071,0.0071,0.0071,0.0071,0.0079,0.0085,0.0085,0.0088,0.0095,0.0099,0.01,0.012100000000000001,0.0071,0.007200000000000001,0.0074,0.007500000000000001,0.007500000000000001,0.007500000000000001,0.007500000000000001,0.007500000000000001,0.0076,0.0076,0.0076,0.0077,0.0078000000000000005,0.008,0.0081,0.0081,0.0082,0.0085,0.0114,0.0112,0.0112,0.011000000000000001,0.0109
,0.018000000000000002,,,,0.0057,0.0199,0.010700000000000001,0.012,0.0135,0.013800000000000002,0.0188,0.019200000000000002,0.0193,0.0194,0.0193,0.0195,0.0184,0.019,0.0195,0.016300000000000002,0.0159,0.0151,0.015300000000000001,0.0145,0.019200000000000002,0.0201,0.0206,0.0206,0.020200000000000003,0.0205,0.02,0.02,0.019700000000000002,0.0151,0.015000000000000001,0.0149,0.014100000000000001,0.0132,0.0134,0.012100000000000001,0.0119,0.0109,0.01,0.0091,0.0082,0.007200000000000001,0.006200000000000001,0.0076,0.006500000000000001,,,,,,,,,,,,,,,0.0053,0.0056,0.0059,0.005200000000000001,0.006900000000000001,0.0071,0.007500000000000001,0.0077,0.0077,0.0083,0.0082,0.0081,0.0082,0.0091,0.009300000000000001,0.0081,0.0078000000000000005,0.008,0.0079,0.0078000000000000005,0.0078000000000000005,0.0077,0.0077,0.0076,0.007500000000000001,0.007500000000000001,0.007500000000000001,0.0076,0.007500000000000001,0.007500000000000001,0.0074,0.0073,0.0073,0.007200000000000001,0.0071,0.0071,0.0071,0.0071,0.007200000000000001,0.0071,0.0071,0.0064,0.0068000000000000005,0.0073,0.007500000000000001,0.0071,0.0071,0.0071,0.0071,0.0071,0.0071,0.0071,0.010400000000000001,0.0071,0.007200000000000001,0.0074,0.007500000000000001,0.007500000000000001,0.007500000000000001,0.007500000000000001,0.007500000000000001,0.0076,0.0076,0.0076,0.0066,0.006900000000000001,0.008,0.0081,0.0081,0.0082,0.0082,0.0086,0.008700000000000001,0.0112,0.011000000000000001,0.0109
,0.018000000000000002,,,,0.0057,0.0128,0.0109,0.012,0.007200000000000001,0.0056,0.0195,0.019200000000000002,0.0193,0.0193,0.0193,0.0195,0.0194,0.0196,0.0171,0.0194,0.0198,0.0195,0.0205,0.0207,0.0137,0.0184,0.019100000000000002,0.0194,0.0179,0.0205,0.02,0.02,0.019700000000000002,0.0151,0.015000000000000001,0.0149,0.014100000000000001,0.0135,0.0135,0.012100000000000001,0.0119,0.0109,0.01,0.0085,0.0082,0.0079,0.0077,0.0064,,,,,,,,,,,,,,,,,,,0.006200000000000001,,,,,,0.0082,0.0085,0.008700000000000001,0.0089,,,,,,,,,,,,,,,,,,,,,,,,,,0.0053,0.0058000000000000005,0.006,0.0071,0.0071,0.0071,0.0071,0.0071,0.0071,0.0071,0.0071,0.0071,0.0071,0.0071,0.0071,,,,,,0.005,0.0054,0.0056,0.0058000000000000005,0.006200000000000001,0.006200000000000001,0.0077,0.0078000000000000005,0.0071,0.007500000000000001,0.0077,0.0077,0.0085,0.0083,0.008700000000000001,0.0088,0.0089,0.009000000000000001
,0.0217,,,,,0.008700000000000001,,0.0088,,,0.0195,0.0143,0.014100000000000001,0.0193,0.0193,0.0196,0.0196,0.019,0.0196,0.0201,0.019,0.0176,0.0175,0.0188,0.0206,0.0123,0.011300000000000001,0.0103,0.0094,0.008400000000000001,0.0073,0.0068000000000000005,0.0149,0.005200000000000001,0.0125,0.012700000000000001,0.0132,0.010100000000000001,0.0098,0.0091,0.0089,0.009000000000000001,0.0088,0.0091,0.0082,0.007200000000000001,0.006200000000000001,0.0055000000000000005,,,,,,,,,,,,,,,,,,,,,,,,,,,,,,,,,,,,,,,,,,,,,,,,,,,,,,,,,,,,,,,,,,,,0.0071,,,,,,0.005,0.0054,0.0056,0.0058000000000000005,0.006200000000000001,0.006200000000000001,0.0066,0.006900000000000001,0.0071,0.007500000000000001,0.0077,0.0077,0.0082,0.0086,0.008700000000000001,0.009000000000000001,0.0091,0.0092
,0.0129,,,,,0.008700000000000001,,,,,0.013800000000000002,0.0143,0.014100000000000001,0.013800000000000002,0.013900000000000001,0.014,0.013800000000000002,0.0194,0.0206,0.014400000000000001,0.0155,0.0165,0.015600000000000001,0.016800000000000002,0.0198,0.0195,0.019100000000000002,0.0182,0.0173,0.0165,0.015000000000000001,0.0149,0.0149,0.0122,0.0106,0.010400000000000001,0.010400000000000001,0.0074,0.0063,0.0055000000000000005,0.0055000000000000005,0.0055000000000000005,0.0056,0.0057,0.0057,0.0058000000000000005,0.006200000000000001,0.0055000000000000005,,,,,,,,,,,,,,,,,,,,,,,,,,,,,,,,,,,,,,,,,,,,,,,,,,,,,,,,,,,,,,,,,,,,,,,,,,,,,,,,,,,,,,,0.0083,0.008700000000000001,0.0088,0.0089,0.009000000000000001
,,,,,,,,,,,0.013800000000000002,0.008,0.009300000000000001,0.013800000000000002,0.013900000000000001,0.014,0.013800000000000002,0.0137,0.0135,0.0125,0.0137,0.0146,0.0155,0.013600000000000001,0.0178,0.014,0.0143,0.0146,0.0148,0.0151,0.0151,0.0143,0.0061,0.0111,0.010700000000000001,0.0098,0.0086,0.005,0.0053,0.0054,0.0055000000000000005,0.0055000000000000005,0.0056,0.0057,0.0057,0.0058000000000000005,0.006200000000000001,,,,,,,,,,,,,,,,,,,,,,,,,,,,,,,,,,,,,,,,,,,,,,,,,,,,,,,,,,,,,,,,,,,,,,,,,,,,,,,,,,,,,,,,,,0.009000000000000001,0.0091,0.0092
,,,,,,,,,,,0.0063,,,0.010400000000000001,0.011300000000000001,0.0119,0.012100000000000001,0.012700000000000001,0.0131,0.013600000000000001,0.013600000000000001,0.0134,0.0134,0.013900000000000001,0.014,0.014,0.0143,0.0146,0.0148,0.0151,0.015000000000000001,0.0149,0.0134,0.012100000000000001,,,,0.005,0.0053,0.0055000000000000005,,,,,,,,,,,,,,,,,,,,,,,,,,,,,,,,,,,,,,,,,,,,,,,,,,,,,,,,,,,,,,,,,,,,,,,,,,,,,,,,,,,,,,,,,,,,,,,,,,,
,,,,,,,,,,,,,,0.0058000000000000005,0.0073,0.0089,0.01,0.0137,0.0126,0.012700000000000001,0.013600000000000001,0.0134,0.0134,0.013600000000000001,0.014,0.012100000000000001,0.012400000000000001,0.012400000000000001,0.012100000000000001,0.0119,0.0119,0.0117,0.0114,,,,,,,,,,,,,,,,,,,,,,,,,,,,,,,,,,,,,,,,,,,,,,,,,,,,,,,,,,,,,,,,,,,,,,,,,,,,,,,,,,,,,,,,,,,,,,,,,,,,,,,,,,
,,,,,,,,,,,,,,,0.0061,0.007500000000000001,0.0086,0.0118,0.0135,0.013600000000000001,0.012100000000000001,0.011600000000000001,0.0117,0.0119,0.0119,0.0095,0.008700000000000001,0.0088,0.0094,0.0102,0.0106,0.010700000000000001,0.011600000000000001,,,,,,,,,,,,,,,,,,,,,,,,,,,,,,,,,,,,,,,,,,,,,,,,,,,,,,,,,,,,,,,,,,,,,,,,,,,,,,,,,,,,,,,,,,,,,,,,,,,,,,,,,,
,,,,,,,,,,,,,,,0.0054,0.0064,0.0076,0.0102,0.011300000000000001,0.0103,0.0108,0.0118,0.0115,0.010700000000000001,0.0123,0.0108,0.0092,0.008,0.007200000000000001,0.0064,0.0055000000000000005,,,,,,,,,,,,,,,,,,,,,,,,,,,,,,,,,,,,,,,,,,,,,,,,,,,,,,,,,,,,,,,,,,,,,,,,,,,,,,,,,,,,,,,,,,,,,,,,,,,,,,,,,,,,
,,,,,,,,,,,,,,,,,,0.0089,0.0095,,,,,,0.0103,0.007,0.0076,0.007500000000000001,0.0061,,,,,,,,,,,,,,,,,,,,,,,,,,,,,,,,,,,,,,,,,,,,,,,,,,,,,,,,,,,,,,,,,,,,,,,,,,,,,,,,,,,,,,,,,,,,,,,,,,,,,,,,,,,,,,
,,,,,,,,,,,,,,,,,,,,,,,,,0.006,,,,,,,,,,,,,,,,,,,,,,,,,,,,,,,,,,,,,,,,,,,,,,,,,,,,,,,,,,,,,,,,,,,,,,,,,,,,,,,,,,,,,,,,,,,,,,,,,,,,,,,,,,,,,,,,,,
