r,tau,v
0.0,0.1,0.0
0.01,0.1,0.006748996808940248
0.02,0.1,0.013495368996341246
0.03,0.1,0.02023597498017694
0.04,0.1,0.02696782184166295
0.05,0.1,0.03368793971819053
0.06,0.1,0.04039336655436832
0.07,0.1,0.04708114425932966
0.08,0.1,0.053748317649334826
0.09,0.1,0.060391934310142205
0.1,0.1,0.0670090448113094
0.11,0.1,0.07359670306670639
0.12,0.1,0.08015196675989127
0.13,0.1,0.08667189780148124
0.14,0.1,0.09315356280607018
0.15,0.1,0.09959403358517852
0.16,0.1,0.10599038765670847
0.17,0.1,0.11233970877307745
0.18,0.1,0.11863908747085951
0.19,0.1,0.12488562164497038
0.2,0.1,0.13107641715040422
0.21,0.1,0.13720858843443984
0.22,0.1,0.14327925920212706
0.23,0.1,0.1492855631177614
0.24,0.1,0.15522464454496532
0.25,0.1,0.16109365932793981
0.26,0.1,0.16688977561640658
0.27,0.1,0.17261017473670917
0.28,0.1,0.17825205211155953
0.29,0.1,0.18381261823089146
0.3,0.1,0.18928909967629826
0.31,0.1,0.19467874020152245
0.32,0.1,0.1999788018715033
0.33,0.1,0.20518656626248682
0.34,0.1,0.21029933572573226
0.35000000000000003,0.1,0.2153144347173552
0.36,0.1,0.22022921119686514
0.37,0.1,0.22504103809698373
0.38,0.1,0.2297473148673119
0.39,0.1,0.23434546909444776
0.4,0.1,0.2388329582011428
0.41000000000000003,0.1,0.24320727122708058
0.42,0.1,0.2474659306938585
0.43,0.1,0.2516064945567168
0.44,0.1,0.2556265582455488
0.45,0.1,0.25952375679767803
0.46,0.1,0.26329576708483543
0.47000000000000003,0.1,0.26694031013670944
0.48,0.1,0.27045515356336985
0.49,0.1,0.2738381140787695
0.5,0.1,0.2770870601274173
0.51,0.1,0.28019991461618793
0.52,0.1,0.28317465775309464
0.53,0.1,0.2860093299946687
0.54,0.1,0.28870203510339254
0.55,0.1,0.291250943316425
0.56,0.1,0.2936542946265781
0.5700000000000001,0.1,0.29591040217624964
0.58,0.1,0.29801765576465905
0.59,0.1,0.29997452546839626
0.6,0.1,0.30177956537488954
0.61,0.1,0.30343141742791624
0.62,0.1,0.30492881538381233
0.63,0.1,0.30627058887645525
0.64,0.1,0.30745566758848625
0.65,0.1,0.30848308552554804
0.66,0.1,0.30935198538954733
0.67,0.1,0.31006162304614676
0.68,0.1,0.31061137208074346
0.6900000000000001,0.1,0.3110007284362054
0.7000000000000001,0.1,0.31122931512454
0.71,0.1,0.31129688700346253
0.72,0.1,0.3112033356075364
0.73,0.1,0.3109486940221354
0.74,0.1,0.31053314178695257
0.75,0.1,0.3099570098141209
0.76,0.1,0.30922078530424035
0.77,0.1,0.3083251166417024
0.78,0.1,0.30727081824866753
0.79,0.1,0.3060588753749093
0.8,0.1,0.30469044879845253
0.81,0.1,0.303166879409555
0.8200000000000001,0.1,0.301489692648078
0.8300000000000001,0.1,0.29966060276170897
0.84,0.1,0.29768151684986444
0.85,0.1,0.2955545386553665
0.86,0.1,0.2932819720632847
0.87,0.1,0.29086632426361314
0.88,0.1,0.28831030853180145
0.89,0.1,0.2856168465785931
0.9,0.1,0.28278907041822426
0.91,0.1,0.2798303237018341
0.92,0.1,0.2767441624610303
0.93,0.1,0.27353435520497377
0.9400000000000001,0.1,0.2702048823131916
0.9500000000000001,0.1,0.26675993466569575
0.96,0.1,0.263203911451887
0.97,0.1,0.25954141710036643
0.98,0.1,0.2557772572730918
0.99,0.1,0.2519164338695034
1.0,0.1,0.2479641389893236
1.01,0.1,0.24392574780678
1.02,0.1,0.2398068103140868
1.03,0.1,0.23561304189816734
1.04,0.1,0.23135031272187212
1.05,0.1,0.22702463588933808
1.06,0.1,0.2226421543846802
1.07,0.1,0.21820912678383345
1.08,0.1,0.21373191175110512
1.09,0.1,0.2092169513447671
1.1,0.1,0.20467075316970568
1.11,0.1,0.20009987142975377
1.12,0.1,0.19551088694762053
1.1300000000000001,0.1,0.1909103862362677
1.1400000000000001,0.1,0.18630493972193934
1.1500000000000001,0.1,0.18170107923565035
1.16,0.1,0.17710527490660033
1.17,0.1,0.1725239116073993
1.18,0.1,0.167963265116934
1.19,0.1,0.16342947818186226
1.2,0.1,0.15892853667170534
1.21,0.1,0.154466246034982
1.22,0.1,0.15004820827442422
1.23,0.1,0.1456797996674491
1.24,0.1,0.14136614946351983
1.25,0.1,0.1371121197921422
1.26,0.1,0.13292228701373854
1.27,0.1,0.12880092474005264
1.28,0.1,0.12475198874079066
1.29,0.1,0.1207791039385394
1.3,0.1,0.1168855536746664
1.31,0.1,0.1130742714047121
1.32,0.1,0.10934783495302366
1.33,0.1,0.10570846342334494
1.34,0.1,0.10215801682526775
1.35,0.1,0.09869799843657338
1.36,0.1,0.09532955987946692
1.37,0.1,0.0920535088454504
1.3800000000000001,0.1,0.08887031936035023
1.3900000000000001,0.1,0.08578014443894863
1.4000000000000001,0.1,0.08278283093901943
1.41,0.1,0.07987793638858881
1.42,0.1,0.07706474752901514
1.43,0.1,0.07434230029106062
1.44,0.1,0.07170940090225306
1.45,0.1,0.0691646478121405
1.46,0.1,0.06670645411778975
1.47,0.1,0.0643330701751912
1.48,0.1,0.062042606092772144
1.49,0.1,0.0598330538205709
1.5,0.1,0.05770230857197359
1.51,0.1,0.05564818934339603
1.52,0.1,0.05366845832972009
1.53,0.1,0.051760839068562804
1.54,0.1,0.04992303318321951
1.55,0.1,0.048152735631285255
1.56,0.1,0.04644764840223881
1.57,0.1,0.04480549264172143
1.58,0.1,0.04322401921193387
1.59,0.1,0.041701017725787264
1.6,0.1,0.04023432411670531
1.61,0.1,0.038821826825933325
1.62,0.1,0.03746147170476541
1.6300000000000001,0.1,0.03615126574029527
1.6400000000000001,0.1,0.034889279720371855
1.6500000000000001,0.1,0.03367364995668558
1.6600000000000001,0.1,0.032502579184816284
1.67,0.1,0.03137433675707196
1.68,0.1,0.0302872582386285
1.69,0.1,0.029239744510325745
1.7,0.1,0.028230260473034858
1.71,0.1,0.027257333439230935
1.72,0.1,0.026319551287743794
1.73,0.1,0.025415560447924763
1.74,0.1,0.024544063770029642
1.75,0.1,0.023703818329630602
1.76,0.1,0.02289363320557024
1.77,0.1,0.02211236726341042
1.78,0.1,0.021358926969628458
1.79,0.1,0.020632264255916712
1.8,0.1,0.019931374447943552
1.81,0.1,0.01925529426864296
1.82,0.1,0.018603099922640514
1.83,0.1,0.017973905265552585
1.84,0.1,0.017366860059635204
1.85,0.1,0.01678114831551534
1.86,0.1,0.016215986718442117
1.87,0.1,0.01567062313649874
1.8800000000000001,0.1,0.01514433520760731
1.8900000000000001,0.1,0.014636429001703387
1.9000000000000001,0.1,0.014146237754240844
1.9100000000000001,0.1,0.013673120667093643
1.92,0.1,0.013216461772934113
1.93,0.1,0.012775668859264016
1.94,0.1,0.012350172448416427
1.95,0.1,0.01193942483003867
1.96,0.1,0.0115428991427461
1.97,0.1,0.011160088501871482
1.98,0.1,0.010790505170407626
1.99,0.1,0.010433679770485857
2.0,0.1,0.010089160532896073
2.0100000000000002,0.1,0.00975651258235736
2.02,0.1,0.009435317256410159
2.0300000000000002,0.1,0.009125171455963706
2.04,0.1,0.008825687025682219
2.05,0.1,0.00853649016252293
2.06,0.1,0.008257220850867008
2.07,0.1,0.00798753232278914
2.08,0.1,0.007727090542128629
2.09,0.1,0.00747557371109449
2.1,0.1,0.007232671798247718
2.11,0.1,0.006998086086758757
2.12,0.1,0.006771528741932078
2.13,0.1,0.006552722397031274
2.14,0.1,0.006341399756512544
2.15,0.1,0.006137303215831482
2.16,0.1,0.0059401844970334025
2.17,0.1,0.0057498042993725995
2.18,0.1,0.0055659319642661536
2.19,0.1,0.0053883451539217244
2.2,0.1,0.005216829543018935
2.21,0.1,0.00505117852284749
2.22,0.1,0.004891192917350161
2.23,0.1,0.004736680710541666
2.24,0.1,0.004587456784799373
2.25,0.1,0.004443342669558123
2.2600000000000002,0.1,0.004304166299954632
2.27,0.1,0.004169761784998913
2.2800000000000002,0.1,0.0040399691848666056
2.29,0.1,0.003914634296925138
2.3000000000000003,0.1,0.0037936084501308726
2.31,0.1,0.0036767483074440365
2.32,0.1,0.0035639156759285123
2.33,0.1,0.003454977324231664
2.34,0.1,0.0033498048071268194
2.35,0.1,0.003248274296845191
2.36,0.1,0.003150266420912106
2.37,0.1,0.003055666106245076
2.38,0.1,0.0029643624292495503
2.39,0.1,0.002876248471675376
2.4,0.1,0.00279122118201516
2.41,0.1,0.0027091812422254174
2.42,0.1,0.0026300329395584055
2.43,0.1,0.0025536840433118806
2.44,0.1,0.002480045686306384
2.45,0.1,0.002409032250911107
2.46,0.1,0.002340561259440136
2.47,0.1,0.002274553268764801
2.48,0.1,0.002210931768974375
2.49,0.1,0.0021496230859397564
2.5,0.1,0.0020905562876311567
2.5100000000000002,0.1,0.002033663094049118
2.52,0.1,0.0019788777906482053
2.5300000000000002,0.1,0.0019261371451153005
2.54,0.1,0.0018753803273893564
2.5500000000000003,0.1,0.001826548832793605
2.56,0.1,0.001779586408190011
2.57,0.1,0.0017344389810323155
2.58,0.1,0.0016910545912179097
2.59,0.1,0.0016493833256467727
2.6,0.1,0.0016093772553963672
2.61,0.1,0.0015709903754219188
2.62,0.1,0.0015341785467039779
2.63,0.1,0.001498899440755566
2.64,0.1,0.0014651124864254778
2.65,0.1,0.0014327788189336733
2.66,0.1,0.0014018612310775784
2.67,0.1,0.0013723241265503096
2.68,0.1,0.0013441334753334902
2.69,0.1,0.0013172567711391722
2.7,0.1,0.0012916629908565054
2.71,0.1,0.001267322555988333
2.72,0.1,0.0012442072960166313
2.73,0.1,0.0012222904136366406
2.74,0.1,0.0012015464517039823
2.75,0.1,0.001181951261601314
2.7600000000000002,0.1,0.001163481972476959
2.77,0.1,0.001146116960369236
2.7800000000000002,0.1,0.0011298358155188621
2.79,0.1,0.0011146193050250136
2.8000000000000003,0.1,0.0011004493262243027
2.81,0.1,0.0010873088434879498
2.82,0.1,0.0010751817971599298
2.83,0.1,0.0010640529676418395
2.84,0.1,0.0010539077696278749
2.85,0.1,0.0010447319406842446
2.86,0.1,0.0010365110742793417
2.87,0.1,0.0010292299301507255
2.88,0.1,0.0010228714354143095
2.89,0.1,0.0010174152712058794
2.9,0.1,0.0010128359283364471
2.91,0.1,0.0010091001242006391
2.92,0.1,0.0010061635250370644
2.93,0.1,0.0010039668523531785
2.94,0.1,0.001002431735799378
2.95,0.1,0.0010014572132578683
2.96,0.1,0.0010009187386619087
2.97,0.1,0.0010006731933566598
2.98,0.1,0.0010005760866283273
2.99,0.1,0.001000521426766989
3.0,0.1,0.001000521426766989
0.0,0.2,0.0
0.01,0.2,0.00541557048289497
0.02,0.2,0.010828800352112979
0.03,0.2,0.01623688310120487
0.04,0.2,0.021637142182430253
0.05,0.2,0.02702691959675453
0.06,0.2,0.03240356264413153
0.07,0.2,0.03776442074428822
0.08,0.2,0.04310684467967612
0.09,0.2,0.04842818661646285
0.1,0.2,0.053725800408996056
0.11,0.2,0.058997042012560785
0.12,0.2,0.06423926993823734
0.13,0.2,0.06944984572569946
0.14,0.2,0.0746261344271624
0.15,0.2,0.07976550510302256
0.16,0.2,0.08486533133278477
0.17,0.2,0.08992299174598846
0.18,0.2,0.0949358705781037
0.19,0.2,0.09990135825628248
0.2,0.2,0.10481685201962593
0.21,0.2,0.10967975657836153
0.22,0.2,0.11448748481610545
0.23,0.2,0.11923745853918613
0.24,0.2,0.12392710927684177
0.25,0.2,0.12855387913599947
0.26,0.2,0.13311522171425064
0.27,0.2,0.13760860307456674
0.28,0.2,0.14203150278528706
0.29,0.2,0.14638141502887286
0.3,0.2,0.15065584978292418
0.31,0.2,0.1548523340769463
0.32,0.2,0.15896841332836814
0.33,0.2,0.16300165276132594
0.34,0.2,0.16694963891173115
0.35000000000000003,0.2,0.17080998122215132
0.36,0.2,0.1745803137300279
0.37,0.2,0.17825829685277372
0.38,0.2,0.18184161927325673
0.39,0.2,0.18532799992916688
0.4,0.2,0.1887151901097331
0.41000000000000003,0.2,0.19200097566319288
0.42,0.2,0.19518317931836898
0.43,0.2,0.19825966312359253
0.44,0.2,0.20122833100612955
0.45,0.2,0.20408713145510798
0.46,0.2,0.20683406033078514
0.47000000000000003,0.2,0.20946716380277383
0.48,0.2,0.2119845414196204
0.49,0.2,0.21438434931183004
0.5,0.2,0.21666480353009376
0.51,0.2,0.21882418352007027
0.52,0.2,0.22086083573463153
0.53,0.2,0.22277317738393235
0.54,0.2,0.2245597003230643
0.55,0.2,0.2262189750763479
0.56,0.2,0.22774965499653213
0.5700000000000001,0.2,0.22915048055625825
0.58,0.2,0.23042028376811954
0.59,0.2,0.23155799272851427
0.6,0.2,0.2325626362791925
0.61,0.2,0.2334333487789551
0.62,0.2,0.23416937497637907
0.63,0.2,0.23477007497267133
0.64,0.2,0.23523492926182105
0.65,0.2,0.23556354383309575
0.66,0.2,0.2357556553186215
0.67,0.2,0.23581113616632823
0.68,0.2,0.23572999981584514
0.6900000000000001,0.2,0.23551240585214128
0.7000000000000001,0.2,0.23515866510872535
0.71,0.2,0.23466924468912947
0.72,0.2,0.23404477287223308
0.73,0.2,0.233286043863751
0.74,0.2,0.23239402235303272
0.75,0.2,0.23136984783116354
0.76,0.2,0.23021483862339487
0.77,0.2,0.22893049558620318
0.78,0.2,0.22751850541687144
0.79,0.2,0.2259807435215305
0.8,0.2,0.2243192763862128
0.81,0.2,0.22253636339473
0.8200000000000001,0.2,0.2206344580372402
0.8300000000000001,0.2,0.2186162084543153
0.84,0.2,0.21648445726325893
0.85,0.2,0.21424224061640323
0.86,0.2,0.21189278644523823
0.87,0.2,0.20943951184946888
0.88,0.2,0.20688601959647404
0.89,0.2,0.20423609370407272
0.9,0.2,0.20149369408790319
0.91,0.2,0.19866295026391764
0.92,0.2,0.19574815410630075
0.93,0.2,0.19275375167130618
0.9400000000000001,0.2,0.18968433410774985
0.9500000000000001,0.2,0.18654462768496657
0.96,0.2,0.18333948297856525
0.97,0.2,0.18007386326303726
0.98,0.2,0.17675283216790366
0.99,0.2,0.17338154066036945
1.0,0.2,0.16996521342226997
1.01,0.2,0.16650913469227502
1.02,0.2,0.16301863364592226
1.03,0.2,0.15949906938611932
1.04,0.2,0.15595581561545083
1.05,0.2,0.15239424505925928
1.06,0.2,0.14881971370533012
1.07,0.2,0.1452375449224647
1.08,0.2,0.14165301351678983
1.09,0.2,0.13807132978166578
1.1,0.2,0.13449762359494186
1.11,0.2,0.13093692861651574
1.12,0.2,0.12739416663985104
1.1300000000000001,0.2,0.12387413215358378
1.1400000000000001,0.2,0.1203814771736639
1.1500000000000001,0.2,0.1169206964125433
1.16,0.2,0.11349611285960956
1.17,0.2,0.11011186385601578
1.18,0.2,0.10677188775685299
1.19,0.2,0.10347991128366195
1.2,0.2,0.10023943767991067
1.21,0.2,0.09705373579062422
1.22,0.2,0.09392583019400681
1.23,0.2,0.0908584925168926
1.24,0.2,0.08785423406660148
1.25,0.2,0.08491529990851904
1.26,0.2,0.08204366451110563
1.27,0.2,0.07924102906768488
1.28,0.2,0.0765088205873054
1.29,0.2,0.07384819282519539
1.3,0.2,0.07126002909742826
1.31,0.2,0.06874494699480878
1.32,0.2,0.06630330497871281
1.33,0.2,0.06393521080755739
1.34,0.2,0.061640531708009046
1.35,0.2,0.05941890617115919
1.36,0.2,0.05726975722200383
1.37,0.2,0.05519230698183199
1.3800000000000001,0.2,0.053185592318707925
1.3900000000000001,0.2,0.05124848136199539
1.4000000000000001,0.2,0.049379690643529615
1.41,0.2,0.04757780262105213
1.42,0.2,0.0458412833390028
1.43,0.2,0.04416849998764717
1.44,0.2,0.0425577381333844
1.45,0.2,0.04100721841034942
1.46,0.2,0.039515112485251754
1.47,0.2,0.03807955813289942
1.48,0.2,0.036698673287905395
1.49,0.2,0.03537056896767482
1.5,0.2,0.03409336099177822
1.51,0.2,0.032865180452320134
1.52,0.2,0.031684182917921196
1.53,0.2,0.03054855637977837
1.54,0.2,0.029456527971258823
1.55,0.2,0.02840636951228381
1.56,0.2,0.027396401945989482
1.57,0.2,0.02642499874784331
1.58,0.2,0.025490588396478046
1.59,0.2,0.024591656001221283
1.6,0.2,0.023726744183908136
1.61,0.2,0.022894453312426857
1.62,0.2,0.022093441180955003
1.6300000000000001,0.2,0.02132242222742678
1.6400000000000001,0.2,0.020580166372895392
1.6500000000000001,0.2,0.019865497560476446
1.6600000000000001,0.2,0.019177292063931827
1.67,0.2,0.018514476627951547
1.68,0.2,0.01787602649417695
1.69,0.2,0.01726096335917496
1.7,0.2,0.01666835330313411
1.71,0.2,0.016097304721130454
1.72,0.2,0.015546966282534784
1.73,0.2,0.015016524938500612
1.74,0.2,0.014505203992572869
1.75,0.2,0.01401226124520772
1.76,0.2,0.013536987219451596
1.77,0.2,0.013078703472043306
1.78,0.2,0.012636760991831511
1.79,0.2,0.01221053868548839
1.8,0.2,0.011799441949060019
1.81,0.2,0.011402901322776325
1.82,0.2,0.011020371225813945
1.83,0.2,0.01065132876714564
1.84,0.2,0.01029527262834385
1.85,0.2,0.009951722014032537
1.86,0.2,0.009620215665704817
1.87,0.2,0.009300310934664172
1.8800000000000001,0.2,0.00899158291002631
1.8900000000000001,0.2,0.008693623597903
1.9000000000000001,0.2,0.008406041148112131
1.9100000000000001,0.2,0.008128459125004268
1.92,0.2,0.00786051581922766
1.93,0.2,0.007601863597503649
1.94,0.2,0.007352168287713383
1.95,0.2,0.007111108596826738
1.96,0.2,0.006878375559389875
1.97,0.2,0.006653672014511247
1.98,0.2,0.006436712109425311
1.99,0.2,0.006227220827911022
2.0,0.2,0.006024933541964155
2.0100000000000002,0.2,0.005829595585264752
2.02,0.2,0.005640961847098853
2.0300000000000002,0.2,0.005458796385501548
2.04,0.2,0.005282872058492403
2.05,0.2,0.005112970172352439
2.06,0.2,0.004948880145979496
2.07,0.2,0.004790399190423894
2.08,0.2,0.004637332002784135
2.09,0.2,0.00448949047367978
2.1,0.2,0.004346693407593368
2.11,0.2,0.004208766255406707
2.12,0.2,0.0040755408585172745
2.13,0.2,0.003946855203939274
2.14,0.2,0.003822553189842863
2.15,0.2,0.0037024844010304547
2.16,0.2,0.0035865038938630604
2.17,0.2,0.003474471990177493
2.18,0.2,0.0033662540797741464
2.19,0.2,0.0032617204310719313
2.2,0.2,0.0031607460095561587
2.21,0.2,0.0030632103036540965
2.22,0.2,0.0029689971577070732
2.23,0.2,0.002877994611720442
2.24,0.2,0.0027900947475814333
2.25,0.2,0.0027051935414680005
2.2600000000000002,0.2,0.002623190722169311
2.27,0.2,0.002543989635069167
2.2800000000000002,0.2,0.0024674971115431015
2.29,0.2,0.0023936233435369113
2.3000000000000003,0.2,0.002322281763111203
2.31,0.2,0.0022533889267374336
2.32,0.2,0.0021868644041476053
2.33,0.2,0.0021226306715541594
2.34,0.2,0.0020606130090506923
2.35,0.2,0.0020007394020296566
2.36,0.2,0.0019429404464460177
2.37,0.2,0.0018871492577870095
2.38,0.2,0.0018333013835835083
2.39,0.2,0.0017813347193245683
2.4,0.2,0.0017311894276462272
2.41,0.2,0.0016828078606647312
2.42,0.2,0.0016361344853219027
2.43,0.2,0.0015911158116398102
2.44,0.2,0.0015477003237622685
2.45,0.2,0.0015058384136826812
2.46,0.2,0.0014654823175451503
2.47,0.2,0.0014265860544375752
2.48,0.2,0.0013891053675723962
2.49,0.2,0.0013529976677694928
2.5,0.2,0.0013182219791543109
2.5100000000000002,0.2,0.0012847388869868558
2.52,0.2,0.0012525104875551123
2.5300000000000002,0.2,0.001221500340050715
2.54,0.2,0.001191673420357094
2.5500000000000003,0.2,0.001162996076678666
2.56,0.2,0.0011354359869640543
2.57,0.2,0.0011089621180473456
2.58,0.2,0.0010835446864587053
2.59,0.2,0.001059155120852706
2.6,0.2,0.0010357660260072832
2.61,0.2,0.0010133511483536594
2.62,0.2,0.0009918853430016812
2.63,0.2,0.0009713445422189822
2.64,0.2,0.0009517057253444099
2.65,0.2,0.00093294689012132
2.66,0.2,0.0009150470254155573
2.67,0.2,0.0008979860853026103
2.68,0.2,0.0008817449644832386
2.69,0.2,0.000866305474986072
2.7,0.2,0.0008516503240480618
2.71,0.2,0.0008377630930147332
2.72,0.2,0.0008246282169559774
2.73,0.2,0.0008122309645272877
2.74,0.2,0.0008005574173127266
2.75,0.2,0.0007895944474494243
2.7600000000000002,0.2,0.0007793296917151431
2.77,0.2,0.0007697515193659921
2.7800000000000002,0.2,0.000760848989768505
2.79,0.2,0.0007526117941650646
2.8000000000000003,0.2,0.0007450301736208422
2.81,0.2,0.000738094802206898
2.82,0.2,0.0007317966206682522
2.83,0.2,0.0007261266011293405
2.84,0.2,0.0007210754178604795
2.85,0.2,0.0007166329930495438
2.86,0.2,0.0007127878804341352
2.87,0.2,0.0007095264449028879
2.88,0.2,0.0007068317948011542
2.89,0.2,0.0007046824294561091
2.9,0.2,0.0007030505831635587
2.91,0.2,0.0007019002876491639
2.92,0.2,0.0007011852516345464
2.93,0.2,0.0007008467888919142
2.94,0.2,0.0007008122443856813
2.95,0.2,0.0007009947134766507
2.96,0.2,0.0007012953793547826
2.97,0.2,0.000701610587585766
2.98,0.2,0.000701846938594382
2.99,0.2,0.0007019493451976429
3.0,0.2,0.0007019493451976429
0.0,0.3,0.0
0.01,0.3,0.0046251949500315075
0.02,0.3,0.009248208068031621
0.03,0.3,0.013866420724526228
0.04,0.3,0.018477334163006898
0.05,0.3,0.023078465903177355
0.06,0.3,0.027667337540184158
0.07,0.3,0.03224147189452986
0.08,0.3,0.03679839239901708
0.09,0.3,0.04133562319741664
0.1,0.3,0.04585068949812483
0.11,0.3,0.05034111802262053
0.12,0.3,0.05480443748961074
0.13,0.3,0.059238179114655884
0.14,0.3,0.06363987712107431
0.15,0.3,0.06800706926462123
0.16,0.3,0.07233729737715332
0.17,0.3,0.07662810793542946
0.18,0.3,0.08087705266134251
0.19,0.3,0.08508168915971519
0.2,0.3,0.0892395815995194
0.21,0.3,0.09334830144407898
0.22,0.3,0.09740542823556514
0.23,0.3,0.10140855043888708
0.24,0.3,0.10535526634989942
0.25,0.3,0.10924318507275177
0.26,0.3,0.11306992757110568
0.27,0.3,0.11683312779788967
0.28,0.3,0.12053043390825427
0.29,0.3,0.1241595095603685
0.3,0.3,0.12771803530871645
0.31,0.3,0.13120371009455145
0.32,0.3,0.1346142528382037
0.33,0.3,0.13794740413795115
0.34,0.3,0.1412009280801806
0.35000000000000003,0.3,0.1443726141655764
0.36,0.3,0.1474602793560672
0.37,0.3,0.1504617702472634
0.38,0.3,0.1533749653710556
0.39,0.3,0.1561977776329993
0.4,0.3,0.15892815688901443
0.41000000000000003,0.3,0.16156409266579488
0.42,0.3,0.16410361702915616
0.43,0.3,0.1665448076043092
0.44,0.3,0.16888579075178292
0.45,0.3,0.17112474490234433
0.46,0.3,0.17325990405382724
0.47000000000000003,0.3,0.1752895614322509
0.48,0.3,0.17721207331896008
0.49,0.3,0.17902586304476248
0.5,0.3,0.18072942515111462
0.51,0.3,0.18232132971734516
0.52,0.3,0.18380022685167616
0.53,0.3,0.18516485134233657
0.54,0.3,0.18641402746342026
0.55,0.3,0.18754667392823568
0.56,0.3,0.1885618089807437
0.5700000000000001,0.3,0.18945855561326044
0.58,0.3,0.190236146895861
0.59,0.3,0.1908939313999344
0.6,0.3,0.1914313786949989
0.61,0.3,0.19184808489426833
0.62,0.3,0.1921437782205538
0.63,0.3,0.19231832455990125
0.64,0.3,0.19237173296596738
0.65,0.3,0.19230416107355816
0.66,0.3,0.19211592037506262
0.67,0.3,0.19180748130885744
0.68,0.3,0.19137947810415012
0.6900000000000001,0.3,0.19083271332242743
0.7000000000000001,0.3,0.1901681620317299
0.71,0.3,0.1893869755466496
0.72,0.3,0.18849048466438925
0.73,0.3,0.18748020232566995
0.74,0.3,0.1863578256289344
0.75,0.3,0.1851252371273583
0.76,0.3,0.18378450534090923
0.77,0.3,0.18233788442015614
0.78,0.3,0.18078781290496007
0.79,0.3,0.17913691152956362
0.8,0.3,0.17738798003596754
0.81,0.3,0.17554399296975312
0.8200000000000001,0.3,0.17360809444646788
0.8300000000000001,0.3,0.1715835918920937
0.84,0.3,0.1694739487775437
0.85,0.3,0.1672827763840909
0.86,0.3,0.1650138246536295
0.87,0.3,0.16267097219400392
0.88,0.3,0.16025821552473635
0.89,0.3,0.15777965766166116
0.9,0.3,0.15523949614969482
0.91,0.3,0.15264201066065267
0.92,0.3,0.14999155027737066
0.93,0.3,0.1472925205860993
0.9400000000000001,0.3,0.14454937069616966
0.9500000000000001,0.3,0.1417665802994111
0.96,0.3,0.13894864687198055
0.97,0.3,0.13610007310867367
0.98,0.3,0.1332253546649514
0.99,0.3,0.13032896826555299
1.0,0.3,0.12741536022149402
1.01,0.3,0.12448893538015253
1.02,0.3,0.12155404651688441
1.03,0.3,0.11861498416185563
1.04,0.3,0.11567596684309309
1.05,0.3,0.11274113171674441
1.06,0.3,0.10981452554849028
1.07,0.3,0.106900096006216
1.08,0.3,0.10400168322355297
1.09,0.3,0.10112301159668044
1.1,0.3,0.09826768178264006
1.11,0.3,0.09543916287618018
1.12,0.3,0.09264078475330734
1.1300000000000001,0.3,0.08987573058293395
1.1400000000000001,0.3,0.08714702952266634
1.1500000000000001,0.3,0.08445754963029628
1.16,0.3,0.08180999103831502
1.17,0.3,0.07920687945407262
1.18,0.3,0.07665056006235177
1.19,0.3,0.07414319191947796
1.2,0.3,0.07168674293794766
1.21,0.3,0.06928298556733758
1.22,0.3,0.06693349328051383
1.23,0.3,0.06463963797335373
1.24,0.3,0.06240258838121183
1.25,0.3,0.06022330960599972
1.26,0.3,0.0581025638341785
1.27,0.3,0.05604091230835002
1.28,0.3,0.05403871859411326
1.29,0.3,0.05209615315985869
1.3,0.3,0.050213199261243825
1.31,0.3,0.048389660094927935
1.32,0.3,0.04662516715892153
1.33,0.3,0.04491918973055317
1.34,0.3,0.04327104534862664
1.35,0.3,0.041679911164717684
1.36,0.3,0.04014483601061968
1.37,0.3,0.038664753015207436
1.3800000000000001,0.3,0.03723849259504757
1.3900000000000001,0.3,0.035864795639035406
1.4000000000000001,0.3,0.03454232670827246
1.41,0.3,0.03326968707813159
1.42,0.3,0.03204542745956123
1.43,0.3,0.03086806025064513
1.44,0.3,0.029736071186611344
1.45,0.3,0.02864793027606413
1.46,0.3,0.027602101932416745
1.47,0.3,0.02659705423159197
1.48,0.3,0.025631267249110606
1.49,0.3,0.024703240451132816
1.5,0.3,0.02381149913413202
1.51,0.3,0.022954599926252837
1.52,0.3,0.02213113537950851
1.53,0.3,0.02133973769568229
1.54,0.3,0.020579081639844413
1.55,0.3,0.019847886703873583
1.56,0.3,0.019144918588209943
1.57,0.3,0.0184689900735682
1.58,0.3,0.01781896135561839
1.59,0.3,0.017193739915016295
1.6,0.3,0.0165922799929263
1.61,0.3,0.01601358173863698
1.62,0.3,0.015456690091326485
1.6300000000000001,0.3,0.014920693452801646
1.6400000000000001,0.3,0.01440472220234797
1.6500000000000001,0.3,0.013907947098945118
1.6600000000000001,0.3,0.013429577610228657
1.67,0.3,0.012968860201849262
1.68,0.3,0.012525076615474636
1.69,0.3,0.012097542158639446
1.7,0.3,0.01168560402505834
1.71,0.3,0.011288639659905281
1.72,0.3,0.010906055180996436
1.73,0.3,0.010537283863659621
1.74,0.3,0.010181784694476028
1.75,0.3,0.009839040996851737
1.76,0.3,0.009508559129624467
1.77,0.3,0.009189867258437845
1.78,0.3,0.008882514198553255
1.79,0.3,0.008586068326889816
1.8,0.3,0.008300116560529485
1.81,0.3,0.008024263398467124
1.82,0.3,0.007758130023189584
1.83,0.3,0.007501353458509581
1.84,0.3,0.0072535857800859966
1.85,0.3,0.007014493375094995
1.86,0.3,0.006783756247661972
1.87,0.3,0.006561067366777634
1.8800000000000001,0.3,0.006346132053623492
1.8900000000000001,0.3,0.006138667405415196
1.9000000000000001,0.3,0.005938401753076505
1.9100000000000001,0.3,0.005745074150244623
1.92,0.3,0.005558433891315946
1.93,0.3,0.005378240056402128
1.94,0.3,0.0052042610812680235
1.95,0.3,0.005036274350480543
1.96,0.3,0.004874065812131961
1.97,0.3,0.004717429612669184
1.98,0.3,0.004566167750455655
1.99,0.3,0.004420089746845866
2.0,0.3,0.004279012333621738
2.0100000000000002,0.3,0.004142759155765691
2.02,0.3,0.00401116048860572
2.0300000000000002,0.3,0.0038840529684658915
2.04,0.3,0.003761279336014795
2.05,0.3,0.0036426881915680477
2.06,0.3,0.0035281337616627213
2.07,0.3,0.0034174756762674857
2.08,0.3,0.003310578756050104
2.09,0.3,0.003207312809142613
2.1,0.3,0.003107552436907336
2.11,0.3,0.0030111768482296427
2.12,0.3,0.002918069681905405
2.13,0.3,0.002828118836694166
2.14,0.3,0.0027412163086619665
2.15,0.3,0.0026572580354584413
2.16,0.3,0.0025761437471874746
2.17,0.3,0.0024977768235458974
2.18,0.3,0.0024220641569404474
2.19,0.3,0.0023489160212930155
2.2,0.3,0.002278245946276957
2.21,0.3,0.0022099705967266793
2.22,0.3,0.0021440096569881927
2.23,0.3,0.0020802857199894768
2.24,0.3,0.0020187241808130117
2.25,0.3,0.0019592531345757848
2.2600000000000002,0.3,0.001901803278422796
2.27,0.3,0.0018463078174608275
2.2800000000000002,0.3,0.001792702374458016
2.29,0.3,0.0017409249031460274
2.3000000000000003,0.3,0.0016909156049767777
2.31,0.3,0.0016426168491814918
2.32,0.3,0.0015959730959956642
2.33,0.3,0.0015509308229231067
2.34,0.3,0.001507438453906068
2.35,0.3,0.0014654462912871617
2.36,0.3,0.00142490645044451
2.37,0.3,0.001385772797006184
2.38,0.3,0.001348000886522759
2.39,0.3,0.0013115479065065802
2.4,0.3,0.0012763726207471362
2.41,0.3,0.0012424353158146766
2.42,0.3,0.001209697749656036
2.43,0.3,0.001178123102213963
2.44,0.3,0.0011476759279864751
2.45,0.3,0.0011183221104530646
2.46,0.3,0.0010900288182922838
2.47,0.3,0.0010627644633361692
2.48,0.3,0.0010364986601855742
2.49,0.3,0.0010112021874302006
2.5,0.3,0.0009868469504154607
2.5100000000000002,0.3,0.0009634059454927697
2.52,0.3,0.0009408532257185833
2.5300000000000002,0.3,0.0009191638679384315
2.54,0.3,0.0008983139412143023
2.5500000000000003,0.3,0.0008782804765452284
2.56,0.3,0.0008590414378584967
2.57,0.3,0.0008405756942144227
2.58,0.3,0.0008228629931980876
2.59,0.3,0.0008058839354668181
2.6,0.3,0.0007896199504182935
2.61,0.3,0.0007740532729687689
2.62,0.3,0.0007591669213995193
2.63,0.3,0.0007449446762428286
2.64,0.3,0.0007313710601820333
2.65,0.3,0.0007184313189278202
2.66,0.3,0.0007061114029994421
2.67,0.3,0.0006943979503214745
2.68,0.3,0.0006832782695098443
2.69,0.3,0.0006727403236427274
2.7,0.3,0.0006627727142035601
2.71,0.3,0.0006533646647483924
2.72,0.3,0.0006445060036202051
2.73,0.3,0.0006361871447533864
2.74,0.3,0.000628399065202049
2.75,0.3,0.0006211332774705262
2.7600000000000002,0.3,0.000614381793994104
2.77,0.3,0.0006081370801605526
2.7800000000000002,0.3,0.0006023919910240155
2.79,0.3,0.0005971396853080514
2.8000000000000003,0.3,0.0005923735083620732
2.81,0.3,0.0005880868334435476
2.82,0.3,0.0005842728480356645
2.83,0.3,0.0005809242689989455
2.84,0.3,0.0005780329674232838
2.85,0.3,0.0005755894815401532
2.86,0.3,0.0005735823946668703
2.87,0.3,0.0005719975561659917
2.88,0.3,0.0005708171285887878
2.89,0.3,0.0005700184564998529
2.9,0.3,0.0005695727760424699
2.91,0.3,0.0005694438253187714
2.92,0.3,0.0005695864827000063
2.93,0.3,0.0005699456655540008
2.94,0.3,0.0005704558822945126
2.95,0.3,0.0005710420690034921
2.96,0.3,0.0005716226885965803
2.97,0.3,0.0005721165659264589
2.98,0.3,0.0005724556283094912
2.99,0.3,0.0005726066840436697
3.0,0.3,0.0005726066840436697
0.0,0.4,0.0
0.01,0.4,0.004084148121259952
0.02,0.4,0.008166221129100776
0.03,0.4,0.012243726919614667
0.04,0.4,0.01631428666535686
0.05,0.4,0.020375536410705147
0.06,0.4,0.02442511554193141
0.07,0.4,0.028460664136094205
0.08,0.4,0.032479822430699766
0.09,0.4,0.03648023096672932
0.1,0.4,0.040459530972494925
0.11,0.4,0.0444153648373892
0.12,0.4,0.04834537662062478
0.13,0.4,0.05224721257706031
0.14,0.4,0.05611852169744658
0.15,0.4,0.05995695626681314
0.16,0.4,0.06376017244729916
0.17,0.4,0.06752583089262147
0.18,0.4,0.07125159740150852
0.19,0.4,0.07493514361726551
0.2,0.4,0.07857414778037435
0.21,0.4,0.08216629554075007
0.22,0.4,0.08570928083604323
0.23,0.4,0.08920080684219382
0.24,0.4,0.0926385870022938
0.25,0.4,0.0960203461397428
0.26,0.4,0.09934382166162184
0.27,0.4,0.10260676485818675
0.28,0.4,0.10580694230441895
0.29,0.4,0.10894213736958831
0.3,0.4,0.1120101518408359
0.31,0.4,0.11500880766683405
0.32,0.4,0.11793594882764034
0.33,0.4,0.12078944333692397
0.34,0.4,0.12356718538277014
0.35000000000000003,0.4,0.12626709761330124
0.36,0.4,0.1288871335733421
0.37,0.4,0.1314252802983384
0.38,0.4,0.13387956107163188
0.39,0.4,0.1362480383510851
0.4,0.4,0.13852881687082164
0.41000000000000003,0.4,0.1407200469235781
0.42,0.4,0.14281992782877118
0.43,0.4,0.14482671159086452
0.44,0.4,0.14673870675199227
0.45,0.4,0.14855428244197336
0.46,0.4,0.1502718726278453
0.47000000000000003,0.4,0.1518899805638257
0.48,0.4,0.1534071834411335
0.49,0.4,0.15482213723534646
0.5,0.4,0.15613358174687975
0.51,0.4,0.1573403458277427
0.52,0.4,0.15844135278492133
0.53,0.4,0.15943562594747837
0.54,0.4,0.16032229438079512
0.55,0.4,0.16110059872722424
0.56,0.4,0.16176989714781248
0.5700000000000001,0.4,0.16232967133466866
0.58,0.4,0.16277953255800712
0.59,0.4,0.1631192277059722
0.6,0.4,0.16334864526907916
0.61,0.4,0.1634678212145771
0.62,0.4,0.163476944689442
0.63,0.4,0.1633763634841323
0.64,0.4,0.16316658918295962
0.65,0.4,0.1628483019211368
0.66,0.4,0.16242235466357222
0.67,0.4,0.1618897769166197
0.68,0.4,0.1612517777815254
0.6900000000000001,0.4,0.1605097482576873
0.7000000000000001,0.4,0.15966526270532286
0.71,0.4,0.1587200793810835
0.72,0.4,0.15767613996682162
0.73,0.4,0.15653556802129873
0.74,0.4,0.15530066629724107
0.75,0.4,0.1539739128817086
0.76,0.4,0.15255795613616427
0.77,0.4,0.1510556084334603
0.78,0.4,0.14946983871176936
0.79,0.4,0.14780376388954106
0.8,0.4,0.1460606392100774
0.81,0.4,0.14424384760831546
0.8200000000000001,0.4,0.14235688821490278
0.8300000000000001,0.4,0.14040336413261298
0.84,0.4,0.1383869696366472
0.85,0.4,0.1363114769624896
0.86,0.4,0.13418072285217106
0.87,0.4,0.13199859503152
0.88,0.4,0.12976901878717723
0.89,0.4,0.12749594380288956
0.9,0.4,0.12518333140036636
0.91,0.4,0.12283514231137461
0.92,0.4,0.12045532508574504
0.93,0.4,0.1180478052155231
0.9400000000000001,0.4,0.1156164750297729
0.9500000000000001,0.4,0.1131651843886628
0.96,0.4,0.11069773218045494
0.97,0.4,0.10821785860189155
0.98,0.4,0.10572923818197318
0.99,0.4,0.1032354734918712
1.0,0.4,0.1007400894701437
1.01,0.4,0.09824652828271904
1.02,0.4,0.09575814463137117
1.03,0.4,0.09327820142249321
1.04,0.4,0.09080986570965165
1.05,0.4,0.08835620482840009
1.06,0.4,0.08592018264973461
1.07,0.4,0.08350465588893857
1.08,0.4,0.08111237041901269
1.09,0.4,0.07874595755190418
1.1,0.4,0.07640793026588301
1.11,0.4,0.07410067937329332
1.12,0.4,0.07182646963894657
1.1300000000000001,0.4,0.06958743587530933
1.1400000000000001,0.4,0.0673855790558552
1.1500000000000001,0.4,0.0652227625020372
1.16,0.4,0.06310070821194433
1.17,0.4,0.061020993409331224
1.18,0.4,0.058985047399979985
1.19,0.4,0.05699414882793952
1.2,0.4,0.055049423426756554
1.21,0.4,0.05315184236014269
1.22,0.4,0.05130222124254271
1.23,0.4,0.0495012199226356
1.24,0.4,0.04774934310219546
1.25,0.4,0.046046941849022145
1.26,0.4,0.044394216046332126
1.27,0.4,0.042791217802469944
1.28,0.4,0.04123785582476837
1.29,0.4,0.03973390074038229
1.3,0.4,0.03827899132587756
1.31,0.4,0.036872641586828306
1.32,0.4,0.03551424860957976
1.33,0.4,0.034203101090200264
1.34,0.4,0.03293838843119196
1.35,0.4,0.031719210285151477
1.36,0.4,0.030544586416677854
1.37,0.4,0.02941346674952981
1.3800000000000001,0.4,0.028324741465488554
1.3900000000000001,0.4,0.02727725102436067
1.4000000000000001,0.4,0.02626979598090464
1.41,0.4,0.02530114648377329
1.42,0.4,0.024370051353366475
1.43,0.4,0.02347524664929758
1.44,0.4,0.022615463653364087
1.45,0.4,0.0217894362099515
1.46,0.4,0.020995907382049553
1.47,0.4,0.020233635397091124
1.48,0.4,0.019501398872042084
1.49,0.4,0.018798001321286978
1.5,0.4,0.01812227496345161
1.51,0.4,0.017473083854260406
1.52,0.4,0.016849326381576758
1.53,0.4,0.01624993716599169
1.54,0.4,0.015673888415591888
1.55,0.4,0.015120190787081636
1.56,0.4,0.014587893807236609
1.57,0.4,0.014076085909050323
1.58,0.4,0.013583894135991925
1.59,0.4,0.013110483565786892
1.6,0.4,0.01265505650228704
1.61,0.4,0.012216851480508332
1.62,0.4,0.011795142125980849
1.6300000000000001,0.4,0.011389235905365766
1.6400000000000001,0.4,0.010998472801016066
1.6500000000000001,0.4,0.010622223937889063
1.6600000000000001,0.4,0.010259890187116103
1.67,0.4,0.009910900766621654
1.68,0.4,0.009574711855580724
1.69,0.4,0.00925080523621412
1.7,0.4,0.0089386869734744
1.71,0.4,0.00863788614057549
1.72,0.4,0.008347953596081384
1.73,0.4,0.008068460816338083
1.74,0.4,0.007798998785455909
1.75,0.4,0.007539176943697313
1.76,0.4,0.00728862219410112
1.77,0.4,0.007046977966309526
1.78,0.4,0.006813903335955361
1.79,0.4,0.006589072197470822
1.8,0.4,0.006372172487896823
1.81,0.4,0.006162905459018747
1.82,0.4,0.005960984995092221
1.83,0.4,0.005766136973351079
1.84,0.4,0.005578098664542988
1.85,0.4,0.005396618170787342
1.86,0.4,0.005221453898178345
1.87,0.4,0.0050523740616466375
1.8800000000000001,0.4,0.0048891562197647285
1.8900000000000001,0.4,0.004731586837316766
1.9000000000000001,0.4,0.004579460873596231
1.9100000000000001,0.4,0.004432581394559253
1.92,0.4,0.004290759207085406
1.93,0.4,0.004153812513749491
1.94,0.4,0.004021566586632445
1.95,0.4,0.003893853458830905
1.96,0.4,0.0037705116324205064
1.97,0.4,0.003651385801756283
1.98,0.4,0.003536326591050935
1.99,0.4,0.0034251903053072784
2.0,0.4,0.003317838693728187
2.0100000000000002,0.4,0.003214138724805557
2.02,0.4,0.003113962372361046
2.0300000000000002,0.4,0.003017186411866559
2.04,0.4,0.0029236922264275897
2.05,0.4,0.002833365621859664
2.06,0.4,0.002746096650331618
2.07,0.4,0.0026617794420911935
2.08,0.4,0.0025803120448280935
2.09,0.4,0.0025015962702471632
2.1,0.4,0.0024255375474707005
2.11,0.4,0.0023520447829043674
2.12,0.4,0.002281030226241714
2.13,0.4,0.002212409342275467
2.14,0.4,0.0021461006882322006
2.15,0.4,0.002082025796357456
2.16,0.4,0.0020201090614939458
2.17,0.4,0.00196027763339958
2.18,0.4,0.0019024613135904872
2.19,0.4,0.0018465924564896095
2.2,0.4,0.0017926058746802938
2.21,0.4,0.0017404387480706772
2.22,0.4,0.0016900305367935455
2.23,0.4,0.0016413228976771355
2.24,0.4,0.0015942596041163372
2.25,0.4,0.0015487864692027775
2.2600000000000002,0.4,0.0015048512719591308
2.27,0.4,0.0014624036865527965
2.2800000000000002,0.4,0.0014213952143569807
2.29,0.4,0.0013817791187322379
2.3000000000000003,0.4,0.0013435103624207542
2.31,0.4,0.00130654554743361
2.32,0.4,0.001270842857331401
2.33,0.4,0.001236362001801864
2.34,0.4,0.0012030641634330176
2.35,0.4,0.0011709119465979614
2.36,0.4,0.0011398693283565108
2.37,0.4,0.001109901611310534
2.38,0.4,0.0010809753783158089
2.39,0.4,0.0010530584489840454
2.4,0.4,0.0010261198379066217
2.41,0.4,0.001000129714533645
2.42,0.4,0.0009750593646352528
2.43,0.4,0.0009508811532959992
2.44,0.4,0.0009275684893774257
2.45,0.4,0.000905095791397085
2.46,0.4,0.0008834384547618657
2.47,0.4,0.0008625728203215449
2.48,0.4,0.0008424761441819418
2.49,0.4,0.0008231265687400234
2.5,0.4,0.0008045030948918303
2.5100000000000002,0.4,0.0007865855553708908
2.52,0.4,0.0007693545891934889
2.5300000000000002,0.4,0.0007527916171607743
2.54,0.4,0.0007368788183882289
2.5500000000000003,0.4,0.0007215991078230088
2.56,0.4,0.0007069361147375612
2.57,0.4,0.0006928741621493272
2.58,0.4,0.0006793982471482333
2.59,0.4,0.0006664940221036488
2.6,0.4,0.0006541477767145414
2.61,0.4,0.0006423464208773459
2.62,0.4,0.0006310774683307968
2.63,0.4,0.0006203290210135594
2.64,0.4,0.0006100897540770224
2.65,0.4,0.0006003489014633971
2.66,0.4,0.0005910962419073114
2.67,0.4,0.0005823220851784773
2.68,0.4,0.0005740172583085793
2.69,0.4,0.000566173091445371
2.7,0.4,0.0005587814028240523
2.71,0.4,0.0005518344821717385
2.72,0.4,0.0005453250715896246
2.73,0.4,0.0005392463426476595
2.74,0.4,0.0005335918679816376
2.75,0.4,0.0005283555851364366
2.7600000000000002,0.4,0.0005235317497025889
2.77,0.4,0.0005191148739274823
2.7800000000000002,0.4,0.0005150996459290378
2.79,0.4,0.0005114808233904965
2.8000000000000003,0.4,0.0005082530941512757
2.81,0.4,0.0005054108944943415
2.82,0.4,0.0005029481742341289
2.83,0.4,0.0005008580960614458
2.84,0.4,0.0004991326553101881
2.85,0.4,0.0004977622058038425
2.86,0.4,0.0004967348783415616
2.87,0.4,0.0004960358818354758
2.88,0.4,0.0004956466845017981
2.89,0.4,0.0004955440861681711
2.9,0.4,0.0004956992157453543
2.91,0.4,0.000496076524662978
2.92,0.4,0.0004966329036883839
2.93,0.4,0.0004973171354026844
2.94,0.4,0.0004980700189490137
2.95,0.4,0.0004988256826377662
2.96,0.4,0.0004995148534169334
2.97,0.4,0.0005000712061891092
2.98,0.4,0.0005004424039551126
2.99,0.4,0.0005006081045020708
3.0,0.4,0.0005006081045020708
0.0,0.5,0.0
0.01,0.5,0.0036829821608772217
0.02,0.5,0.007363967973325516
0.03,0.5,0.011040558845787658
0.04,0.5,0.014710464694741507
0.05,0.5,0.01837140933998864
0.06,0.5,0.022021119451712513
0.07,0.5,0.025657322034418912
0.08,0.5,0.029277743950166458
0.09,0.5,0.03288011209025244
0.1,0.5,0.03646215378011633
0.11,0.5,0.04002159727300158
0.12,0.5,0.04355617228035301
0.13,0.5,0.047063610522616754
0.14,0.5,0.05054164629886278
0.15,0.5,0.053988017079864184
0.16,0.5,0.05740046413181062
0.17,0.5,0.06077673317873415
0.18,0.5,0.06411457511189038
0.19,0.5,0.0674117467542197
0.2,0.5,0.07066601168779235
0.21,0.5,0.07387514115190787
0.22,0.5,0.07703691501933946
0.23,0.5,0.08014912285807885
0.24,0.5,0.08320956508584884
0.25,0.5,0.08621605422463677
0.26,0.5,0.08916641626250532
0.27,0.5,0.0920584921299845
0.28,0.5,0.09489013929844428
0.29,0.5,0.09765923350794642
0.3,0.5,0.10036367063218456
0.31,0.5,0.10300136868824324
0.32,0.5,0.10557026999902727
0.33,0.5,0.10806834351631439
0.34,0.5,0.11049358731245981
0.35000000000000003,0.5,0.11284403124881727
0.36,0.5,0.11511773982892273
0.37,0.5,0.11731281524441967
0.38,0.5,0.11942740062149938
0.39,0.5,0.12145968347536411
0.4,0.5,0.1234078993797741
0.41000000000000003,0.5,0.12527033585814543
0.42,0.5,0.12704533650185737
0.43,0.5,0.1287313053203558
0.44,0.5,0.1303267113263218
0.45,0.5,0.13183009335747953
0.46,0.5,0.1332400651345512
0.47000000000000003,0.5,0.1345553205523681
0.48,0.5,0.13577463919814825
0.49,0.5,0.13689689208741052
0.5,0.5,0.13792104760385598
0.51,0.5,0.13884617762476864
0.52,0.5,0.13967146380806364
0.53,0.5,0.14039620401097527
0.54,0.5,0.14101981880358447
0.55,0.5,0.14154185803294178
0.56,0.5,0.14196200738553938
0.5700000000000001,0.5,0.1422800948874081
0.58,0.5,0.1424960972723217
0.59,0.5,0.14261014613975553
0.6,0.5,0.14262253381553305
0.61,0.5,0.1425337188199269
0.62,0.5,0.1423443308407059
0.63,0.5,0.14205517510269244
0.64,0.5,0.1416672360212916
0.65,0.5,0.14118168002569337
0.66,0.5,0.1405998574385051
0.67,0.5,0.13992330330301758
0.68,0.5,0.13915373705739298
0.6900000000000001,0.5,0.13829306096725938
0.7000000000000001,0.5,0.13734335724453034
0.71,0.5,0.1363068838007706
0.72,0.5,0.13518606860779997
0.73,0.5,0.13398350266597372
0.74,0.5,0.13270193161092766
0.75,0.5,0.13134424602148848
0.76,0.5,0.12991347052376284
0.77,0.5,0.12841275181766984
0.78,0.5,0.12684534578099382
0.79,0.5,0.12521460383092756
0.8,0.5,0.12352395874274723
0.81,0.5,0.12177691013861247
0.8200000000000001,0.5,0.1199770098657204
0.8300000000000001,0.5,0.1181278474817939
0.84,0.5,0.11623303605712586
0.85,0.5,0.11429619848655656
0.86,0.5,0.11232095448272787
0.87,0.5,0.11031090839480616
0.88,0.5,0.1082696379660206
0.89,0.5,0.10620068411038122
0.9,0.5,0.10410754175533041
0.91,0.5,0.10199365176432122
0.92,0.5,0.09986239392272303
0.93,0.5,0.09771708094311474
0.9400000000000001,0.5,0.09556095342266685
0.9500000000000001,0.5,0.09339717566655752
0.96,0.5,0.09122883227733763
0.97,0.5,0.08905892540092815
0.98,0.5,0.08689037251524473
0.99,0.5,0.08472600464691053
1.0,0.5,0.08256856490471257
1.01,0.5,0.08042070722478128
1.02,0.5,0.07828499523143241
1.03,0.5,0.07616390112861635
1.04,0.5,0.07405980454948558
1.05,0.5,0.07197499130528202
1.06,0.5,0.06991165198912734
1.07,0.5,0.06787188040502368
1.08,0.5,0.06585767180715392
1.09,0.5,0.06387092094911073
1.1,0.5,0.0619134199567319
1.11,0.5,0.0599868560515744
1.12,0.5,0.0580928091644149
1.1300000000000001,0.5,0.05623274948936629
1.1400000000000001,0.5,0.054408035038988355
1.1500000000000001,0.5,0.052619909268880105
1.16,0.5,0.050869498846505275
1.17,0.5,0.049157811643172386
1.18,0.5,0.0474857350300073
1.19,0.5,0.04585403455828543
1.2,0.5,0.04426335310151843
1.21,0.5,0.04271421053127162
1.22,0.5,0.041207003990845946
1.23,0.5,0.03974200882081007
1.24,0.5,0.03831938017828395
1.25,0.5,0.03693915537802865
1.26,0.5,0.03560125696832381
1.27,0.5,0.03430549653869243
1.28,0.5,0.033051579240380935
1.29,0.5,0.03183910898449276
1.3,0.5,0.030667594267560917
1.31,0.5,0.029536454560423836
1.32,0.5,0.02844502718415048
1.33,0.5,0.027392574586724845
1.34,0.5,0.026378291926625847
1.35,0.5,0.025401314864471822
1.36,0.5,0.0244607274616608
1.37,0.5,0.023555570085356158
1.3800000000000001,0.5,0.022684847222231557
1.3900000000000001,0.5,0.021847535108764086
1.4000000000000001,0.5,0.021042589093358908
1.41,0.5,0.020268950654812316
1.42,0.5,0.019525554012168427
1.43,0.5,0.018811332272517512
1.44,0.5,0.018125223075270275
1.45,0.5,0.0174661737035429
1.46,0.5,0.01683314564507928
1.47,0.5,0.016225118596384883
1.48,0.5,0.01564109391404304
1.49,0.5,0.015080097526430171
1.5,0.5,0.014541182327002475
1.51,0.5,0.014023430076969268
1.52,0.5,0.013525952850372506
1.53,0.5,0.013047894058497059
1.54,0.5,0.012588429093069163
1.55,0.5,0.012146765629074335
1.56,0.5,0.011722143628299155
1.57,0.5,0.011313835084058227
1.58,0.5,0.010921143546124331
1.59,0.5,0.010543403462818662
1.6,0.5,0.010179979374689846
1.61,0.5,0.009830264991344607
1.62,0.5,0.009493682179932838
1.6300000000000001,0.5,0.009169679890618806
1.6400000000000001,0.5,0.008857733041246896
1.6500000000000001,0.5,0.008557341380328702
1.6600000000000001,0.5,0.008268028344577434
1.67,0.5,0.00798933992447774
1.68,0.5,0.007720843548900729
1.69,0.5,0.007462126997500775
1.7,0.5,0.007212797347641715
1.71,0.5,0.006972479960835619
1.72,0.5,0.006740817512179041
1.73,0.5,0.006517469064963259
1.74,0.5,0.006302109191597558
1.75,0.5,0.006094427141071072
1.76,0.5,0.005894126052518367
1.77,0.5,0.0057009222138601524
1.78,0.5,0.005514544364105942
1.79,0.5,0.005334733037569499
1.8,0.5,0.005161239948077276
1.81,0.5,0.004993827411071296
1.82,0.5,0.004832267801487675
1.83,0.5,0.004676343045250425
1.84,0.5,0.004525844142249241
1.85,0.5,0.004380570718732283
1.86,0.5,0.004240330607122262
1.87,0.5,0.004104939451345719
1.8800000000000001,0.5,0.003974220335883849
1.8900000000000001,0.5,0.003848003436856843
1.9000000000000001,0.5,0.0037261256935637393
1.9100000000000001,0.5,0.0036084304990100734
1.92,0.5,0.003494767408065189
1.93,0.5,0.003384991861990678
1.94,0.5,0.0032789649281827903
1.95,0.5,0.003176553054071383
1.96,0.5,0.0030776278341820584
1.97,0.5,0.002982065789481523
1.98,0.5,0.0028897481581586035
1.99,0.5,0.002800560697106546
2.0,0.5,0.0027143934933977136
2.0100000000000002,0.5,0.002631140785117134
2.02,0.5,0.002550700790967043
2.0300000000000002,0.5,0.0024729755481036593
2.04,0.5,0.002397870757709844
2.05,0.5,0.002325295637845234
2.06,0.5,0.0022551627831508022
2.07,0.5,0.002187388031011606
2.08,0.5,0.0021218903338301068
2.09,0.5,0.0020585916370556285
2.1,0.5,0.0019974167626711265
2.11,0.5,0.0019382932978393153
2.12,0.5,0.001881151488441548
2.13,0.5,0.001825924137257797
2.14,0.5,0.001772546506545465
2.15,0.5,0.0017209562248048733
2.16,0.5,0.0016710931975229104
2.17,0.5,0.001622899521698568
2.18,0.5,0.0015763194039623784
2.19,0.5,0.001531299082131522
2.2,0.5,0.0014877867500313537
2.21,0.5,0.0014457324854335871
2.22,0.5,0.001405088180967199
2.23,0.5,0.0013658074778693274
2.24,0.5,0.0013278457024414071
2.25,0.5,0.0012911598050984875
2.2600000000000002,0.5,0.0012557083018907718
2.27,0.5,0.0012214512183940562
2.2800000000000002,0.5,0.0011883500358663595
2.29,0.5,0.001156367639568555
2.3000000000000003,0.5,0.001125468269165135
2.31,0.5,0.0010956174711076812
2.32,0.5,0.0010667820529249947
2.33,0.5,0.0010389300393395706
2.34,0.5,0.0010120306301315204
2.35,0.5,0.0009860541596828924
2.36,0.5,0.0009609720581288924
2.37,0.5,0.0009367568140644216
2.38,0.5,0.0009133819387299435
2.39,0.5,0.0008908219316221725
2.4,0.5,0.0008690522474769783
2.41,0.5,0.0008480492645721241
2.42,0.5,0.00082779025429055
2.43,0.5,0.0008082533519080382
2.44,0.5,0.0007894175285514325
2.45,0.5,0.0007712625642887254
2.46,0.5,0.0007537690223011444
2.47,0.5,0.0007369182241089675
2.48,0.5,0.0007206922258064862
2.49,0.5,0.000705073795273067
2.5,0.5,0.0006900463903242242
2.5100000000000002,0.5,0.0006755941377667521
2.52,0.5,0.0006617018133398715
2.5300000000000002,0.5,0.000648354822502582
2.54,0.5,0.0006355391820409091
2.5500000000000003,0.5,0.0006232415024589558
2.56,0.5,0.0006114489711437193
2.57,0.5,0.0006001493362578888
2.58,0.5,0.000589330891331362
2.59,0.5,0.0005789824605226837
2.6,0.5,0.0005690933844986921
2.61,0.5,0.0005596535068908337
2.62,0.5,0.0005506531612594536
2.63,0.5,0.0005420831584728346
2.64,0.5,0.0005339347743952431
2.65,0.5,0.0005261997377398138
2.66,0.5,0.0005188702178732656
2.67,0.5,0.0005119388123033808
2.68,0.5,0.000505398533487455
2.69,0.5,0.0004992427944846637
2.7,0.5,0.00049346539280407
2.71,0.5,0.00048806049161286767
2.72,0.5,0.0004830225971894388
2.73,0.5,0.00047834653120516817
2.74,0.5,0.0004740273959908289
2.75,0.5,0.00047006053044694137
2.7600000000000002,0.5,0.00046644145364443463
2.77,0.5,0.0004631657924329106
2.7800000000000002,0.5,0.0004602291885175867
2.79,0.5,0.00045762717950883016
2.8000000000000003,0.5,0.00045535504738291823
2.81,0.5,0.00045340762669636046
2.82,0.5,0.0004517790638772231
2.83,0.5,0.0004504625181036826
2.84,0.5,0.00044944979396988787
2.85,0.5,0.000448730896737796
2.86,0.5,0.00044829350300677344
2.87,0.5,0.000448122344104146
2.88,0.5,0.00044819850750080805
2.89,0.5,0.00044849867498181
2.9,0.5,0.0004489943375506259
2.91,0.5,0.0004496510595159394
2.92,0.5,0.0004504279125279612
2.93,0.5,0.00045127727080471755
2.94,0.5,0.00045214525971228124
2.95,0.5,0.00045297329248074824
2.96,0.5,0.0004537013286622946
2.97,0.5,0.00045427376220449575
2.98,0.5,0.0004546492213562192
2.99,0.5,0.0004548160688021055
3.0,0.5,0.0004548160688021055
0.0,0.6,0.0
0.01,0.6,0.0033698535823324764
0.02,0.6,0.006737772416306094
0.03,0.6,0.010101431114411499
0.04,0.6,0.013458609128472222
0.05,0.6,0.01680709909717507
0.06,0.6,0.0201446961556615
0.07,0.6,0.023469195518394687
0.08,0.6,0.02677839204015759
0.09,0.6,0.030070080408072956
0.1,0.6,0.03334205556265751
0.11,0.6,0.036592113208350104
0.12,0.6,0.03981805036365728
0.13,0.6,0.04301766593578177
0.14,0.6,0.04618876131901823
0.15,0.6,0.04932914102232246
0.16,0.6,0.052436613334009605
0.17,0.6,0.05550899103248114
0.18,0.6,0.05854409215210487
0.19,0.6,0.06153974081331862
0.2,0.6,0.06449376812588008
0.21,0.6,0.0674040131740215
0.22,0.6,0.07026832409216753
0.23,0.6,0.07308455923981837
0.24,0.6,0.07585058848420076
0.25,0.6,0.07856429459936318
0.26,0.6,0.08122357479049484
0.27,0.6,0.08382634235238899
0.28,0.6,0.08637052847117542
0.29,0.6,0.0888540841786407
0.3,0.6,0.0912749824686735
0.31,0.6,0.09363122058557631
0.32,0.6,0.09592082249419247
0.33,0.6,0.09814184154195689
0.34,0.6,0.1002923633230877
0.35000000000000003,0.6,0.10237050875516687
0.36,0.6,0.10437443737828489
0.37,0.6,0.10630235088672928
0.38,0.6,0.10815249690279811
0.39,0.6,0.10992317300173023
0.4,0.6,0.11161273099587375
0.41000000000000003,0.6,0.11321958148502198
0.42,0.6,0.11474219867826693
0.43,0.6,0.11617912549067846
0.44,0.6,0.11752897891556388
0.45,0.6,0.11879045566987616
0.46,0.6,0.11996233810648935
0.47000000000000003,0.6,0.1210435003824327
0.48,0.6,0.12203291486672277
0.49,0.6,0.12292965876511344
0.5,0.6,0.12373292093180023
0.51,0.6,0.12444200882992183
0.52,0.6,0.1250563555936184
0.53,0.6,0.12557552713443737
0.54,0.6,0.12599922922424603
0.55,0.6,0.1263273144756414
0.56,0.6,0.12655978912945423
0.5700000000000001,0.6,0.12669681954766038
0.58,0.6,0.12673873829928176
0.59,0.6,0.12668604971723435
0.6,0.6,0.12653943479613355
0.61,0.6,0.12629975529547063
0.62,0.6,0.12596805691005525
0.63,0.6,0.12554557137084632
0.64,0.6,0.12503371734492552
0.65,0.6,0.12443410001397029
0.66,0.6,0.12374850922650737
0.67,0.6,0.12297891614072366
0.68,0.6,0.12212746830140456
0.6900000000000001,0.6,0.12119648312642102
0.7000000000000001,0.6,0.12018843981409107
0.71,0.6,0.11910596972170195
0.72,0.6,0.1179518453058991
0.73,0.6,0.11672896775584418
0.74,0.6,0.11544035348807141
0.75,0.6,0.11408911970585428
0.76,0.6,0.11267846925382367
0.77,0.6,0.11121167501888192
0.78,0.6,0.10969206413997072
0.79,0.6,0.10812300229120764
0.8,0.6,0.10650787829514674
0.81,0.6,0.10485008930591333
0.8200000000000001,0.6,0.1031530267766357
0.8300000000000001,0.6,0.10142006339340416
0.84,0.6,0.0996545411207994
0.85,0.6,0.09785976046373195
0.86,0.6,0.09603897100908947
0.87,0.6,0.0941953632703413
0.88,0.6,0.0923320618206014
0.89,0.6,0.09045211966600115
0.9,0.6,0.08855851378267483
0.91,0.6,0.08665414171776119
0.92,0.6,0.08474181913784702
0.93,0.6,0.08282427819711347
0.9400000000000001,0.6,0.08090416659173605
0.9500000000000001,0.6,0.07898404716626978
0.96,0.6,0.07706639794111277
0.97,0.6,0.07515361243699621
0.98,0.6,0.07324800018197572
0.99,0.6,0.07135178729794452
1.0,0.6,0.06946711707661629
1.01,0.6,0.06759605046867094
1.02,0.6,0.06574056642391267
1.03,0.6,0.06390256203448172
1.04,0.6,0.062083852447093905
1.05,0.6,0.06028617052381628
1.06,0.6,0.05851116624383053
1.07,0.6,0.05676040585085336
1.08,0.6,0.05503537076232592
1.09,0.6,0.05333745626705478
1.1,0.6,0.05166797004756154
1.11,0.6,0.050028130571946716
1.12,0.6,0.048419065407430746
1.1300000000000001,0.6,0.04684180951381104
1.1400000000000001,0.6,0.045297303579781664
1.1500000000000001,0.6,0.043786392468213586
1.16,0.6,0.0423098238380618
1.17,0.6,0.040868247010378764
1.18,0.6,0.03946221214396854
1.19,0.6,0.03809216978248951
1.2,0.6,0.03675847082928445
1.21,0.6,0.035461366999018584
1.22,0.6,0.03420101178649591
1.23,0.6,0.032977461982895195
1.24,0.6,0.03179067975855503
1.25,0.6,0.030640535319461308
1.26,0.6,0.02952681013226207
1.27,0.6,0.028449200700199764
1.28,0.6,0.02740732286031641
1.29,0.6,0.026400716560868797
1.3,0.6,0.02542885106764462
1.31,0.6,0.024491130538911086
1.32,0.6,0.023586899901482758
1.33,0.6,0.022715450954933998
1.34,0.6,0.02187602862753126
1.35,0.6,0.02106783730599644
1.36,0.6,0.020290047161785514
1.37,0.6,0.019541800398993482
1.3800000000000001,0.6,0.01882221735322156
1.3900000000000001,0.6,0.01813040237645596
1.4000000000000001,0.6,0.017465449450020657
1.41,0.6,0.016826447475668797
1.42,0.6,0.016212485203544628
1.43,0.6,0.015622655764817493
1.44,0.6,0.01505606078592394
1.45,0.6,0.014511814070315975
1.46,0.6,0.013989044842104425
1.47,0.6,0.013486900553888698
1.48,0.6,0.013004549268113931
1.49,0.6,0.012541181627463297
1.5,0.6,0.012096012434924561
1.51,0.6,0.011668281868328995
1.52,0.6,0.011257256357242897
1.53,0.6,0.010862229152262428
1.54,0.6,0.010482520617955038
1.55,0.6,0.010117478281131098
1.56,0.6,0.009766476665787078
1.57,0.6,0.009428916945172597
1.58,0.6,0.009104226440007955
1.59,0.6,0.008791857990088841
1.6,0.6,0.008491289224440096
1.61,0.6,0.008202021752932815
1.62,0.6,0.007923580299927624
1.6300000000000001,0.6,0.00765551179812836
1.6400000000000001,0.6,0.007397384458515163
1.6500000000000001,0.6,0.007148786829959509
1.6600000000000001,0.6,0.006909326860030861
1.67,0.6,0.006678630966518518
1.68,0.6,0.006456343127410818
1.69,0.6,0.006242123995459393
1.7,0.6,0.006035650042024635
1.71,0.6,0.005836612733643568
1.72,0.6,0.005644717743702306
1.73,0.6,0.005459684200654081
1.74,0.6,0.005281243973489422
1.75,0.6,0.005109140994509032
1.76,0.6,0.004943130618984143
1.77,0.6,0.004782979020848814
1.78,0.6,0.004628462623308066
1.79,0.6,0.004479367562982605
1.8,0.6,0.004335489186106135
1.81,0.6,0.0041966315751362565
1.82,0.6,0.004062607104149666
1.83,0.6,0.0039332360213251115
1.84,0.6,0.0038083460568800343
1.85,0.6,0.0036877720548231393
1.86,0.6,0.0035713556269807312
1.87,0.6,0.0034589448277858527
1.8800000000000001,0.6,0.003350393848422119
1.8900000000000001,0.6,0.0032455627289857034
1.9000000000000001,0.6,0.0031443170874057825
1.9100000000000001,0.6,0.003046527863955958
1.92,0.6,0.002952071080264606
1.93,0.6,0.002860827611811188
1.94,0.6,0.002772682972972395
1.95,0.6,0.0026875271137610725
1.96,0.6,0.002605254227448242
1.97,0.6,0.0025257625683468674
1.98,0.6,0.0024489542790641352
1.99,0.6,0.002374735226618629
2.0,0.6,0.0023030148468376316
2.0100000000000002,0.6,0.002233705996512155
2.02,0.6,0.0021667248128209816
2.0300000000000002,0.6,0.002101990579577373
2.04,0.6,0.0020394255998893536
2.05,0.6,0.001978955074847146
2.06,0.6,0.0019205069878904261
2.07,0.6,0.0018640119945252968
2.08,0.6,0.0018094033170984983
2.09,0.6,0.0017566166443361562
2.1,0.6,0.0017055900353967449
2.11,0.6,0.0016562638281892987
2.12,0.6,0.0016085805517447244
2.13,0.6,0.0015624848424161718
2.14,0.6,0.0015179233637139871
2.15,0.6,0.0014748447296001022
2.16,0.6,0.0014331994310677043
2.17,0.6,0.0013929397658412497
2.18,0.6,0.0013540197710476235
2.19,0.6,0.0013163951587140384
2.2,0.6,0.0012800232539680956
2.21,0.6,0.0012448629358047386
2.22,0.6,0.0012108745803035975
2.23,0.6,0.0011780200061904866
2.24,0.6,0.0011462624226297167
2.25,0.6,0.0011155663791541032
2.2600000000000002,0.6,0.001085897717632174
2.27,0.6,0.0010572235261907404
2.2800000000000002,0.6,0.0010295120950019
2.29,0.6,0.0010027328738571868
2.3000000000000003,0.6,0.0009768564314547577
2.31,0.6,0.000951854416324433
2.32,0.6,0.0009276995193171554
2.33,0.6,0.0009043654376074961
2.34,0.6,0.0008818268401362559
2.35,0.6,0.0008600593344373283
2.36,0.6,0.0008390394347906686
2.37,0.6,0.0008187445316594422
2.38,0.6,0.0007991528623478859
2.39,0.6,0.0007802434828341042
2.4,0.6,0.0007619962407356809
2.41,0.6,0.0007443917493688511
2.42,0.6,0.0007274113628441585
2.43,0.6,0.0007110371521773086
2.44,0.6,0.0006952518823652002
2.45,0.6,0.00068003899040072
2.46,0.6,0.0006653825641778271
2.47,0.6,0.0006512673222721575
2.48,0.6,0.0006376785945521734
2.49,0.6,0.0006246023035987879
2.5,0.6,0.0006120249468996954
2.5100000000000002,0.6,0.0005999335797841236
2.52,0.6,0.0005883157990955748
2.5300000000000002,0.6,0.0005771597275448071
2.54,0.6,0.0005664539987365612
2.5500000000000003,0.6,0.000556187742821008
2.56,0.6,0.0005463505727613525
2.57,0.6,0.0005369325711663926
2.58,0.6,0.0005279242776528466
2.59,0.6,0.0005193166766896572
2.6,0.6,0.0005111011858649881
2.61,0.6,0.0005032696445073077
2.62,0.6,0.0004958143025687482
2.63,0.6,0.0004887278096417638
2.64,0.6,0.0004820032039631865
2.65,0.6,0.00047563390121128056
2.66,0.6,0.0004696136828256045
2.67,0.6,0.00046393668351439306
2.68,0.6,0.00045859737751351463
2.69,0.6,0.0004535905630381149
2.7,0.6,0.0004489113441956881
2.71,0.6,0.0004445551094447028
2.72,0.6,0.0004405175054133012
2.73,0.6,0.0004367944046137469
2.74,0.6,0.00043338186519936803
2.75,0.6,0.00043027608047961803
2.7600000000000002,0.6,0.00042747331538104923
2.77,0.6,0.0004249698264487209
2.7800000000000002,0.6,0.00042276176130308146
2.79,0.6,0.00042084503274632766
2.8000000000000003,0.6,0.00041921516194922597
2.81,0.6,0.0004178670844443926
2.82,0.6,0.0004167949120869114
2.83,0.6,0.000415991643879439
2.84,0.6,0.00041544881884291476
2.85,0.6,0.00041515610533222056
2.86,0.6,0.0004151008237948149
2.87,0.6,0.0004152674048165622
2.88,0.6,0.00041563679229912105
2.89,0.6,0.00041618581434589347
2.9,0.6,0.000416886563843562
2.91,0.6,0.0004177058595696785
2.92,0.6,0.0004186049006336171
2.93,0.6,0.0004195392871983979
2.94,0.6,0.0004204596653114832
2.95,0.6,0.00042131337221420047
2.96,0.6,0.00042204762215725767
2.97,0.6,0.00042261499686738636
2.98,0.6,0.00042298230901366977
2.99,0.6,0.00042314431688749175
3.0,0.6,0.00042314431688749175
0.0,0.7,0.0
0.01,0.7,0.0031164796734081675
0.02,0.7,0.0062310747411955395
0.03,0.7,0.009341519444056954
0.04,0.7,0.012445649914789796
0.05,0.7,0.015541314915877758
0.06,0.7,0.018626365437612046
0.07,0.7,0.02169865235743405
0.08,0.7,0.024756026029257763
0.09,0.7,0.027796336490931845
0.1,0.7,0.03081743389848594
0.11,0.7,0.03381716905151551
0.12,0.7,0.0367933939615863
0.13,0.7,0.03974396244951375
0.14,0.7,0.04266673077155167
0.15,0.7,0.04555955828060406
0.16,0.7,0.04842030813115765
0.17,0.7,0.051246848037643546
0.18,0.7,0.05403705109624226
0.19,0.7,0.0567887966801824
0.2,0.7,0.0594999714185228
0.21,0.7,0.06216847026835005
0.22,0.7,0.06479219769032223
0.23,0.7,0.06736906893755118
0.24,0.7,0.06989701146792822
0.25,0.7,0.07237396649020374
0.26,0.7,0.07479789065436375
0.27,0.7,0.07716675789712574
0.28,0.7,0.07947856145371848
0.29,0.7,0.08173131604744258
0.3,0.7,0.08392306026885381
0.31,0.7,0.08605185915673441
0.32,0.7,0.08811580699331376
0.33,0.7,0.09011303032641926
0.34,0.7,0.09204169123134882
0.35000000000000003,0.7,0.09389999082523812
0.36,0.7,0.09568617304646346
0.37,0.7,0.09739852871118453
0.38,0.7,0.0990353998583173
0.39,0.7,0.10059518439308947
0.4,0.7,0.1020763410376747
0.41000000000000003,0.7,0.10347739459520039
0.42,0.7,0.10479694153055585
0.43,0.7,0.10603365586776743
0.44,0.7,0.10718629539919163
0.45,0.7,0.10825370819625178
0.46,0.7,0.10923483940484423
0.47000000000000003,0.7,0.11012873830076744
0.48,0.7,0.11093456557154918
0.49,0.7,0.11165160078083199
0.5,0.7,0.11227924996006751
0.51,0.7,0.11281705325977136
0.52,0.7,0.11326469257921057
0.53,0.7,0.11362199907938705
0.54,0.7,0.11388896046994042
0.55,0.7,0.11406572794665794
0.56,0.7,0.11415262264327011
0.5700000000000001,0.7,0.11415014144982813
0.58,0.7,0.11405896204109874
0.59,0.7,0.1138799469529679
0.6,0.7,0.11361414654371882
0.61,0.7,0.1132628006811599
0.62,0.7,0.11282733900673389
0.63,0.7,0.11230937964447747
0.64,0.7,0.11171072624642801
0.65,0.7,0.11103336329667705
0.66,0.7,0.11027944963333676
0.67,0.7,0.10945131019030165
0.68,0.7,0.10855142600734916
0.6900000000000001,0.7,0.10758242260609631
0.7000000000000001,0.7,0.1065470568782609
0.71,0.7,0.10544820267921418
0.72,0.7,0.10428883536132123
0.73,0.7,0.10307201551574839
0.74,0.7,0.10180087221611617
0.75,0.7,0.1004785860710811
0.76,0.7,0.09910837239477663
0.77,0.7,0.09769346479383614
0.78,0.7,0.09623709944815796
0.79,0.7,0.09474250033097595
0.8,0.7,0.09321286557412875
0.81,0.7,0.09165135513904683
0.8200000000000001,0.7,0.09006107990545482
0.8300000000000001,0.7,0.08844509224073845
0.84,0.7,0.08680637806571036
0.85,0.7,0.08514785038916171
0.86,0.7,0.08347234424573187
0.87,0.7,0.08178261294027774
0.88,0.7,0.08008132547769697
0.89,0.7,0.0783710650400731
0.9,0.7,0.07665432836281472
0.91,0.7,0.07493352585746808
0.92,0.7,0.0732109823302974
0.93,0.7,0.07148893815159663
0.9400000000000001,0.7,0.0697695507400271
0.9500000000000001,0.7,0.06805489623816009
0.96,0.7,0.06634697126895059
0.97,0.7,0.06464769467741074
0.98,0.7,0.06295890917663402
0.99,0.7,0.06128238283209025
1.0,0.7,0.059619810332464634
1.01,0.7,0.057972814008958116
1.02,0.7,0.05634294457781356
1.03,0.7,0.0547316815927766
1.04,0.7,0.053140433605189774
1.05,0.7,0.05157053803950858
1.06,0.7,0.050023260801208634
1.07,0.7,0.04849979564227378
1.08,0.7,0.04700126331684609
1.09,0.7,0.04552871056606542
1.1,0.7,0.04408310897664637
1.11,0.7,0.0426653537623152
1.12,0.7,0.04127626252075229
1.1300000000000001,0.7,0.0399165740211536
1.1400000000000001,0.7,0.03858694707883752
1.1500000000000001,0.7,0.03728795957341301
1.16,0.7,0.0360201076658744
1.17,0.7,0.034783805267557984
1.18,0.7,0.033579383810157126
1.19,0.7,0.032407092361025
1.2,0.7,0.031267098121820554
1.21,0.7,0.030159487341328294
1.22,0.7,0.0290842666651597
1.23,0.7,0.02804136493613676
1.24,0.7,0.02703063544983851
1.25,0.7,0.026051858660163
1.26,0.7,0.025104745320205703
1.27,0.7,0.024188940034452256
1.28,0.7,0.02330402518964571
1.29,0.7,0.02244952522377136
1.3,0.7,0.021624911185850203
1.31,0.7,0.020829605533634415
1.32,0.7,0.020062987112164827
1.33,0.7,0.01932439625343702
1.34,0.7,0.018613139936279225
1.35,0.7,0.017928496945878076
1.36,0.7,0.017269722974189022
1.37,0.7,0.016636055605561497
1.3800000000000001,0.7,0.01602671913621866
1.3900000000000001,0.7,0.015440929181488781
1.4000000000000001,0.7,0.014877897030740246
1.41,0.7,0.014336833716583477
1.42,0.7,0.013816953771816524
1.43,0.7,0.013317478654635022
1.44,0.7,0.012837639829544679
1.45,0.7,0.012376681498064434
1.46,0.7,0.011933862979468496
1.47,0.7,0.011508460747451129
1.48,0.7,0.01109977013351239
1.49,0.7,0.010707106712070542
1.5,0.7,0.010329807385710814
1.51,0.7,0.009967231191665699
1.52,0.7,0.009618759852494321
1.53,0.7,0.009283798095160983
1.54,0.7,0.008961773763235373
1.55,0.7,0.008652137746960173
1.56,0.7,0.008354363755386602
1.57,0.7,0.008067947953896124
1.58,0.7,0.007792408489173504
1.59,0.7,0.007527284922207787
1.6,0.7,0.007272137588247285
1.61,0.7,0.007026546900871767
1.62,0.7,0.006790112615538336
1.6300000000000001,0.7,0.006562453066146037
1.6400000000000001,0.7,0.0063432043864198396
1.6500000000000001,0.7,0.006132019726219166
1.6600000000000001,0.7,0.005928568471310268
1.67,0.7,0.005732535473667144
1.68,0.7,0.005543620298045064
1.69,0.7,0.0053615364893733145
1.7,0.7,0.005186010864453351
1.71,0.7,0.005016782830513256
1.72,0.7,0.004853603732391267
1.73,0.7,0.004696236229408487
1.74,0.7,0.004544453702453978
1.75,0.7,0.004398039691300257
1.76,0.7,0.00425678736182658
1.77,0.7,0.0041204990024821695
1.78,0.7,0.003988985549130854
1.79,0.7,0.003862066137206517
1.8,0.7,0.0037395676800291485
1.81,0.7,0.0036213244720034437
1.82,0.7,0.0035071778154262888
1.83,0.7,0.003396975669580961
1.84,0.7,0.0032905723208181453
1.85,0.7,0.0031878280723325286
1.86,0.7,0.00308860895241255
1.87,0.7,0.0029927864399517533
1.8800000000000001,0.7,0.0029002372060946088
1.8900000000000001,0.7,0.0028108428709373422
1.9000000000000001,0.7,0.0027244897742672125
1.9100000000000001,0.7,0.002641068759383635
1.92,0.7,0.0025604749691152486
1.93,0.7,0.0024826076531982095
1.94,0.7,0.0024073699862454984
1.95,0.7,0.0023346688955959384
1.96,0.7,0.00226441489837174
1.97,0.7,0.002196521947145468
1.98,0.7,0.0021309072836308935
1.99,0.7,0.0020674912998969583
2.0,0.7,0.0020061974066092098
2.0100000000000002,0.7,0.0019469519078597162
2.02,0.7,0.0018896838821708852
2.0300000000000002,0.7,0.0018343250692969308
2.04,0.7,0.0017808097624741565
2.05,0.7,0.0017290747057935659
2.06,0.7,0.0016790589963982252
2.07,0.7,0.0016307039912237316
2.08,0.7,0.0015839532180361923
2.09,0.7,0.0015387522905155437
2.1,0.7,0.0014950488271709176
2.11,0.7,0.0014527923738753825
2.12,0.7,0.0014119343298405395
2.13,0.7,0.0013724278768376963
2.14,0.7,0.0013342279115023392
2.15,0.7,0.0012972909805701177
2.16,0.7,0.0012615752188990987
2.17,0.7,0.0012270402901331417
2.18,0.7,0.0011936473298833196
2.19,0.7,0.0011613588913046795
2.2,0.7,0.0011301388929585592
2.21,0.7,0.0010999525688492747
2.22,0.7,0.0010707664205364116
2.23,0.7,0.0010425481712292245
2.24,0.7,0.0010152667217696548
2.25,0.7,0.0009888921084248868
2.2600000000000002,0.7,0.0009633954624014948
2.27,0.7,0.0009387489710153297
2.2800000000000002,0.7,0.0009149258404401563
2.29,0.7,0.0008919002599674552
2.3000000000000003,0.7,0.0008696473677168337
2.31,0.7,0.0008481432177262273
2.32,0.7,0.0008273647483732421
2.33,0.7,0.0008072897520739127
2.34,0.7,0.000787896846200031
2.35,0.7,0.0007691654451695161
2.36,0.7,0.0007510757336575113
2.37,0.7,0.000733608640897261
2.38,0.7,0.000716745816014074
2.39,0.7,0.0007004696043525489
2.4,0.7,0.0006847630247656415
2.41,0.7,0.0006696097478273746
2.42,0.7,0.0006549940749254517
2.43,0.7,0.0006409009182134217
2.44,0.7,0.0006273157813808409
2.45,0.7,0.0006142247412159879
2.46,0.7,0.0006016144299237641
2.47,0.7,0.0005894720181824189
2.48,0.7,0.000577785198903506
2.49,0.7,0.0005665421716689528
2.5,0.7,0.0005557316278208311
2.5100000000000002,0.7,0.0005453427361698513
2.52,0.7,0.0005353651293112711
2.5300000000000002,0.7,0.0005257888905074293
2.54,0.7,0.0005166045411113664
2.5500000000000003,0.7,0.0005078030284900274
2.56,0.7,0.0004993757144310119
2.57,0.7,0.0004913143639692753
2.58,0.7,0.0004836111345942765
2.59,0.7,0.00047625856577481666
2.6,0.7,0.00046924956872399404
2.61,0.7,0.00046257741631810476
2.62,0.7,0.0004562357330508597
2.63,0.7,0.00045021848486751653
2.64,0.7,0.000444519968695495
2.65,0.7,0.0004391348014429376
2.66,0.7,0.0004340579081485356
2.67,0.7,0.0004292845089042253
2.68,0.7,0.000424810104063568
2.69,0.7,0.00042063045713244677
2.7,0.7,0.00041674157456827305
2.71,0.7,0.0004131396815397032
2.72,0.7,0.00040982119245138446
2.73,0.7,0.0004067826747803599
2.74,0.7,0.00040402080443516675
2.75,0.7,0.00040153231047181917
2.7600000000000002,0.7,0.00039931390656318936
2.77,0.7,0.00039736220613191764
2.7800000000000002,0.7,0.00039567361753198944
2.79,0.7,0.0003942442151269055
2.8000000000000003,0.7,0.0003930695815717151
2.81,0.7,0.00039214461619244443
2.82,0.7,0.0003914633041023457
2.83,0.7,0.00039101844078575753
2.84,0.7,0.00039080130754262806
2.85,0.7,0.00039080129475065653
2.86,0.7,0.00039100547276522713
2.87,0.7,0.00039139811521391154
2.88,0.7,0.0003919601871904582
2.89,0.7,0.00039266882279772697
2.9,0.7,0.0003934968342385457
2.91,0.7,0.000394412320529163
2.92,0.7,0.00039537848099963194
2.93,0.7,0.00039635379123186286
2.94,0.7,0.00039729277243717205
2.95,0.7,0.00039814768689064637
2.96,0.7,0.0003988716314826641
2.97,0.7,0.00039942369151399834
2.98,0.7,0.00039977707405981983
2.99,0.7,0.00039993148619960647
3.0,0.7,0.00039993148619960647
0.0,0.8,0.0
0.01,0.8,0.002905901865355864
0.02,0.8,0.0058099611744367235
0.03,0.8,0.008709962193894631
0.04,0.8,0.011603788637361155
0.05,0.8,0.014489336397839498
0.06,0.8,0.01736450338334992
0.07,0.8,0.020227187237753467
0.08,0.8,0.023075284952257295
0.09,0.8,0.02590669308511564
0.1,0.8,0.028719308206996464
0.11,0.8,0.031511027439617895
0.12,0.8,0.03427974904100034
0.13,0.8,0.037023373024053376
0.14,0.8,0.039739801809225025
0.15,0.8,0.042426940918008985
0.16,0.8,0.04508269971674965
0.17,0.8,0.04770499222127953
0.18,0.8,0.050291737973334145
0.19,0.8,0.05284086299983195
0.2,0.8,0.055350300866168024
0.21,0.8,0.05781799383474031
0.22,0.8,0.06024189414006241
0.23,0.8,0.06261996539202357
0.24,0.8,0.06495018411913088
0.25,0.8,0.06723054146393649
0.26,0.8,0.0694590450432624
0.27,0.8,0.07163372098629472
0.28,0.8,0.07375261616413488
0.29,0.8,0.07581380062490882
0.3,0.8,0.07781537024902568
0.31,0.8,0.07975544963964266
0.32,0.8,0.08163219526376941
0.33,0.8,0.08344379885969423
0.34,0.8,0.0851884911264755
0.35000000000000003,0.8,0.08686454571105102
0.36,0.8,0.08847028350799091
0.37,0.8,0.09000407728599828
0.38,0.8,0.09146435665375081
0.39,0.8,0.09284961337557723
0.4,0.8,0.09415840704455167
0.41000000000000003,0.8,0.09538937111675767
0.42,0.8,0.09654121930560093
0.43,0.8,0.09761275232893203
0.44,0.8,0.09860286499432268
0.45,0.8,0.09951055359892573
0.46,0.8,0.10033492360991313
0.47000000000000003,0.8,0.10107519757947223
0.48,0.8,0.10173072323478236
0.49,0.8,0.10230098166841775
0.5,0.8,0.1027855955384525
0.51,0.8,0.10318433717053184
0.52,0.8,0.10349713643684805
0.53,0.8,0.10372408826992556
0.54,0.8,0.10386545965324905
0.55,0.8,0.10392169591698314
0.56,0.8,0.10389342615645339
0.5700000000000001,0.8,0.10378146758483907
0.58,0.8,0.10358682863083576
0.59,0.8,0.1033107105980733
0.6,0.8,0.10295450771669631
0.61,0.8,0.10251980543946093
0.62,0.8,0.10200837686523605
0.63,0.8,0.10142217721173495
0.64,0.8,0.10076333630580492
0.65,0.8,0.10003414911229042
0.66,0.8,0.09923706437930427
0.67,0.8,0.09837467153617273
0.68,0.8,0.0974496860373122
0.6900000000000001,0.8,0.0964649333978093
0.7000000000000001,0.8,0.09542333221128668
0.71,0.8,0.09432787647504794
0.72,0.8,0.09318161756921893
0.73,0.8,0.09198764624426314
0.74,0.8,0.09074907496430934
0.75,0.8,0.08946902093271199
0.76,0.8,0.08815059009260019
0.77,0.8,0.0867968623510813
0.78,0.8,0.08541087822410957
0.79,0.8,0.08399562704294097
0.8,0.8,0.08255403680578333
0.81,0.8,0.08108896570272581
0.8200000000000001,0.8,0.07960319529086259
0.8300000000000001,0.8,0.07809942525171758
0.84,0.8,0.07658026962603248
0.85,0.8,0.07504825439234263
0.86,0.8,0.07350581623572693
0.87,0.8,0.07195530234121464
0.88,0.8,0.07039897104180792
0.89,0.8,0.06883899315287914
0.9,0.8,0.06727745383164613
0.91,0.8,0.06571635481129307
0.92,0.8,0.06415761687295157
0.93,0.8,0.06260308243412965
0.9400000000000001,0.8,0.06105451814839318
0.9500000000000001,0.8,0.05951361742748351
0.96,0.8,0.05798200281298605
0.97,0.8,0.05646122813985936
0.98,0.8,0.05495278044825666
0.99,0.8,0.05345808161304834
1.0,0.8,0.05197848967221579
1.01,0.8,0.05051529984584641
1.02,0.8,0.049069745246886544
1.03,0.8,0.04764299729320481
1.04,0.8,0.04623616583786456
1.05,0.8,0.04485029904104816
1.06,0.8,0.0434863830127364
1.07,0.8,0.04214534126013408
1.08,0.8,0.0408280339779986
1.09,0.8,0.03953525722343435
1.1,0.8,0.038267742019380796
1.11,0.8,0.03702615343294399
1.12,0.8,0.0358110896757852
1.1300000000000001,0.8,0.03462308127407406
1.1400000000000001,0.8,0.033462590354889375
1.1500000000000001,0.8,0.032330010094413116
1.16,0.8,0.0312256643708374
1.17,0.8,0.030149807661528787
1.18,0.8,0.02910262521973063
1.19,0.8,0.02808423356098757
1.2,0.8,0.02709468128360214
1.21,0.8,0.026133950240923638
1.22,0.8,0.025201957076276187
1.23,0.8,0.02429855512393529
1.24,0.8,0.023423536672073128
1.25,0.8,0.02257663557609892
1.26,0.8,0.02175753020359669
1.27,0.8,0.020965846685241266
1.28,0.8,0.02020116243994743
1.29,0.8,0.019463009937086617
1.3,0.8,0.01875088065423078
1.31,0.8,0.018064229185463392
1.32,0.8,0.017402477453084875
1.33,0.8,0.016765018974425845
1.34,0.8,0.01615122313557597
1.35,0.8,0.015560439425010725
1.36,0.8,0.014992001582342884
1.37,0.8,0.014445231620559003
1.3800000000000001,0.8,0.013919443684066151
1.3900000000000001,0.8,0.013413947709451573
1.4000000000000001,0.8,0.012928052860909638
1.41,0.8,0.01246107071765171
1.42,0.8,0.012012318196087834
1.43,0.8,0.01158112019503127
1.44,0.8,0.011166811957438192
1.45,0.8,0.010768741147171504
1.46,0.8,0.010386269643815133
1.47,0.8,0.010018775062653638
1.48,0.8,0.00966565201041749
1.49,0.8,0.009326313090349269
1.5,0.8,0.009000189672451895
1.51,0.8,0.008686732446565999
1.52,0.8,0.008385411777090283
1.53,0.8,0.008095717878864683
1.54,0.8,0.007817160833923609
1.55,0.8,0.007549270468661297
1.56,0.8,0.007291596110379237
1.57,0.8,0.007043706241388715
1.58,0.8,0.006805188067786456
1.59,0.8,0.006575647018805895
1.6,0.8,0.00635470619133155
1.61,0.8,0.0061420057527808965
1.62,0.8,0.005937202314151055
1.6300000000000001,0.8,0.0057399682836292475
1.6400000000000001,0.8,0.0055499912098272595
1.6500000000000001,0.8,0.005366973122401337
1.6600000000000001,0.8,0.00519062987662617
1.67,0.8,0.005020690507365821
1.68,0.8,0.004856896596873723
1.69,0.8,0.004699001659947658
1.7,0.8,0.004546770549149961
1.71,0.8,0.004399978882088963
1.72,0.8,0.004258412492162461
1.73,0.8,0.004121866903608805
1.74,0.8,0.0039901468313005214
1.75,0.8,0.0038630657053178624
1.76,0.8,0.003740445220077137
1.77,0.8,0.003622114907508439
1.78,0.8,0.0035079117336294353
1.79,0.8,0.003397679717694572
1.8,0.8,0.0032912695730174415
1.81,0.8,0.003188538368465639
1.82,0.8,0.003089349209628335
1.83,0.8,0.002993570938606376
1.84,0.8,0.0029010778513902814
1.85,0.8,0.002811749431789808
1.86,0.8,0.002725470100932648
1.87,0.8,0.002642128981350629
1.8800000000000001,0.8,0.002561619674735326
1.8900000000000001,0.8,0.002483840052481885
1.9000000000000001,0.8,0.0024086920581842808
1.9100000000000001,0.8,0.002336081521296778
1.92,0.8,0.0022659179812213708
1.93,0.8,0.0021981145211317312
1.94,0.8,0.002132587610882617
1.95,0.8,0.0020692569584169975
1.96,0.8,0.0020080453690966183
1.97,0.8,0.001948878612453987
1.98,0.8,0.0018916852958654998
1.99,0.8,0.0018363967447231685
2.0,0.8,0.0017829468886785423
2.0100000000000002,0.8,0.001731272153584105
2.02,0.8,0.0016813113587770836
2.0300000000000002,0.8,0.0016330056193796915
2.04,0.8,0.0015862982533165126
2.05,0.8,0.001541134692768262
2.06,0.8,0.001497462399801708
2.07,0.8,0.0014552307859345996
2.08,0.8,0.001414391135421505
2.09,0.8,0.0013748965320423377
2.1,0.8,0.0013367017892062945
2.11,0.8,0.0012997633831891404
2.12,0.8,0.0012640393893493733
2.13,0.8,0.0012294894211491365
2.14,0.8,0.0011960745718449294
2.15,0.8,0.0011637573587117264
2.16,0.8,0.0011325016696776128
2.17,0.8,0.0011022727122398587
2.18,0.8,0.0010730369645568004
2.19,0.8,0.0010447621286097256
2.2,0.8,0.0010174170853400131
2.21,0.8,0.0009909718516639392
2.22,0.8,0.0009653975392773226
2.23,0.8,0.0009406663151746127
2.24,0.8,0.0009167513637993327
2.25,0.8,0.0008936268507506921
2.2600000000000002,0.8,0.0008712678879846576
2.27,0.8,0.0008496505004378935
2.2800000000000002,0.8,0.0008287515940165097
2.29,0.8,0.0008085489248876911
2.3000000000000003,0.8,0.0007890210700243697
2.31,0.8,0.0007701473989430729
2.32,0.8,0.0007519080465897295
2.33,0.8,0.0007342838873264892
2.34,0.8,0.0007172565099705083
2.35,0.8,0.0007008081938452171
2.36,0.8,0.0006849218857998969
2.37,0.8,0.0006695811781709223
2.38,0.8,0.0006547702876332972
2.39,0.8,0.0006404740349101153
2.4,0.8,0.0006266778253113918
2.41,0.8,0.0006133676300726634
2.42,0.8,0.0006005299684509896
2.43,0.8,0.0005881518905617877
2.44,0.8,0.0005762209609209608
2.45,0.8,0.0005647252426693585
2.46,0.8,0.0005536532824456657
2.47,0.8,0.000542994095892391
2.48,0.8,0.0005327371537616469
2.49,0.8,0.0005228723685986392
2.5,0.8,0.0005133900819758591
2.5100000000000002,0.8,0.0005042810522466972
2.52,0.8,0.000495536442804581
2.5300000000000002,0.8,0.00048714781080432456
2.54,0.8,0.00047910709631795263
2.5500000000000003,0.8,0.0004714066118797035
2.56,0.8,0.00046403903239399723
2.57,0.8,0.00045699738534204154
2.58,0.8,0.000450275041227972
2.59,0.8,0.0004438657041970415
2.6,0.8,0.00043776340272855214
2.61,0.8,0.00043196248030261526
2.62,0.8,0.0004264575858998821
2.63,0.8,0.0004212436641549451
2.64,0.8,0.00041631594495662554
2.65,0.8,0.0004116699322366405
2.66,0.8,0.00040730139160347084
2.67,0.8,0.00040320633640960924
2.68,0.8,0.00039938101174218045
2.69,0.8,0.0003958218757095197
2.7,0.8,0.00039252557723706545
2.71,0.8,0.00038948892942493687
2.72,0.8,0.00038670887729278257
2.73,0.8,0.00038418245851420306
2.74,0.8,0.00038190675544264453
2.75,0.8,0.00037987883641390184
2.7600000000000002,0.8,0.00037809568394685895
2.77,0.8,0.0003765541070749931
2.7800000000000002,0.8,0.0003752506346239096
2.79,0.8,0.00037418138586815006
2.8000000000000003,0.8,0.00037334191463691115
2.81,0.8,0.00037272702271172876
2.82,0.8,0.0003723305383404393
2.83,0.8,0.0003721450560205573
2.84,0.8,0.00037216163459404135
2.85,0.8,0.000372369452458316
2.86,0.8,0.0003727554216719092
2.87,0.8,0.00037330376760913344
2.88,0.8,0.00037399558824381007
2.89,0.8,0.0003748084183082005
2.9,0.8,0.0003757158398970431
2.91,0.8,0.00037668720454035813
2.92,0.8,0.0003776875650248396
2.93,0.8,0.00037867796189394796
2.94,0.8,0.00037961627428515193
2.95,0.8,0.00038045893395283995
2.96,0.8,0.00038116392321181446
2.97,0.8,0.00038169564317805995
2.98,0.8,0.00038203246248063303
2.99,0.8,0.000382178057450211
3.0,0.8,0.000382178057450211
0.0,0.9,0.0
0.01,0.9,0.002727234584862687
0.02,0.9,0.005452662709297955
0.03,0.9,0.008174111594431268
0.04,0.9,0.010889505827735927
0.05,0.9,0.01359678180043176
0.06,0.9,0.016293877743779335
0.07,0.9,0.018978731500754954
0.08,0.9,0.021649280155402264
0.09,0.9,0.02430346026240082
0.1,0.9,0.02693920830183911
0.11,0.9,0.029554461229576175
0.12,0.9,0.03214715707781332
0.13,0.9,0.03471523559338714
0.14,0.9,0.03725663891517417
0.15,0.9,0.03976931229808712
0.16,0.9,0.04225120489386561
0.17,0.9,0.04470027060006597
0.18,0.9,0.04711446898918749
0.19,0.9,0.04949176633015039
0.2,0.9,0.051830136714554775
0.21,0.9,0.054127563300375756
0.22,0.9,0.056382039686062035
0.23,0.9,0.058591571428401344
0.24,0.9,0.06075417771799112
0.25,0.9,0.06286789322673593
0.26,0.9,0.06493077014242066
0.27,0.9,0.06694088040609865
0.28,0.9,0.06889631816876514
0.29,0.9,0.07079520248450714
0.3,0.9,0.07263568025798915
0.31,0.9,0.07441592946472594
0.32,0.9,0.07613416266303095
0.33,0.9,0.07778863081674314
0.34,0.9,0.07937762744772127
0.35000000000000003,0.9,0.08089949313657534
0.36,0.9,0.0823526203890146
0.37,0.9,0.08373545888345751
0.38,0.9,0.08504652111290478
0.39,0.9,0.08628438843046504
0.4,0.9,0.0874477175030667
0.41000000000000003,0.9,0.08853524717165072
0.42,0.9,0.08954580570832045
0.43,0.9,0.0904783184513365
0.44,0.9,0.09133181578740854
0.45,0.9,0.0921054414373119
0.46,0.9,0.09279846098549291
0.47000000000000003,0.9,0.093410270577101
0.48,0.9,0.0939404056870513
0.49,0.9,0.09438854984566222
0.5,0.9,0.09475454318470074
0.51,0.9,0.09503839064709907
0.52,0.9,0.09524026968415868
0.53,0.9,0.09536053724688297
0.54,0.9,0.09539973586456131
0.55,0.9,0.09535859859529584
0.56,0.9,0.09523805263131352
0.5700000000000001,0.9,0.09503922134805308
0.58,0.9,0.09476342460132148
0.59,0.9,0.09441217710220919
0.6,0.9,0.09398718473517004
0.61,0.9,0.09349033873049183
0.62,0.9,0.09292370765723464
0.63,0.9,0.09228952726476845
0.64,0.9,0.09159018826772874
0.65,0.9,0.09082822223724282
0.66,0.9,0.09000628582701425
0.67,0.9,0.08912714362241314
0.68,0.9,0.08819364995029498
0.6900000000000001,0.9,0.08720873002372076
0.7000000000000001,0.9,0.08617536081654668
0.71,0.9,0.08509655206665197
0.72,0.9,0.08397532779314179
0.73,0.9,0.08281470868326803
0.74,0.9,0.08161769566118023
0.75,0.9,0.08038725489596958
0.76,0.9,0.07912630444450226
0.77,0.9,0.07783770265904726
0.78,0.9,0.07652423842455598
0.79,0.9,0.07518862322897023
0.8,0.9,0.07383348501493645
0.81,0.9,0.07246136371475706
0.8200000000000001,0.9,0.07107470833349634
0.8300000000000001,0.9,0.0696758754183228
0.84,0.9,0.0682671287351299
0.85,0.9,0.06685063996540834
0.86,0.9,0.06542849023613904
0.87,0.9,0.06400267230164301
0.88,0.9,0.06257509320751184
0.89,0.9,0.061147577281409356
0.9,0.9,0.0597218693124824
0.91,0.9,0.05829963779914982
0.92,0.9,0.05688247816330736
0.93,0.9,0.05547191584675017
0.9400000000000001,0.9,0.054069409222401124
0.9500000000000001,0.9,0.052676352268419865
0.96,0.9,0.05129407696727184
0.97,0.9,0.04992385540433487
0.98,0.9,0.048566901551584954
0.99,0.9,0.04722437273148039
1.0,0.9,0.0458973707644356
1.01,0.9,0.044586942810390225
1.02,0.9,0.04329408192108376
1.03,0.9,0.042019727324859736
1.04,0.9,0.04076476447022004
1.05,0.9,0.03953002485811697
1.06,0.9,0.03831628569607797
1.07,0.9,0.037124269409765556
1.08,0.9,0.03595464304958982
1.09,0.9,0.03480801763140493
1.1,0.9,0.03368494745118684
1.11,0.9,0.03258592941392085
1.12,0.9,0.031511402416594725
1.1300000000000001,0.9,0.03046174682427971
1.1400000000000001,0.9,0.029437284076713876
1.1500000000000001,0.9,0.02843827646053691
1.16,0.9,0.027464927079445776
1.17,0.9,0.026517380050969718
1.18,0.9,0.025595720954404492
1.19,0.9,0.024699977549723265
1.2,0.9,0.023830120782084786
1.21,0.9,0.022986066080971687
1.22,0.9,0.022167674957209293
1.23,0.9,0.021374756895103535
1.24,0.9,0.02060707153106421
1.25,0.9,0.019864331104304713
1.26,0.9,0.01914620315979502
1.27,0.9,0.018452313478664426
1.28,0.9,0.01778224920694473
1.29,0.9,0.017135562149828188
1.3,0.9,0.016511772195835855
1.31,0.9,0.015910370833263857
1.32,0.9,0.015330824720228144
1.33,0.9,0.014772579269422863
1.34,0.9,0.014235062209433064
1.35,0.9,0.013717687085958979
1.36,0.9,0.013219856668608742
1.37,0.9,0.012740966231828563
1.3800000000000001,0.9,0.012280406682034374
1.3900000000000001,0.9,0.011837567506882831
1.4000000000000001,0.9,0.011411839526785369
1.41,0.9,0.011002617433099196
1.42,0.9,0.010609302101750843
1.43,0.9,0.010231302675313012
1.44,0.9,0.00986803841059262
1.45,0.9,0.009518940292559291
1.46,0.9,0.009183452418829422
1.47,0.9,0.008861033161941033
1.48,0.9,0.008551156119181101
1.49,0.9,0.008253310861842994
1.5,0.9,0.007967003497394085
1.51,0.9,0.00769175705925289
1.52,0.9,0.00742711173961344
1.53,0.9,0.007172624981165126
1.54,0.9,0.006927871443561234
1.55,0.9,0.0066924428602681526
1.56,0.9,0.006465947800881025
1.57,0.9,0.006248011353306828
1.58,0.9,0.006038274739335898
1.59,0.9,0.005836394876138755
1.6,0.9,0.00564204389517123
1.61,0.9,0.0054549086288739395
1.62,0.9,0.005274690074445968
1.6300000000000001,0.9,0.005101102842874483
1.6400000000000001,0.9,0.004933874600361216
1.6500000000000001,0.9,0.004772745508268245
1.6600000000000001,0.9,0.004617467666780285
1.67,0.9,0.004467804566599492
1.68,0.9,0.004323530552207873
1.69,0.9,0.004184430299519445
1.7,0.9,0.004050298310103213
1.71,0.9,0.0039209384236043145
1.72,0.9,0.003796163349518073
1.73,0.9,0.003675794219029442
1.74,0.9,0.003559660157310252
1.75,0.9,0.0034475978763401183
1.76,0.9,0.0033394512881111016
1.77,0.9,0.003235071137844961
1.78,0.9,0.003134314656732196
1.79,0.9,0.0030370452335499285
1.8,0.9,0.00294313210446906
1.81,0.9,0.0028524500602551887
1.82,0.9,0.0027648791700697717
1.83,0.9,0.002680304521029366
1.84,0.9,0.0025986159726942796
1.85,0.9,0.002519707925646053
1.86,0.9,0.0024434791033563995
1.87,0.9,0.002369832346538809
1.8800000000000001,0.9,0.002298674419232529
1.8900000000000001,0.9,0.0022299158258890185
1.9000000000000001,0.9,0.0021634706387661635
1.9100000000000001,0.9,0.002099256334972568
1.92,0.9,0.002037193642544907
1.93,0.9,0.0019772063949717376
1.94,0.9,0.0019192213936209685
1.95,0.9,0.0018631682775668579
1.96,0.9,0.0018089794003278187
1.97,0.9,0.0017565897130870178
1.98,0.9,0.0017059366539650983
1.99,0.9,0.0016569600429827182
2.0,0.9,0.001609601982342401
2.0100000000000002,0.9,0.0015638067617070829
2.02,0.9,0.0015195207681656538
2.0300000000000002,0.9,0.0014766924006024138
2.04,0.9,0.001435271988209829
2.05,0.9,0.0013952117128978154
2.06,0.9,0.0013564655353739794
2.07,0.9,0.0013189891246806887
2.08,0.9,0.0012827397910043297
2.09,0.9,0.0012476764215610147
2.1,0.9,0.0012137594193980744
2.11,0.9,0.0011809506449478356
2.12,0.9,0.0011492133601994686
2.13,0.9,0.0011185121753369471
2.14,0.9,0.0010888129977181266
2.15,0.9,0.0010600829830829698
2.16,0.9,0.001032290488876946
2.17,0.9,0.0010054050295780618
2.18,0.9,0.0009793972339334045
2.19,0.9,0.0009542388040127376
2.2,0.9,0.0009299024759968619
2.21,0.9,0.0009063619826113233
2.22,0.9,0.0008835920171328308
2.23,0.9,0.000861568198897236
2.24,0.9,0.0008402670402380313
2.25,0.9,0.0008196659147937225
2.2600000000000002,0.9,0.0007997430271199889
2.27,0.9,0.0007804773835539728
2.2800000000000002,0.9,0.0007618487642746756
2.29,0.9,0.0007438376965040231
2.3000000000000003,0.9,0.0007264254288080227
2.31,0.9,0.0007095939064423267
2.32,0.9,0.0006933257477044892
2.33,0.9,0.000677604221253287
2.34,0.9,0.000662413224348347
2.35,0.9,0.0006477372619795754
2.36,0.9,0.0006335614268435732
2.37,0.9,0.0006198713801444511
2.38,0.9,0.0006066533331773361
2.39,0.9,0.0005938940296616071
2.4,0.9,0.000581580728800253
2.41,0.9,0.0005697011890412109
2.42,0.9,0.0005582436524980562
2.43,0.9,0.000547196830019836
2.44,0.9,0.000536549886874911
2.45,0.9,0.0005262924290288365
2.46,0.9,0.0005164144899831554
2.47,0.9,0.0005069065181644407
2.48,0.9,0.0004977593648283194
2.49,0.9,0.0004889642724560827
2.5,0.9,0.0004805128636172972
2.5100000000000002,0.9,0.00047239713026770764
2.52,0.9,0.0004646094234639363
2.5300000000000002,0.9,0.0004571424434543764
2.54,0.9,0.0004499892301073047
2.5500000000000003,0.9,0.0004431431536289619
2.56,0.9,0.00043659790554106097
2.57,0.9,0.0004303474898417325
2.58,0.9,0.0004243862142858632
2.59,0.9,0.00041870868170262046
2.6,0.9,0.00041330978124241185
2.61,0.9,0.00040818467943619526
2.62,0.9,0.00040332881091062885
2.63,0.9,0.000398737868564882
2.64,0.9,0.00039440779297882436
2.65,0.9,0.00039033476077944367
2.66,0.9,0.0003865151716016268
2.67,0.9,0.0003829456332179567
2.68,0.9,0.0003796229443137391
2.69,0.9,0.0003765440742770982
2.7,0.9,0.0003737061392209226
2.71,0.9,0.00037110637331185924
2.72,0.9,0.0003687420942739203
2.73,0.9,0.0003666106617402951
2.74,0.9,0.00036470942686283567
2.75,0.9,0.0003630356713260691
2.7600000000000002,0.9,0.00036158653360756385
2.77,0.9,0.0003603589200147546
2.7800000000000002,0.9,0.00035934939770956474
2.79,0.9,0.0003585540666605284
2.8000000000000003,0.9,0.00035796840723307285
2.81,0.9,0.00035758710004404735
2.82,0.9,0.0003574038148539896
2.83,0.9,0.00035741096575347557
2.84,0.9,0.0003575994309405139
2.85,0.9,0.0003579582372508991
2.86,0.9,0.00035847421259379127
2.87,0.9,0.00035913161420843937
2.88,0.9,0.0003599117477283854
2.89,0.9,0.00036079260250840376
2.9,0.9,0.00036174854376477475
2.91,0.9,0.00036275012354723403
2.92,0.9,0.00036376410275985773
2.93,0.9,0.0003647538185219521
2.94,0.9,0.0003656800892488687
2.95,0.9,0.0003665029295661753
2.96,0.9,0.00036718445581378374
2.97,0.9,0.0003676935103011779
2.98,0.9,0.0003680127314233337
2.99,0.9,0.00036814906421684946
3.0,0.9,0.00036814906421684946
0.0,1.0,0.0
0.01,1.0,0.0025731200448124787
0.02,1.0,0.005144465213007658
0.03,1.0,0.0077119003152092995
0.04,1.0,0.010273385720642406
0.05,1.0,0.012826893280296426
0.06,1.0,0.015370396536184466
0.07,1.0,0.017901868535923397
0.08,1.0,0.020419281476596413
0.09,1.0,0.02292060694219181
0.1,1.0,0.02540381636613992
0.11,1.0,0.02786688159176523
0.12,1.0,0.030307775486422044
0.13,1.0,0.0327244725975649
0.14,1.0,0.03511494985280497
0.15,1.0,0.03747718731213484
0.16,1.0,0.03980916898332685
0.17,1.0,0.04210888371284036
0.18,1.0,0.04437432616525741
0.19,1.0,0.046603497904709426
0.2,1.0,0.04879440859215397
0.21,1.0,0.05094507731278667
0.22,1.0,0.05305353404840668
0.23,1.0,0.05511782131018602
0.24,1.0,0.05713599594802053
0.25,1.0,0.0591061311534929
0.26,1.0,0.061026318674378154
0.27,1.0,0.06289467125958445
0.28,1.0,0.06470932535441769
0.29,1.0,0.06646844406700679
0.3,1.0,0.06817022042758165
0.31,1.0,0.06981288096298498
0.32,1.0,0.071394689609237
0.33,1.0,0.07291395198502654
0.34,1.0,0.0743690200485358
0.35000000000000003,1.0,0.07575829715887793
0.36,1.0,0.07708024356142405
0.37,1.0,0.07833338231326056
0.38,1.0,0.0795163056606362
0.39,1.0,0.08062768187440013
0.4,1.0,0.08166626254177192
0.41000000000000003,1.0,0.08263089030312666
0.42,1.0,0.08352050701062645
0.43,1.0,0.08433416227130644
0.44,1.0,0.08507102232062064
0.45,1.0,0.08573037915344005
0.46,1.0,0.08631165981833831
0.47000000000000003,1.0,0.086814435758047
0.48,1.0,0.0872384320548227
0.49,1.0,0.0875835364149916
0.5,1.0,0.08784980770322116
0.51,1.0,0.08803748381548324
0.52,1.0,0.08814698866181814
0.53,1.0,0.08817893801759027
0.54,1.0,0.08813414399683114
0.55,1.0,0.08801361790519849
0.56,1.0,0.08781857124465085
0.5700000000000001,1.0,0.08755041466822036
0.58,1.0,0.08721075472185771
0.59,1.0,0.08680138826100722
0.6,1.0,0.08632429449119183
0.61,1.0,0.08578162465235858
0.62,1.0,0.0851756894430494
0.63,1.0,0.08450894435871144
0.64,1.0,0.08378397319426045
0.65,1.0,0.08300347002966289
0.66,1.0,0.082170220074364
0.67,1.0,0.08128707978799948
0.68,1.0,0.0803569567180131
0.6900000000000001,1.0,0.07938278949815132
0.7000000000000001,1.0,0.07836752843505942
0.71,1.0,0.07731411707485636
0.72,1.0,0.07622547509025586
0.73,1.0,0.07510448276533245
0.74,1.0,0.07395396728375733
0.75,1.0,0.07277669095188337
0.76,1.0,0.07157534141486868
0.77,1.0,0.07035252385591173
0.78,1.0,0.06911075510873202
0.79,1.0,0.0678524595637208
0.8,1.0,0.06657996670986999
0.81,1.0,0.06529551012786523
0.8200000000000001,1.0,0.06400122773404762
0.8300000000000001,1.0,0.06269916306921144
0.84,1.0,0.06139126742888588
0.85,1.0,0.06007940264113822
0.86,1.0,0.05876534431234292
0.87,1.0,0.0574507853791025
0.88,1.0,0.05613733982419298
0.89,1.0,0.05482654643474464
0.9,1.0,0.05351987250101746
0.91,1.0,0.0522187173732658
0.92,1.0,0.05092441581190688
0.93,1.0,0.04963824108222521
0.9400000000000001,1.0,0.04836140775900609
0.9500000000000001,1.0,0.04709507421883452
0.96,1.0,0.04584034480835153
0.97,1.0,0.044598271685763004
0.98,1.0,0.043369856340417616
0.99,1.0,0.042156050801533534
1.0,1.0,0.04095775855236741
1.01,1.0,0.039775835170398
1.02,1.0,0.03861108871761469
1.03,1.0,0.03746427990788325
1.04,1.0,0.03633612208064851
1.05,1.0,0.03522728101211718
1.06,1.0,0.03413837459647274
1.07,1.0,0.03306997243067162
1.08,1.0,0.03202259533701898
1.09,1.0,0.030996714857967556
1.1,1.0,0.029992752757401278
1.11,1.0,0.02901108056210575
1.12,1.0,0.028052019176079034
1.1300000000000001,1.0,0.027115838598865693
1.1400000000000001,1.0,0.02620275777712238
1.1500000000000001,1.0,0.02531294461615001
1.16,1.0,0.024446516175234974
1.17,1.0,0.023603539067237854
1.18,1.0,0.02278403007907189
1.19,1.0,0.021987957025555525
1.2,1.0,0.02121523984467069
1.21,1.0,0.020465751937593257
1.22,1.0,0.019739321752140222
1.23,1.0,0.01903573460346414
1.24,1.0,0.018354734721233192
1.25,1.0,0.01769602750810884
1.26,1.0,0.01705928199027995
1.27,1.0,0.016444133437177808
1.28,1.0,0.015850186124457752
1.29,1.0,0.015277016211809265
1.3,1.0,0.014724174705428094
1.31,1.0,0.014191190473837951
1.32,1.0,0.013677573285410175
1.33,1.0,0.013182816836219812
1.34,1.0,0.01270640173789851
1.35,1.0,0.01224779843674365
1.36,1.0,0.011806470037523048
1.37,1.0,0.011381875008005814
1.3800000000000001,1.0,0.010973469743270802
1.3900000000000001,1.0,0.010580710972086807
1.4000000000000001,1.0,0.010203057991081784
1.41,1.0,0.00983997471590924
1.42,1.0,0.009490931542059418
1.43,1.0,0.009155407011312866
1.44,1.0,0.008832889282963823
1.45,1.0,0.008522877411836782
1.46,1.0,0.008224882437681599
1.47,1.0,0.007938428292801966
1.48,1.0,0.007663052536639666
1.49,1.0,0.007398306927578837
1.5,1.0,0.007143757843381067
1.51,1.0,0.006898986562504419
1.52,1.0,0.006663589419032363
1.53,1.0,0.006437177844192173
1.54,1.0,0.006219378307343506
1.55,1.0,0.006009832169085399
1.56,1.0,0.005808195458647735
1.57,1.0,0.005614138587152354
1.58,1.0,0.005427346007589679
1.59,1.0,0.005247515831568489
1.6,1.0,0.00507435941204016
1.61,1.0,0.004907600900324636
1.62,1.0,0.004746976784879097
1.6300000000000001,1.0,0.004592235418381749
1.6400000000000001,1.0,0.0044431365388765305
1.6500000000000001,1.0,0.00429945078991931
1.6600000000000001,1.0,0.004160959243930032
1.67,1.0,0.004027452932256842
1.68,1.0,0.0038987323848361033
1.69,1.0,0.0037746071817752348
1.7,1.0,0.0036548955186541904
1.71,1.0,0.0035394237869101394
1.72,1.0,0.0034280261702985173
1.73,1.0,0.0033205442580425256
1.74,1.0,0.003216826675044677
1.75,1.0,0.0031167287292509474
1.76,1.0,0.003020112076103493
1.77,1.0,0.0029268443998063855
1.78,1.0,0.0028367991110498344
1.79,1.0,0.0027498550606903974
1.8,1.0,0.002665896268845591
1.81,1.0,0.002584811668779679
1.82,1.0,0.002506494864944205
1.83,1.0,0.0024308439044940337
1.84,1.0,0.002357761061608845
1.85,1.0,0.0022871526339298533
1.86,1.0,0.002218928750463051
1.87,1.0,0.0021530031902754643
1.8800000000000001,1.0,0.0020892932113635216
1.8900000000000001,1.0,0.0020277193890856767
1.9000000000000001,1.0,0.001968205463575115
1.9100000000000001,1.0,0.0019106781955799189
1.92,1.0,0.001855067230207526
1.93,1.0,0.001801304968077218
1.94,1.0,0.0017493264434143318
1.95,1.0,0.0016990692086573122
1.96,1.0,0.0016504732251549886
1.97,1.0,0.0016034807595867724
1.98,1.0,0.0015580362857312144
1.99,1.0,0.0015140863912695918
2.0,1.0,0.0014715796893024658
2.0100000000000002,1.0,0.0014304667342926783
2.02,1.0,0.001390699942168462
2.0300000000000002,1.0,0.0013522335143366763
2.04,1.0,0.0013150233653768408
2.05,1.0,0.0012790270541965674
2.06,1.0,0.0012442037184507006
2.07,1.0,0.0012105140120345784
2.08,1.0,0.0011779200454886765
2.09,1.0,0.0011463853291383821
2.1,1.0,0.0011158747188282116
2.11,1.0,0.0010863543641038101
2.12,1.0,0.001057791658723911
2.13,1.0,0.0010301551933666177
2.14,1.0,0.0010034147104182425
2.15,1.0,0.000977541060741835
2.16,1.0,0.00095250616233017
2.17,1.0,0.0009282829607377048
2.18,1.0,0.0009048453912131991
2.19,1.0,0.0008821683424451649
2.2,1.0,0.0008602276218487015
2.21,1.0,0.0008389999223179235
2.22,1.0,0.000818462790371808
2.23,1.0,0.0007985945956381335
2.24,1.0,0.0007793745016059907
2.25,1.0,0.0007607824375941689
2.2600000000000002,1.0,0.0007427990718795242
2.27,1.0,0.0007254057859372828
2.2800000000000002,1.0,0.0007085846497429409
2.29,1.0,0.000692318398087375
2.3000000000000003,1.0,0.0006765904078684598
2.31,1.0,0.0006613846763116758
2.32,1.0,0.0006466858000823778
2.33,1.0,0.0006324789552568352
2.34,1.0,0.0006187498781122577
2.35,1.0,0.0006054848467034035
2.36,1.0,0.000592670663190269
2.37,1.0,0.0005802946369011888
2.38,1.0,0.0005683445680878952
2.39,1.0,0.0005568087323396732
2.4,1.0,0.0005456758656493942
2.41,1.0,0.0005349351500931756
2.42,1.0,0.0005245762000955806
2.43,1.0,0.0005145890492647383
2.44,1.0,0.0005049641377692099
2.45,1.0,0.0004956923002354922
2.46,1.0,0.00048676475413494177
2.47,1.0,0.0004781730886477026
2.48,1.0,0.0004699092539699347
2.49,1.0,0.00046196555104468747
2.5,1.0,0.00045433462168417075
2.5100000000000002,1.0,0.00044700943905379587
2.52,1.0,0.0004399832984962267
2.5300000000000002,1.0,0.00043324980864981787
2.54,1.0,0.00042680288282397706
2.5500000000000003,1.0,0.00042063673057488043
2.56,1.0,0.0004147458494464398
2.57,1.0,0.00040912501679265606
2.58,1.0,0.000403769281610988
2.59,1.0,0.00039867395629235856
2.6,1.0,0.0003938346081721035
2.61,1.0,0.00038924705075393974
2.62,1.0,0.0003849073344362704
2.63,1.0,0.0003808117365342397
2.64,1.0,0.00037695675035733726
2.65,1.0,0.0003733390730580636
2.66,1.0,0.0003699555918719451
2.67,1.0,0.0003668033683271713
2.68,1.0,0.00036387961989164843
2.69,1.0,0.00036118169843667625
2.7,1.0,0.000358707064753848
2.71,1.0,0.0003564532582314404
2.72,1.0,0.00035441786061174446
2.73,1.0,0.0003525984525817074
2.74,1.0,0.00035099256172463794
2.75,1.0,0.00034959760012797693
2.7600000000000002,1.0,0.00034841078970311367
2.77,1.0,0.0003474290730165381
2.7800000000000002,1.0,0.00034664900719529913
2.79,1.0,0.0003460666382821519
2.8000000000000003,1.0,0.0003456773532883061
2.81,1.0,0.00034547570721785506
2.82,1.0,0.00034545522259940754
2.83,1.0,0.0003456081596527847
2.84,1.0,0.0003459252563440204
2.85,1.0,0.00034639543950463824
2.86,1.0,0.0003470055111523218
2.87,1.0,0.00034773981876219954
2.88,1.0,0.00034857992497204087
2.89,1.0,0.0003495043020514616
2.9,1.0,0.00035048809050218965
2.91,1.0,0.0003515029809954332
2.92,1.0,0.0003525173065449184
2.93,1.0,0.0003534964702414298
2.94,1.0,0.00035440388671286106
2.95,1.0,0.000355202687796825
2.96,1.0,0.0003558585412672287
2.97,1.0,0.0003563440647667173
2.98,1.0,0.00035664549694864293
2.99,1.0,0.0003567725297061335
3.0,1.0,0.0003567725297061335
0.0,1.1,0.0
0.01,1.1,0.002438378906773566
0.02,1.1,0.0048750110242515125
0.03,1.1,0.007307794590913679
0.04,1.1,0.009734721805083295
0.05,1.1,0.012153796064001634
0.06,1.1,0.01456302232461952
0.07,1.1,0.016960404954837097
0.08,1.1,0.019343947389078086
0.09,1.1,0.02171165237170976
0.1,1.1,0.024061522425604814
0.11,1.1,0.026391560420830962
0.12,1.1,0.028699770200286023
0.13,1.1,0.030984157251246425
0.14,1.1,0.03324272942554689
0.15,1.1,0.03547349771730976
0.16,1.1,0.03767447711008835
0.17,1.1,0.0398436875067742
0.18,1.1,0.041979154756481736
0.19,1.1,0.044078911793268255
0.2,1.1,0.046140999902167544
0.21,1.1,0.0481634701286919
0.22,1.1,0.05014438484875707
0.23,1.1,0.052081819516913826
0.24,1.1,0.05397386461180649
0.25,1.1,0.055818627798962524
0.26,1.1,0.05761423633224256
0.27,1.1,0.05935883971656978
0.28,1.1,0.06105061265584654
0.29,1.1,0.06268775831116127
0.3,1.1,0.06426851189540597
0.31,1.1,0.06579114463116116
0.32,1.1,0.06725396809901725
0.33,1.1,0.06865533900320767
0.34,1.1,0.06999366438033337
0.35000000000000003,1.1,0.07126740727483769
0.36,1.1,0.07247509290145676
0.37,1.1,0.07361531530990008
0.38,1.1,0.07468674456010602
0.39,1.1,0.07568813440738109
0.4,1.1,0.07661833048520031
0.41000000000000003,1.1,0.07747627895921595
0.42,1.1,0.07826103560892553
0.43,1.1,0.07897177527341166
0.44,1.1,0.07960780157474413
0.45,1.1,0.0801685568072594
0.46,1.1,0.08065363185362844
0.47000000000000003,1.1,0.08106277596020194
0.48,1.1,0.0813959061757402
0.49,1.1,0.08165311623080096
0.5,1.1,0.08183468461151543
0.51,1.1,0.0819410815633081
0.52,1.1,0.08197297474947346
0.53,1.1,0.08193123328857208
0.54,1.1,0.08181692990539681
0.55,1.1,0.08163134095434169
0.56,1.1,0.0813759441123746
0.5700000000000001,1.1,0.08105241359152769
0.58,1.1,0.08066261278690509
0.59,1.1,0.08020858435357901
0.6,1.1,0.07969253779101859
0.61,1.1,0.0791168347025626
0.62,1.1,0.07848397198480318
0.63,1.1,0.07779656328204893
0.64,1.1,0.07705731910895906
0.65,1.1,0.07626902609518744
0.66,1.1,0.07543452583589948
0.67,1.1,0.0745566938392474
0.68,1.1,0.07363841904590929
0.6900000000000001,1.1,0.07268258435819754
0.7000000000000001,1.1,0.07169204855997013
0.71,1.1,0.07066962993806135
0.72,1.1,0.06961809183624558
0.73,1.1,0.06854013028929916
0.74,1.1,0.06743836380267049
0.75,1.1,0.06631532526707754
0.76,1.1,0.06517345593061025
0.77,1.1,0.06401510129592106
0.78,1.1,0.06284250876817273
0.79,1.1,0.06165782685066868
0.8,1.1,0.06046310566884941
0.81,1.1,0.05926029859821593
0.8200000000000001,1.1,0.05805126477592274
0.8300000000000001,1.1,0.05683777228730424
0.84,1.1,0.05562150183545252
0.85,1.1,0.05440405072225798
0.86,1.1,0.05318693699146473
0.87,1.1,0.05197160360690999
0.88,1.1,0.0507594225611862
0.89,1.1,0.04955169883069398
0.9,1.1,0.04834967411202603
0.91,1.1,0.047154530291484496
0.92,1.1,0.04596739261426031
0.93,1.1,0.04478933253238164
0.9400000000000001,1.1,0.043621370221130704
0.9500000000000001,1.1,0.04246447676240889
0.96,1.1,0.04131957600067445
0.97,1.1,0.0401875460829102
0.98,1.1,0.0390692206986785
0.99,1.1,0.037965390039999804
1.0,1.1,0.03687680150368145
1.01,1.1,0.03580416016094143
1.02,1.1,0.034748129020910214
1.03,1.1,0.033709329115891695
1.04,1.1,0.03268833943720689
1.05,1.1,0.03168569675109547
1.06,1.1,0.030701895324535718
1.07,1.1,0.029737386590926288
1.08,1.1,0.028792578785444098
1.09,1.1,0.027867836579471665
1.1,1.1,0.02696348074274734
1.11,1.1,0.026079787860908976
1.12,1.1,0.025216990134720337
1.1300000000000001,1.1,0.024375275285587042
1.1400000000000001,1.1,0.02355478658992046
1.1500000000000001,1.1,0.022755623062492018
1.16,1.1,0.021977839806196782
1.17,1.1,0.021221448542563578
1.18,1.1,0.020486418333998647
1.19,1.1,0.019772676505182777
1.2,1.1,0.01908010976727215
1.21,1.1,0.018408565544713408
1.22,1.1,0.01775785350063452
1.23,1.1,0.017127747252946645
1.24,1.1,0.016517986269693363
1.25,1.1,0.015928277928788096
1.26,1.1,0.01535829972424348
1.27,1.1,0.014807701598317556
1.28,1.1,0.014276108376891066
1.29,1.1,0.013763122283669283
1.3,1.1,0.013268325507758154
1.31,1.1,0.012791282798607355
1.32,1.1,0.012331544062365047
1.33,1.1,0.011888646934260805
1.34,1.1,0.011462119302754646
1.35,1.1,0.011051481762736255
1.36,1.1,0.010656249977046455
1.37,1.1,0.01027593692786404
1.3800000000000001,1.1,0.009910055042083688
1.3900000000000001,1.1,0.00955811817749118
1.4000000000000001,1.1,0.009219643459381676
1.41,1.1,0.008894152960082145
1.42,1.1,0.008581175216594792
1.43,1.1,0.00828024658422756
1.44,1.1,0.007990912426535981
1.45,1.1,0.0077127281441565785
1.46,1.1,0.007445260047056241
1.47,1.1,0.007188086076480906
1.48,1.1,0.006940796384282993
1.49,1.1,0.006702993778436417
1.5,1.1,0.006474294044398791
1.51,1.1,0.006254326152584947
1.52,1.1,0.006042732362498203
1.53,1.1,0.005839168234234897
1.54,1.1,0.0056433025579363146
1.55,1.1,0.005454817211538769
1.56,1.1,0.005273406956753689
1.57,1.1,0.005098779182715782
1.58,1.1,0.004930653606129294
1.59,1.1,0.004768761936097194
1.6,1.1,0.0046128475111224705
1.61,1.1,0.00446266491506225
1.62,1.1,0.004317979578108217
1.6300000000000001,1.1,0.004178567368157958
1.6400000000000001,1.1,0.004044214177287539
1.6500000000000001,1.1,0.003914715507378899
1.6600000000000001,1.1,0.00378987605837197
1.67,1.1,0.0036695093220432567
1.68,1.1,0.003553437183714149
1.69,1.1,0.0034414895338303214
1.7,1.1,0.003333503890950782
1.71,1.1,0.0032293250372980825
1.72,1.1,0.003128804667737222
1.73,1.1,0.003031801052737261
1.74,1.1,0.002938178715667642
1.75,1.1,0.0028478081245469455
1.76,1.1,0.002760565398230903
1.77,1.1,0.0026763320268546015
1.78,1.1,0.0025949946062614223
1.79,1.1,0.0025164445860344073
1.8,1.1,0.0024405780307134766
1.81,1.1,0.0023672953936935207
1.82,1.1,0.0022965013033018115
1.83,1.1,0.0022281043604965123
1.84,1.1,0.002162016947644942
1.85,1.1,0.002098155047809171
1.86,1.1,0.0020364380740090734
1.87,1.1,0.0019767887078959204
1.8800000000000001,1.1,0.0019191327473206475
1.8900000000000001,1.1,0.0018633989622858795
1.9000000000000001,1.1,0.0018095189587879672
1.9100000000000001,1.1,0.0017574270500802659
1.92,1.1,0.0017070601349096178
1.93,1.1,0.001658357582304289
1.94,1.1,0.0016112611225100532
1.95,1.1,0.0015657147437081187
1.96,1.1,0.001521664594144241
1.97,1.1,0.0014790588893542542
1.98,1.1,0.00143784782415601
1.99,1.1,0.0013979834891346603
2.0,1.1,0.001359419791339904
2.0100000000000002,1.1,0.00132211237894048
2.02,1.1,0.0012860185696035346
2.0300000000000002,1.1,0.0012510972823779724
2.04,1.1,0.0012173089728761825
2.05,1.1,0.0011846155715607976
2.06,1.1,0.001152980424959862
2.07,1.1,0.001122368239642214
2.08,1.1,0.0010927450288081078
2.09,1.1,0.0010640780613336862
2.1,1.1,0.0010363358131493044
2.11,1.1,0.0010094879208151588
2.12,1.1,0.00098350513719135
2.13,1.1,0.0009583592890792191
2.14,1.1,0.0009340232367329016
2.15,1.1,0.0009104708351534842
2.16,1.1,0.0008876768970725513
2.17,1.1,0.0008656171575368536
2.18,1.1,0.0008442682400179387
2.19,1.1,0.000823607623973102
2.2,1.1,0.0008036136137907598
2.21,1.1,0.0007842653090489894
2.22,1.1,0.0007655425760302163
2.23,1.1,0.0007474260204336677
2.24,1.1,0.0007298969612276122
2.25,1.1,0.000712937405594453
2.2600000000000002,1.1,0.0006965300249144774
2.27,1.1,0.0006806581317498908
2.2800000000000002,1.1,0.0006653056577820426
2.29,1.1,0.0006504571326561959
2.3000000000000003,1.1,0.0006360976637043834
2.31,1.1,0.0006222129164986495
2.32,1.1,0.000608789096206035
2.33,1.1,0.0005958129297146186
2.34,1.1,0.0005832716484912045
2.35,1.1,0.0005711529721470073
2.36,1.1,0.0005594450926738688
2.37,1.1,0.0005481366593391551
2.38,1.1,0.0005372167641988369
2.39,1.1,0.0005266749282046733
2.4,1.1,0.0005165010878873785
2.41,1.1,0.0005066855825873839
2.42,1.1,0.0004972191422078038
2.43,1.1,0.0004880928754749596
2.44,1.1,0.0004792982586753165
2.45,1.1,0.0004708271248514264
2.46,1.1,0.00046267165342590697
2.47,1.1,0.00045482436024143666
2.48,1.1,0.00044727808798285896
2.49,1.1,0.0004400259969583487
2.5,1.1,0.000433061556210245
2.5100000000000002,1.1,0.0004263785349211327
2.52,1.1,0.0004199709940918418
2.5300000000000002,1.1,0.0004138332784424529
2.54,1.1,0.00040796000849542026
2.5500000000000003,1.1,0.0004023460727795455
2.56,1.1,0.0003969866201156024
2.57,1.1,0.0003918770518916007
2.58,1.1,0.0003870130142512474
2.59,1.1,0.0003823903900966051
2.6,1.1,0.00037800529077726815
2.61,1.1,0.00037385404732981554
2.62,1.1,0.00036993320109274274
2.63,1.1,0.00036623949347833244
2.64,1.1,0.0003627698546536142
2.65,1.1,0.00035952139083951355
2.66,1.1,0.0003564913698513508
2.67,1.1,0.0003536772044509916
2.68,1.1,0.00035107643299310727
2.69,1.1,0.00034868669675486595
2.7,1.1,0.000346505713212631
2.71,1.1,0.0003445312444117403
2.72,1.1,0.00034276105940998243
2.73,1.1,0.00034119288963024066
2.74,1.1,0.0003398243757538896
2.75,1.1,0.0003386530046096563
2.7600000000000002,1.1,0.00033767603429687016
2.77,1.1,0.0003368904055897533
2.7800000000000002,1.1,0.00033629263749086936
2.79,1.1,0.00033587870468582284
2.8000000000000003,1.1,0.00033564389459684436
2.81,1.1,0.00033558264184945224
2.82,1.1,0.000335688338300026
2.83,1.1,0.00033595311744669094
2.84,1.1,0.00033636761322489183
2.85,1.1,0.00033692069512125943
2.86,1.1,0.0003375991844504835
2.87,1.1,0.00033838756110325365
2.88,1.1,0.0003392676764814842
2.89,1.1,0.0003402184976291374
2.9,1.1,0.0003412159207149904
2.91,1.1,0.0003422327104744525
2.92,1.1,0.00034323864786026684
2.93,1.1,0.00034420100359965625
2.94,1.1,0.00034508550394733045
2.95,1.1,0.0003458580213132324
2.96,1.1,0.0003464873126087243
2.97,1.1,0.000346949250272279
2.98,1.1,0.0003472331556983501
2.99,1.1,0.00034735106648264694
3.0,1.1,0.00034735106648264694
0.0,1.2,0.0
0.01,1.2,0.0023192437582253127
0.02,1.2,0.004636766059987546
0.03,1.2,0.006950495289829002
0.04,1.2,0.00925845235606136
0.05,1.2,0.011558669111753558
0.06,1.2,0.013849178850014125
0.07,1.2,0.016128014186736487
0.08,1.2,0.018393206725339183
0.09,1.2,0.020642787304222303
0.1,1.2,0.022874786469411178
0.11,1.2,0.02508723504933535
0.12,1.2,0.027278164789538647
0.13,1.2,0.029445609036993607
0.14,1.2,0.031587603477424425
0.15,1.2,0.03370218693534111
0.16,1.2,0.03578740224958062
0.17,1.2,0.03784129723882429
0.18,1.2,0.039861925772638813
0.19,1.2,0.041847348964477823
0.2,1.2,0.043795636503973
0.21,1.2,0.04570486814682399
0.22,1.2,0.04757313538172713
0.23,1.2,0.049398543295070346
0.24,1.2,0.05117921265553854
0.25,1.2,0.052913282242346975
0.26,1.2,0.054598911442436414
0.27,1.2,0.05623428314362136
0.28,1.2,0.05781760695229441
0.29,1.2,0.05934712276572107
0.3,1.2,0.06082110473009109
0.31,1.2,0.06223786561616453
0.32,1.2,0.06359576164434444
0.33,1.2,0.06489319779009879
0.34,1.2,0.06612863359851248
0.35000000000000003,1.2,0.06730058953311768
0.36,1.2,0.06840765387861183
0.37,1.2,0.06944849020932986
0.38,1.2,0.07042184542491223
0.39,1.2,0.07132655834128289
0.4,1.2,0.07216156880841822
0.41000000000000003,1.2,0.07292592730633222
0.42,1.2,0.07361880494714719
0.43,1.2,0.07423950378422929
0.44,1.2,0.07478746729960842
0.45,1.2,0.07526229090896448
0.46,1.2,0.07566373229049907
0.47000000000000003,1.2,0.07599172131153939
0.48,1.2,0.07624636929660036
0.49,1.2,0.07642797735515544
0.5,1.2,0.0765370434690134
0.51,1.2,0.07657426803062291
0.52,1.2,0.07654055752736226
0.53,1.2,0.07643702608508933
0.54,1.2,0.07626499461853989
0.55,1.2,0.07602598738720434
0.56,1.2,0.07572172582258774
0.5700000000000001,1.2,0.0753541195743698
0.58,1.2,0.07492525481565224
0.59,1.2,0.07443737994661546
0.6,1.2,0.0738928889357629
0.61,1.2,0.07329430263221354
0.62,1.2,0.07264424846481211
0.63,1.2,0.07194543900828336
0.64,1.2,0.07120064993859716
0.65,1.2,0.07041269791611879
0.66,1.2,0.06958441892502616
0.67,1.2,0.06871864756206612
0.68,1.2,0.06781819771000745
0.6900000000000001,1.2,0.06688584495599983
0.7000000000000001,1.2,0.0659243110281093
0.71,1.2,0.0649362504308926
0.72,1.2,0.06392423936897013
0.73,1.2,0.06289076696155009
0.74,1.2,0.06183822867495434
0.75,1.2,0.06076892183732857
0.76,1.2,0.059685043051501546
0.77,1.2,0.05858868728863341
0.78,1.2,0.0574818484261965
0.79,1.2,0.056366420987361554
0.8,1.2,0.055244202843029666
0.81,1.2,0.05411689865024486
0.8200000000000001,1.2,0.05298612381924858
0.8300000000000001,1.2,0.051853408823857215
0.84,1.2,0.050720203694310045
0.85,1.2,0.04958788255664237
0.86,1.2,0.04845774810688907
0.87,1.2,0.04733103593109276
0.88,1.2,0.046208918602682406
0.89,1.2,0.04509250950697775
0.9,1.2,0.04398286635830731
0.91,1.2,0.04288099438848196
0.92,1.2,0.041787849196426946
0.93,1.2,0.04070433925771915
0.9400000000000001,1.2,0.039631328099958466
0.9500000000000001,1.2,0.0385696361555598
0.96,1.2,0.03752004230789152
0.97,1.2,0.03648328515001806
0.98,1.2,0.03546006397777169
0.99,1.2,0.03445103954066582
1.0,1.2,0.03345683457545025
1.01,1.2,0.032478034147987306
1.02,1.2,0.03151518582968106
1.03,1.2,0.03056879973501269
1.04,1.2,0.029639348446841803
1.05,1.2,0.028727266856070494
1.06,1.2,0.0278329519420518
1.07,1.2,0.02695676251969922
1.08,1.2,0.026099018978706014
1.09,1.2,0.02526000303952487
1.1,1.2,0.02443995754976584
1.11,1.2,0.023639086343497564
1.12,1.2,0.022857554184459748
1.1300000000000001,1.2,0.02209548681250072
1.1400000000000001,1.2,0.021352971110582968
1.1500000000000001,1.2,0.02063005540744825
1.16,1.2,0.019926749928562304
1.17,1.2,0.019243027405236632
1.18,1.2,0.01857882384892618
1.19,1.2,0.01793403949465841
1.2,1.2,0.017308539914395946
1.21,1.2,0.016702157297962556
1.22,1.2,0.016114691896063918
1.23,1.2,0.015545913616852751
1.24,1.2,0.01499556376467777
1.25,1.2,0.014463356907044238
1.26,1.2,0.013948982853518714
1.27,1.2,0.013452108728352851
1.28,1.2,0.012972381117112465
1.29,1.2,0.01250942826646493
1.3,1.2,0.012062862315681785
1.31,1.2,0.011632281538204696
1.32,1.2,0.011217272571938348
1.33,1.2,0.010817412617611016
1.34,1.2,0.01043227158567489
1.35,1.2,0.010061414173656327
1.36,1.2,0.009704401857638585
1.37,1.2,0.009360794783524438
1.3800000000000001,1.2,0.00903015354591532
1.3900000000000001,1.2,0.00871204084469405
1.4000000000000001,1.2,0.008406023011714094
1.41,1.2,0.008111671402312401
1.42,1.2,0.00782856364857131
1.43,1.2,0.007556284773377098
1.44,1.2,0.007294428166267994
1.45,1.2,0.007042596423835078
1.46,1.2,0.006800402058962849
1.47,1.2,0.006567468084545413
1.48,1.2,0.0063434284783807525
1.49,1.2,0.006127928536813014
1.5,1.2,0.005920625125304071
1.51,1.2,0.0057211868345664755
1.52,1.2,0.005529294051081359
1.53,1.2,0.005344638950896186
1.54,1.2,0.005166925425470148
1.55,1.2,0.0049958689481306075
1.56,1.2,0.004831196389329353
1.57,1.2,0.004672645788480147
1.58,1.2,0.004519966089663192
1.59,1.2,0.004372916847934567
1.6,1.2,0.004231267912422677
1.61,1.2,0.004094799091810133
1.62,1.2,0.00396329980722364
1.6300000000000001,1.2,0.0038365687369813673
1.6400000000000001,1.2,0.0037144134571113333
1.6500000000000001,1.2,0.003596650081021928
1.6600000000000001,1.2,0.003483102901231405
1.67,1.2,0.003373604035593468
1.68,1.2,0.003267993080055957
1.69,1.2,0.0031661167696064485
1.7,1.2,0.003067828648723423
1.71,1.2,0.0029729887523457315
1.72,1.2,0.0028814632981183797
1.73,1.2,0.0027931243904252257
1.74,1.2,0.002707849736544322
1.75,1.2,0.002625522375064165
1.76,1.2,0.0025460304165879585
1.77,1.2,0.002469266796608454
1.78,1.2,0.0023951290403561192
1.79,1.2,0.0023235190393324015
1.8,1.2,0.002254342839206306
1.81,1.2,0.002187510438660558
1.82,1.2,0.002122935598791799
1.83,1.2,0.0020605356626111704
1.84,1.2,0.002000231384198379
1.85,1.2,0.0019419467670374608
1.86,1.2,0.0018856089110925662
1.87,1.2,0.0018311478681507644
1.8800000000000001,1.2,0.0017784965049962617
1.8900000000000001,1.2,0.0017275903739841791
1.9000000000000001,1.2,0.0016783675905943573
1.9100000000000001,1.2,0.0016307687175666037
1.92,1.2,0.001584736655232782
1.93,1.2,0.0015402165376777863
1.94,1.2,0.001497155634389029
1.95,1.2,0.0014555032570684621
1.96,1.2,0.00141521067128986
1.97,1.2,0.0013762310127245294
1.98,1.2,0.0013385192076433383
1.99,1.2,0.0013020318974623685
2.0,1.2,0.0012667273670712736
2.0100000000000002,1.2,0.0012325654767345623
2.02,1.2,0.001199507597348209
2.0300000000000002,1.2,0.0011675165488570667
2.04,1.2,0.0011365565416531455
2.05,1.2,0.0011065931207792016
2.06,1.2,0.0010775931127810355
2.07,1.2,0.0010495245750562028
2.08,1.2,0.00102235674757018
2.09,1.2,0.0009960600067946265
2.1,1.2,0.0009706058217588789
2.11,1.2,0.0009459667120919497
2.12,1.2,0.0009221162079621183
2.13,1.2,0.0008990288118027171
2.14,1.2,0.0008766799617320694
2.15,1.2,0.0008550459965890556
2.16,1.2,0.0008341041225002164
2.17,1.2,0.0008138323808968252
2.18,1.2,0.0007942096179157846
2.19,1.2,0.0007752154551129043
2.2,1.2,0.0007568302614333829
2.21,1.2,0.0007390351263710693
2.22,1.2,0.0007218118342642353
2.23,1.2,0.0007051428396781011
2.24,1.2,0.0006890112438194594
2.25,1.2,0.0006734007719408681
2.2600000000000002,1.2,0.0006582957516859926
2.27,1.2,0.0006436810923402968
2.2800000000000002,1.2,0.000629542264943531
2.29,1.2,0.0006158652832255434
2.3000000000000003,1.2,0.0006026366853355003
2.31,1.2,0.0005898435163239322
2.32,1.2,0.0005774733113487378
2.33,1.2,0.0005655140795786416
2.34,1.2,0.0005539542887592539
2.35,1.2,0.0005427828504166465
2.36,1.2,0.0005319891056675311
2.37,1.2,0.000521562811624662
2.38,1.2,0.0005114941283569976
2.39,1.2,0.0005017736063857286
2.4,1.2,0.0004923921746974897
2.41,1.2,0.00048334112924981737
2.42,1.2,0.000474612121941953
2.43,1.2,0.00046619715003914204
2.44,1.2,0.00045808854601964854
2.45,1.2,0.0004502789678257523
2.46,1.2,0.0004427613894909389
2.47,1.2,0.00043552909212735033
2.48,1.2,0.0004285756552428329
2.49,1.2,0.00042189494836085395
2.5,1.2,0.00041548112291359644
2.5100000000000002,1.2,0.00040932860437194554
2.52,1.2,0.00040343208458594476
2.5300000000000002,1.2,0.000397786514284871
2.54,1.2,0.00039238709569162613
2.5500000000000003,1.2,0.0003872292751875823
2.56,1.2,0.0003823087359829036
2.57,1.2,0.00037762139069594963
2.58,1.2,0.0003731633737600614
2.59,1.2,0.0003689310335526162
2.6,1.2,0.0003649209241133365
2.61,1.2,0.00036112979630867597
2.62,1.2,0.0003575545882625089
2.63,1.2,0.0003541924148278805
2.64,1.2,0.0003510405558542276
2.65,1.2,0.0003480964429495734
2.66,1.2,0.0003453576443683564
2.67,1.2,0.0003428218475989065
2.68,1.2,0.0003404868391451677
2.69,1.2,0.0003383504809131971
2.7,1.2,0.00033641068249154325
2.71,1.2,0.00033466536852236014
2.72,1.2,0.00033311244019545365
2.73,1.2,0.0003317497297855817
2.74,1.2,0.000330574946973253
2.75,1.2,0.0003295856155335457
2.7600000000000002,1.2,0.00032877899881553105
2.77,1.2,0.0003281520122672474
2.7800000000000002,1.2,0.00032770112114906925
2.79,1.2,0.00032742222150299244
2.8000000000000003,1.2,0.00032731050246507463
2.81,1.2,0.00032736028817421616
2.82,1.2,0.00032756485793322703
2.83,1.2,0.0003279162439986819
2.84,1.2,0.0003284050075849854
2.85,1.2,0.0003290199955942901
2.86,1.2,0.000329748083436974
2.87,1.2,0.0003305739136043766
2.88,1.2,0.00033147964578018684
2.89,1.2,0.0003324447430745699
2.9,1.2,0.0003334458313451176
2.91,1.2,0.0003344566858439999
2.92,1.2,0.00033544842336023203
2.93,1.2,0.0003363900110022957
2.94,1.2,0.00033724924787137444
2.95,1.2,0.00033799443741611384
2.96,1.2,0.00033859705175498593
2.97,1.2,0.0003390358023109598
2.98,1.2,0.00033930268366583264
2.99,1.2,0.00033941176292902634
3.0,1.2,0.00033941176292902634
0.0,1.3,0.0
0.01,1.3,0.002212899024279527
0.02,1.3,0.004424099729283665
0.03,1.3,0.00663155802689463
0.04,1.3,0.00883332104472211
0.05,1.3,0.011027446621827048
0.06,1.3,0.013211993924621144
0.07,1.3,0.015385021356658446
0.08,1.3,0.017544586230062737
0.09,1.3,0.01968874501491089
0.1,1.3,0.021815553813737648
0.11,1.3,0.023923068939904313
0.12,1.3,0.02600934755855585
0.13,1.3,0.02807244838054202
0.14,1.3,0.030110432413427136
0.15,1.3,0.032121363780135144
0.16,1.3,0.0341033106190492
0.17,1.3,0.036054346081283536
0.18,1.3,0.037972549442178705
0.19,1.3,0.03985600734525937
0.2,1.3,0.04170281519811219
0.21,1.3,0.04351107874099131
0.22,1.3,0.04527891581049009
0.23,1.3,0.04700445832233797
0.24,1.3,0.04868585449924963
0.25,1.3,0.05032127137178966
0.26,1.3,0.051908897582278915
0.27,1.3,0.05344694652383366
0.28,1.3,0.054933659848569495
0.29,1.3,0.05636731138063754
0.3,1.3,0.05774621147090207
0.31,1.3,0.0590687118305026
0.32,1.3,0.06033321087994467
0.33,1.3,0.061538159648424615
0.34,1.3,0.06268206825438645
0.35000000000000003,1.3,0.06376351299244418
0.36,1.3,0.06478114404330618
0.37,1.3,0.0657336938117817
0.38,1.3,0.06661998588284493
0.39,1.3,0.0674389445668117
0.4,1.3,0.06818960498165402
0.41000000000000003,1.3,0.06887112359332306
0.42,1.3,0.06948278910389638
0.43,1.3,0.07002403354294061
0.44,1.3,0.07049444338068547
0.45,1.3,0.07089377044377897
0.46,1.3,0.07122194237747398
0.47000000000000003,1.3,0.07147907236443368
0.48,1.3,0.07166546778265746
0.49,1.3,0.07178163746639601
0.5,1.3,0.07182829722739871
0.51,1.3,0.07180637330233944
0.52,1.3,0.07171700341819305
0.53,1.3,0.071561535212114
0.54,1.3,0.07134152180636942
0.55,1.3,0.07105871442080613
0.56,1.3,0.0707150520023734
0.5700000000000001,1.3,0.07031264795877815
0.58,1.3,0.06985377419546046
0.59,1.3,0.06934084276473311
0.6,1.3,0.06877638553562096
0.61,1.3,0.06816303237551678
0.62,1.3,0.0675034883941389
0.63,1.3,0.0668005108319985
0.64,1.3,0.06605688617754156
0.65,1.3,0.0652754080695925
0.66,1.3,0.06445885648743432
0.67,1.3,0.06360997865462496
0.68,1.3,0.06273147199062633
0.6900000000000001,1.3,0.061825969343684256
0.7000000000000001,1.3,0.06089602663605761
0.71,1.3,0.05994411295517296
0.72,1.3,0.058972603036754875
0.73,1.3,0.05798377201229477
0.74,1.3,0.05697979223556271
0.75,1.3,0.05596273196193012
0.76,1.3,0.0549345556295482
0.77,1.3,0.05389712548126086
0.78,1.3,0.05285220426839172
0.79,1.3,0.05180145878961715
0.8,1.3,0.05074646403742504
0.81,1.3,0.04968870774868367
0.8200000000000001,1.3,0.0486295951824148
0.8300000000000001,1.3,0.04757045397519749
0.84,1.3,0.04651253895130052
0.85,1.3,0.04545703678966135
0.86,1.3,0.044405070472529416
0.87,1.3,0.04335770346061332
0.88,1.3,0.04231594355680541
0.89,1.3,0.04128074643503107
0.9,1.3,0.040253018822692194
0.91,1.3,0.03923362133475572
0.92,1.3,0.03822337096509887
0.93,1.3,0.037223043246546995
0.9400000000000001,1.3,0.0362333740954083
0.9500000000000001,1.3,0.03525506135952858
0.96,1.3,0.034288766091123635
0.97,1.3,0.033335113567217585
0.98,1.3,0.03239469408145429
0.99,1.3,0.03146806353162647
1.0,1.3,0.030555743827500634
1.01,1.3,0.02965822314353813
1.02,1.3,0.028775956040984593
1.03,1.3,0.027909363483523037
1.04,1.3,0.02705883277030972
1.05,1.3,0.026224717409780326
1.06,1.3,0.025407336957060975
1.07,1.3,0.024606976837140915
1.08,1.3,0.02382388817522586
1.09,1.3,0.02305828765477384
1.1,1.3,0.022310357422636623
1.11,1.3,0.021580245059519772
1.12,1.3,0.020868063632510706
1.1300000000000001,1.3,0.02017389184481432
1.1400000000000001,1.3,0.01949777429600914
1.1500000000000001,1.3,0.018839721864083118
1.16,1.3,0.018199712218325167
1.17,1.3,0.017577690469763426
1.18,1.3,0.016973569963336474
1.19,1.3,0.016387233213423728
1.2,1.3,0.01581853298171386
1.21,1.3,0.01526729349377108
1.22,1.3,0.01473331178815228
1.23,1.3,0.014216359189458015
1.24,1.3,0.013716182894483547
1.25,1.3,0.013232507658619025
1.26,1.3,0.012765037567926048
1.27,1.3,0.012313457880853277
1.28,1.3,0.011877436922551382
1.29,1.3,0.011456628013988548
1.3,1.3,0.011050671417781559
1.31,1.3,0.010659196282674649
1.32,1.3,0.010281822569039886
1.33,1.3,0.009918162938497007
1.34,1.3,0.00956782459183272
1.35,1.3,0.00923041104069808
1.36,1.3,0.0089055238001331
1.37,1.3,0.008592763990656052
1.3800000000000001,1.3,0.008291733840505477
1.3900000000000001,1.3,0.008002038080509529
1.4000000000000001,1.3,0.007723285225974341
1.41,1.3,0.007455088741871462
1.42,1.3,0.0071970680894002746
1.43,1.3,0.006948849653719277
1.44,1.3,0.0067100675541831465
1.45,1.3,0.006480364339833713
1.46,1.3,0.00625939157409596
1.47,1.3,0.006046810313690727
1.48,1.3,0.005842291487593435
1.49,1.3,0.005645516182545406
1.5,1.3,0.0054561758420757734
1.51,1.3,0.005273972386328991
1.52,1.3,0.005098618260112332
1.53,1.3,0.004929836416631285
1.54,1.3,0.004767360244228471
1.55,1.3,0.004610933443280262
1.56,1.3,0.004460309860067625
1.57,1.3,0.004315253284111741
1.58,1.3,0.004175537215038915
1.59,1.3,0.004040944604594722
1.6,1.3,0.0039112675789638365
1.61,1.3,0.003786307146077776
1.62,1.3,0.0036658728921131335
1.6300000000000001,1.3,0.003549782670916102
1.6400000000000001,1.3,0.0034378622896473676
1.6500000000000001,1.3,0.0033299451935026943
1.6600000000000001,1.3,0.003225872151977188
1.67,1.3,0.003125490948748018
1.68,1.3,0.003028656076923293
1.69,1.3,0.0029352284410872832
1.7,1.3,0.002845075067288028
1.71,1.3,0.0027580688218591352
1.72,1.3,0.0026740881397637794
1.73,1.3,0.0025930167629214093
1.74,1.3,0.002514743488848017
1.75,1.3,0.0024391619297561224
1.76,1.3,0.0023661702821805228
1.77,1.3,0.0022956711070538788
1.78,1.3,0.002227571120105277
1.79,1.3,0.0021617809923542885
1.8,1.3,0.0020982151604532
1.81,1.3,0.0020367916465549203
1.82,1.3,0.001977431887382586
1.83,1.3,0.0019200605721290923
1.84,1.3,0.0018646054888204647
1.85,1.3,0.0018109973787509346
1.86,1.3,0.0017591697986229671
1.87,1.3,0.001709058989988345
1.8800000000000001,1.3,0.0016606037556308605
1.8900000000000001,1.3,0.0016137453425184559
1.9000000000000001,1.3,0.0015684273309642409
1.9100000000000001,1.3,0.0015245955296575256
1.92,1.3,0.0014821978762338454
1.93,1.3,0.0014411843430662998
1.94,1.3,0.0014015068479749776
1.95,1.3,0.00136311916958322
1.96,1.3,0.0013259768670305623
1.97,1.3,0.0012900372038073028
1.98,1.3,0.0012552590754497381
1.99,1.3,0.0012216029408878958
2.0,1.3,0.001189030757223497
2.0100000000000002,1.3,0.0011575059177421363
2.02,1.3,0.0011269931929701424
2.0300000000000002,1.3,0.0010974586746008265
2.04,1.3,0.0010688697221302556
2.05,1.3,0.00104119491204454
2.06,1.3,0.0010144039894173413
2.07,1.3,0.000988467821780234
2.08,1.3,0.0009633583551499467
2.09,1.3,0.0009390485720828872
2.1,1.3,0.0009155124516524083
2.11,1.3,0.0008927249312428284
2.12,1.3,0.0008706618700780867
2.13,1.3,0.0008493000143759359
2.14,1.3,0.0008286169640495453
2.15,1.3,0.0008085911408835789
2.16,1.3,0.0007892017581101513
2.17,1.3,0.0007704287913048901
2.18,1.3,0.0007522529505471985
2.19,1.3,0.0007346556537796016
2.2,1.3,0.0007176190013145968
2.21,1.3,0.0007011257514258437
2.22,1.3,0.000685159296976343
2.23,1.3,0.0006697036430403494
2.24,1.3,0.0006547433854649711
2.25,1.3,0.0006402636903343734
2.2600000000000002,1.3,0.0006262502742954998
2.27,1.3,0.0006126893857066038
2.2800000000000002,1.3,0.0005995677865743946
2.29,1.3,0.0005868727352403263
2.3000000000000003,1.3,0.0005745919697905718
2.31,1.3,0.0005627136921526043
2.32,1.3,0.0005512265528497825
2.33,1.3,0.0005401196363935938
2.34,1.3,0.000529382447276935
2.35,1.3,0.000519004896547579
2.36,1.3,0.0005089772889320107
2.37,1.3,0.0004992903105017683
2.38,1.3,0.0004899350168416717
2.39,1.3,0.0004809028217010746
2.4,1.3,0.00047218548611432487
2.41,1.3,0.00046377510796486083
2.42,1.3,0.0004556641119651846
2.43,1.3,0.00044784524004191185
2.44,1.3,0.00044031154209856925
2.45,1.3,0.0004330563671358608
2.46,1.3,0.00042607335469836444
2.47,1.3,0.0004193564266357488
2.48,1.3,0.0004128997791440507
2.49,1.3,0.0004066978750610735
2.5,1.3,0.00040074543638537086
2.5100000000000002,1.3,0.00039503743697645637
2.52,1.3,0.00038956909541423075
2.5300000000000002,1.3,0.00038433586795669027
2.54,1.3,0.00037933344155443395
2.5500000000000003,1.3,0.0003745577268519589
2.56,1.3,0.00037000485112527194
2.57,1.3,0.00036567115105861324
2.58,1.3,0.00036155316527291983
2.59,1.3,0.00035764762649627906
2.6,1.3,0.00035395145324001987
2.61,1.3,0.00035046174083351003
2.62,1.3,0.0003471757516330118
2.63,1.3,0.0003440909041792694
2.64,1.3,0.00034120476105523994
2.65,1.3,0.00033851501514775404
2.66,1.3,0.0003360194739487444
2.67,1.3,0.00033371604147603535
2.68,1.3,0.00033160269732866884
2.69,1.3,0.0003296774723037013
2.7,1.3,0.0003279384199031396
2.71,1.3,0.00032638358296427865
2.72,1.3,0.0003250109545114351
2.73,1.3,0.00032381843182164357
2.74,1.3,0.00032280376254918323
2.75,1.3,0.0003219644816155039
2.7600000000000002,1.3,0.0003212978374429157
2.77,1.3,0.00032080070598598196
2.7800000000000002,1.3,0.0003204694909294791
2.79,1.3,0.0003203000084042157
2.8000000000000003,1.3,0.0003202873546268671
2.81,1.3,0.00032042575509266396
2.82,1.3,0.0003207083943929332
2.83,1.3,0.000321127226479092
2.84,1.3,0.0003216727664242717
2.85,1.3,0.00032233386663747994
2.86,1.3,0.00032309748326983854
2.87,1.3,0.00032394844269886564
2.88,1.3,0.0003248692238340168
2.89,1.3,0.00032583978035621153
2.9,1.3,0.0003268374387065921
2.91,1.3,0.00032783692392199205
2.92,1.3,0.0003288105878835883
2.93,1.3,0.0003297289454516487
2.94,1.3,0.000330561666147717
2.95,1.3,0.0003312792265658
2.96,1.3,0.0003318555066657374
2.97,1.3,0.00033227171869184543
2.98,1.3,0.0003325221999568183
2.99,1.3,0.0003326227927314239
3.0,1.3,0.0003326227927314239
0.0,1.4,0.0
0.01,1.4,0.002117192101085606
0.02,1.4,0.004232707256399202
0.03,1.4,0.006344526799213714
0.04,1.4,0.008450722071858452
0.05,1.4,0.010549374909582118
0.06,1.4,0.012638568365523732
0.07,1.4,0.014716384643514862
0.08,1.4,0.016780904773653897
0.09,1.4,0.018830208861266236
0.1,1.4,0.02086237656071317
0.11,1.4,0.02287548765445539
0.12,1.4,0.024867622696985878
0.13,1.4,0.02683686371472018
0.14,1.4,0.028781294966733085
0.15,1.4,0.03069900377780738
0.16,1.4,0.032588081458751784
0.17,1.4,0.03444662433110756
0.18,1.4,0.036272734875009136
0.19,1.4,0.038064523020501645
0.2,1.4,0.03982010760423833
0.21,1.4,0.04153761801526928
0.22,1.4,0.04321519605564709
0.23,1.4,0.04485099804381126
0.24,1.4,0.046443197191111146
0.25,1.4,0.047989986284399586
0.26,1.4,0.049489580710192334
0.27,1.4,0.0509402218583877
0.28,1.4,0.052340180945789884
0.29,1.4,0.053687763301440025
0.3,1.4,0.05498131315675382
0.31,1.4,0.056219218983389496
0.32,1.4,0.057399919420188635
0.33,1.4,0.05852190982702632
0.34,1.4,0.05958374949740982
0.35000000000000003,1.4,0.060584069552693444
0.36,1.4,0.06152158152823764
0.37,1.4,0.06239508664524893
0.38,1.4,0.06320348574090368
0.39,1.4,0.06394578980347249
0.4,1.4,0.06462113102840855
0.41000000000000003,1.4,0.06522877427603659
0.42,1.4,0.0657681287722417
0.43,1.4,0.06623875985154876
0.44,1.4,0.06664040049896235
0.45,1.4,0.0669729624051176
0.46,1.4,0.06723654621158057
0.47000000000000003,1.4,0.06743145059279934
0.48,1.4,0.06755817980182625
0.49,1.4,0.06761744930212402
0.5,1.4,0.06761018912079646
0.51,1.4,0.06753754459201475
0.52,1.4,0.06740087421465094
0.53,1.4,0.0672017444250016
0.54,1.4,0.06694192118205
0.55,1.4,0.06662335837497714
0.56,1.4,0.06624818318477017
0.5700000000000001,1.4,0.06581867865636762
0.58,1.4,0.06533726385647623
0.59,1.4,0.06480647209648994
0.6,1.4,0.06422892778195308
0.61,1.4,0.06360732250353417
0.62,1.4,0.06294439100558401
0.63,1.4,0.06224288765582648
0.64,1.4,0.06150556399529173
0.65,1.4,0.06073514787553694
0.66,1.4,0.05993432459690635
0.67,1.4,0.05910572035475292
0.68,1.4,0.058251888188169565
0.6900000000000001,1.4,0.05737529651567592
0.7000000000000001,1.4,0.05647832024092801
0.71,1.4,0.055563234323960514
0.72,1.4,0.05463220964291368
0.73,1.4,0.053687310919135395
0.74,1.4,0.05273049644482113
0.75,1.4,0.05176361933558078
0.76,1.4,0.05078843002825768
0.77,1.4,0.04980657975410529
0.78,1.4,0.0488196247361993
0.79,1.4,0.04782903088477657
0.8,1.4,0.04683617879254886
0.81,1.4,0.04584236886174437
0.8200000000000001,1.4,0.04484882642397883
0.8300000000000001,1.4,0.043856706741831085
0.84,1.4,0.0428670998063297
0.85,1.4,0.04188103486696926
0.86,1.4,0.04089948465020737
0.87,1.4,0.03992336923860215
0.88,1.4,0.0389535595960794
0.89,1.4,0.037990880735485046
0.9,1.4,0.037036114532919544
0.91,1.4,0.036090002199688956
0.92,1.4,0.03515324642741847
0.93,1.4,0.03422651322520495
0.9400000000000001,1.4,0.033310433469938554
0.9500000000000001,1.4,0.03240560419238712
0.96,1.4,0.03151258962239293
0.97,1.4,0.030631922016900744
0.98,1.4,0.029764102294526463
0.99,1.4,0.028909600500145103
1.0,1.4,0.028068856122607174
1.01,1.4,0.02724227828820597
1.02,1.4,0.026430245851995503
1.03,1.4,0.025633107408485966
1.04,1.4,0.02485118124260494
1.05,1.4,0.02408475524119059
1.06,1.4,0.02333408678458666
1.07,1.4,0.02259940263712074
1.08,1.4,0.02188089885443015
1.09,1.4,0.021178740724656697
1.1,1.4,0.020493062759428
1.11,1.4,0.01982396874939386
1.12,1.4,0.019171531897678028
1.1300000000000001,1.4,0.01853579504312229
1.1400000000000001,1.4,0.017916770983536102
1.1500000000000001,1.4,0.01731444290732406
1.16,1.4,0.01672876493994232
1.17,1.4,0.01615966280955791
1.18,1.4,0.01560703463414979
1.19,1.4,0.015070751830103219
1.2,1.4,0.014550660140138944
1.21,1.4,0.014046580776268384
1.22,1.4,0.01355831167141328
1.23,1.4,0.013085628831342525
1.24,1.4,0.012628287776842228
1.25,1.4,0.012186025064451282
1.26,1.4,0.011758559872795655
1.27,1.4,0.011345595640501723
1.28,1.4,0.010946821740961725
1.29,1.4,0.010561915178737979
1.3,1.4,0.010190542292336482
1.31,1.4,0.009832360448213829
1.32,1.4,0.009487019711385884
1.33,1.4,0.009154164478740338
1.34,1.4,0.00883343506213645
1.35,1.4,0.008524469209568179
1.36,1.4,0.008226903554010902
1.37,1.4,0.007940374981043054
1.3800000000000001,1.4,0.007664521907900682
1.3900000000000001,1.4,0.0073989854681978245
1.4000000000000001,1.4,0.007143410598138245
1.41,1.4,0.006897447021608361
1.42,1.4,0.006660750132998036
1.43,1.4,0.006432981777999181
1.44,1.4,0.006213810933873057
1.45,1.4,0.0060029142918247395
1.46,1.4,0.0057999767450570595
1.47,1.4,0.005604691786936798
1.48,1.4,0.005416761824343882
1.49,1.4,0.005235898411803301
1.5,1.4,0.005061822412341291
1.51,1.4,0.004894264091257939
1.52,1.4,0.0047329631490984
1.53,1.4,0.0045776687001245295
1.54,1.4,0.004428139202443315
1.55,1.4,0.004284142345820744
1.56,1.4,0.004145454902907093
1.57,1.4,0.004011862549330742
1.58,1.4,0.003883159657764289
1.59,1.4,0.0037591490706954324
1.6,1.4,0.0036396418562465406
1.61,1.4,0.00352445705100012
1.62,1.4,0.003413421393383184
1.6300000000000001,1.4,0.0033063690507830522
1.6400000000000001,1.4,0.003203141343195951
1.6500000000000001,1.4,0.0031035864658482165
1.6600000000000001,1.4,0.0030075592129054246
1.67,1.4,0.0029149207040603206
1.68,1.4,0.0028255381155114752
1.69,1.4,0.002739284416583211
1.7,1.4,0.0026560381129973553
1.71,1.4,0.002575682997591633
1.72,1.4,0.0024981079091036733
1.73,1.4,0.0024232064994536106
1.74,1.4,0.0023508770098397895
1.75,1.4,0.0022810220558059035
1.76,1.4,0.0022135484213683604
1.77,1.4,0.002148366862166694
1.78,1.4,0.002085391917559593
1.79,1.4,0.0020245417314918262
1.8,1.4,0.0019657378819471767
1.81,1.4,0.00190890521872521
1.82,1.4,0.0018539717092882623
1.83,1.4,0.0018008682923661983
1.84,1.4,0.0017495287390253194
1.85,1.4,0.0016998895208682567
1.86,1.4,0.0016518896850616655
1.87,1.4,0.0016054707358497148
1.8800000000000001,1.4,0.0015605765222452214
1.8900000000000001,1.4,0.0015171531315817438
1.9000000000000001,1.4,0.001475148788623735
1.9100000000000001,1.4,0.0014345137599340628
1.92,1.4,0.0013952002632170496
1.93,1.4,0.0013571623813587014
1.94,1.4,0.00132035598090183
1.95,1.4,0.0012847386347175414
1.96,1.4,0.001250269548618763
1.97,1.4,0.001216909491708235
1.98,1.4,0.0011846207302268982
1.99,1.4,0.0011533669647240978
2.0,1.4,0.0011231132703467374
2.0100000000000002,1.4,0.00109382604007431
2.02,1.4,0.001065472930730795
2.0300000000000002,1.4,0.00103802281161518
2.04,1.4,0.0010114457156070495
2.05,1.4,0.0009857127926040036
2.06,1.4,0.0009607962651669631
2.07,1.4,0.0009366693862428903
2.08,1.4,0.0009133063988656646
2.09,1.4,0.0008906824977126218
2.1,1.4,0.0008687737924282455
2.11,1.4,0.0008475572726113148
2.12,1.4,0.0008270107743927756
2.13,1.4,0.0008071129485079412
2.14,1.4,0.0007878432297874409
2.15,1.4,0.0007691818080028805
2.16,1.4,0.0007511095999967662
2.17,1.4,0.0007336082230284125
2.18,1.4,0.0007166599692790801
2.19,1.4,0.0007002477814548417
2.2,1.4,0.0006843552294470976
2.21,1.4,0.0006689664879883828
2.22,1.4,0.0006540663152616081
2.23,1.4,0.0006396400324210103
2.24,1.4,0.0006256735039747007
2.25,1.4,0.0006121531189999847
2.2600000000000002,1.4,0.0005990657731449409
2.27,1.4,0.0005863988513894633
2.2800000000000002,1.4,0.00057414021152732
2.29,1.4,0.000562278168336051
2.3000000000000003,1.4,0.0005508014784117541
2.31,1.4,0.0005396993256325914
2.32,1.4,0.0005289613072259785
2.33,1.4,0.0005185774204188038
2.34,1.4,0.0005085380496380192
2.35,1.4,0.000498833954243407
2.36,1.4,0.0004894562567609414
2.37,1.4,0.00048039643161176853
2.38,1.4,0.0004716462942990403
2.39,1.4,0.00046319799103300386
2.4,1.4,0.0004550439887806863
2.41,1.4,0.00044717706571817314
2.42,1.4,0.0004395903020560394
2.43,1.4,0.0004322770712281867
2.44,1.4,0.0004252310314147912
2.45,1.4,0.0004184461173833475
2.46,1.4,0.000411916532612699
2.47,1.4,0.00040563674169080585
2.48,1.4,0.0003996014629475618
2.49,1.4,0.00039380566129941367
2.5,1.4,0.0003882445412684536
2.5100000000000002,1.4,0.00038291354013730475
2.52,1.4,0.0003778083212124331
2.5300000000000002,1.4,0.0003729247671362419
2.54,1.4,0.0003682589732011417
2.5500000000000003,1.4,0.00036380724059299475
2.56,1.4,0.0003595660695109638
2.57,1.4,0.0003555321520651722
2.58,1.4,0.0003517023648585052
2.59,1.4,0.00034807376114229276
2.6,1.4,0.0003446435624054995
2.61,1.4,0.0003414091492488517
2.62,1.4,0.0003383680513583123
2.63,1.4,0.00033551793635122303
2.64,1.4,0.0003328565972486914
2.65,1.4,0.0003303819382840155
2.66,1.4,0.0003280919586860036
2.67,1.4,0.0003259847340333801
2.68,1.4,0.00032405839471179765
2.69,1.4,0.00032231110092045394
2.7,1.4,0.0003207410135957178
2.71,1.4,0.0003193462605231889
2.72,1.4,0.0003181248967975646
2.73,1.4,0.00031707485869594506
2.74,1.4,0.00031619390989624747
2.75,1.4,0.000315479578870242
2.7600000000000002,1.4,0.0003149290861640911
2.77,1.4,0.0003145392601931594
2.7800000000000002,1.4,0.0003143064401258229
2.79,1.4,0.0003142263644447174
2.8000000000000003,1.4,0.00031429404386788324
2.81,1.4,0.0003145036175745845
2.82,1.4,0.00031484819214821754
2.83,1.4,0.0003153196634264477
2.84,1.4,0.00031590852267566463
2.85,1.4,0.0003166036503957374
2.86,1.4,0.00031739210375467667
2.87,1.4,0.0003182589076753617
2.88,1.4,0.000319186865203932
2.89,1.4,0.0003201564107794372
2.9,1.4,0.0003211455411349498
2.91,1.4,0.0003221298739846881
2.92,1.4,0.0003230829058743336
2.93,1.4,0.00032397656971014545
2.94,1.4,0.00032478223221908887
2.95,1.4,0.00032547232571000935
2.96,1.4,0.00032602288184890215
2.97,1.4,0.0003264173344830018
2.98,1.4,0.0003266520926455628
2.99,1.4,0.00032674456565811216
3.0,1.4,0.00032674456565811216
0.0,1.5,0.0
0.01,1.5,0.0020304450589887176
0.02,1.5,0.0040592331235498715
0.03,1.5,0.006084369247967251
0.04,1.5,0.00810394736925894
0.05,1.5,0.010116071708723166
0.06,1.5,0.012118847596167322
0.07,1.5,0.014110379421914987
0.08,1.5,0.016088770313834475
0.09,1.5,0.018052122383221868
0.1,1.5,0.01999853719497644
0.11,1.5,0.021926116344028197
0.12,1.5,0.02383296209849611
0.13,1.5,0.025717178101399816
0.14,1.5,0.027576870136631817
0.15,1.5,0.029410146971670176
0.16,1.5,0.03121512129326195
0.17,1.5,0.0329899107547872
0.18,1.5,0.03473263915602947
0.19,1.5,0.036441437778036656
0.2,1.5,0.03811444689785465
0.21,1.5,0.039749817510232134
0.22,1.5,0.041345713285979885
0.23,1.5,0.04290031279950956
0.24,1.5,0.044411812061097226
0.25,1.5,0.04587842739258986
0.26,1.5,0.04729839868838452
0.27,1.5,0.04866999310644452
0.28,1.5,0.04999150923662235
0.29,1.5,0.051261281795303454
0.3,1.5,0.05247768689599313
0.31,1.5,0.0536391479445046
0.32,1.5,0.054744142204317205
0.33,1.5,0.055791208071876534
0.34,1.5,0.05677895309242766
0.35000000000000003,1.5,0.05770606273378496
0.36,1.5,0.058571309917584496
0.37,1.5,0.059373565284541484
0.38,1.5,0.060111808141602045
0.39,1.5,0.06078513800465368
0.4,1.5,0.06139278661082369
0.41000000000000003,1.5,0.06193413023018218
0.42,1.5,0.06240870205919095
0.43,1.5,0.06281620442952689
0.44,1.5,0.06315652051868596
0.45,1.5,0.06342972520633332
0.46,1.5,0.06363609468664594
0.47000000000000003,1.5,0.06377611442605571
0.48,1.5,0.06385048505199087
0.49,1.5,0.06386012577516222
0.5,1.5,0.0638061749883772
0.51,1.5,0.06368998775014431
0.52,1.5,0.06351312995085978
0.53,1.5,0.06327736907035254
0.54,1.5,0.06298466156295987
0.55,1.5,0.06263713704287804
0.56,1.5,0.06223707957949474
0.5700000000000001,1.5,0.06178690654002304
0.58,1.5,0.06128914552546336
0.59,1.5,0.060746410027324345
0.6,1.5,0.06016137448030137
0.61,1.5,0.05953674939686227
0.62,1.5,0.05887525724331259
0.63,1.5,0.058179609656448555
0.64,1.5,0.057452486511290556
0.65,1.5,0.056696517241485764
0.66,1.5,0.05591426469376589
0.67,1.5,0.05510821167536916
0.68,1.5,0.05428075023665146
0.6900000000000001,1.5,0.05343417362699169
0.7000000000000001,1.5,0.052570670775086
0.71,1.5,0.051692323077566986
0.72,1.5,0.05080110323322394
0.73,1.5,0.0498988758330524
0.74,1.5,0.04898739940679254
0.75,1.5,0.04806832963160688
0.76,1.5,0.0471432234248921
0.77,1.5,0.046213543667576934
0.78,1.5,0.04528066433368341
0.79,1.5,0.04434587583374031
0.8,1.5,0.043410390411787916
0.81,1.5,0.04247534746656905
0.8200000000000001,1.5,0.041541818695970616
0.8300000000000001,1.5,0.040610812989197054
0.84,1.5,0.039683281013212564
0.85,1.5,0.03876011945855743
0.86,1.5,0.037842174924961954
0.87,1.5,0.03693024743945188
0.88,1.5,0.03602509360923229
0.89,1.5,0.03512742941890068
0.9,1.5,0.03423793268690376
0.91,1.5,0.03335724519988028
0.92,1.5,0.032485974546044294
0.93,1.5,0.03162469567027898
0.9400000000000001,1.5,0.030773952174346385
0.9500000000000001,1.5,0.029934257385882502
0.96,1.5,0.02910609521964212
0.97,1.5,0.028289920854056634
0.98,1.5,0.027486161245579562
0.99,1.5,0.026695215502616824
1.0,1.5,0.02591745514009941
1.01,1.5,0.02515322423503438
1.02,1.5,0.02440283950264094
1.03,1.5,0.02366659031195596
1.04,1.5,0.022944738659056774
1.05,1.5,0.0222375191153458
1.06,1.5,0.02154513876760549
1.07,1.5,0.02086777716570218
1.08,1.5,0.020205586293002984
1.09,1.5,0.019558690573644327
1.1,1.5,0.018927186929732942
1.11,1.5,0.018311144900461228
1.12,1.5,0.017710606833825415
1.1300000000000001,1.5,0.017125588160275793
1.1400000000000001,1.5,0.0165560777561307
1.1500000000000001,1.5,0.016002038402950572
1.16,1.5,0.015463407347372633
1.17,1.5,0.014940096964118564
1.18,1.5,0.014431995523046089
1.19,1.5,0.013938968059262629
1.2,1.5,0.013460857343473746
1.21,1.5,0.012997484947953978
1.22,1.5,0.012548652401853766
1.23,1.5,0.012114142427949358
1.24,1.5,0.011693720251576459
1.25,1.5,0.011287134971245068
1.26,1.5,0.010894120979461226
1.27,1.5,0.010514399421504055
1.28,1.5,0.010147679679438172
1.29,1.5,0.009793660868347659
1.3,1.5,0.009452033331849076
1.31,1.5,0.009122480124159532
1.32,1.5,0.008804678466523252
1.33,1.5,0.008498301166484533
1.34,1.5,0.00820301798941653
1.35,1.5,0.007918496972752528
1.36,1.5,0.007644405674560037
1.37,1.5,0.0073804123493343985
1.3800000000000001,1.5,0.0071261870452387875
1.3900000000000001,1.5,0.006881402618342199
1.4000000000000001,1.5,0.006645735660727669
1.41,1.5,0.006418867340639281
1.42,1.5,0.0062004841540415565
1.43,1.5,0.005990278588110985
1.44,1.5,0.005787949698193025
1.45,1.5,0.005593203600682269
1.46,1.5,0.005405753885038935
1.47,1.5,0.005225321948855205
1.48,1.5,0.005051637260374568
1.49,1.5,0.004884437553292049
1.5,1.5,0.004723468958936417
1.51,1.5,0.004568486081124354
1.52,1.5,0.004419252019028832
1.53,1.5,0.004275538343416339
1.54,1.5,0.004137125031480506
1.55,1.5,0.004003800365376584
1.56,1.5,0.003875360799314404
1.57,1.5,0.0037516107998373615
1.58,1.5,0.00363236266361729
1.59,1.5,0.0035174363167794938
1.6,1.5,0.0034066590994621866
1.61,1.5,0.0032998655389727648
1.62,1.5,0.003196897114586181
1.6300000000000001,1.5,0.0030976020166924288
1.6400000000000001,1.5,0.0030018349027069093
1.6500000000000001,1.5,0.002909456651841042
1.6600000000000001,1.5,0.002820334120570559
1.67,1.5,0.0027343399003594447
1.68,1.5,0.00265135207895751
1.69,1.5,0.0025712540063808523
1.7,1.5,0.002493934066467767
1.71,1.5,0.002419285454724654
1.72,1.5,0.0023472059630327254
1.73,1.5,0.002277597771611691
1.74,1.5,0.0022103672485468354
1.75,1.5,0.0021454247570427054
1.76,1.5,0.002082684470512437
1.77,1.5,0.0020220641954939085
1.78,1.5,0.0019634852023533325
1.79,1.5,0.0019068720636428113
1.8,1.5,0.0018521524999812304
1.81,1.5,0.0017992572332430196
1.82,1.5,0.0017481198468553524
1.83,1.5,0.0016986766529465745
1.84,1.5,0.001650866566104136
1.85,1.5,0.0016046309834611694
1.86,1.5,0.0015599136708628156
1.87,1.5,0.0015166606548157873
1.8800000000000001,1.5,0.001474820119962984
1.8900000000000001,1.5,0.0014343423118121403
1.9000000000000001,1.5,0.001395179444455199
1.9100000000000001,1.5,0.0013572856130214686
1.92,1.5,0.001320616710615464
1.93,1.5,0.001285130349501654
1.94,1.5,0.0012507857863047912
1.95,1.5,0.0012175438510148085
1.96,1.5,0.0011853668795735806
1.97,1.5,0.001154218649855942
1.98,1.5,0.0011240643208430634
1.99,1.5,0.0010948703748277567
2.0,1.5,0.0010666045624677855
2.0100000000000002,1.5,0.0010392358505349644
2.02,1.5,0.0010127343722051596
2.0300000000000002,1.5,0.0009870713797502323
2.04,1.5,0.000962219199500995
2.05,1.5,0.0009381511889526586
2.06,1.5,0.0009148416958961928
2.07,1.5,0.0008922660194639915
2.08,1.5,0.0008704003729943536
2.09,1.5,0.0008492218486066767
2.1,1.5,0.0008287083834000354
2.11,1.5,0.0008088387271894767
2.12,1.5,0.00078959241170825
2.13,1.5,0.0007709497211869873
2.14,1.5,0.0007528916642439324
2.15,1.5,0.0007353999470230469
2.16,1.5,0.0007184569475197765
2.17,1.5,0.0007020456910270715
2.18,1.5,0.000686149826652577
2.19,1.5,0.0006707536048521124
2.2,1.5,0.0006558418559369558
2.21,1.5,0.0006413999695026134
2.22,1.5,0.0006274138747344249
2.23,1.5,0.0006138700215567278
2.24,1.5,0.0006007553625800968
2.25,1.5,0.000588057335814383
2.2600000000000002,1.5,0.0005757638481086238
2.27,1.5,0.0005638632592916061
2.2800000000000002,1.5,0.0005523443669786495
2.29,1.5,0.0005411963920119369
2.3000000000000003,1.5,0.0005304089645151759
2.31,1.5,0.0005199721105252453
2.32,1.5,0.0005098762391825295
2.33,1.5,0.0005001121304569262
2.34,1.5,0.0004906709233794856
2.35,1.5,0.0004815441047626002
2.36,1.5,0.0004727234983808714
2.37,1.5,0.0004642012546050237
2.38,1.5,0.00045596984045572007
2.39,1.5,0.0004480220300535457
2.4,1.5,0.0004403508954581223
2.41,1.5,0.00043294979787268054
2.42,1.5,0.000425812379181393
2.43,1.5,0.0004189325538179505
2.44,1.5,0.0004123045009225208
2.45,1.5,0.000405922656787889
2.46,1.5,0.00039978170754951305
2.47,1.5,0.0003938765821045193
2.48,1.5,0.0003882024452344883
2.49,1.5,0.00038275469089395605
2.5,1.5,0.00037752893563609526
2.5100000000000002,1.5,0.00037252101213085335
2.52,1.5,0.00036772696274537693
2.5300000000000002,1.5,0.000363143033129228
2.54,1.5,0.0003587656657491278
2.5500000000000003,1.5,0.0003545914933053562
2.56,1.5,0.0003506173319723669
2.57,1.5,0.00034684017435989464
2.58,1.5,0.00034325718210312893
2.59,1.5,0.00033986567796571564
2.6,1.5,0.0003366631373164057
2.61,1.5,0.0003336471788283253
2.62,1.5,0.000330815554216776
2.63,1.5,0.0003281661367893179
2.64,1.5,0.0003256969085665082
2.65,1.5,0.0003234059456872068
2.66,1.5,0.00032129140174803384
2.67,1.5,0.0003193514886860317
2.68,1.5,0.000317584454749315
2.69,1.5,0.0003159885590382494
2.7,1.5,0.00031456204200623817
2.71,1.5,0.0003133030912428844
2.72,1.5,0.00031220980174673175
2.73,1.5,0.0003112801298231924
2.74,1.5,0.00031051183963032303
2.75,1.5,0.0003099024412955318
2.7600000000000002,1.5,0.00030944911945178646
2.77,1.5,0.0003091486509670244
2.7800000000000002,1.5,0.00030899731061966875
2.79,1.5,0.0003089907635187383
2.8000000000000003,1.5,0.00030912394318738894
2.81,1.5,0.0003093909145166604
2.82,1.5,0.000309784721291021
2.83,1.5,0.000310297218777074
2.84,1.5,0.00031091889308952424
2.85,1.5,0.00031163867090058594
2.86,1.5,0.0003124437256935844
2.87,1.5,0.0003133192906417414
2.88,1.5,0.00031424849358779064
2.89,1.5,0.0003152122372418013
2.9,1.5,0.00031618915831835103
2.91,1.5,0.0003171557140021274
2.92,1.5,0.00031808646427759134
2.93,1.5,0.00031895464628443415
2.94,1.5,0.00031973317448974107
2.95,1.5,0.0003203962516898734
2.96,1.5,0.0003209218452653024
2.97,1.5,0.00032129537710963446
2.98,1.5,0.00032151510262431885
2.99,1.5,0.00032159982544992054
3.0,1.5,0.00032159982544992054
0.0,1.6,0.0
0.01,1.6,0.0019513279388793134
0.02,1.6,0.0039010176880173103
0.03,1.6,0.005847096649575045
0.04,1.6,0.007787680045528979
0.05,1.6,0.009720893179345236
0.06,1.6,0.011644862350951045
0.07,1.6,0.013557712824228189
0.08,1.6,0.015457568502575866
0.09,1.6,0.017342552168711008
0.1,1.6,0.019210785947850067
0.11,1.6,0.02106039187769505
0.12,1.6,0.022889492546554542
0.13,1.6,0.024696211792183887
0.14,1.6,0.026478675467944236
0.15,1.6,0.028235012289885075
0.16,1.6,0.029963354782418346
0.17,1.6,0.03166184034310949
0.18,1.6,0.03332861244956341
0.19,1.6,0.0349618220338487
0.2,1.6,0.0365596290525656
0.21,1.6,0.03812020428360551
0.22,1.6,0.0396417313839102
0.23,1.6,0.041122409246083035
0.24,1.6,0.04256045469543504
0.25,1.6,0.043954105572889667
0.26,1.6,0.04530162425285752
0.27,1.6,0.046601301648539685
0.28,1.6,0.0478514617597645
0.29,1.6,0.049050466819983304
0.3,1.6,0.05019672309891951
0.31,1.6,0.051288687415002525
0.32,1.6,0.052324874406419246
0.33,1.6,0.053303864600620164
0.34,1.6,0.05422431330863052
0.35000000000000003,1.6,0.05508496035179905
0.36,1.6,0.055884640603975064
0.37,1.6,0.05662229530111152
0.38,1.6,0.057296984032692934
0.39,1.6,0.05790789728556515
0.4,1.6,0.05845436936143937
0.41000000000000003,1.6,0.05893589143612912
0.42,1.6,0.05935212447374969
0.43,1.6,0.05970291165576519
0.44,1.6,0.059988289936845705
0.45,1.6,0.06020850030141598
0.46,1.6,0.06036399627145695
0.47000000000000003,1.6,0.06045545021228701
0.48,1.6,0.06048375700292398
0.49,1.6,0.0604500346842373
0.5,1.6,0.06035562177274051
0.51,1.6,0.06020207102955481
0.52,1.6,0.05999113959927174
0.53,1.6,0.05972477557588505
0.54,1.6,0.05940510120414019
0.55,1.6,0.05903439307422676
0.56,1.6,0.058615059804700165
0.5700000000000001,1.6,0.058149617822184384
0.58,1.6,0.057640665927770236
0.59,1.6,0.057090859382806704
0.6,1.6,0.056502884248060485
0.61,1.6,0.05587943267093184
0.62,1.6,0.05522317974006339
0.63,1.6,0.0545367624226362
0.64,1.6,0.05382276097632077
0.65,1.6,0.05308368309536351
0.66,1.6,0.05232195091852429
0.67,1.6,0.05153989090411619
0.68,1.6,0.05073972647075693
0.6900000000000001,1.6,0.04992357321612568
0.7000000000000001,1.6,0.049093436461932725
0.71,1.6,0.04825121083156147
0.72,1.6,0.047398681545728426
0.73,1.6,0.046537527118273296
0.74,1.6,0.04566932314537805
0.75,1.6,0.04479554690345252
0.76,1.6,0.04391758250012511
0.77,1.6,0.04303672635602597
0.78,1.6,0.04215419282979528
0.79,1.6,0.04127111983286992
0.8,1.6,0.04038857431265739
0.81,1.6,0.039507557511720165
0.8200000000000001,1.6,0.038629009936009866
0.8300000000000001,1.6,0.0377538159868543
0.84,1.6,0.03688280822935853
0.85,1.6,0.03601677128436951
0.86,1.6,0.03515644534254325
0.87,1.6,0.034302529307728265
0.88,1.6,0.03345568358327596
0.89,1.6,0.03261653251937148
0.9,1.6,0.03178566654248573
0.91,1.6,0.030963643989839477
0.92,1.6,0.030150992672666767
0.93,1.6,0.029348211192309254
0.9400000000000001,1.6,0.028555770032910648
0.9500000000000001,1.6,0.027774112453946516
0.96,1.6,0.0270036552050395
0.97,1.6,0.026244789084660065
0.98,1.6,0.02549787936339356
0.99,1.6,0.024763266091542734
1.0,1.6,0.02404126430994207
1.01,1.6,0.0233321641820109
1.02,1.6,0.022636231064274266
1.03,1.6,0.021953705531820543
1.04,1.6,0.021284803374390145
1.05,1.6,0.020629715578090513
1.06,1.6,0.019988608306973507
1.07,1.6,0.019361622897936435
1.08,1.6,0.018748875881591565
1.09,1.6,0.018150459040875744
1.1,1.6,0.017566439518179978
1.11,1.6,0.016996859980752742
1.12,1.6,0.016441738852949726
1.1300000000000001,1.6,0.015901070622663615
1.1400000000000001,1.6,0.015374826227932903
1.1500000000000001,1.6,0.014862953528269095
1.16,1.6,0.014365377863766737
1.17,1.6,0.01388200270350839
1.18,1.6,0.013412710383179533
1.19,1.6,0.012957362930258063
1.2,1.6,0.012515802973589424
1.21,1.6,0.012087854732660571
1.22,1.6,0.011673325080533098
1.23,1.6,0.011272004673093465
1.24,1.6,0.010883669136178983
1.25,1.6,0.0105080803011889
1.26,1.6,0.010144987479047093
1.27,1.6,0.009794128761812789
1.28,1.6,0.009455232340949722
1.29,1.6,0.009128017831093242
1.3,1.6,0.008812197588307164
1.31,1.6,0.00850747801209383
1.32,1.6,0.008213560820940413
1.33,1.6,0.00793014429182175
1.34,1.6,0.007656924454913457
1.35,1.6,0.0073935962356813465
1.36,1.6,0.007139854537556511
1.37,1.6,0.0068953952594745386
1.3800000000000001,1.6,0.00665991624369593
1.3900000000000001,1.6,0.006433118150435146
1.4000000000000001,1.6,0.006214705256955053
1.41,1.6,0.006004386179856321
1.42,1.6,0.005801874520278439
1.43,1.6,0.005606889432689837
1.44,1.6,0.005419156118765027
1.45,1.6,0.005238406248608706
1.46,1.6,0.0050643783122083855
1.47,1.6,0.004896817904548283
1.48,1.6,0.0047354779482246786
1.49,1.6,0.004580118857741685
1.5,1.6,0.004430508649872971
1.51,1.6,0.004286423004638378
1.52,1.6,0.004147645281459581
1.53,1.6,0.004013966495074671
1.54,1.6,0.003885185255677055
1.55,1.6,0.0037611076776373023
1.56,1.6,0.0036415472609495126
1.57,1.6,0.0035263247493597786
1.58,1.6,0.003415267968878737
1.59,1.6,0.0033082116501155427
1.6,1.6,0.003204997237601498
1.61,1.6,0.0031054726890004177
1.62,1.6,0.0030094922668224
1.6300000000000001,1.6,0.002916916324985164
1.6400000000000001,1.6,0.002827611092309611
1.6500000000000001,1.6,0.0027414484547721774
1.6600000000000001,1.6,0.0026583057381263427
1.67,1.6,0.0025780654922433637
1.68,1.6,0.0025006152783530943
1.69,1.6,0.002425847460158126
1.7,1.6,0.0023536589996266443
1.71,1.6,0.002283951258108945
1.72,1.6,0.002216629803300838
1.73,1.6,0.0021516042224260534
1.74,1.6,0.002088787941930446
1.75,1.6,0.002028098053854756
1.76,1.6,0.0019694551490103958
1.77,1.6,0.0019127831569720585
1.78,1.6,0.0018580091928727346
1.79,1.6,0.0018050634109082417
1.8,1.6,0.0017538788644633698
1.81,1.6,0.0017043913726751238
1.82,1.6,0.001656539393283135
1.83,1.6,0.0016102639015572967
1.84,1.6,0.001565508275100273
1.85,1.6,0.001522218184289264
1.86,1.6,0.0014803414881512814
1.87,1.6,0.0014398281354171137
1.8800000000000001,1.6,0.0014006300705345482
1.8900000000000001,1.6,0.0013627011444074823
1.9000000000000001,1.6,0.0013259970296364432
1.9100000000000001,1.6,0.0012904751400351303
1.92,1.6,0.001256094554205743
1.93,1.6,0.001222815942967284
1.94,1.6,0.0011906015004318935
1.95,1.6,0.0011594148785432077
1.96,1.6,0.0011292211248801478
1.97,1.6,0.001099986623563589
1.98,1.6,0.0010716790390788943
1.99,1.6,0.0010442672628752307
2.0,1.6,0.0010177213625780267
2.0100000000000002,1.6,0.000992012533675028
2.02,1.6,0.0009671130535385253
2.0300000000000002,1.6,0.0009429962376582812
2.04,1.6,0.0009196363979639534
2.05,1.6,0.0008970088031250136
2.06,1.6,0.0008750896407193063
2.07,1.6,0.0008538559811677316
2.08,1.6,0.0008332857433518307
2.09,1.6,0.0008133576618111549
2.1,1.6,0.0007940512554448235
2.11,1.6,0.0007753467976330334
2.12,1.6,0.0007572252877183273
2.13,1.6,0.0007396684237621635
2.14,1.6,0.0007226585765155846
2.15,1.6,0.0007061787645479701
2.16,1.6,0.0006902126304768514
2.17,1.6,0.0006747444182348383
2.18,1.6,0.0006597589513311047
2.19,1.6,0.000645241612055435
2.2,1.6,0.0006311783215878109
2.21,1.6,0.0006175555209579558
2.22,1.6,0.0006043601528235414
2.23,1.6,0.0005915796440300263
2.24,1.6,0.0005792018889078757
2.25,1.6,0.0005672152332832654
2.2600000000000002,1.6,0.0005556084591610287
2.27,1.6,0.0005443707700588595
2.2800000000000002,1.6,0.0005334917769574573
2.29,1.6,0.0005229614848393705
2.3000000000000003,1.6,0.0005127702797957367
2.31,1.6,0.0005029089166672048
2.32,1.6,0.000493368507202213
2.33,1.6,0.00048414050870942255
2.34,1.6,0.0004752167131785282
2.35,1.6,0.00046658923685102745
2.36,1.6,0.00045825051021349396
2.37,1.6,0.0004501932684103034
2.38,1.6,0.00044241054203782073
2.39,1.6,0.00043489564830526226
2.4,1.6,0.00042764218254680075
2.41,1.6,0.0004206440100643311
2.42,1.6,0.0004138952582727849
2.43,1.6,0.0004073903091397983
2.44,1.6,0.00040112379188844254
2.45,1.6,0.0003950905759450758
2.46,1.6,0.0003892857641011733
2.47,1.6,0.0003837046858732699
2.48,1.6,0.00037834289102590924
2.49,1.6,0.0003731961432267079
2.5,1.6,0.0003682604138003679
2.5100000000000002,1.6,0.00036353187553589075
2.52,1.6,0.0003590068965180872
2.5300000000000002,1.6,0.00035468203391933163
2.54,1.6,0.000350554027701163
2.5500000000000003,1.6,0.000346619794149667
2.56,1.6,0.00034287641919105
2.57,1.6,0.0003393211513760146
2.58,1.6,0.00033595139444463946
2.59,1.6,0.00033276469935593784
2.6,1.6,0.0003297587556368194
2.61,1.6,0.00032693138190595936
2.62,1.6,0.00032428051538431246
2.63,1.6,0.00032180420017252143
2.64,1.6,0.0003195005740560668
2.65,1.6,0.0003173678535598328
2.66,1.6,0.00031540431691171
2.67,1.6,0.00031360828453949163
2.68,1.6,0.0003119780966633623
2.69,1.6,0.00031051208749012743
2.7,1.6,0.00030920855543426656
2.71,1.6,0.00030806572872420484
2.72,1.6,0.0003070817256559155
2.73,1.6,0.0003062545086940669
2.74,1.6,0.0003055818315140666
2.75,1.6,0.0003050611780131182
2.7600000000000002,1.6,0.0003046896922435799
2.77,1.6,0.00030446409818141445
2.7800000000000002,1.6,0.00030438060823910956
2.79,1.6,0.0003044348194981126
2.8000000000000003,1.6,0.0003046215967866845
2.81,1.6,0.0003049349420367155
2.82,1.6,0.0003053678498574847
2.83,1.6,0.0003059121500686868
2.84,1.6,0.000306558339147188
2.85,1.6,0.00030729540435623216
2.86,1.6,0.00030811064689801823
2.87,1.6,0.0003089895141867043
2.88,1.6,0.00030991545652849287
2.89,1.6,0.00031086983084003964
2.9,1.6,0.00031183188418194407
2.91,1.6,0.00031277886389109304
2.92,1.6,0.00031368632030908387
2.93,1.6,0.0003145286944102575
2.94,1.6,0.00031528031844774623
2.95,1.6,0.00031591700646184265
2.96,1.6,0.0003164184775205977
2.97,1.6,0.00031677194399290677
2.98,1.6,0.00031697731800562544
2.99,1.6,0.00031705465238023007
3.0,1.6,0.00031705465238023007
0.0,1.7,0.0
0.01,1.7,0.0018787711359570997
0.02,1.7,0.003755921966495357
0.03,1.7,0.005629501137353115
0.04,1.7,0.007497644100630095
0.05,1.7,0.009358496189523604
0.06,1.7,0.01121020361649698
0.07,1.7,0.013050911452518367
0.08,1.7,0.014878763297950875
0.09,1.7,0.016691901512869145
0.1,1.7,0.018488467669424417
0.11,1.7,0.02026660311107414
0.12,1.7,0.022024449580851826
0.13,1.7,0.023760149912068568
0.14,1.7,0.025471848789021142
0.15,1.7,0.027157693592575985
0.16,1.7,0.02881583534992933
0.17,1.7,0.030444429811150156
0.18,1.7,0.032041638678084926
0.19,1.7,0.0336056310142681
0.2,1.7,0.03513458486781373
0.21,1.7,0.03662668914294145
0.22,1.7,0.03808014575983754
0.23,1.7,0.039493172146906716
0.24,1.7,0.04086400411399622
0.25,1.7,0.04219089915974383
0.26,1.7,0.0434721402704661
0.27,1.7,0.044706040271685434
0.28,1.7,0.045890946796015034
0.29,1.7,0.047025247932099425
0.3,1.7,0.04810737861795692
0.31,1.7,0.04913582783764081
0.32,1.7,0.05010914667171708
0.33,1.7,0.051025957238745395
0.34,1.7,0.05188496254580754
0.35000000000000003,1.7,0.0526849572403573
0.36,1.7,0.05342483922262642
0.37,1.7,0.05410362203727776
0.38,1.7,0.05472044791506579
0.39,1.7,0.05527460128092165
0.4,1.7,0.055765522485701005
0.41000000000000003,1.7,0.056192821457417705
0.42,1.7,0.05655629090765643
0.43,1.7,0.056855918674433924
0.44,1.7,0.05709189873924978
0.45,1.7,0.05726464042893363
0.46,1.7,0.057374775307677685
0.47000000000000003,1.7,0.057423161286122175
0.48,1.7,0.057410883525926375
0.49,1.7,0.05733925180128083
0.5,1.7,0.05720979409198745
0.51,1.7,0.05702424632175229
0.52,1.7,0.05678453831289915
0.53,1.7,0.056492776194819204
0.54,1.7,0.05615122166638126
0.55,1.7,0.0557622686597228
0.56,1.7,0.05532841807259491
0.5700000000000001,1.7,0.05485225131903182
0.58,1.7,0.05433640348715526
0.59,1.7,0.053783536886070384
0.6,1.7,0.053196315712905534
0.61,1.7,0.052577382481947633
0.62,1.7,0.05192933673944075
0.63,1.7,0.051254716450690935
0.64,1.7,0.050555982302021824
0.65,1.7,0.04983550501947161
0.66,1.7,0.04909555567788664
0.67,1.7,0.048338298864905406
0.68,1.7,0.04756578847815542
0.6900000000000001,1.7,0.0467799658724743
0.7000000000000001,1.7,0.04598266003633107
0.71,1.7,0.045175589460645794
0.72,1.7,0.04436036536545079
0.73,1.7,0.043538495966394475
0.74,1.7,0.04271139148992723
0.75,1.7,0.04188036967936027
0.76,1.7,0.0410466615706388
0.77,1.7,0.04021141735390409
0.78,1.7,0.03937571217280169
0.79,1.7,0.03854055174659723
0.8,1.7,0.03770687772966017
0.81,1.7,0.03687557274833013
0.8200000000000001,1.7,0.03604746507654399
0.8300000000000001,1.7,0.035223332929042214
0.84,1.7,0.03440390836481463
0.85,1.7,0.0335898808040718
0.86,1.7,0.03278190016999043
0.87,1.7,0.03198057967211593
0.88,1.7,0.031186498252116893
0.89,1.7,0.03040020271495501
0.9,1.7,0.029622209569757533
0.91,1.7,0.02885300660508343
0.92,1.7,0.028093054223063782
0.93,1.7,0.02734278655629031
0.9400000000000001,1.7,0.026602612390442697
0.9500000000000001,1.7,0.0258729159146243
0.96,1.7,0.02515405732025979
0.97,1.7,0.024446373268330077
0.98,1.7,0.023750177243656898
0.99,1.7,0.023065759813920006
1.0,1.7,0.022393388810169418
1.01,1.7,0.021733309444705404
1.02,1.7,0.021085744381402798
1.03,1.7,0.020450893772802698
1.04,1.7,0.01982893527754043
1.05,1.7,0.019220024071000635
1.06,1.7,0.01862429286136801
1.07,1.7,0.018041851922490543
1.08,1.7,0.01747278915421548
1.09,1.7,0.016917170180024962
1.1,1.7,0.016375038490887086
1.11,1.7,0.015846415643286534
1.12,1.7,0.015331301518321119
1.1300000000000001,1.7,0.014829674647637181
1.1400000000000001,1.7,0.0143414926107755
1.1500000000000001,1.7,0.01386669250721645
1.16,1.7,0.01340519150512107
1.17,1.7,0.012956887467397218
1.18,1.7,0.01252165965437896
1.19,1.7,0.01209936950107574
1.2,1.7,0.011689861465620387
1.21,1.7,0.011292963944339695
1.22,1.7,0.01090849024773786
1.23,1.7,0.010536239630614834
1.24,1.7,0.01017599836868914
1.25,1.7,0.009827540873344047
1.26,1.7,0.009490630835563056
1.27,1.7,0.009165022389701094
1.28,1.7,0.008850461287572092
1.29,1.7,0.008546686073263955
1.3,1.7,0.008253429249302557
1.31,1.7,0.007970418425050831
1.32,1.7,0.007697377438744548
1.33,1.7,0.007434027445153457
1.34,1.7,0.007180087961601785
1.35,1.7,0.006935277865888001
1.36,1.7,0.006699316340543189
1.37,1.7,0.006471923758790871
1.3800000000000001,1.7,0.006252822508557898
1.3900000000000001,1.7,0.006041737751802606
1.4000000000000001,1.7,0.0058383981173902415
1.41,1.7,0.005642536326646173
1.42,1.7,0.005453889751537369
1.43,1.7,0.005272200906229418
1.44,1.7,0.0050972178734529
1.45,1.7,0.004928694667740178
1.46,1.7,0.004766391538085715
1.47,1.7,0.004610075213059619
1.48,1.7,0.004459519091726412
1.49,1.7,0.0043145033839948254
1.5,1.7,0.004174815204188402
1.51,1.7,0.004040248621753653
1.52,1.7,0.003910604673035889
1.53,1.7,0.003785691338063282
1.54,1.7,0.003665323486172178
1.55,1.7,0.003549322794221256
1.56,1.7,0.003437517640944391
1.57,1.7,0.003329742980853946
1.58,1.7,0.0032258402008790363
1.59,1.7,0.003125656962700392
1.6,1.7,0.0030290470335177025
1.61,1.7,0.0029358701077592734
1.62,1.7,0.0028459916220050976
1.6300000000000001,1.7,0.0027592825651546597
1.6400000000000001,1.7,0.002675619285666094
1.6500000000000001,1.7,0.002594883297465473
1.6600000000000001,1.7,0.0025169610859369002
1.67,1.7,0.002441743915191876
1.68,1.7,0.0023691276376659205
1.69,1.7,0.0022990125069112344
1.7,1.7,0.0022313029943132486
1.71,1.7,0.0021659076103170234
1.72,1.7,0.0021027387306463015
1.73,1.7,0.002041712427863285
1.74,1.7,0.001982748308552162
1.75,1.7,0.0019257693562925757
1.76,1.7,0.0018707017805580073
1.77,1.7,0.00181747487156866
1.78,1.7,0.0017660208611129493
1.79,1.7,0.0017162747892703906
1.8,1.7,0.0016681743769757418
1.81,1.7,0.0016216599042782728
1.82,1.7,0.0015766740941812374
1.83,1.7,0.0015331620018909267
1.84,1.7,0.0014910709093044433
1.85,1.7,0.0014503502245438063
1.86,1.7,0.0014109513863550807
1.87,1.7,0.001372827773167327
1.8800000000000001,1.7,0.0013359346166147345
1.8900000000000001,1.7,0.0013002289193266721
1.9000000000000001,1.7,0.0012656693767861239
1.9100000000000001,1.7,0.001232216303066004
1.92,1.7,0.0011998315602533675
1.93,1.7,0.001168478491374456
1.94,1.7,0.001138121856648399
1.95,1.7,0.0011087277729001602
1.96,1.7,0.0010802636559610074
1.97,1.7,0.0010526981659108507
1.98,1.7,0.0010260011549956117
1.99,1.7,0.0010001436180963781
2.0,1.7,0.0009750976456001089
2.0100000000000002,1.7,0.0009508363785506015
2.02,1.7,0.0009273339659528944
2.0300000000000002,1.7,0.0009045655241184528
2.04,1.7,0.0008825070979421802
2.05,1.7,0.0008611356240066927
2.06,1.7,0.000840428895417451
2.07,1.7,0.0008203655282743196
2.08,1.7,0.0008009249297035573
2.09,1.7,0.0007820872673554245
2.1,1.7,0.0007638334402984938
2.11,1.7,0.0007461450512328779
2.12,1.7,0.0007290043799665359
2.13,1.7,0.0007123943580786883
2.14,1.7,0.0006962985447112651
2.15,1.7,0.0006807011034389939
2.16,1.7,0.0006655867801619865
2.17,1.7,0.0006509408819675114
2.18,1.7,0.0006367492569152276
2.19,1.7,0.0006229982747016506
2.2,1.7,0.0006096748081665213
2.21,1.7,0.0005967662155931886
2.22,1.7,0.0005842603237695107
2.23,1.7,0.0005721454117769199
2.24,1.7,0.0005604101954683046
2.25,1.7,0.0005490438126085922
2.2600000000000002,1.7,0.0005380358086424872
2.27,1.7,0.0005273761230678176
2.2800000000000002,1.7,0.000517055076381343
2.29,1.7,0.0005070633575739871
2.3000000000000003,1.7,0.000497392012151804
2.31,1.7,0.000488032430656655
2.32,1.7,0.0004789763376639403
2.33,1.7,0.00047021578124047163
2.34,1.7,0.0004617431228365962
2.35,1.7,0.0004535510275937686
2.36,1.7,0.0004456324550415234
2.37,1.7,0.0004379806501829027
2.38,1.7,0.000430589134929203
2.39,1.7,0.00042345169987114794
2.4,1.7,0.0004165623963696048
2.41,1.7,0.00040991552894863994
2.42,1.7,0.000403505647960381
2.43,1.7,0.0003973275425122145
2.44,1.7,0.0003913762336285576
2.45,1.7,0.00038564696762800817
2.46,1.7,0.00038013520968249183
2.47,1.7,0.00037483663754332957
2.48,1.7,0.0003697471353976674
2.49,1.7,0.00036486278782501576
2.5,1.7,0.0003601798738182326
2.5100000000000002,1.7,0.0003556948608231994
2.52,1.7,0.0003514043987663788
2.5300000000000002,1.7,0.0003473053140054155
2.54,1.7,0.00034339460315123096
2.5500000000000003,1.7,0.00033966942668327906
2.56,1.7,0.0003361271023029018
2.57,1.7,0.00033276509791692354
2.58,1.7,0.0003295810241594278
2.59,1.7,0.00032657262633208257
2.6,1.7,0.0003237377756203688
2.61,1.7,0.00032107445944566703
2.62,1.7,0.0003185807707644803
2.63,1.7,0.00031625489609895467
2.64,1.7,0.00031409510206414714
2.65,1.7,0.00031209972012349055
2.66,1.7,0.0003102671292417937
2.67,1.7,0.0003085957360739766
2.68,1.7,0.0003070839522710057
2.69,1.7,0.0003057301684348841
2.7,1.7,0.0003045327241756616
2.71,1.7,0.00030348987367080193
2.72,1.7,0.0003025997460354996
2.73,1.7,0.0003018602997618202
2.74,1.7,0.0003012692703948529
2.75,1.7,0.0003008241105565582
2.7600000000000002,1.7,0.00030052192137271287
2.77,1.7,0.00030035937433692543
2.7800000000000002,1.7,0.0003003326226560919
2.79,1.7,0.0003004372012136275
2.8000000000000003,1.7,0.0003006679144501077
2.81,1.7,0.00030101871178653283
2.82,1.7,0.00030148255073464837
2.83,1.7,0.0003020512486391436
2.84,1.7,0.00030271532520159217
2.85,1.7,0.0003034638397169532
2.86,1.7,0.0003042842294553244
2.87,1.7,0.0003051621592662622
2.88,1.7,0.00030608139749453185
2.89,1.7,0.0003070237403613577
2.9,1.7,0.0003079690167103138
2.91,1.7,0.00030889521844265747
2.92,1.7,0.0003097788203528408
2.93,1.7,0.00031059537823683843
2.94,1.7,0.0003113205283711986
2.95,1.7,0.0003119315580205008
2.96,1.7,0.0003124097797145252
2.97,1.7,0.0003127440275111625
2.98,1.7,0.0003129357090052243
2.99,1.7,0.0003130060029379208
3.0,1.7,0.0003130060029379208
0.0,1.8,0.0
0.01,1.8,0.0018119033599884164
0.02,1.8,0.0036222035674774934
0.03,1.8,0.0054289696319669975
0.04,1.8,0.007230356393648036
0.05,1.8,0.009024528372787962
0.06,1.8,0.010809650844270302
0.07,1.8,0.012583887824724223
0.08,1.8,0.014345401735196951
0.09,1.8,0.016092353618147773
0.1,1.8,0.017822903574674268
0.11,1.8,0.019535211308121282
0.12,1.8,0.021227436737100393
0.13,1.8,0.022897740672173733
0.14,1.8,0.024544285564858638
0.15,1.8,0.02616523634524897
0.16,1.8,0.027758761369420654
0.17,1.8,0.02932303350162063
0.18,1.8,0.03085623135983572
0.19,1.8,0.03235654075709754
0.2,1.8,0.033822156375009495
0.21,1.8,0.035251283710512865
0.22,1.8,0.036642141341868516
0.23,1.8,0.037992963565108034
0.24,1.8,0.03930200345761203
0.25,1.8,0.040567536430808404
0.26,1.8,0.04178786433879573
0.27,1.8,0.04296132021358179
0.28,1.8,0.044086273699953916
0.29,1.8,0.04516113726299646
0.3,1.8,0.04618437323806783
0.31,1.8,0.04715450178567223
0.32,1.8,0.04807010980100849
0.33,1.8,0.04892986080899036
0.34,1.8,0.0497325058491573
0.35000000000000003,1.8,0.05047689532038443
0.36,1.8,0.05116199171216855
0.37,1.8,0.051786883097658803
0.38,1.8,0.05235079720425965
0.39,1.8,0.052853115812408785
0.4,1.8,0.05329338916472147
0.41000000000000003,1.8,0.053671350000047365
0.42,1.8,0.053986926765067084
0.43,1.8,0.05424025550569342
0.44,1.8,0.05443168990810521
0.45,1.8,0.054561808950944764
0.46,1.8,0.05463142165159645
0.47000000000000003,1.8,0.054641568444435004
0.48,1.8,0.05459351881903072
0.49,1.8,0.054488764970018
0.5,1.8,0.054329011362728497
0.51,1.8,0.054116160291375004
0.52,1.8,0.053852293688214245
0.53,1.8,0.053539651619325716
0.54,1.8,0.053180608061502876
0.55,1.8,0.05277764468221423
0.56,1.8,0.05233332343021875
0.5700000000000001,1.8,0.05185025878154969
0.58,1.8,0.05133109047223609
0.59,1.8,0.05077845748813897
0.6,1.8,0.05019497398067933
0.61,1.8,0.04958320764539722
0.62,1.8,0.04894566095037515
0.63,1.8,0.048284755446080276
0.64,1.8,0.047602819238595294
0.65,1.8,0.046902077573897825
0.66,1.8,0.04618464636849607
0.67,1.8,0.04545252843512269
0.68,1.8,0.04470761209227246
0.6900000000000001,1.8,0.04395167181205647
0.7000000000000001,1.8,0.04318637054908783
0.71,1.8,0.04241326340005781
0.72,1.8,0.041633802264865016
0.73,1.8,0.040849341211296526
0.74,1.8,0.04006114228234366
0.75,1.8,0.039270381524876295
0.76,1.8,0.03847815505798285
0.77,1.8,0.03768548503676571
0.78,1.8,0.03689332540153839
0.79,1.8,0.036102567332376614
0.8,1.8,0.035314044354574574
0.81,1.8,0.03452853706176191
0.8200000000000001,1.8,0.03374677744048666
0.8300000000000001,1.8,0.032969452793405775
0.84,1.8,0.03219720926830676
0.85,1.8,0.03143065500749884
0.86,1.8,0.030670362937198326
0.87,1.8,0.029916873219753747
0.88,1.8,0.029170695393423342
0.89,1.8,0.028432310225167855
0.9,1.8,0.02770217130192205
0.91,1.8,0.026980706385235875
0.92,1.8,0.026268318553254195
0.93,1.8,0.02556538715287217
0.9400000000000001,1.8,0.024872268583641714
0.9500000000000001,1.8,0.024189296933729263
0.96,1.8,0.02351678448696049
0.97,1.8,0.022855022118824043
0.98,1.8,0.022204279598166145
0.99,1.8,0.021564805810298886
1.0,1.8,0.02093682891633557
1.01,1.8,0.020320556462686247
1.02,1.8,0.019716175453890535
1.03,1.8,0.019123852401261836
1.04,1.8,0.01854373335907106
1.05,1.8,0.017975943959393857
1.06,1.8,0.017420589456039873
1.07,1.8,0.01687775478728431
1.08,1.8,0.016347504666412098
1.09,1.8,0.01582988370831419
1.1,1.8,0.015324916599525446
1.11,1.8,0.014832608318229735
1.12,1.8,0.01435294440977241
1.1300000000000001,1.8,0.013885891322214782
1.1400000000000001,1.8,0.013431396805403215
1.1500000000000001,1.8,0.012989390375875022
1.16,1.8,0.012559783848804271
1.17,1.8,0.01214247193699906
1.18,1.8,0.011737332915806453
1.19,1.8,0.011344229351646102
1.2,1.8,0.010963008890787464
1.21,1.8,0.010593505103962862
1.22,1.8,0.010235538381486217
1.23,1.8,0.009888916872675464
1.24,1.8,0.00955343746270415
1.25,1.8,0.009228886779414951
1.26,1.8,0.008915042222211761
1.27,1.8,0.008611673004859125
1.28,1.8,0.008318541203934004
1.29,1.8,0.008035402804662618
1.3,1.8,0.007762008736108146
1.31,1.8,0.0074981058879616674
1.32,1.8,0.007243438101674008
1.33,1.8,0.0069977471291747025
1.34,1.8,0.006760773553116948
1.35,1.8,0.006532257663279376
1.36,1.8,0.006311940284557265
1.37,1.8,0.006099563552752461
1.3800000000000001,1.8,0.005894871635213406
1.3900000000000001,1.8,0.005697611394182433
1.4000000000000001,1.8,0.005507532991499369
1.41,1.8,0.0053243904340776775
1.42,1.8,0.005147942060253482
1.43,1.8,0.004977950967780689
1.44,1.8,0.0048141853848163935
1.45,1.8,0.004656418985753812
1.46,1.8,0.004504431154184381
1.47,1.8,0.004358007195650081
1.48,1.8,0.004216938503108381
1.49,1.8,0.0040810226782791595
1.5,1.8,0.003950063612154854
1.51,1.8,0.0038238715280659286
1.52,1.8,0.0037022629906972707
1.53,1.8,0.003585060884464608
1.54,1.8,0.00347209436455896
1.55,1.8,0.00336319878389573
1.56,1.8,0.003258215599040769
1.57,1.8,0.0031569922580627127
1.58,1.8,0.0030593820730680657
1.59,1.8,0.0029652440799881282
1.6,1.8,0.0028744428880030995
1.61,1.8,0.0027868485207826654
1.62,1.8,0.0027023362515241293
1.6300000000000001,1.8,0.002620786433574033
1.6400000000000001,1.8,0.0025420843282314607
1.6500000000000001,1.8,0.002466119931145703
1.6600000000000001,1.8,0.0023927877985529746
1.67,1.8,0.002321986874422786
1.68,1.8,0.002253620319446413
1.69,1.8,0.002187595342652994
1.7,1.8,0.002123823036310022
1.71,1.8,0.002062218214644678
1.72,1.8,0.0020026992568341877
1.73,1.8,0.0019451879545900241
1.74,1.8,0.0018896093646091528
1.75,1.8,0.0018358916660590465
1.76,1.8,0.0017839660232335482
1.77,1.8,0.001733766453430454
1.78,1.8,0.0016852297000755894
1.79,1.8,0.0016382951110543306
1.8,1.8,0.0015929045222122526
1.81,1.8,0.001549002145911846
1.82,1.8,0.0015065344645575351
1.83,1.8,0.0014654501289470693
1.84,1.8,0.001425699861310553
1.85,1.8,0.0013872363628741713
1.86,1.8,0.0013500142258054044
1.87,1.8,0.001313989849350795
1.8800000000000001,1.8,0.0012791213600077476
1.8900000000000001,1.8,0.001245368535560329
1.9000000000000001,1.8,0.001212692732805937
1.9100000000000001,1.8,0.001181056818805559
1.92,1.8,0.001150425105491644
1.93,1.8,0.0011207632874735648
1.94,1.8,0.0010920383828825044
1.95,1.8,0.0010642186771102713
1.96,1.8,0.0010372736692877242
1.97,1.8,0.0010111740213737783
1.98,1.8,0.0009858915097045427
1.99,1.8,0.0009613989788934237
2.0,1.8,0.0009376702979470944
2.0100000000000002,1.8,0.0009146803184868921
2.02,1.8,0.0008924048349616488
2.0300000000000002,1.8,0.0008708205467493419
2.04,1.8,0.0008499050220497701
2.05,1.8,0.0008296366634717914
2.06,1.8,0.0008099946752279639
2.07,1.8,0.0007909590318497401
2.08,1.8,0.0007725104483534035
2.09,1.8,0.0007546303517700425
2.1,1.8,0.0007373008539765149
2.11,1.8,0.0007205047257557329
2.12,1.8,0.0007042253720341484
2.13,1.8,0.0006884468082263817
2.14,1.8,0.0006731536376325955
2.15,1.8,0.0006583310298427034
2.16,1.8,0.0006439647000965998
2.17,1.8,0.0006300408895483021
2.18,1.8,0.0006165463463941984
2.19,1.8,0.000603468307821461
2.2,1.8,0.0005907944827444343
2.21,1.8,0.0005785130352839964
2.22,1.8,0.0005666125689557976
2.23,1.8,0.0005550821115410885
2.24,1.8,0.0005439111005996478
2.25,1.8,0.0005330893696042088
2.2600000000000002,1.8,0.000522607134659331
2.27,1.8,0.0005124549817867697
2.2800000000000002,1.8,0.0005026238547460623
2.29,1.8,0.0004931050433658895
2.3000000000000003,1.8,0.0004838901723683231
2.31,1.8,0.00047497119065775974
2.32,1.8,0.00046634036105381075
2.33,1.8,0.00045799025045307746
2.34,1.8,0.0004499137203936897
2.35,1.8,0.0004421039180052725
2.36,1.8,0.0004345542673206681
2.37,1.8,0.00042725846094592354
2.38,1.8,0.00042021045205123674
2.39,1.8,0.00041340444666957977
2.4,1.8,0.00040683489629098074
2.41,1.8,0.0004004964907289184
2.42,1.8,0.00039438415122930605
2.43,1.8,0.00038849302382024564
2.44,1.8,0.00038281847286627727
2.45,1.8,0.00037735607480697097
2.46,1.8,0.000372101612051526
2.47,1.8,0.00036705106701408056
2.48,1.8,0.0003622006162489747
2.49,1.8,0.0003575466246550336
2.5,1.8,0.0003530856397144579
2.5100000000000002,1.8,0.00034881438571817677
2.52,1.8,0.0003447297579473535
2.5300000000000002,1.8,0.0003408288167447477
2.54,1.8,0.0003371087814217488
2.5500000000000003,1.8,0.0003335670239257817
2.56,1.8,0.0003302010622089306
2.57,1.8,0.000327008553189351
2.58,1.8,0.0003239872852132975
2.59,1.8,0.000321135169900528
2.6,1.8,0.0003184502332362632
2.61,1.8,0.0003159306057589381
2.62,1.8,0.0003135745116640297
2.63,1.8,0.000311380256614574
2.64,1.8,0.00030934621403040256
2.65,1.8,0.0003074708095916323
2.66,1.8,0.0003057525036399343
2.67,1.8,0.00030418977112908047
2.68,1.8,0.00030278107872476495
2.69,1.8,0.00030152485860974955
2.7,1.8,0.00030041947847918245
2.71,1.8,0.0002994632071579754
2.72,1.8,0.000298654175195981
2.73,1.8,0.0002979903297560871
2.74,1.8,0.00029746938302228074
2.75,1.8,0.00029708875332114037
2.7600000000000002,1.8,0.0002968454981035445
2.77,1.8,0.0002967362379243283
2.7800000000000002,1.8,0.0002967570705871665
2.79,1.8,0.00029690347472903825
2.8000000000000003,1.8,0.0002971702022980473
2.81,1.8,0.0002975511597131753
2.82,1.8,0.00029803927802360365
2.83,1.8,0.00029862637318475585
2.84,1.8,0.0002993029987580848
2.85,1.8,0.0003000582950893375
2.86,1.8,0.0003008798414611525
2.87,1.8,0.00030175352125098436
2.88,1.8,0.0003026634149752072
2.89,1.8,0.0003035917429194547
2.9,1.8,0.0003045188884357796
2.91,1.8,0.00030542354589865916
2.92,1.8,0.00030628305497206577
2.93,1.8,0.00030707400697987106
2.94,1.8,0.0003077732420132045
2.95,1.8,0.00030835940006416855
2.96,1.8,0.00030881524998182836
2.97,1.8,0.000309131102060826
2.98,1.8,0.00030930972098168
2.99,1.8,0.0003093733057459838
3.0,1.8,0.0003093733057459838
0.0,1.9,0.0
0.01,1.9,0.0017500067837435652
0.02,1.9,0.0034984269966893597
0.03,1.9,0.0052433493225589435
0.04,1.9,0.006982947327918154
0.05,1.9,0.0087154040550336
0.06,1.9,0.010438903166478197
0.07,1.9,0.012151626936108696
0.08,1.9,0.013851755899590376
0.09,1.9,0.015537469053752296
0.1,1.9,0.01720694427381374
0.11,1.9,0.018858358835921477
0.12,1.9,0.020489890008896658
0.13,1.9,0.022099715710376177
0.14,1.9,0.023686015237215596
0.15,1.9,0.02524697008807088
0.16,1.9,0.026780764901468218
0.17,1.9,0.028285588537129966
0.18,1.9,0.029759635332643173
0.19,1.9,0.0312011065721544
0.2,1.9,0.03260821220881793
0.21,1.9,0.03397917288826038
0.22,1.9,0.03531222232631927
0.23,1.9,0.036605610100625616
0.24,1.9,0.03785760492196014
0.25,1.9,0.03906649845741922
0.26,1.9,0.040230609782704235
0.27,1.9,0.04134829054472566
0.28,1.9,0.042417930917356864
0.29,1.9,0.04343796643161706
0.3,1.9,0.04440688575566774
0.31,1.9,0.0453232394885918
0.32,1.9,0.046185650013675236
0.33,1.9,0.046992822430635385
0.34,1.9,0.04774355655087302
0.35000000000000003,1.9,0.048436759894757986
0.36,1.9,0.04907146157506029
0.37,1.9,0.04964682688670415
0.38,1.9,0.05016217235168469
0.39,1.9,0.05061698089233014
0.4,1.9,0.051010916730238005
0.41000000000000003,1.9,0.051343839537733096
0.42,1.9,0.051615817310088075
0.43,1.9,0.05182713738720093
0.44,1.9,0.051978315040126705
0.45,1.9,0.05207009905709809
0.46,1.9,0.05210347382009973
0.47000000000000003,1.9,0.05207965745857101
0.48,1.9,0.05200009579984119
0.49,1.9,0.05186645200102367
0.5,1.9,0.05168059193490302
0.51,1.9,0.05144456560014795
0.52,1.9,0.051160585019022924
0.53,1.9,0.050830999258039626
0.54,1.9,0.05045826734432181
0.55,1.9,0.05004492994136591
0.56,1.9,0.04959358068537249
0.5700000000000001,1.9,0.04910683806557294
0.58,1.9,0.04858731866256736
0.59,1.9,0.04803761244591915
0.6,1.9,0.04746026068780131
0.61,1.9,0.04685773688694617
0.62,1.9,0.04623243093024617
0.63,1.9,0.045586636560402044
0.64,1.9,0.04492254207694928
0.65,1.9,0.04424222408158009
0.66,1.9,0.04354764399054751
0.67,1.9,0.042840646977746165
0.68,1.9,0.042122962979953375
0.6900000000000001,1.9,0.04139620938737834
0.7000000000000001,1.9,0.04066189505349402
0.71,1.9,0.039921425283380156
0.72,1.9,0.039176107494752824
0.73,1.9,0.03842715728632368
0.74,1.9,0.03767570469060978
0.75,1.9,0.0369228004300757
0.76,1.9,0.03616942203464389
0.77,1.9,0.035416479713813044
0.78,1.9,0.0346648219073005
0.79,1.9,0.03391524046397982
0.8,1.9,0.0331684754200753
0.81,1.9,0.032425219364431705
0.8200000000000001,1.9,0.03168612139165833
0.8300000000000001,1.9,0.030951790653593398
0.84,1.9,0.03022279952641771
0.85,1.9,0.029499686415329723
0.86,1.9,0.02878295822149946
0.87,1.9,0.028073092497433772
0.88,1.9,0.027370539317277544
0.89,1.9,0.026675722888212027
0.9,1.9,0.025989042928264046
0.91,1.9,0.02531087583463748
0.92,1.9,0.024641575665333735
0.93,1.9,0.023981474955379566
0.9400000000000001,1.9,0.02333088538754006
0.9500000000000001,1.9,0.02269009833602553
0.96,1.9,0.022059385300367728
0.97,1.9,0.02143899824547667
0.98,1.9,0.020829169862782694
0.99,1.9,0.02023011376640117
1.0,1.9,0.019642024637365314
1.01,1.9,0.019065078328168058
1.02,1.9,0.018499431939153148
1.03,1.9,0.01794522387761202
1.04,1.9,0.01740257390978328
1.05,1.9,0.016871583215345643
1.06,1.9,0.016352334453370154
1.07,1.9,0.01584489184804312
1.08,1.9,0.015349301301785231
1.09,1.9,0.014865590542701604
1.1,1.9,0.014393769312516246
1.11,1.9,0.013933829600335896
1.12,1.9,0.013485745926697957
1.1300000000000001,1.9,0.013049475681473544
1.1400000000000001,1.9,0.012624959518224118
1.1500000000000001,1.9,0.012212121806608165
1.16,1.9,0.011810871143436498
1.17,1.9,0.0114211009219575
1.18,1.9,0.011042689957953567
1.19,1.9,0.010675503170264293
1.2,1.9,0.01031939231240879
1.21,1.9,0.009974196751122008
1.22,1.9,0.009639744286882183
1.23,1.9,0.00931585201077934
1.24,1.9,0.009002327191540087
1.25,1.9,0.008698968186064176
1.26,1.9,0.008405565366525702
1.27,1.9,0.008121902056874885
1.28,1.9,0.007847755471568596
1.29,1.9,0.007582897649391642
1.3,1.9,0.00732709637546507
1.31,1.9,0.007080116084821595
1.32,1.9,0.0068417187413754455
1.33,1.9,0.006611664686588434
1.34,1.9,0.0063897134527304035
1.35,1.9,0.006175624536259533
1.36,1.9,0.0059691581275322465
1.37,1.9,0.005770075793724505
1.3800000000000001,1.9,0.005578141112581529
1.3900000000000001,1.9,0.005393120255285571
1.4000000000000001,1.9,0.00521478251741392
1.41,1.9,0.005042900797604916
1.42,1.9,0.004877252024131224
1.43,1.9,0.004717617530146697
1.44,1.9,0.004563783378840693
1.45,1.9,0.004415540640184054
1.46,1.9,0.004272685621283519
1.47,1.9,0.0041350200526976974
1.48,1.9,0.004002351233272154
1.49,1.9,0.0038744921362506963
1.5,1.9,0.003751261479531729
1.51,1.9,0.0036324837630170225
1.52,1.9,0.0035179892759962406
1.53,1.9,0.0034076140775334087
1.54,1.9,0.0033011999527167227
1.55,1.9,0.0031985943475957715
1.56,1.9,0.003099650285466755
1.57,1.9,0.003004226267072343
1.58,1.9,0.0029121861571196513
1.59,1.9,0.002823399059359651
1.6,1.9,0.0027377391823069867
1.61,1.9,0.002655085697518249
1.62,1.9,0.0025753225921604575
1.6300000000000001,1.9,0.0024983385174449646
1.6400000000000001,1.9,0.0024240266343404544
1.6500000000000001,1.9,0.0023522844578181797
1.6600000000000001,1.9,0.002283013700733752
1.67,1.9,0.002216120118306004
1.68,1.9,0.0021515133540298825
1.69,1.9,0.00208910678773266
1.7,1.9,0.0020288173863720923
1.71,1.9,0.001970565558071759
1.72,1.9,0.001914275009805542
1.73,1.9,0.0018598726090387906
1.74,1.9,0.0018072882495897627
1.75,1.9,0.0017564547218738315
1.76,1.9,0.0017073075876741129
1.77,1.9,0.0016597850594958108
1.78,1.9,0.0016138278845500887
1.79,1.9,0.00156937923334069
1.8,1.9,0.0015263845928419654
1.81,1.9,0.0014847916641723953
1.82,1.9,0.0014445502647032385
1.83,1.9,0.0014056122344852811
1.84,1.9,0.001367931346885716
1.85,1.9,0.0013314632232905206
1.86,1.9,0.0012961652517584285
1.87,1.9,0.0012619965094629493
1.8800000000000001,1.9,0.001228917688787433
1.8900000000000001,1.9,0.001196891026928043
1.9000000000000001,1.9,0.0011658802388515514
1.9100000000000001,1.9,0.0011358504534655777
1.92,1.9,0.0011067681528540321
1.93,1.9,0.0010786011144353494
1.94,1.9,0.0010513183559072857
1.95,1.9,0.0010248900828499882
1.96,1.9,0.0009992876388434943
1.97,1.9,0.0009744834579928195
1.98,1.9,0.0009504510197183161
1.99,1.9,0.0009271648057184532
2.0,1.9,0.0009046002589824945
2.0100000000000002,1.9,0.0008827337447512665
2.02,1.9,0.0008615425133245452
2.0300000000000002,1.9,0.0008410046646200742
2.04,1.9,0.0008210991143988729
2.05,1.9,0.0008018055620633615
2.06,1.9,0.0007831044599547853
2.07,1.9,0.0007649769840653188
2.08,1.9,0.000747405006104565
2.09,1.9,0.000730371066836988
2.1,1.9,0.0007138583506355361
2.11,1.9,0.0006978506611826744
2.12,1.9,0.0006823323982732934
2.13,1.9,0.000667288535653073
2.14,1.9,0.0006527045998415842
2.15,1.9,0.0006385666498978448
2.16,1.9,0.0006248612580819166
2.17,1.9,0.0006115754913629915
2.18,1.9,0.000598696893737335
2.19,1.9,0.0005862134693154791
2.2,1.9,0.000574113666147831
2.21,1.9,0.0005623863607460575
2.22,1.9,0.0005510208432711838
2.23,1.9,0.0005400068033594293
2.24,1.9,0.0005293343165526158
2.25,1.9,0.0005189938313092602
2.2600000000000002,1.9,0.0005089761565639975
2.27,1.9,0.0004992724498175088
2.2800000000000002,1.9,0.0004898742057288935
2.29,1.9,0.00048077324518682233
2.3000000000000003,1.9,0.0004719617048388037
2.31,1.9,0.00046343202705690235
2.32,1.9,0.0004551769503186552
2.33,1.9,0.0004471894999877951
2.34,1.9,0.00043946297946851557
2.35,1.9,0.00043199096172011017
2.36,1.9,0.0004247672811058803
2.37,1.9,0.00041778602557354823
2.38,1.9,0.00041104152913313066
2.39,1.9,0.00040452836461658066
2.4,1.9,0.0003982413367069135
2.41,1.9,0.0003921754752149311
2.42,1.9,0.0003863260285769581
2.43,1.9,0.0003806884575630796
2.44,1.9,0.0003752584291666943
2.45,1.9,0.0003700318106568318
2.46,1.9,0.00036500466375766135
2.47,1.9,0.0003601732389430408
2.48,1.9,0.00035553396980321186
2.49,1.9,0.00035108346745526766
2.5,1.9,0.0003468185149603212
2.5100000000000002,1.9,0.00034273606169885366
2.52,1.9,0.0003388332176704294
2.5300000000000002,1.9,0.00033510724765653196
2.54,1.9,0.00033155556518731685
2.5500000000000003,1.9,0.0003281757262377398
2.56,1.9,0.0003249654225929485
2.57,1.9,0.00032192247477697206
2.58,1.9,0.0003190448244492344
2.59,1.9,0.0003163305261550223
2.6,1.9,0.0003137777382915029
2.61,1.9,0.00031138471314503467
2.62,1.9,0.0003091497858225335
2.63,1.9,0.00030707136187010925
2.64,1.9,0.0003051479033585834
2.65,1.9,0.0003033779131803344
2.66,1.9,0.00030175991725190065
2.67,1.9,0.00030029244428788493
2.68,1.9,0.0002989740027666625
2.69,1.9,0.0002978030546641734
2.7,1.9,0.000296777985467171
2.71,1.9,0.00029589706993713127
2.72,1.9,0.000295158433018869
2.73,1.9,0.00029456000525836734
2.74,1.9,0.00029409947201978966
2.75,1.9,0.0002937742157627608
2.7600000000000002,1.9,0.0002935812506093426
2.77,1.9,0.0002935171484342517
2.7800000000000002,1.9,0.0002935779557549394
2.79,1.9,0.0002937591008145734
2.8000000000000003,1.9,0.00029405529044490694
2.81,1.9,0.00029446039664137
2.82,1.9,0.0002949673333151934
2.83,1.9,0.0002955679244832414
2.84,1.9,0.0002962527663319407
2.85,1.9,0.00029701108730438276
2.86,1.9,0.0002978306127459192
2.87,1.9,0.0002986974440707635
2.88,1.9,0.00029959596712737324
2.89,1.9,0.00030050881102246355
2.9,1.9,0.00030141688772888356
2.91,1.9,0.0003022995552460614
2.92,1.9,0.00030313496409445855
2.93,1.9,0.00030390067017562893
2.94,1.9,0.00030457462862530914
2.95,1.9,0.00030513672627446685
2.96,1.9,0.0003055710685609548
2.97,1.9,0.0003058693156965473
2.98,1.9,0.00030603546972515745
2.99,1.9,0.00030609265858535313
3.0,1.9,0.00030609265858535313
0.0,2.0,0.0
0.01,2.0,0.0016924840164662764
0.02,2.0,0.003383397610306954
0.03,2.0,0.005070848613439842
0.04,2.0,0.0067530288119692925
0.05,2.0,0.008428139257458889
0.06,2.0,0.010094381475656364
0.07,2.0,0.011749955457023295
0.08,2.0,0.013393059290752329
0.09,2.0,0.015021889341650572
0.1,2.0,0.016634640641927413
0.11,2.0,0.018229507386582883
0.12,2.0,0.01980468349719665
0.13,2.0,0.021358363250321658
0.14,2.0,0.022888741981712857
0.15,2.0,0.02439401688616297
0.16,2.0,0.02587238793872141
0.17,2.0,0.02732205896826777
0.18,2.0,0.028741238919583297
0.19,2.0,0.03012814334563158
0.2,2.0,0.031480996177873435
0.21,2.0,0.03279803182912616
0.22,2.0,0.03407749769064971
0.23,2.0,0.035317657092599535
0.24,2.0,0.03651679280435061
0.25,2.0,0.03767321115804992
0.26,2.0,0.038785246884343684
0.27,2.0,0.039851268752777474
0.28,2.0,0.040869686109815194
0.29,2.0,0.04183895640353198
0.3,2.0,0.04275759377440017
0.31,2.0,0.043624178774791675
0.32,2.0,0.044437369254350156
0.33,2.0,0.04519591241299744
0.34,2.0,0.045898657977046724
0.35000000000000003,2.0,0.04654457239643563
0.36,2.0,0.04713275389294547
0.37,2.0,0.04766244811216667
0.38,2.0,0.04813306404882827
0.39,2.0,0.04854418983054037
0.4,2.0,0.048895607864901165
0.41000000000000003,2.0,0.04918730878658156
0.42,2.0,0.0494195035924528
0.43,2.0,0.049592633332239004
0.44,2.0,0.049707375736944164
0.45,2.0,0.049764648222820174
0.46,2.0,0.04976560680748365
0.47000000000000003,2.0,0.04971164061554454
0.48,2.0,0.0496043618280055
0.49,2.0,0.0494455911324764
0.5,2.0,0.04923733894588633
0.51,2.0,0.04898178289126829
0.52,2.0,0.04868124219801337
0.53,2.0,0.04833814984470563
0.54,2.0,0.04795502336262609
0.55,2.0,0.0475344352585371
0.56,2.0,0.04707898399564952
0.5700000000000001,2.0,0.04659126639585225
0.58,2.0,0.0460738522037002
0.59,2.0,0.0455292613964304
0.6,2.0,0.04495994464932035
0.61,2.0,0.04436826718704191
0.62,2.0,0.04375649608266266
0.63,2.0,0.04312679091709883
0.64,2.0,0.042481197590218046
0.65,2.0,0.04182164498394183
0.66,2.0,0.04114994411795326
0.67,2.0,0.04046778940779387
0.68,2.0,0.03977676162916743
0.6900000000000001,2.0,0.03907833220632511
0.7000000000000001,2.0,0.038373868471110725
0.71,2.0,0.03766463957763879
0.72,2.0,0.03695182280117867
0.73,2.0,0.03623650999501545
0.74,2.0,0.03551971402304145
0.75,2.0,0.034802375026649984
0.76,2.0,0.034085366420965574
0.77,2.0,0.033369500546876416
0.78,2.0,0.03265553393165958
0.79,2.0,0.031944172132340305
0.8,2.0,0.031236074152745066
0.81,2.0,0.03053185643801057
0.8200000000000001,2.0,0.029832096459671144
0.8300000000000001,2.0,0.029137335911001237
0.84,2.0,0.028448083536529226
0.85,2.0,0.02776481762206422
0.86,2.0,0.027087988172687302
0.87,2.0,0.02641801880619796
0.88,2.0,0.02575530838888978
0.89,2.0,0.02510023243940536
0.9,2.0,0.024453144325018435
0.91,2.0,0.023814376273122658
0.92,2.0,0.02318424021912839
0.93,2.0,0.022563028510368267
0.9400000000000001,2.0,0.021951014484117903
0.9500000000000001,2.0,0.02134845293644776
0.96,2.0,0.020755580497316524
0.97,2.0,0.020172615926200867
0.98,2.0,0.01959976034150465
0.99,2.0,0.01903719739607072
1.0,2.0,0.018485093410314464
1.01,2.0,0.01794359747374487
1.02,2.0,0.017412841524984506
1.03,2.0,0.016892940419777378
1.04,2.0,0.016383991995856544
1.05,2.0,0.01588607714299344
1.06,2.0,0.015399259885952523
1.07,2.0,0.014923587487468273
1.08,2.0,0.014459090577746702
1.09,2.0,0.014005783316334735
1.1,2.0,0.01356366359147246
1.11,2.0,0.013132713261326751
1.12,2.0,0.012712898440705956
1.1300000000000001,2.0,0.01230416983602474
1.1400000000000001,2.0,0.01190646313044882
1.1500000000000001,2.0,0.011519699420252215
1.16,2.0,0.011143785702556098
1.17,2.0,0.010778615413726687
1.18,2.0,0.010424069016838853
1.19,2.0,0.010080014635796518
1.2,2.0,0.009746308732906661
1.21,2.0,0.009422796825987425
1.22,2.0,0.009109314240467327
1.23,2.0,0.008805686891347109
1.24,2.0,0.008511732089484072
1.25,2.0,0.008227259366275377
1.26,2.0,0.007952071310612437
1.27,2.0,0.00768596441182865
1.28,2.0,0.007428729902392816
1.29,2.0,0.0071801545941539025
1.3,2.0,0.006940021702193671
1.31,2.0,0.006708111650611899
1.32,2.0,0.0064842028549809295
1.33,2.0,0.006268072476619525
1.34,2.0,0.00605949714438306
1.35,2.0,0.005858253640213747
1.36,2.0,0.005664119545284314
1.37,2.0,0.00547687384416425
1.3800000000000001,2.0,0.005296297485055438
1.3900000000000001,2.0,0.005122173894724312
1.4000000000000001,2.0,0.0049542894473521785
1.41,2.0,0.0047924338870636175
1.42,2.0,0.004636400704385336
1.43,2.0,0.004485987467377533
1.44,2.0,0.004340996108566453
1.45,2.0,0.004201233169189806
1.46,2.0,0.004066510002544314
1.47,2.0,0.003936642938515838
1.48,2.0,0.0038114534115348845
1.49,2.0,0.003690768054370125
1.5,2.0,0.003574418760267549
1.51,2.0,0.003462242716003364
1.52,2.0,0.0033540824084235775
1.53,2.0,0.003249785607054555
1.54,2.0,0.0031492053252771784
1.55,2.0,0.0030521997625303833
1.56,2.0,0.0029586322298654753
1.57,2.0,0.002868371061097902
1.58,2.0,0.0027812895116629734
1.59,2.0,0.002697265647137566
1.6,2.0,0.002616182223262475
1.61,2.0,0.0025379265591435524
1.62,2.0,0.002462390405171947
1.6300000000000001,2.0,0.002389469807050605
1.6400000000000001,2.0,0.0023190649671869248
1.6500000000000001,2.0,0.0022510801045639004
1.6600000000000001,2.0,0.0021854233140831594
1.67,2.0,0.002122006426238103
1.68,2.0,0.002060744867877594
1.69,2.0,0.0020015575246997183
1.7,2.0,0.0019443666060266628
1.71,2.0,0.0018890975123145544
1.72,2.0,0.001835678705784713
1.73,2.0,0.0017840415844636527
1.74,2.0,0.0017341203598855283
1.75,2.0,0.001685851938617026
1.76,2.0,0.0016391758077509038
1.77,2.0,0.0015940339244325617
1.78,2.0,0.0015503706094778782
1.79,2.0,0.001508132445070389
1.8,2.0,0.001467268176542522
1.81,2.0,0.001427728618165886
1.82,2.0,0.0013894665629127598
1.83,2.0,0.0013524366960836324
1.84,2.0,0.0013165955127241952
1.85,2.0,0.0012819012387104264
1.86,2.0,0.0012483137554012544
1.87,2.0,0.0012157945277236513
1.8800000000000001,2.0,0.0011843065355725585
1.8900000000000001,2.0,0.0011538142084013944
1.9000000000000001,2.0,0.0011242833628716657
1.9100000000000001,2.0,0.001095681143434745
1.92,2.0,0.0010679759657193574
1.93,2.0,0.0010411374625985872
1.94,2.0,0.0010151364328150321
1.95,2.0,0.000989944792051002
1.96,2.0,0.0009655355263160003
1.97,2.0,0.000941882647554944
1.98,2.0,0.0009189611513502984
1.99,2.0,0.0008967469766356681
2.0,2.0,0.0008752169673073661
2.0100000000000002,2.0,0.0008543488356436053
2.02,2.0,0.0008341211274405767
2.0300000000000002,2.0,0.0008145131887766165
2.04,2.0,0.000795505134327391
2.05,2.0,0.0007770778171493956
2.06,2.0,0.0007592127998592154
2.07,2.0,0.0007418923271346118
2.08,2.0,0.0007250992994835497
2.09,2.0,0.0007088172481996925
2.1,2.0,0.0006930303114569082
2.11,2.0,0.0006777232114774019
2.12,2.0,0.0006628812327353895
2.13,2.0,0.0006484902011283561
2.14,2.0,0.0006345364640750699
2.15,2.0,0.0006210068714952199
2.16,2.0,0.0006078887576337936
2.17,2.0,0.0005951699236783853
2.18,2.0,0.0005828386211380154
2.19,2.0,0.0005708835359451022
2.2,2.0,0.0005592937732507421
2.21,2.0,0.0005480588428758655
2.22,2.0,0.000537168645387641
2.23,2.0,0.0005266134587773435
2.24,2.0,0.0005163839257040379
2.25,2.0,0.0005064710412854452
2.2600000000000002,2.0,0.000496866141404991
2.27,2.0,0.0004875608915160803
2.2800000000000002,2.0,0.00047854727591892287
2.29,2.0,0.00046981758748582657
2.3000000000000003,2.0,0.00046136441781772104
2.31,2.0,0.00045318064780921677
2.32,2.0,0.00044525943859989933
2.33,2.0,0.00043759422290306517
2.34,2.0,0.0004301786966812313
2.35,2.0,0.0004230068111592913
2.36,2.0,0.00041607276514412847
2.37,2.0,0.0004093709976553686
2.38,2.0,0.0004028961808299726
2.39,2.0,0.00039664321308534116
2.4,2.0,0.0003906072125274261
2.41,2.0,0.00038478351058617667
2.42,2.0,0.00037916764584855386
2.43,2.0,0.0003737553580791955
2.44,2.0,0.00036854258240052675
2.45,2.0,0.00036352544361026377
2.46,2.0,0.00035870025060490043
2.47,2.0,0.0003540634908924042
2.48,2.0,0.0003496118251555669
2.49,2.0,0.0003453420818320871
2.5,2.0,0.00034125125167677067
2.5100000000000002,2.0,0.00033733648225651536
2.52,2.0,0.0003335950723444348
2.5300000000000002,2.0,0.0003300244661493764
2.54,2.0,0.00032662224732126475
2.5500000000000003,2.0,0.0003233861326602023
2.56,2.0,0.0003203139654681859
2.57,2.0,0.0003174037084345476
2.58,2.0,0.0003146534359645801
2.59,2.0,0.00031206132583728535
2.6,2.0,0.0003096256500557249
2.61,2.0,0.0003073447647469252
2.62,2.0,0.00030521709894162875
2.63,2.0,0.000303241142025121
2.64,2.0,0.000301415429654004
2.65,2.0,0.00029973852788874386
2.66,2.0,0.0002982090152436226
2.67,2.0,0.0002968254623397705
2.68,2.0,0.0002955864087975871
2.69,2.0,0.00029449033696447727
2.7,2.0,0.00029353564201750073
2.71,2.0,0.0002927205979425461
2.72,2.0,0.0002920433188260515
2.73,2.0,0.0002915017148671068
2.74,2.0,0.0002910934424567134
2.75,2.0,0.00029081584764767827
2.7600000000000002,2.0,0.00029066590231945755
2.77,2.0,0.0002906401323558196
2.7800000000000002,2.0,0.0002907345372074942
2.79,2.0,0.00029094450034247243
2.8000000000000003,2.0,0.0002912646902841151
2.81,2.0,0.0002916889522958498
2.82,2.0,0.000292210191299886
2.83,2.0,0.000292820247414146
2.84,2.0,0.0002935097666483994
2.85,2.0,0.0002942680709827349
2.86,2.0,0.00029508303437654574
2.87,2.0,0.0002959409746038002
2.88,2.0,0.0002968265753745456
2.89,2.0,0.0002977228595958921
2.9,2.0,0.00029861124338592334
2.91,2.0,0.00029947171249184254
2.92,2.0,0.0003002831791936144
2.93,2.0,0.0003010241002215039
2.94,2.0,0.0003016734667155361
2.95,2.0,0.00030221231874704915
2.96,2.0,0.0003026259931351978
2.97,2.0,0.00030290738954409175
2.98,2.0,0.00030306164304898746
2.99,2.0,0.00030311273101325483
3.0,2.0,0.00030311273101325483
0.0,2.1,0.0
0.01,2.1,0.0016388333835697527
0.02,2.1,0.003276112179026331
0.03,2.1,0.004909962982757454
0.04,2.1,0.006538595428271244
0.05,2.1,0.008160228196064599
0.06,2.1,0.009773080280746149
0.07,2.1,0.011375368976510957
0.08,2.1,0.012965309489817736
0.09,2.1,0.014541115088410312
0.1,2.1,0.0161009974616088
0.11,2.1,0.01764316718180534
0.12,2.1,0.019165834232907374
0.13,2.1,0.02066720860306098
0.14,2.1,0.022145500954433264
0.15,2.1,0.023598923391952305
0.16,2.1,0.02502569035963442
0.17,2.1,0.02642401969918207
0.18,2.1,0.027792133911710835
0.19,2.1,0.029128261670156558
0.2,2.1,0.03043063963727041
0.21,2.1,0.031697514652102056
0.22,2.1,0.03292714635636701
0.23,2.1,0.03411781034079212
0.24,2.1,0.03526780189993076
0.25,2.1,0.03637544049145162
0.26,2.1,0.03743907500156333
0.27,2.1,0.03845708992102021
0.28,2.1,0.03942791253470758
0.29,2.1,0.04035002122059026
0.3,2.1,0.0412219549391325
0.31,2.1,0.04204232397049719
0.32,2.1,0.04280982192227515
0.33,2.1,0.0435232389839544
0.34,2.1,0.044181476345127244
0.35000000000000003,2.1,0.044783561622852505
0.36,2.1,0.04532866506106451
0.37,2.1,0.04581611617450357
0.38,2.1,0.046245420415885224
0.39,2.1,0.046616275354456484
0.4,2.1,0.04692858577451293
0.41000000000000003,2.1,0.047182477042897505
0.42,2.1,0.04737830606423179
0.43,2.1,0.047516669150148794
0.44,2.1,0.047598406180714925
0.45,2.1,0.04762460053583915
0.46,2.1,0.04759657442090381
0.47000000000000003,2.1,0.047515879398207145
0.48,2.1,0.047384282153147814
0.49,2.1,0.04720374575613462
0.5,2.1,0.04697640690966972
0.51,2.1,0.04670454987572644
0.52,2.1,0.04639057794358374
0.53,2.1,0.0460369834084772
0.54,2.1,0.04564631707816478
0.55,2.1,0.04522115830563774
0.56,2.1,0.04476408646626656
0.5700000000000001,2.1,0.044277654666908584
0.58,2.1,0.043764366307291615
0.59,2.1,0.04322665492679671
0.6,2.1,0.042666867578901826
0.61,2.1,0.04208725179552218
0.62,2.1,0.04148994604564656
0.63,2.1,0.04087697346445429
0.64,2.1,0.04025023853413682
0.65,2.1,0.03961152633606234
0.66,2.1,0.03896250396313436
0.67,2.1,0.0383047236767861
0.68,2.1,0.03763962740948186
0.6900000000000001,2.1,0.03696855224530854
0.7000000000000001,2.1,0.03629273655270871
0.71,2.1,0.03561332649000842
0.72,2.1,0.03493138265225275
0.73,2.1,0.034247886674126
0.74,2.1,0.033563747646385374
0.75,2.1,0.03287980824106059
0.76,2.1,0.032196850473128764
0.77,2.1,0.03151560105331731
0.78,2.1,0.030836736308412608
0.79,2.1,0.030160886662407075
0.8,2.1,0.029488640684599537
0.81,2.1,0.02882054872000179
0.8200000000000001,2.1,0.02815712612373195
0.8300000000000001,2.1,0.027498856125060474
0.84,2.1,0.02684619234896271
0.85,2.1,0.02619956102382755
0.86,2.1,0.025559362903794475
0.87,2.1,0.02492597493330645
0.88,2.1,0.024299751680136785
0.89,2.1,0.02368102656153425
0.9,2.1,0.023070112886436126
0.91,2.1,0.022467304734913467
0.92,2.1,0.02187287769432375
0.93,2.1,0.021287089470037917
0.9400000000000001,2.1,0.020710180387116448
0.9500000000000001,2.1,0.020142373797949358
0.96,2.1,0.019583876409649446
0.97,2.1,0.019034878543936026
0.98,2.1,0.018495554341273555
0.99,2.1,0.017966061920178755
1.0,2.1,0.017446543501874186
1.01,2.1,0.01693712550977509
1.02,2.1,0.016437918652693978
1.03,2.1,0.01594901800008511
1.04,2.1,0.01547050305706764
1.05,2.1,0.015002437846464092
1.06,2.1,0.0145448710045376
1.07,2.1,0.014097835896540794
1.08,2.1,0.013661350757621501
1.09,2.1,0.013235418864023447
1.1,2.1,0.012820028738854641
1.11,2.1,0.012415154396043149
1.12,2.1,0.012020755625364248
1.1300000000000001,2.1,0.01163677832069015
1.1400000000000001,2.1,0.011263154852860866
1.1500000000000001,2.1,0.01089980448778886
1.16,2.1,0.010546633849633169
1.17,2.1,0.010203537428117556
1.18,2.1,0.009870398128326624
1.19,2.1,0.009547087860588332
1.2,2.1,0.009233468167401209
1.21,2.1,0.008929390883755786
1.22,2.1,0.008634698826687869
1.23,2.1,0.008349226509417381
1.24,2.1,0.008072800875099775
1.25,2.1,0.007805242044931535
1.26,2.1,0.007546364075183755
1.27,2.1,0.007295975717653725
1.28,2.1,0.007053881178081018
1.29,2.1,0.006819880867142221
1.3,2.1,0.006593772138891637
1.31,2.1,0.006375350011755806
1.32,2.1,0.006164407867571884
1.33,2.1,0.005960738124533999
1.34,2.1,0.005764132880397207
1.35,2.1,0.005574384522760221
1.36,2.1,0.005391286303773902
1.37,2.1,0.005214632877131028
1.3800000000000001,2.1,0.005044220795734811
1.3900000000000001,2.1,0.004879848968941308
1.4000000000000001,2.1,0.004721319078761972
1.41,2.1,0.004568435954905594
1.42,2.1,0.004421007908941
1.43,2.1,0.004278847028265218
1.44,2.1,0.0041417694309261
1.45,2.1,0.0040095954826411
1.46,2.1,0.0038821499776036323
1.47,2.1,0.003759262284916103
1.48,2.1,0.003640766462619556
1.49,2.1,0.003526501341446243
1.5,2.1,0.0034163105804770008
1.51,2.1,0.0033100426969674933
1.52,2.1,0.0032075510725862125
1.53,2.1,0.003108693938330181
1.54,2.1,0.0030133343403032737
1.55,2.1,0.002921340088510863
1.56,2.1,0.00283258369071612
1.57,2.1,0.0027469422733286874
1.58,2.1,0.0026642974911743732
1.59,2.1,0.0025845354278801577
1.6,2.1,0.002507546488490188
1.61,2.1,0.002433225285801545
1.62,2.1,0.0023614705217857527
1.6300000000000001,2.1,0.0022921848653273923
1.6400000000000001,2.1,0.002225274827407865
1.6500000000000001,2.1,0.0021606506347270553
1.6600000000000001,2.1,0.0020982261026565837
1.67,2.1,0.0020379185083019996
1.68,2.1,0.001979648464357693
1.69,2.1,0.001923339794345642
1.7,2.1,0.0018689194097372198
1.71,2.1,0.0018163171893805954
1.72,2.1,0.0017654658615938016
1.73,2.1,0.0017163008891943716
1.74,2.1,0.0016687603577109134
1.75,2.1,0.0016227848669289361
1.76,2.1,0.001578317425923158
1.77,2.1,0.0015353033516418396
1.78,2.1,0.0014936901711144013
1.79,2.1,0.0014534275272791862
1.8,2.1,0.001414467088451393
1.81,2.1,0.001376762461375704
1.82,2.1,0.0013402691078337667
1.83,2.1,0.001304944264733368
1.84,2.1,0.0012707468676084138
1.85,2.1,0.0012376374774306792
1.86,2.1,0.0012055782106544478
1.87,2.1,0.001174532672375246
1.8800000000000001,2.1,0.0011444658925036664
1.8900000000000001,2.1,0.0011153442648473544
1.9000000000000001,2.1,0.001087135488985734
1.9100000000000001,2.1,0.001059808514830451
1.92,2.1,0.0010333334897564175
1.93,2.1,0.0010076817081928469
1.94,2.1,0.0009828255635685396
1.95,2.1,0.0009587385025140465
1.96,2.1,0.0009353949811977898
1.97,2.1,0.0009127704237183136
1.98,2.1,0.0008908411824353524
1.99,2.1,0.0008695845001630245
2.0,2.1,0.0008489784741277567
2.0100000000000002,2.1,0.0008290020216069963
2.02,2.1,0.0008096348471647694
2.0300000000000002,2.1,0.0007908574114041984
2.04,2.1,0.0007726509011679133
2.05,2.1,0.000754997201110123
2.06,2.1,0.0007378788665729827
2.07,2.1,0.0007212790976991279
2.08,2.1,0.0007051817147307966
2.09,2.1,0.0006895711344245911
2.1,2.1,0.0006744323475300029
2.11,2.1,0.000659750897279485
2.12,2.1,0.0006455128588485899
2.13,2.1,0.0006317048197271218
2.14,2.1,0.0006183138609596742
2.15,2.1,0.0006053275392188062
2.16,2.1,0.000592733869669341
2.17,2.1,0.0005805213095825381
2.18,2.1,0.0005686787426651424
2.19,2.1,0.0005571954640710161
2.2,2.1,0.0005460611660655795
2.21,2.1,0.0005352659243081253
2.22,2.1,0.00052480018472492
2.23,2.1,0.0005146547509461377
2.24,2.1,0.0005048207722787365
2.25,2.1,0.0004952897321943264
2.2600000000000002,2.1,0.000486053437301951
2.27,2.1,0.00047710400679104126
2.2800000000000002,2.1,0.000468433862318582
2.29,2.1,0.0004600357183168892
2.3000000000000003,2.1,0.0004519025727090895
2.31,2.1,0.00044402769800594796
2.32,2.1,0.0004364046327671893
2.33,2.1,0.00042902717341422033
2.34,2.1,0.0004218893663686363
2.35,2.1,0.0004149855005040079
2.36,2.1,0.0004083100998856814
2.37,2.1,0.00040185791679739894
2.38,2.1,0.00039562392502252516
2.39,2.1,0.0003896033133599996
2.4,2.1,0.0003837914793679277
2.41,2.1,0.0003781840233104033
2.42,2.1,0.0003727767422821993
2.43,2.1,0.0003675656245013712
2.44,2.1,0.000362546843739782
2.45,2.1,0.0003577167538706391
2.46,2.1,0.0003530718834995542
2.47,2.1,0.00034860893066327234
2.48,2.1,0.0003443247575556492
2.49,2.1,0.00034021638525094433
2.5,2.1,0.0003362809883845093
2.5100000000000002,2.1,0.00033251588974320866
2.52,2.1,0.00032891855473186866
2.5300000000000002,2.1,0.00032548658565024254
2.54,2.1,0.00032221771572438316
2.5500000000000003,2.1,0.00031910980281552335
2.56,2.1,0.00031616082274845797
2.57,2.1,0.0003133688621524158
2.58,2.1,0.0003107321107207647
2.59,2.1,0.0003082488527811785
2.6,2.1,0.0003059174580382306
2.61,2.1,0.00030373637135126965
2.62,2.1,0.0003017041013793816
2.63,2.1,0.0002998192078966524
2.64,2.1,0.0002980802875687627
2.65,2.1,0.000296485957954914
2.66,2.1,0.0002950348394523459
2.67,2.1,0.0002937255348764963
2.68,2.1,0.0002925566063287509
2.69,2.1,0.0002915265489753921
2.7,2.1,0.0002906337612959452
2.71,2.1,0.0002898765113380483
2.72,2.1,0.00028925289844767974
2.73,2.1,0.00028876080992352754
2.74,2.1,0.0002883978719949105
2.75,2.1,0.0002881613945036764
2.7600000000000002,2.1,0.00028804830866258063
2.77,2.1,0.0002880550972845743
2.7800000000000002,2.1,0.00028817771693861153
2.79,2.1,0.00028841151163119317
2.8000000000000003,2.1,0.0002887511178145161
2.81,2.1,0.00028919036088780563
2.82,2.1,0.00028972214388930386
2.83,2.1,0.00029033832986207186
2.84,2.1,0.00029102962052294606
2.85,2.1,0.00029178543551259634
2.86,2.1,0.0002925937987750479
2.87,2.1,0.00029344124188218645
2.88,2.1,0.00029431273855692956
2.89,2.1,0.00029519169085346085
2.9,2.1,0.000296059995953255
2.91,2.1,0.00029689823419575353
2.92,2.1,0.00029768603487357877
2.93,2.1,0.0002984026980444649
2.94,2.1,0.00029902818013779304
2.95,2.1,0.00029954459128081316
2.96,2.1,0.0002999384066837866
2.97,2.1,0.00030020366825634867
2.98,2.1,0.0003003465525900154
2.99,2.1,0.00030039181678675266
3.0,2.1,0.00030039181678675266
0.0,2.2,0.0
0.01,2.2,0.001588630150083865
0.02,2.2,0.0031757213384849175
0.03,2.2,0.00475941866760474
0.04,2.2,0.0063379493647097536
0.05,2.2,0.007909549475092358
0.06,2.2,0.009472455181981533
0.07,2.2,0.011024900781990104
0.08,2.2,0.01256511827110408
0.09,2.2,0.014091337459853992
0.1,2.2,0.015601786295391969
0.11,2.2,0.017094691281640557
0.12,2.2,0.018568277964259708
0.13,2.2,0.020020771479026117
0.14,2.2,0.021450397178170367
0.15,2.2,0.022855381359022632
0.16,2.2,0.02423395212689939
0.17,2.2,0.02558434043122391
0.18,2.2,0.02690478132121448
0.19,2.2,0.028193515475474253
0.2,2.2,0.029448791068594538
0.21,2.2,0.030668866047360858
0.22,2.2,0.0318520108991104
0.23,2.2,0.03299651200480797
0.24,2.2,0.03410067567882144
0.25,2.2,0.035162833005389575
0.26,2.2,0.03618134558714397
0.27,2.2,0.03715461232245601
0.28,2.2,0.03808107732413592
0.29,2.2,0.038959239080230454
0.3,2.2,0.039787660936364815
0.31,2.2,0.0405649829463821
0.32,2.2,0.0412899350922709
0.33,2.2,0.04196135181451998
0.34,2.2,0.04257818771993529
0.35000000000000003,2.2,0.04313953424680814
0.36,2.2,0.04364463696989979
0.37,2.2,0.044092913124774764
0.38,2.2,0.04448396882916275
0.39,2.2,0.04481761538691228
0.4,2.2,0.04509388398751815
0.41000000000000003,2.2,0.04531303807164477
0.42,2.2,0.04547558263038823
0.43,2.2,0.04558226975111019
0.44,2.2,0.045634099820101456
0.45,2.2,0.04563231794184008
0.46,2.2,0.045578405330621165
0.47000000000000003,2.2,0.04547406566142809
0.48,2.2,0.04532120661667938
0.49,2.2,0.045121917113991834
0.5,2.2,0.044878440926073855
0.51,2.2,0.044593147587385584
0.52,2.2,0.0442685016072531
0.53,2.2,0.043907031065648125
0.54,2.2,0.0435112966531352
0.55,2.2,0.0430838621350687
0.56,2.2,0.04262726708305257
0.5700000000000001,2.2,0.04214400253951884
0.58,2.2,0.04163649008196155
0.59,2.2,0.041107064549780394
0.6,2.2,0.04055796050456955
0.61,2.2,0.03999130232638693
0.62,2.2,0.03940909771213986
0.63,2.2,0.038813234241543836
0.64,2.2,0.03820547861122557
0.65,2.2,0.03758747810555224
0.66,2.2,0.03696076386880459
0.67,2.2,0.03632675556150132
0.68,2.2,0.035686767017760405
0.6900000000000001,2.2,0.035042012564914474
0.7000000000000001,2.2,0.03439361371602945
0.71,2.2,0.03374260599654802
0.72,2.2,0.033089945714911945
0.73,2.2,0.0324365165316772
0.74,2.2,0.03178313572107375
0.75,2.2,0.031130560052599357
0.76,2.2,0.03047949124808734
0.77,2.2,0.02983058099194748
0.78,2.2,0.02918443548959462
0.79,2.2,0.02854161958198613
0.8,2.2,0.027902660433445848
0.81,2.2,0.027268050816187196
0.8200000000000001,2.2,0.02663825201877925
0.8300000000000001,2.2,0.026013696407790207
0.84,2.2,0.02539478967245447
0.85,2.2,0.02478191278178737
0.86,2.2,0.024175423682519515
0.87,2.2,0.023575658764676304
0.88,2.2,0.022982934119870107
0.89,2.2,0.02239754661548409
0.9,2.2,0.02181977480604397
0.91,2.2,0.021249879701242178
0.92,2.2,0.020688105408372535
0.93,2.2,0.02013467966535201
0.9400000000000001,2.2,0.01958981427906301
0.9500000000000001,2.2,0.019053705482496058
0.96,2.2,0.018526534223012103
0.97,2.2,0.018008466393070428
0.98,2.2,0.017499653013881882
0.99,2.2,0.01700023038166623
1.0,2.2,0.016510320185531308
1.01,2.2,0.016030029605355305
1.02,2.2,0.015559451397501717
1.03,2.2,0.015098663975675837
1.04,2.2,0.014647731493700982
1.05,2.2,0.014206703936522791
1.06,2.2,0.013775617225240002
1.07,2.2,0.013354493341424497
1.08,2.2,0.01294334047547082
1.09,2.2,0.012542153203157621
1.1,2.2,0.012150912693992898
1.11,2.2,0.011769586954320913
1.12,2.2,0.01139813110749915
1.1300000000000001,2.2,0.011036487712795334
1.1400000000000001,2.2,0.010684587123991717
1.1500000000000001,2.2,0.010342347887976236
1.16,2.2,0.010009677182940102
1.17,2.2,0.009686471295118532
1.18,2.2,0.009372616132366838
1.19,2.2,0.009067987772269356
1.2,2.2,0.008772453041906353
1.21,2.2,0.008485870125895129
1.22,2.2,0.008208089198911925
1.23,2.2,0.007938953078483945
1.24,2.2,0.007678297893599291
1.25,2.2,0.007425953764445898
1.26,2.2,0.00718174548848935
1.27,2.2,0.006945493228034084
1.28,2.2,0.0067170131945001755
1.29,2.2,0.0064961183247204905
1.3,2.2,0.006282618944802124
1.31,2.2,0.006076323417326467
1.32,2.2,0.0058770387680093265
1.33,2.2,0.0056845712882748565
1.34,2.2,0.0054987271106297165
1.35,2.2,0.005319312754131644
1.36,2.2,0.005146135637721858
1.37,2.2,0.004979004559616085
1.3800000000000001,2.2,0.004817730141429531
1.3900000000000001,2.2,0.00466212523613177
1.4000000000000001,2.2,0.0045120052993708444
1.41,2.2,0.004367188724101439
1.42,2.2,0.0042274971388098735
1.43,2.2,0.004092755669988065
1.44,2.2,0.00396279316978892
1.45,2.2,0.003837442410080892
1.46,2.2,0.0037165402443072107
1.47,2.2,0.003599927738774218
1.48,2.2,0.003487450275105174
1.49,2.2,0.0033789576257326113
1.5,2.2,0.003274304004351711
1.51,2.2,0.003173348093317176
1.52,2.2,0.003075953049957063
1.53,2.2,0.002981986493792569
1.54,2.2,0.0028913204765838763
1.55,2.2,0.0028038314371052475
1.56,2.2,0.0027194001424397534
1.57,2.2,0.002637911617536514
1.58,2.2,0.002559255064667782
1.59,2.2,0.0024833237743151345
1.6,2.2,0.002410015028924328
1.61,2.2,0.0023392300008447395
1.62,2.2,0.002270873645670606
1.6300000000000001,2.2,0.002204854592091622
1.6400000000000001,2.2,0.002141085029260408
1.6500000000000001,2.2,0.002079480592565808
1.6600000000000001,2.2,0.002019960248623978
1.67,2.2,0.001962446180189186
1.68,2.2,0.0019068636716064661
1.69,2.2,0.0018531409953462745
1.7,2.2,0.0018012093000865585
1.71,2.2,0.0017510025007260153
1.72,2.2,0.0017024571706717815
1.73,2.2,0.0016555124366543278
1.74,2.2,0.0016101098763047935
1.75,2.2,0.001566193418644392
1.76,2.2,0.0015237092476391826
1.77,2.2,0.0014826057088860281
1.78,2.2,0.0014428332195111548
1.79,2.2,0.0014043441812877054
1.8,2.2,0.0013670928970034432
1.81,2.2,0.0013310354900337624
1.82,2.2,0.0012961298271094172
1.83,2.2,0.001262335444220127
1.84,2.2,0.0012296134755911815
1.85,2.2,0.001197926585662257
1.86,2.2,0.0011672389039995013
1.87,2.2,0.0011375159630358529
1.8800000000000001,2.2,0.0011087246385589767
1.8900000000000001,2.2,0.0010808330928555113
1.9000000000000001,2.2,0.001053810720410363
1.9100000000000001,2.2,0.0010276280960662143
1.92,2.2,0.0010022569255456863
1.93,2.2,0.0009776699982370393
1.94,2.2,0.000953841142148498
1.95,2.2,0.0009307451809450171
1.96,2.2,0.0009083578929612794
1.97,2.2,0.0008866559721177605
1.98,2.2,0.0008656169906329553
1.99,2.2,0.0008452193634682454
2.0,2.2,0.0008254423144130502
2.0100000000000002,2.2,0.0008062658437343319
2.02,2.2,0.000787670697315036
2.0300000000000002,2.2,0.0007696383372102321
2.04,2.2,0.0007521509135553429
2.05,2.2,0.000735191237756446
2.06,2.2,0.000718742756902598
2.07,2.2,0.0007027895293395386
2.08,2.2,0.0006873162013527188
2.09,2.2,0.000672307984899741
2.1,2.2,0.0006577506363427903
2.11,2.2,0.0006436304361331553
2.12,2.2,0.0006299341694058002
2.13,2.2,0.000616649107433917
2.14,2.2,0.0006037629899018633
2.15,2.2,0.0005912640079628259
2.16,2.2,0.0005791407880440202
2.17,2.2,0.000567382376356573
2.18,2.2,0.0005559782240820889
2.19,2.2,0.0005449181732024592
2.2,2.2,0.0005341924429479397
2.21,2.2,0.0005237916168272903
2.22,2.2,0.0005137066302143735
2.23,2.2,0.0005039287584695156
2.24,2.2,0.0004944496055678357
2.25,2.2,0.0004852610932107654
2.2600000000000002,2.2,0.00047635545039835905
2.27,2.2,0.0004677252034428896
2.2800000000000002,2.2,0.00045936316640281076
2.29,2.2,0.00045126243191480944
2.3000000000000003,2.2,0.00044341636240421224
2.31,2.2,0.0004358185816597569
2.32,2.2,0.00042846296675015
2.33,2.2,0.0004213436402705466
2.34,2.2,0.00041445496288809757
2.35,2.2,0.000407791526187471
2.36,2.2,0.0004013481457820066
2.37,2.2,0.0003951198546921761
2.38,2.2,0.0003891018969571675
2.39,2.2,0.00038328972146511517
2.4,2.2,0.0003776789759895199
2.41,2.2,0.0003722655014120364
2.42,2.2,0.00036704532610257315
2.43,2.2,0.00036201466044813945
2.44,2.2,0.0003571698914999407
2.45,2.2,0.0003525075777183568
2.46,2.2,0.00034802444378238264
2.47,2.2,0.00034371737544663743
2.48,2.2,0.00033958341440624014
2.49,2.2,0.0003356197531380011
2.5,2.2,0.00033182372967720345
2.5100000000000002,2.2,0.0003281928222844706
2.52,2.2,0.0003247246439682648
2.5300000000000002,2.2,0.00032141693679523556
2.54,2.2,0.00031826756593521623
2.5500000000000003,2.2,0.000315274513362461
2.56,2.2,0.0003124358711549964
2.57,2.2,0.0003097498342884651
2.58,2.2,0.0003072146928307713
2.59,2.2,0.0003048288234298316
2.6,2.2,0.0003025906799583726
2.61,2.2,0.00030049878318421893
2.62,2.2,0.0002985517093031026
2.63,2.2,0.0002967480771366401
2.64,2.2,0.0002950865337999276
2.65,2.2,0.00029356573860954226
2.66,2.2,0.00029218434495750784
2.67,2.2,0.00029094097985832897
2.68,2.2,0.0002898342208414788
2.69,2.2,0.00028886256982659224
2.7,2.2,0.00028802442356705915
2.71,2.2,0.00028731804022618366
2.72,2.2,0.00028674150158507043
2.73,2.2,0.00028629267037661913
2.74,2.2,0.00028596914218729656
2.75,2.2,0.00028576819135801704
2.7600000000000002,2.2,0.0002856867103237524
2.77,2.2,0.00028572114184479265
2.7800000000000002,2.2,0.0002858674036707769
2.79,2.2,0.0002861208053169213
2.8000000000000003,2.2,0.00028647595684410884
2.81,2.2,0.0002869266699025132
2.82,2.2,0.0002874658518294849
2.83,2.2,0.0002880853943723892
2.84,2.2,0.000288776059736177
2.85,2.2,0.0002895273682699257
2.86,2.2,0.0002903274943364235
2.87,2.2,0.0002911631800917615
2.88,2.2,0.0002920196812251375
2.89,2.2,0.00029288076474525245
2.9,2.2,0.00029372878716487066
2.91,2.2,0.0002945448927413323
2.92,2.2,0.0002953093868887344
2.93,2.2,0.00029600236093824675
2.94,2.2,0.00029660467306882475
2.95,2.2,0.00029709942917310395
2.96,2.2,0.00029747416022222697
2.97,2.2,0.00029772396434598475
2.98,2.2,0.0002978559789042195
2.99,2.2,0.00029789567929765237
3.0,2.2,0.00029789567929765237
0.0,2.3,0.0
0.01,2.3,0.0015415120688118714
0.02,2.3,0.0030815006882605692
0.03,2.3,0.00461812931973379
0.04,2.3,0.006149642635908982
0.05,2.3,0.007674293885832291
0.06,2.3,0.009190336262019795
0.07,2.3,0.010696020860487855
0.08,2.3,0.012189596234149223
0.09,2.3,0.013669308467505768
0.1,2.3,0.015133401453090698
0.11,2.3,0.016580117262064147
0.12,2.3,0.018007696576789977
0.13,2.3,0.01941437918541111
0.14,2.3,0.020798404554994734
0.15,2.3,0.022158012510434713
0.16,2.3,0.023491444054870626
0.17,2.3,0.024796942375621387
0.18,2.3,0.026072754088324167
0.19,2.3,0.02731713078147553
0.2,2.3,0.028528330933972647
0.21,2.3,0.029704622289394453
0.22,2.3,0.03084428478231759
0.23,2.3,0.0319456141233574
0.24,2.3,0.033006926159974165
0.25,2.3,0.034026562138336686
0.26,2.3,0.03500289499611309
0.27,2.3,0.035934336815297674
0.28,2.3,0.03681934755598205
0.29,2.3,0.03765644517411932
0.3,2.3,0.038444217196520046
0.31,2.3,0.039181333782561674
0.32,2.3,0.03986656224282703
0.33,2.3,0.04049878290951962
0.34,2.3,0.04107700616273193
0.35000000000000003,2.3,0.0416003903129903
0.36,2.3,0.04206825992851003
0.37,2.3,0.04248012408219089
0.38,2.3,0.04283569388747437
0.39,2.3,0.04313489860470977
0.4,2.3,0.0433778995421772
0.41000000000000003,2.3,0.043565100959810935
0.42,2.3,0.04369715721842654
0.43,2.3,0.04377497550887335
0.44,2.3,0.04379971364502514
0.45,2.3,0.043772772606735046
0.46,2.3,0.043695783762368365
0.47000000000000003,2.3,0.04357059096793332
0.48,2.3,0.043399228009590805
0.49,2.3,0.043183892105044884
0.5,2.3,0.04292691438470556
0.51,2.3,0.042630728417326354
0.52,2.3,0.042297837915260345
0.53,2.3,0.04193078474765837
0.54,2.3,0.04153211831020739
0.55,2.3,0.04110436715884873
0.56,2.3,0.040650013629079405
0.5700000000000001,2.3,0.04017147195131976
0.58,2.3,0.039671070155922646
0.59,2.3,0.03915103585604588
0.6,2.3,0.038613485816256544
0.61,2.3,0.038060419068346826
0.62,2.3,0.037493713227688456
0.63,2.3,0.03691512359360917
0.64,2.3,0.036326284582706245
0.65,2.3,0.035728713039421794
0.66,2.3,0.035123812987238226
0.67,2.3,0.034512881419916326
0.68,2.3,0.033897114778960805
0.6900000000000001,2.3,0.033277615815753524
0.7000000000000001,2.3,0.03265540059007163
0.71,2.3,0.03203140540789033
0.72,2.3,0.031406493548236346
0.73,2.3,0.030781461670129632
0.74,2.3,0.030157045825779445
0.75,2.3,0.029533927035116987
0.76,2.3,0.028912736399854998
0.77,2.3,0.028294059753062362
0.78,2.3,0.027678441853497986
0.79,2.3,0.02706639014333496
0.8,2.3,0.02645837809418029
0.81,2.3,0.025854848170070163
0.8200000000000001,2.3,0.0252562144379864
0.8300000000000001,2.3,0.024662864856899825
0.84,2.3,0.024075163275788552
0.85,2.3,0.02349345116980761
0.86,2.3,0.02291804914211678
0.87,2.3,0.022349258216936452
0.88,2.3,0.021787360947380374
0.89,2.3,0.021232622359587176
0.9,2.3,0.02068529075274724
0.91,2.3,0.02014559837278778
0.92,2.3,0.019613761975820973
0.93,2.3,0.019089983295953315
0.9400000000000001,2.3,0.01857444943070853
0.9500000000000001,2.3,0.018067333156135876
0.96,2.3,0.017568793182612633
0.97,2.3,0.01707897436145668
0.98,2.3,0.016598007851675818
0.99,2.3,0.016126011255458223
1.0,2.3,0.015663088730392627
1.01,2.3,0.015209331085859234
1.02,2.3,0.014764815870497735
1.03,2.3,0.014329607457201058
1.04,2.3,0.013903757131578178
1.05,2.3,0.013487303189400194
1.06,2.3,0.013080271048073841
1.07,2.3,0.012682673376679884
1.08,2.3,0.01229451024863944
1.09,2.3,0.011915769320555089
1.1,2.3,0.011546426040213439
1.11,2.3,0.011186443886198608
1.12,2.3,0.010835774640952615
1.1300000000000001,2.3,0.010494358698536125
1.1400000000000001,2.3,0.01016212540776169
1.1500000000000001,2.3,0.009838993450718762
1.16,2.3,0.0095248712561515
1.17,2.3,0.009219657446554574
1.18,2.3,0.008923241317285469
1.19,2.3,0.008635503345492622
1.2,2.3,0.008356315726165423
1.21,2.3,0.008085542932183614
1.22,2.3,0.007823042294908008
1.23,2.3,0.007568664601513572
1.24,2.3,0.007322254705069549
1.25,2.3,0.007083652143190091
1.26,2.3,0.006852691761011423
1.27,2.3,0.0066292043342191555
1.28,2.3,0.006413017187941
1.29,2.3,0.0062039548073952325
1.3,2.3,0.006001839436427177
1.31,2.3,0.005806491660262451
1.32,2.3,0.00561773096912413
1.33,2.3,0.005435376299664145
1.34,2.3,0.005259246551539049
1.35,2.3,0.005089161076816985
1.36,2.3,0.004924940140320688
1.37,2.3,0.004766405349386214
1.3800000000000001,2.3,0.004613380051930283
1.3900000000000001,2.3,0.004465689702087867
1.4000000000000001,2.3,0.004323162193053124
1.41,2.3,0.004185628157118062
1.42,2.3,0.004052921233193365
1.43,2.3,0.003924878302418016
1.44,2.3,0.0038013396927013936
1.45,2.3,0.003682149353276614
1.46,2.3,0.0035671550005218554
1.47,2.3,0.0034562082364843648
1.48,2.3,0.0033491646416491175
1.49,2.3,0.0032458838435948964
1.5,2.3,0.0031462295632314987
1.51,2.3,0.00305006964037517
1.52,2.3,0.0029572760403887453
1.53,2.3,0.0028677248436525292
1.54,2.3,0.00278129621955042
1.55,2.3,0.002697874386654818
1.56,2.3,0.002617347560703486
1.57,2.3,0.002539607891895255
1.58,2.3,0.002464551392967291
1.59,2.3,0.002392077859410951
1.6,2.3,0.002322090783103647
1.61,2.3,0.0022544972605380337
1.62,2.3,0.002189207896735752
1.6300000000000001,2.3,0.002126136705838195
1.6400000000000001,2.3,0.0020652010092762772
1.6500000000000001,2.3,0.00200632133232983
1.6600000000000001,2.3,0.0019494212998074846
1.67,2.3,0.001894427531485851
1.68,2.3,0.0018412695378788512
1.69,2.3,0.0017898796168307233
1.7,2.3,0.0017401927513622318
1.71,2.3,0.0016921465091298878
1.72,2.3,0.0016456809438169244
1.73,2.3,0.0016007384986965107
1.74,2.3,0.001557263912592087
1.75,2.3,0.0015152041283813845
1.76,2.3,0.0014745082041932324
1.77,2.3,0.0014351272273720368
1.78,2.3,0.0013970142312879309
1.79,2.3,0.001360124115017169
1.8,2.3,0.0013244135659245698
1.81,2.3,0.0012898409851194385
1.82,2.3,0.0012563664157852089
1.83,2.3,0.0012239514743322161
1.84,2.3,0.0011925592843381985
1.85,2.3,0.0011621544131966643
1.86,2.3,0.0011327028114390544
1.87,2.3,0.0011041717546299357
1.8800000000000001,2.3,0.0010765297877704059
1.8900000000000001,2.3,0.0010497466721286813
1.9000000000000001,2.3,0.0010237933344144935
1.9100000000000001,2.3,0.000998641818210468
1.92,2.3,0.0009742652375769559
1.93,2.3,0.0009506377327436582
1.94,2.3,0.0009277344278020781
1.95,2.3,0.0009055313903243995
1.96,2.3,0.000884005592810414
1.97,2.3,0.0008631348759018398
1.98,2.3,0.0008428979132642986
1.99,2.3,0.0008232741780812095
2.0,2.3,0.000804243911075359
2.0100000000000002,2.3,0.0007857880899896299
2.02,2.3,0.0007678884004585994
2.0300000000000002,2.3,0.0007505272082044626
2.04,2.3,0.0007336875324992141
2.05,2.3,0.0007173530208287767
2.06,2.3,0.0007015079247028372
2.07,2.3,0.0006861370765539522
2.08,2.3,0.0006712258676819577
2.09,2.3,0.0006567602271825645
2.1,2.3,0.0006427266018196553
2.11,2.3,0.0006291119367895306
2.12,2.3,0.00061590365734965
2.13,2.3,0.0006030896512551503
2.14,2.3,0.0005906582519670223
2.15,2.3,0.0005785982226022446
2.16,2.3,0.0005668987405898649
2.17,2.3,0.000555549382993896
2.18,2.3,0.0005445401124755419
2.19,2.3,0.0005338612638634965
2.2,2.3,0.0005235035313095202
2.21,2.3,0.0005134579559931518
2.22,2.3,0.0005037159143551429
2.23,2.3,0.0004942691068369175
2.24,2.3,0.00048510954709650266
2.25,2.3,0.00047622955168576787
2.2600000000000002,2.3,0.0004676217301603047
2.27,2.3,0.00045927897560901987
2.2800000000000002,2.3,0.00045119445557915326
2.29,2.3,0.0004433616033750643
2.3000000000000003,2.3,0.0004357741097212991
2.31,2.3,0.00042842591476179254
2.32,2.3,0.00042131120038244946
2.33,2.3,0.00041442438284321794
2.34,2.3,0.0004077601056966077
2.35,2.3,0.0004013132329795221
2.36,2.3,0.0003950788426551036
2.37,2.3,0.0003890522203070368
2.38,2.3,0.00038322885304054716
2.39,2.3,0.00037760442359254616
2.4,2.3,0.000372174804626784
2.41,2.3,0.00036693605319808103
2.42,2.3,0.00036188440535758174
2.43,2.3,0.00035701627088712435
2.44,2.3,0.00035232822813558747
2.45,2.3,0.0003478170189354993
2.46,2.3,0.00034347954356511446
2.47,2.3,0.0003393128557405915
2.48,2.3,0.0003353141575972315
2.49,2.3,0.00033148079462861783
2.5,2.3,0.0003278102505436216
2.5100000000000002,2.3,0.000324300141993484
2.52,2.3,0.0003209482131349535
2.5300000000000002,2.3,0.0003177523299673355
2.54,2.3,0.00031471047437862986
2.5500000000000003,2.3,0.0003118207378339838
2.56,2.3,0.00030908131464474543
2.57,2.3,0.0003064904947145936
2.58,2.3,0.0003040466556718652
2.59,2.3,0.0003017482542811927
2.6,2.3,0.0002995938170035383
2.61,2.3,0.0002975819295741262
2.62,2.3,0.0002957112254381252
2.63,2.3,0.00029398037285678044
2.64,2.3,0.0002923880604912589
2.65,2.3,0.0002909329812448951
2.66,2.3,0.0002896138141003886
2.67,2.3,0.000288429203672292
2.68,2.3,0.00028737773716078663
2.69,2.3,0.0002864579183633901
2.7,2.3,0.00028566813835258784
2.71,2.3,0.00028500664240989316
2.72,2.3,0.0002844714927465283
2.73,2.3,0.0002840605265421303
2.74,2.3,0.00028377130878105985
2.75,2.3,0.0002836010793742173
2.7600000000000002,2.3,0.0002835466940490451
2.77,2.3,0.00028360455853559285
2.7800000000000002,2.3,0.0002837705556494562
2.79,2.3,0.00028403996502774514
2.8000000000000003,2.3,0.00028440737549191976
2.81,2.3,0.0002848665903730398
2.82,2.3,0.0002854105266816043
2.83,2.3,0.0002860311097529707
2.84,2.3,0.0002867191661321341
2.85,2.3,0.0002874643190425531
2.86,2.3,0.0002882548929620108
2.87,2.3,0.0002890778369430871
2.88,2.3,0.0002899186805307627
2.89,2.3,0.00029076154201423135
2.9,2.3,0.00029158921678938086
2.91,2.3,0.00029238338461575863
2.92,2.3,0.00029312498956790187
2.93,2.3,0.0002937948669681052
2.94,2.3,0.0002943747194220292
2.95,2.3,0.00029484858194233244
2.96,2.3,0.0002952049674783747
2.97,2.3,0.0002954399538556791
2.98,2.3,0.00029556156757202915
2.99,2.3,0.0002955959478666717
3.0,2.3,0.0002955959478666717
0.0,2.4,0.0
0.01,2.4,0.0014971681228513232
0.02,2.4,0.002992828278970349
0.03,2.4,0.004485162241732246
0.04,2.4,0.005972432075300675
0.05,2.4,0.007452908163687978
0.06,2.4,0.008924860619374891
0.07,2.4,0.01038655722206865
0.08,2.4,0.01183626293299997
0.09,2.4,0.013272239921826582
0.1,2.4,0.014692747789272627
0.11,2.4,0.01609604387916775
0.12,2.4,0.01748038364889726
0.13,2.4,0.0188440210998946
0.14,2.4,0.020185209287084206
0.15,2.4,0.02150220093774669
0.16,2.4,0.02279324922000783
0.17,2.4,0.02405660871075936
0.18,2.4,0.025290536623075382
0.19,2.4,0.026493294364422222
0.2,2.4,0.027663149509196506
0.21,2.4,0.028798378282117943
0.22,2.4,0.029897268662271496
0.23,2.4,0.03095812423037445
0.24,2.4,0.031979268892973485
0.25,2.4,0.032959052625379584
0.26,2.4,0.03389585837826148
0.27,2.4,0.034788110288845084
0.28,2.4,0.03563428332408382
0.29,2.4,0.03643291445739027
0.3,2.4,0.03718261544000922
0.31,2.4,0.0378820871708893
0.32,2.4,0.03853013559371007
0.33,2.4,0.03912568895673783
0.34,2.4,0.03966781616235294
0.35000000000000003,2.4,0.04015574581275442
0.36,2.4,0.040588885433270154
0.37,2.4,0.040966840234346484
0.38,2.4,0.04128943066911271
0.39,2.4,0.04155670796845847
0.4,2.4,0.04176896680266429
0.41000000000000003,2.4,0.041926754239173886
0.42,2.4,0.04203087424788996
0.43,2.4,0.04208238715095787
0.44,2.4,0.04208260361935741
0.45,2.4,0.04203307307243039
0.46,2.4,0.04193556662084469
0.47000000000000003,2.4,0.04179205498535834
0.48,2.4,0.04160468209746696
0.49,2.4,0.04137573531875283
0.5,2.4,0.04110761338255506
0.51,2.4,0.040802793250441144
0.52,2.4,0.040463797081406516
0.53,2.4,0.0400931604373399
0.54,2.4,0.0396934027058211
0.55,2.4,0.0392670005284062
0.56,2.4,0.038816364800178055
0.5700000000000001,2.4,0.038343821575700376
0.58,2.4,0.03785159699665438
0.59,2.4,0.03734180616238121
0.6,2.4,0.03681644570623328
0.61,2.4,0.03627738972300478
0.62,2.4,0.03572638861613866
0.63,2.4,0.03516507039467692
0.64,2.4,0.03459494394349358
0.65,2.4,0.03401740380936068
0.66,2.4,0.03343373608275733
0.67,2.4,0.032845125004360806
0.68,2.4,0.032252659979994075
0.6900000000000001,2.4,0.0316573427439396
0.7000000000000001,2.4,0.03106009446438123
0.71,2.4,0.030461762634063413
0.72,2.4,0.02986312763263762
0.73,2.4,0.02926490888402808
0.74,2.4,0.028667770562455144
0.75,2.4,0.028072326824870153
0.76,2.4,0.027479146566130264
0.77,2.4,0.026888757706960604
0.78,2.4,0.026301651034468475
0.79,2.4,0.025718283621372715
0.8,2.4,0.025139081853932606
0.81,2.4,0.02456444410039782
0.8200000000000001,2.4,0.023994743052146134
0.8300000000000001,2.4,0.023430327768997904
0.84,2.4,0.022871525458799287
0.85,2.4,0.02231864301953127
0.86,2.4,0.021771968370130172
0.87,2.4,0.02123177159404553
0.88,2.4,0.0206983059174183
0.89,2.4,0.0201718085416985
0.9,2.4,0.019652501348615653
0.91,2.4,0.019140591493647215
0.92,2.4,0.018636271902549795
0.93,2.4,0.018139721684101846
0.9400000000000001,2.4,0.017651106470967657
0.9500000000000001,2.4,0.017170578699497216
0.96,2.4,0.016698277838313763
0.97,2.4,0.016234330574738325
0.98,2.4,0.015778850967353486
0.99,2.4,0.015331940572388195
1.0,2.4,0.014893688551030303
1.01,2.4,0.01446417176426277
1.02,2.4,0.014043454861352998
1.03,2.4,0.013631590367687445
1.04,2.4,0.013228618777177497
1.05,2.4,0.012834568654070564
1.06,2.4,0.012449456748551774
1.07,2.4,0.012073288130068588
1.08,2.4,0.011706056341862265
1.09,2.4,0.01134774357971923
1.1,2.4,0.01099832089743112
1.11,2.4,0.010657748440980875
1.12,2.4,0.010325975712916964
1.1300000000000001,2.4,0.010002941867844667
1.1400000000000001,2.4,0.00968857603944494
1.1500000000000001,2.4,0.00938279769887014
1.16,2.4,0.009085517043864061
1.17,2.4,0.008796635417427234
1.18,2.4,0.008516045754376268
1.19,2.4,0.00824363305370749
1.2,2.4,0.00797927487424831
1.21,2.4,0.007722841850732077
1.22,2.4,0.007474198227152346
1.23,2.4,0.007233202403956746
1.24,2.4,0.00699970749550505
1.25,2.4,0.006773561894067858
1.26,2.4,0.006554609836600308
1.27,2.4,0.006342691970508549
1.28,2.4,0.006137645914734314
1.29,2.4,0.005939306812555276
1.3,2.4,0.005747507872723021
1.31,2.4,0.005562080895736057
1.32,2.4,0.005382856782352556
1.33,2.4,0.005209666021695021
1.34,2.4,0.005042339156647024
1.35,2.4,0.004880707224561726
1.36,2.4,0.0047246021716575905
1.37,2.4,0.004573857239811239
1.3800000000000001,2.4,0.004428307324817548
1.3900000000000001,2.4,0.004287789305503844
1.4000000000000001,2.4,0.0041521423434126075
1.41,2.4,0.004021208153076242
1.42,2.4,0.003894831243163671
1.43,2.4,0.0037728591290480686
1.44,2.4,0.0036551425175581406
1.45,2.4,0.0035415354648778235
1.46,2.4,0.0034318955087115767
1.47,2.4,0.0033260837759894243
1.48,2.4,0.0032239650674653806
1.49,2.4,0.0031254079206754107
1.5,2.4,0.0030302846527459084
1.51,2.4,0.0029384713845989775
1.52,2.4,0.002849848048092615
1.53,2.4,0.0027642983776524654
1.54,2.4,0.002681709887884959
1.55,2.4,0.0026019738386654705
1.56,2.4,0.0025249851891108086
1.57,2.4,0.0024506425418024313
1.58,2.4,0.002378848078556395
1.59,2.4,0.0023095074889498365
1.6,2.4,0.0022425298927467993
1.61,2.4,0.002177827757285723
1.62,2.4,0.0021153168107988347
1.6300000000000001,2.4,0.0020549159525580438
1.6400000000000001,2.4,0.001996547160665006
1.6500000000000001,2.4,0.0019401353982175214
1.6600000000000001,2.4,0.0018856085185172905
1.67,2.4,0.0018328971699023856
1.68,2.4,0.001781934700726821
1.69,2.4,0.0017326570649434411
1.7,2.4,0.001685002728685115
1.71,2.4,0.0016389125781812292
1.72,2.4,0.001594329829310018
1.73,2.4,0.0015511999390129562
1.74,2.4,0.0015094705187860074
1.75,2.4,0.001469091250391196
1.76,2.4,0.0014300138039353926
1.77,2.4,0.0013921917583922731
1.78,2.4,0.0013555805246548704
1.79,2.4,0.0013201372711388571
1.8,2.4,0.0012858208519863983
1.81,2.4,0.0012525917378464768
1.82,2.4,0.0012204119492431435
1.83,2.4,0.0011892449924912878
1.84,2.4,0.0011590557981364716
1.85,2.4,0.001129810661854966
1.86,2.4,0.0011014771877796046
1.87,2.4,0.0010740242341761718
1.8800000000000001,2.4,0.001047421861411792
1.8900000000000001,2.4,0.0010216412821460756
1.9000000000000001,2.4,0.0009966548136719701
1.9100000000000001,2.4,0.0009724358323329186
1.92,2.4,0.0009489587299398655
1.93,2.4,0.0009261988721153625
1.94,2.4,0.0009041325584870013
1.95,2.4,0.0008827369846642489
1.96,2.4,0.0008619902059111906
1.97,2.4,0.0008418711024605434
1.98,2.4,0.0008223593463780144
1.99,2.4,0.0008034353699300075
2.0,2.4,0.0007850803353741461
2.0100000000000002,2.4,0.0007672761061143129
2.02,2.4,0.0007500052191555424
2.0300000000000002,2.4,0.0007332508587994115
2.04,2.4,0.0007169968315261677
2.05,2.4,0.0007012275420035718
2.06,2.4,0.0006859279701735407
2.07,2.4,0.0006710836493621717
2.08,2.4,0.0006566806453739111
2.09,2.4,0.000642705536511874
2.1,2.4,0.0006291453944886022
2.11,2.4,0.0006159877661773364
2.12,2.4,0.0006032206561810292
2.13,2.4,0.0005908325101626004
2.14,2.4,0.000578812198906285
2.15,2.4,0.0005671490030796105
2.16,2.4,0.0005558325986632524
2.17,2.4,0.00054485304301269
2.18,2.4,0.0005342007615257114
2.19,2.4,0.0005238665348847326
2.2,2.4,0.0005138414868539775
2.21,2.4,0.0005041170725977647
2.22,2.4,0.0004946850675005496
2.23,2.4,0.0004855375564645949
2.24,2.4,0.00047666692366048647
2.25,2.4,0.0004680658427142301
2.2600000000000002,2.4,0.00045972726730441336
2.27,2.4,0.0004516444221570195
2.2800000000000002,2.4,0.00044381079441353983
2.29,2.4,0.00043622012535445183
2.3000000000000003,2.4,0.0004288664024646409
2.31,2.4,0.00042174385181773194
2.32,2.4,0.0004148469307641581
2.33,2.4,0.0004081703209106076
2.34,2.4,0.00040170892136929637
2.35,2.4,0.0003954578422620874
2.36,2.4,0.00038941239845831534
2.37,2.4,0.0003835681035455243
2.38,2.4,0.0003779206639969205
2.39,2.4,0.0003724659735249859
2.4,2.4,0.00036720010760735817
2.41,2.4,0.00036211931816440925
2.42,2.4,0.0003572200283618411
2.43,2.4,0.00035249882752659675
2.44,2.4,0.0003479524661463755
2.45,2.4,0.00034357785093553793
2.46,2.4,0.00033937203993087426
2.47,2.4,0.0003353322375958659
2.48,2.4,0.0003314557899021864
2.49,2.4,0.0003277401793497107
2.5,2.4,0.00032418301988945924
2.5100000000000002,2.4,0.00032078205169804144
2.52,2.4,0.00031753513577304605
2.5300000000000002,2.4,0.0003144402482820695
2.54,2.4,0.00031149547461026104
2.5500000000000003,2.4,0.000308699003030519
2.56,2.4,0.0003060491179409587
2.57,2.4,0.0003035441925638349
2.58,2.4,0.00030118268102080425
2.59,2.4,0.00029896310967652184
2.6,2.4,0.0002968840676241064
2.61,2.4,0.0002949441961839679
2.62,2.4,0.00029314217726073114
2.63,2.4,0.00029147672037746817
2.64,2.4,0.00028994654819936683
2.65,2.4,0.0002885503803377478
2.66,2.4,0.0002872869151798078
2.67,2.4,0.00028615480947693405
2.68,2.4,0.0002851526553925619
2.69,2.4,0.0002842789546839489
2.7,2.4,0.00028353208964629524
2.71,2.4,0.00028291029043358055
2.72,2.4,0.00028241159831728313
2.73,2.4,0.0002820338244444974
2.74,2.4,0.0002817745036181797
2.75,2.4,0.00028163084262591257
2.7600000000000002,2.4,0.00028159966265422934
2.77,2.4,0.000281677335371337
2.7800000000000002,2.4,0.0002818597123380566
2.79,2.4,0.0002821420475733259
2.8000000000000003,2.4,0.00028251891331654267
2.81,2.4,0.00028298410939833963
2.82,2.4,0.00028353056715950446
2.83,2.4,0.0002841502496315861
2.84,2.4,0.0002848340507699831
2.85,2.4,0.00028557169811498036
2.86,2.4,0.0002863516653739281
2.87,2.4,0.0002871611044719221
2.88,2.4,0.000287985810733813
2.89,2.4,0.0002888102406016521
2.9,2.4,0.00028961760912847036
2.91,2.4,0.00029039010521836323
2.92,2.4,0.0002911092772041442
2.93,2.4,0.00029175666131370703
2.94,2.4,0.00029231475267378144
2.95,2.4,0.00029276845538307034
2.96,2.4,0.0002931071981906232
2.97,2.4,0.0002933279702231217
2.98,2.4,0.00029343962326403597
2.99,2.4,0.0002934689118811317
3.0,2.4,0.0002934689118811317
0.0,2.5,0.0
0.01,2.5,0.0014553296599923802
0.02,2.5,0.002909166882647876
0.03,2.5,0.004359711796837662
0.04,2.5,0.005805243889613859
0.05,2.5,0.007244050694337491
0.06,2.5,0.008674419234990306
0.07,2.5,0.010094633937292027
0.08,2.5,0.011502976096749185
0.09,2.5,0.01289772384973215
0.1,2.5,0.014277152333352031
0.11,2.5,0.015639533929101782
0.12,2.5,0.016983138560579314
0.13,2.5,0.018306234048772043
0.14,2.5,0.019607086546512095
0.15,2.5,0.020883961086382855
0.16,2.5,0.02213512228743704
0.17,2.5,0.023358835277276224
0.18,2.5,0.024553366898095084
0.19,2.5,0.025716987278498568
0.2,2.5,0.0268479718672007
0.21,2.5,0.027944604039734568
0.22,2.5,0.029005178404377566
0.23,2.5,0.030028004947605023
0.24,2.5,0.031011414171037373
0.25,2.5,0.031953763379251446
0.26,2.5,0.03285344427857951
0.27,2.5,0.0337088920385226
0.28,2.5,0.034518595946700426
0.29,2.5,0.03528111175239542
0.3,2.5,0.03599507574007483
0.31,2.5,0.03665922050096936
0.32,2.5,0.037272392277235875
0.33,2.5,0.037833569640797746
0.34,2.5,0.0383418831413243
0.35000000000000003,2.5,0.03879663542162985
0.36,2.5,0.039197321163513064
0.37,2.5,0.03954364610499078
0.38,2.5,0.03983554427497678
0.39,2.5,0.04007319253847089
0.4,2.5,0.04025702154751318
0.41000000000000003,2.5,0.04038772226058755
0.42,2.5,0.04046624733037304
0.43,2.5,0.04049380686423709
0.44,2.5,0.04047185832316563
0.45,2.5,0.04040209062470992
0.46,2.5,0.04028640282970856
0.47000000000000003,2.5,0.04012687809321084
0.48,2.5,0.039925753819451494
0.49,2.5,0.039685389154992555
0.5,2.5,0.03940823106636784
0.51,2.5,0.039096780271157594
0.52,2.5,0.03875355822674668
0.53,2.5,0.03838107624053534
0.54,2.5,0.0379818075675775
0.55,2.5,0.0375581631288501
0.56,2.5,0.03711247123877211
0.5700000000000001,2.5,0.03664696149512854
0.58,2.5,0.03616375277496776
0.59,2.5,0.035664845107746534
0.6,2.5,0.03515211506774772
0.61,2.5,0.03462731424243364
0.62,2.5,0.03409207028880913
0.63,2.5,0.03354789008017946
0.64,2.5,0.03299616446368283
0.65,2.5,0.032438174186977885
0.66,2.5,0.03187509660329689
0.67,2.5,0.03130801282150841
0.68,2.5,0.030737915026749288
0.6900000000000001,2.5,0.030165713753967434
0.7000000000000001,2.5,0.029592244948721844
0.71,2.5,0.02901827669538334
0.72,2.5,0.02844451553177248
0.73,2.5,0.027871612301234038
0.74,2.5,0.027300167518573455
0.75,2.5,0.026730736245791493
0.76,2.5,0.026163832488005398
0.77,2.5,0.025599933130078835
0.78,2.5,0.025039481441185788
0.79,2.5,0.024482890178474787
0.8,2.5,0.023930544322874926
0.81,2.5,0.023382803480397833
0.8200000000000001,2.5,0.022840003981519693
0.8300000000000001,2.5,0.022302460709717375
0.84,2.5,0.02177046868827809
0.85,2.5,0.021244304452284077
0.86,2.5,0.02072422723039577
0.87,2.5,0.02021047995878083
0.88,2.5,0.01970329014737161
0.89,2.5,0.01920287061660145
0.9,2.5,0.01870942012093631
0.91,2.5,0.018223123873825197
0.92,2.5,0.01774415398723011
0.93,2.5,0.01727266983758084
0.9400000000000001,2.5,0.01680881836884456
0.9500000000000001,2.5,0.016352734342424083
0.96,2.5,0.015904540542713237
0.97,2.5,0.015464347946402422
0.98,2.5,0.015032255862968703
0.99,2.5,0.014608352053203136
1.0,2.5,0.014192712832110215
1.01,2.5,0.013785403162060039
1.02,2.5,0.013386476741628899
1.03,2.5,0.01299597609516625
1.04,2.5,0.012613932667695
1.05,2.5,0.012240366929386204
1.06,2.5,0.011875288493435903
1.07,2.5,0.011518696250749146
1.08,2.5,0.011170578524429216
1.09,2.5,0.010830913246623398
1.1,2.5,0.010499668159812167
1.11,2.5,0.01017680104419853
1.12,2.5,0.009862259972341287
1.1300000000000001,2.5,0.009555983591714124
1.1400000000000001,2.5,0.00925790143540158
1.1500000000000001,2.5,0.008967934260648935
1.16,2.5,0.008685994414540314
1.17,2.5,0.008411986225621783
1.18,2.5,0.008145806419878771
1.19,2.5,0.00788734455909478
1.2,2.5,0.00763648349926194
1.21,2.5,0.007393099866415188
1.22,2.5,0.007157064547028277
1.23,2.5,0.006928243189871393
1.24,2.5,0.0067064967161210645
1.25,2.5,0.006491681834398677
1.26,2.5,0.006283651557395153
1.27,2.5,0.006082255716725764
1.28,2.5,0.005887341472784695
1.29,2.5,0.005698753816427912
1.3,2.5,0.005516336059524224
1.31,2.5,0.005339930311583718
1.32,2.5,0.005169377939930023
1.33,2.5,0.00500452001112775
1.34,2.5,0.004845197711666891
1.35,2.5,0.004691252746195855
1.36,2.5,0.004542527711911942
1.37,2.5,0.0043988664479955395
1.3800000000000001,2.5,0.0042601143593111405
1.3900000000000001,2.5,0.004126118713857064
1.4000000000000001,2.5,0.003996728913736757
1.41,2.5,0.0038717967396982933
1.42,2.5,0.0037511765695059413
1.43,2.5,0.0036347255706419886
1.44,2.5,0.0035223038680248526
1.45,2.5,0.0034137746876103667
1.46,2.5,0.0033090044768567767
1.47,2.5,0.003207863003195024
1.48,2.5,0.003110223431706344
1.49,2.5,0.0030159623832962347
1.5,2.5,0.0029249599746902525
1.51,2.5,0.002837099841627172
1.52,2.5,0.0027522691466048805
1.53,2.5,0.002670358572560919
1.54,2.5,0.002591262303812018
1.55,2.5,0.0025148779955864076
1.56,2.5,0.002441106733395764
1.57,2.5,0.002369852983470046
1.58,2.5,0.002301024535408262
1.59,2.5,0.0022345324381318533
1.6,2.5,0.0021702909301660497
1.61,2.5,0.0021082173651975756
1.62,2.5,0.0020482321337933714
1.6300000000000001,2.5,0.0019902585820789176
1.6400000000000001,2.5,0.0019342229281229329
1.6500000000000001,2.5,0.0018800541766919054
1.6600000000000001,2.5,0.0018276840329820498
1.67,2.5,0.0017770468158600711
1.68,2.5,0.0017280793710953903
1.69,2.5,0.0016807209850046008
1.7,2.5,0.0016349132988757037
1.71,2.5,0.0015906002244850017
1.72,2.5,0.0015477278609917682
1.73,2.5,0.0015062444134198742
1.74,2.5,0.0014661001129397673
1.75,2.5,0.0014272471390837287
1.76,2.5,0.001389639544043457
1.77,2.5,0.0013532331791240788
1.78,2.5,0.0013179856234440178
1.79,2.5,0.0012838561149088282
1.8,2.5,0.00125080548351514
1.81,2.5,0.00121879608696618
1.82,2.5,0.001187791748618631
1.83,2.5,0.001157757697734701
1.84,2.5,0.001128660512017877
1.85,2.5,0.0011004680623845529
1.86,2.5,0.001073149459949285
1.87,2.5,0.0010466750051473447
1.8800000000000001,2.5,0.001021016138960447
1.8900000000000001,2.5,0.0009961453961818707
1.9000000000000001,2.5,0.0009720363606516999
1.9100000000000001,2.5,0.0009486636224062062
1.92,2.5,0.0009260027366707244
1.93,2.5,0.0009040301846323687
1.94,2.5,0.0008827233359252672
1.95,2.5,0.0008620604127700094
1.96,2.5,0.0008420204556855006
1.97,2.5,0.0008225832907284055
1.98,2.5,0.0008037294981764613
1.99,2.5,0.0007854403826128185
2.0,2.5,0.0007676979443416753
2.0100000000000002,2.5,0.000750484852077354
2.02,2.5,0.0007337844168520139
2.0300000000000002,2.5,0.0007175805670855814
2.04,2.5,0.0007018578247699362
2.05,2.5,0.0006866012827110613
2.06,2.5,0.0006717965827858797
2.07,2.5,0.0006574298951601707
2.08,2.5,0.0006434878984366091
2.09,2.5,0.0006299577606753825
2.1,2.5,0.0006168271212549011
2.11,2.5,0.0006040840735279671
2.12,2.5,0.0005917171482487094
2.13,2.5,0.0005797152977213237
2.14,2.5,0.0005680678806401259
2.15,2.5,0.000556764647593388
2.16,2.5,0.0005457957272004976
2.17,2.5,0.0005351516128474457
2.18,2.5,0.0005248231499965978
2.19,2.5,0.0005148015240439211
2.2,2.5,0.0005050782486994269
2.21,2.5,0.0004956451548640987
2.22,2.5,0.0004864943799820626
2.23,2.5,0.00047761835784822243
2.24,2.5,0.0004690098088433963
2.25,2.5,0.00046066173058521685
2.2600000000000002,2.5,0.00045256738896732435
2.27,2.5,0.0004447203095747047
2.2800000000000002,2.5,0.00043711426945528464
2.29,2.5,0.000429743289226191
2.3000000000000003,2.5,0.00042260162550435197
2.31,2.5,0.00041568376363739835
2.32,2.5,0.000408984410721953
2.33,2.5,0.00040249848889659063
2.34,2.5,0.0003962211288875946
2.35,2.5,0.00039014766379422025
2.36,2.5,0.0003842736230919662
2.37,2.5,0.0003785947268517644
2.38,2.5,0.00037310688014276943
2.39,2.5,0.00036780616760520644
2.4,2.5,0.0003626888481800542
2.41,2.5,0.0003577513499759838
2.42,2.5,0.00035299026524483713
2.43,2.5,0.00034840234545739743
2.44,2.5,0.00034398449644810575
2.45,2.5,0.00033973377360905864
2.46,2.5,0.000335647377097952
2.47,2.5,0.0003317226470441376
2.48,2.5,0.00032795705871183393
2.49,2.5,0.0003243482175889593
2.5,2.5,0.00032089385436236795
2.5100000000000002,2.5,0.0003175918197303669
2.52,2.5,0.00031444007902101177
2.5300000000000002,2.5,0.0003114367065514247
2.54,2.5,0.00030857987966569767
2.5500000000000003,2.5,0.00030586787238706236
2.56,2.5,0.000303299048623253
2.57,2.5,0.0003008718548233569
2.58,2.5,0.00029858481199944567
2.59,2.5,0.0002964365070102469
2.6,2.5,0.0002944255829820927
2.61,2.5,0.00029255072874197354
2.62,2.5,0.0002908106671117548
2.63,2.5,0.00028920414188891115
2.64,2.5,0.0002877299033313524
2.65,2.5,0.0002863866919479189
2.66,2.5,0.0002851732203455648
2.67,2.5,0.00028408815288073384
2.68,2.5,0.00028313008282893515
2.69,2.5,0.00028229750676462054
2.7,2.5,0.00028158879579738935
2.71,2.5,0.00028100216330298033
2.72,2.5,0.00028053562873764213
2.73,2.5,0.0002801869771265594
2.74,2.5,0.0002799537137846439
2.75,2.5,0.00027983301383817697
2.7600000000000002,2.5,0.0002798216661297876
2.77,2.5,0.00027991601113602625
2.7800000000000002,2.5,0.0002801118726204587
2.79,2.5,0.00028040448290054637
2.8000000000000003,2.5,0.0002807884018380391
2.81,2.5,0.00028125743002540605
2.82,2.5,0.0002818045171725608
2.83,2.5,0.0002824216674523141
2.84,2.5,0.00028309984464388205
2.85,2.5,0.00028382888145154686
2.86,2.5,0.0002845973994688756
2.87,2.5,0.00028539274923832495
2.88,2.5,0.0002862009838902249
2.89,2.5,0.00028700688544698957
2.9,2.5,0.00028779407053481016
2.91,2.5,0.0002885452127149055
2.92,2.5,0.0002892424329100545
2.93,2.5,0.00028986792887538684
2.94,2.5,0.00029040494109257363
2.95,2.5,0.0002908391884557328
2.96,2.5,0.0002911609559111471
2.97,2.5,0.0002913680824946012
2.98,2.5,0.0002914701880963312
2.99,2.5,0.0002914945992043102
3.0,2.5,0.0002914945992043102
0.0,2.6,0.0
0.01,2.6,0.0014157633404869186
0.02,2.6,0.0028300498894933746
0.03,2.6,0.004241078257320859
0.04,2.6,0.005647145462909516
0.05,2.6,0.007046556278787081
0.06,2.6,0.008437614705019357
0.07,2.6,0.009818621845758243
0.08,2.6,0.011187875323207357
0.09,2.6,0.01254366918406364
0.1,2.6,0.013884293986837794
0.11,2.6,0.015208036966372131
0.12,2.6,0.016513182247337863
0.13,2.6,0.01779801111231587
0.14,2.6,0.019060802349200184
0.15,2.6,0.020299832716627948
0.16,2.6,0.021513377578784614
0.17,2.6,0.022699711773949093
0.18,2.6,0.0238571107952587
0.19,2.6,0.024983852377609854
0.2,2.6,0.02607821860121176
0.21,2.6,0.027138498639526623
0.22,2.6,0.028162992296261406
0.23,2.6,0.029150014491379248
0.24,2.6,0.030097900867870685
0.25,2.6,0.0310050146969986
0.26,2.6,0.03186975525696204
0.27,2.6,0.032690567845289904
0.28,2.6,0.03346595555535049
0.29,2.6,0.0341944928989203
0.3,2.6,0.03487484128717084
0.31,2.6,0.0355057662903453
0.32,2.6,0.036086156482231006
0.33,2.6,0.036615043542308226
0.34,2.6,0.03709162314218227
0.35000000000000003,2.6,0.037515275993057116
0.36,2.6,0.037885588290134595
0.37,2.6,0.03820237067310524
0.38,2.6,0.03846567474551649
0.39,2.6,0.03867580617546221
0.4,2.6,0.038833333448133826
0.41000000000000003,2.6,0.038939091464461666
0.42,2.6,0.0389941793789268
0.43,2.6,0.03899995233450163
0.44,2.6,0.03895800706572571
0.45,2.6,0.038870161676825624
0.46,2.6,0.03873843023071575
0.47000000000000003,2.6,0.038564993075977536
0.48,2.6,0.03835216406511164
0.49,2.6,0.03810235595828782
0.5,2.6,0.03781804535203771
0.51,2.6,0.03750173842237386
0.52,2.6,0.0371559386374576
0.53,2.6,0.03678311739501708
0.54,2.6,0.036385688298013384
0.55,2.6,0.03596598552359434
0.56,2.6,0.03552624648835016
0.5700000000000001,2.6,0.03506859878605471
0.58,2.6,0.03459505118555563
0.59,2.6,0.03410748833331271
0.6,2.6,0.033607668708716315
0.61,2.6,0.03309722532787153
0.62,2.6,0.03257766867703687
0.63,2.6,0.032050391372662294
0.64,2.6,0.03151667408284685
0.65,2.6,0.030977692297230085
0.66,2.6,0.030434523592090527
0.67,2.6,0.029888155099285794
0.68,2.6,0.029339490947437888
0.6900000000000001,2.6,0.028789359498790412
0.7000000000000001,2.6,0.028238520253646888
0.71,2.6,0.027687670335562426
0.72,2.6,0.027137450504384455
0.73,2.6,0.026588450671234762
0.74,2.6,0.0260412149102755
0.75,2.6,0.025496245977406823
0.76,2.6,0.024954009356852148
0.77,2.6,0.02441493686366495
0.78,2.6,0.02387942983440132
0.79,2.6,0.02334786194016838
0.8,2.6,0.022820581656604177
0.81,2.6,0.022297914424531187
0.8200000000000001,2.6,0.02178016453342052
0.8300000000000001,2.6,0.02126761675774206
0.84,2.6,0.020760537773948387
0.85,2.6,0.02025917738340759
0.86,2.6,0.019763769564228324
0.87,2.6,0.01927453337262612
0.88,2.6,0.018791673712345663
0.89,2.6,0.018315381988702705
0.9,2.6,0.01784583666206911
0.91,2.6,0.017383203714037024
0.92,2.6,0.01692763703814342
0.93,2.6,0.016479278765825223
0.9400000000000001,2.6,0.01603825953722747
0.9500000000000001,2.6,0.015604698725584726
0.96,2.6,0.015178704623102333
0.97,2.6,0.014760374595606064
0.98,2.6,0.014349795212607567
0.99,2.6,0.013947042358927193
1.0,2.6,0.01355218133353953
1.01,2.6,0.013165266940880003
1.02,2.6,0.012786343579448033
1.03,2.6,0.012415445332176506
1.04,2.6,0.012052596062632741
1.05,2.6,0.011697809520785075
1.06,2.6,0.011351089461671472
1.07,2.6,0.011012429779929916
1.08,2.6,0.01068181466277024
1.09,2.6,0.010359218763547435
1.1,2.6,0.010044607397696304
1.11,2.6,0.00973793676237507
1.12,2.6,0.009439154180707255
1.1300000000000001,2.6,0.009148198371102964
1.1400000000000001,2.6,0.008864999741725315
1.1500000000000001,2.6,0.00858948070971679
1.16,2.6,0.00832155604441885
1.17,2.6,0.00806113323342708
1.18,2.6,0.007808112869954235
1.19,2.6,0.007562389059653934
1.2,2.6,0.007323849844754048
1.21,2.6,0.0070923776430888595
1.22,2.6,0.006867849699437272
1.23,2.6,0.006650138546365994
1.24,2.6,0.006439112471694752
1.25,2.6,0.006234635989613678
1.26,2.6,0.0060365703124771975
1.27,2.6,0.005844773820304619
1.28,2.6,0.005659102525127002
1.29,2.6,0.005479410527381419
1.3,2.6,0.005305550461757577
1.31,2.6,0.005137373930043102
1.32,2.6,0.004974731918766752
1.33,2.6,0.00481747519962069
1.34,2.6,0.004665454710941957
1.35,2.6,0.004518521918761829
1.36,2.6,0.004376529156219662
1.37,2.6,0.004239329940391831
1.3800000000000001,2.6,0.0041067792658584495
1.3900000000000001,2.6,0.003978733874580167
1.4000000000000001,2.6,0.0038550525019013793
1.41,2.6,0.0037355960987337385
1.42,2.6,0.0036202280301667954
1.43,2.6,0.003508814250960207
1.44,2.6,0.003401223458526476
1.45,2.6,0.003297327224185056
1.46,2.6,0.0031970001035560194
1.47,2.6,0.0031001197271092545
1.48,2.6,0.0030065668719329148
1.49,2.6,0.0029162255158703835
1.5,2.6,0.002828982875200316
1.51,2.6,0.0027447294270818625
1.52,2.6,0.002663358917965165
1.53,2.6,0.002584768359206652
1.54,2.6,0.002508858011062732
1.55,2.6,0.0024355313562465105
1.56,2.6,0.002364695064166551
1.57,2.6,0.0022962589469421803
1.58,2.6,0.0022301359082288687
1.59,2.6,0.002166241885826848
1.6,2.6,0.0021044957889947247
1.61,2.6,0.002044819431325277
1.62,2.6,0.001987137459985322
1.6300000000000001,2.6,0.0019313772820394723
1.6400000000000001,2.6,0.0018774689885368968
1.6500000000000001,2.6,0.0018253452769657658
1.6600000000000001,2.6,0.0017749413726373983
1.67,2.6,0.0017261949494793054
1.68,2.6,0.0016790460506864017
1.69,2.6,0.0016334370096204814
1.7,2.6,0.001589312371296296
1.71,2.6,0.001546618814751579
1.72,2.6,0.0015053050765645296
1.73,2.6,0.0014653218757267239
1.74,2.6,0.0014266218400637166
1.75,2.6,0.0013891594343395856
1.76,2.6,0.001352890890185569
1.77,2.6,0.001317774137939424
1.78,2.6,0.0012837687404727725
1.79,2.6,0.0012508358290494385
1.8,2.6,0.0012189380412684328
1.81,2.6,0.001188039461082894
1.82,2.6,0.0011581055609254825
1.83,2.6,0.0011291031459131225
1.84,2.6,0.001101000300125725
1.85,2.6,0.0010737663349179012
1.86,2.6,0.001047371739249195
1.87,2.6,0.0010217881319691596
1.8800000000000001,2.6,0.0009969882160229767
1.8900000000000001,2.6,0.0009729457345310832
1.9000000000000001,2.6,0.0009496354286826037
1.9100000000000001,2.6,0.0009270329973917791
1.92,2.6,0.0009051150586572547
1.93,2.6,0.0008838591125672716
1.94,2.6,0.0008632435058887731
1.95,2.6,0.000843247398195349
1.96,2.6,0.0008238507294557028
1.97,2.6,0.0008050341890436573
1.98,2.6,0.0007867791860940974
1.99,2.6,0.0007690678211686245
2.0,2.6,0.0007518828591645277
2.0100000000000002,2.6,0.0007352077034165548
2.02,2.6,0.0007190263709403709
2.0300000000000002,2.6,0.0007033234687677654
2.04,2.6,0.0006880841713281259
2.05,2.6,0.0006732941988250502
2.06,2.6,0.0006589397965686808
2.07,2.6,0.0006450077152138666
2.08,2.6,0.0006314851918771321
2.09,2.6,0.0006183599320745799
2.1,2.6,0.0006056200924562376
2.11,2.6,0.0005932542642918231
2.12,2.6,0.0005812514576862209
2.13,2.6,0.0005696010864794948
2.14,2.6,0.0005582929537995551
2.15,2.6,0.0005473172382469436
2.16,2.6,0.0005366644806794492
2.17,2.6,0.0005263255715652855
2.18,2.6,0.00051629173888201
2.19,2.6,0.0005065545365317837
2.2,2.6,0.0004971058332580602
2.21,2.6,0.0004879378020331466
2.22,2.6,0.0004790429098966572
2.23,2.6,0.0004704139082257703
2.24,2.6,0.0004620438234147187
2.25,2.6,0.00045392594794716156
2.2600000000000002,2.6,0.00044605383183817356
2.27,2.6,0.0004384212744333828
2.2800000000000002,2.6,0.0004310223165462589
2.29,2.6,0.0004238512329108518
2.3000000000000003,2.6,0.000416902524943724
2.31,2.6,0.0004101709137900057
2.32,2.6,0.0004036513336409092
2.33,2.6,0.00039733892530868195
2.34,2.6,0.000391229030040323
2.35,2.6,0.0003853171835562407
2.36,2.6,0.00037959911029155345
2.37,2.6,0.00037407071783943606
2.38,2.6,0.00036872809156382333
2.39,2.6,0.0003635674893687231
2.4,2.6,0.00035858533660848086
2.41,2.6,0.0003537782211231362
2.42,2.6,0.00034914288836801103
2.43,2.6,0.0003446762366292158
2.44,2.6,0.0003403753122952912
2.45,2.6,0.0003362373051631555
2.46,2.6,0.00033225954374412373
2.47,2.6,0.0003284394905555654
2.48,2.6,0.0003247747373547844
2.49,2.6,0.0003212630002838687
2.5,2.6,0.0003179021148885283
2.5100000000000002,2.6,0.00031469003096114647
2.52,2.6,0.00031162480717435176
2.5300000000000002,2.6,0.00030870460544144153
2.54,2.6,0.0003059276849490401
2.5500000000000003,2.6,0.00030329239578755874
2.56,2.6,0.00030079717212623823
2.57,2.6,0.00029844052482910365
2.58,2.6,0.0002962210334294618
2.59,2.6,0.0002941373373617501
2.6,2.6,0.00029218812632640564
2.61,2.6,0.00029037212967031214
2.62,2.6,0.0002886881046345428
2.63,2.6,0.0002871348232980254
2.64,2.6,0.00028571105804374577
2.65,2.6,0.0002844155653535958
2.66,2.6,0.00028324706769731616
2.67,2.6,0.00028220423327042493
2.68,2.6,0.00028128565331023565
2.69,2.6,0.00028048981669481874
2.7,2.6,0.00027981508149232134
2.71,2.6,0.00027925964312117265
2.72,2.6,0.0002788214987295345
2.73,2.6,0.00027849840741942785
2.74,2.6,0.0002782878459036188
2.75,2.6,0.00027818695920022623
2.7600000000000002,2.6,0.00027819250598898354
2.77,2.6,0.00027830079830593475
2.7800000000000002,2.6,0.0002785076353477914
2.79,2.6,0.00027880823132031817
2.8000000000000003,2.6,0.0002791971374933257
2.81,2.6,0.00027966815899181045
2.82,2.6,0.000280214267381515
2.83,2.6,0.0002808275108518807
2.84,2.6,0.0002814989248633162
2.85,2.6,0.0002822184476454797
2.86,2.6,0.0002829748469795091
2.87,2.6,0.00028375566762540934
2.88,2.6,0.00028454721269873575
2.89,2.6,0.00028533457778875097
2.9,2.6,0.00028610176408504814
2.91,2.6,0.00028683190702669375
2.92,2.6,0.00028750767091132833
2.93,2.6,0.0002881118789307686
2.94,2.6,0.00028862847392897655
2.95,2.6,0.0002890439403342331
2.96,2.6,0.0002893493654087286
2.97,2.6,0.0002895433827619841
2.98,2.6,0.00028963632897506205
2.99,2.6,0.0002896560634567937
3.0,2.6,0.0002896560634567937
0.0,2.7,0.0
0.01,2.7,0.0013782654752735142
0.02,2.7,0.0027550699852464063
0.03,2.7,0.0041286508230258855
0.04,2.7,0.005497322719348267
0.05,2.7,0.006859407844455813
0.06,2.7,0.00821322730533846
0.07,2.7,0.009557098980178317
0.08,2.7,0.010889336869666378
0.09,2.7,0.012208250929188591
0.1,2.7,0.013512147072913299
0.11,2.7,0.014799327247538782
0.12,2.7,0.01606808954913339
0.13,2.7,0.017316728391127623
0.14,2.7,0.01854353475183051
0.15,2.7,0.01974679654531344
0.16,2.7,0.02092479917395678
0.17,2.7,0.02207582633607275
0.18,2.7,0.02319816117848358
0.19,2.7,0.024290087901882737
0.2,2.7,0.02534989394594316
0.21,2.7,0.026375872900697716
0.22,2.7,0.027366328309494682
0.23,2.7,0.028319578545078595
0.24,2.7,0.02923396295167244
0.25,2.7,0.03010784944950561
0.26,2.7,0.030939643790483213
0.27,2.7,0.03172780063094739
0.28,2.7,0.03247083654588402
0.29,2.7,0.03316734504509532
0.3,2.7,0.033816013563425514
0.31,2.7,0.034415642283594276
0.32,2.7,0.0349651645134838
0.33,2.7,0.03546366818514437
0.34,2.7,0.03591041787922632
0.35000000000000003,2.7,0.03630487661879732
0.36,2.7,0.036646726536428934
0.37,2.7,0.036935887415944654
0.38,2.7,0.03717253206307014
0.39,2.7,0.03735709748284251
0.4,2.7,0.03749029094599846
0.41000000000000003,2.7,0.03757309021407235
0.42,2.7,0.037606737456465957
0.43,2.7,0.037592726715368265
0.44,2.7,0.037532785130427536
0.45,2.7,0.03742884849277081
0.46,2.7,0.03728303202365427
0.47000000000000003,2.7,0.03709759753557007
0.48,2.7,0.036874918308811046
0.49,2.7,0.036617443090417555
0.5,2.7,0.036327660592970726
0.51,2.7,0.036008065747349854
0.52,2.7,0.03566112876518229
0.53,2.7,0.03528926781812399
0.54,2.7,0.03489482586942411
0.55,2.7,0.034480051923913506
0.56,2.7,0.03404708671684976
0.5700000000000001,2.7,0.03359795265508616
0.58,2.7,0.03313454766438591
0.59,2.7,0.03265864248691736
0.6,2.7,0.032171880910463406
0.61,2.7,0.03167578238971021
0.62,2.7,0.031171746532146924
0.63,2.7,0.030661058957864473
0.64,2.7,0.0301448980955477
0.65,2.7,0.02962434253880178
0.66,2.7,0.02910037865165687
0.67,2.7,0.028573908175140862
0.68,2.7,0.028045755644995854
0.6900000000000001,2.7,0.02751667548218488
0.7000000000000001,2.7,0.02698735866176687
0.71,2.7,0.026458438901953693
0.72,2.7,0.02593049834403378
0.73,2.7,0.02540407271607221
0.74,2.7,0.024879655989751077
0.75,2.7,0.02435770455129523
0.76,2.7,0.023838640915111405
0.77,2.7,0.02332285701329563
0.78,2.7,0.022810717096358367
0.79,2.7,0.022302560280926583
0.8,2.7,0.02179870277937865
0.81,2.7,0.021299439844704195
0.8200000000000001,2.7,0.02080504746172065
0.8300000000000001,2.7,0.020315783813341256
0.84,2.7,0.01983189054804262
0.85,2.7,0.019353593872169485
0.86,2.7,0.018881105488309503
0.87,2.7,0.01841462339871856
0.88,2.7,0.017954332590742077
0.89,2.7,0.01750040561930515
0.9,2.7,0.01705300309991998
0.91,2.7,0.016612274124193773
0.92,2.7,0.01617835660855786
0.93,2.7,0.0157513775858468
0.9400000000000001,2.7,0.015331453448392011
0.9500000000000001,2.7,0.014918690150478095
0.96,2.7,0.014513183377293277
0.97,2.7,0.014115018686904205
0.98,2.7,0.013724271631224522
0.99,2.7,0.013341007861486112
1.0,2.7,0.012965283223285967
1.01,2.7,0.012597143845888161
1.02,2.7,0.01223662623008952
1.03,2.7,0.011883757338621102
1.04,2.7,0.011538554692680204
1.05,2.7,0.011201026477879088
1.06,2.7,0.010871171662534082
1.07,2.7,0.010548980130864066
1.08,2.7,0.010234432833314835
1.09,2.7,0.00992750195585775
1.1,2.7,0.009628151109727479
1.11,2.7,0.009336335542696104
1.12,2.7,0.009052002372573267
1.1300000000000001,2.7,0.008775090843251647
1.1400000000000001,2.7,0.008505532603247544
1.1500000000000001,2.7,0.008243252006289857
1.16,2.7,0.007988166433170634
1.17,2.7,0.007740186633727468
1.18,2.7,0.007499217087516361
1.19,2.7,0.007265156381448948
1.2,2.7,0.007037897602410415
1.21,2.7,0.006817328742654418
1.22,2.7,0.006603333115620408
1.23,2.7,0.006395789779644133
1.24,2.7,0.006194573966971466
1.25,2.7,0.005999557515421203
1.26,2.7,0.005810609300041626
1.27,2.7,0.005627595662116054
1.28,2.7,0.005450380832992633
1.29,2.7,0.0052788273502564565
1.3,2.7,0.005112796463960776
1.31,2.7,0.004952148530757639
1.32,2.7,0.004796743393991484
1.33,2.7,0.004646440747995468
1.34,2.7,0.004501100485077457
1.35,2.7,0.004360583023902658
1.36,2.7,0.0042247496182239485
1.37,2.7,0.004093462645131606
1.3800000000000001,2.7,0.003966585872248614
1.3900000000000001,2.7,0.0038439847034995103
1.4000000000000001,2.7,0.003725526403305443
1.41,2.7,0.003611080299262676
1.42,2.7,0.003500517963533864
1.43,2.7,0.0033937133733591028
1.44,2.7,0.0032905430512344697
1.45,2.7,0.003190886185454306
1.46,2.7,0.0030946247317865595
1.47,2.7,0.003001643497188988
1.48,2.7,0.0029118302065103416
1.49,2.7,0.002825075553200048
1.5,2.7,0.0027412732350674592
1.51,2.7,0.0026603199761819508
1.52,2.7,0.002582115535984797
1.53,2.7,0.0025065627067130036
1.54,2.7,0.002433567300186662
1.55,2.7,0.0023630381250224334
1.56,2.7,0.002294886955265043
1.57,2.7,0.002229028491428875
1.58,2.7,0.0021653803148741955
1.59,2.7,0.0021038628363908777
1.6,2.7,0.0020443992398312015
1.61,2.7,0.0019869154215601584
1.62,2.7,0.0019313399264455787
1.6300000000000001,2.7,0.001877603881051286
1.6400000000000001,2.7,0.0018256409246506812
1.6500000000000001,2.7,0.0017753871386100488
1.6600000000000001,2.7,0.001726780974656584
1.67,2.7,0.0016797631824769029
1.68,2.7,0.0016342767370583736
1.69,2.7,0.0015902667661342647
1.7,2.7,0.0015476804780534432
1.71,2.7,0.0015064670903448154
1.72,2.7,0.0014665777592346805
1.73,2.7,0.0014279655103036195
1.74,2.7,0.0013905851704774216
1.75,2.7,0.0013543933014786979
1.76,2.7,0.0013193481348792785
1.77,2.7,0.0012854095088324015
1.78,2.7,0.0012525388065742161
1.79,2.7,0.0012206988967327994
1.8,2.7,0.0011898540755051396
1.81,2.7,0.0011599700107003514
1.82,2.7,0.0011310136876812992
1.83,2.7,0.001102953357189656
1.84,2.7,0.0010757584850527731
1.85,2.7,0.0010493997037396311
1.86,2.7,0.0010238487657591717
1.87,2.7,0.000999078498847562
1.8800000000000001,2.7,0.0009750627629129356
1.8900000000000001,2.7,0.000951776408703117
1.9000000000000001,2.7,0.0009291952381447143
1.9100000000000001,2.7,0.0009072959663073481
1.92,2.7,0.0008860561849399096
1.93,2.7,0.00086545432753148
1.94,2.7,0.0008454696358442627
1.95,2.7,0.0008260821278702374
1.96,2.7,0.000807272567150719
1.97,2.7,0.000789022433420592
1.98,2.7,0.0007713138945080722
1.99,2.7,0.0007541297794576424
2.0,2.7,0.0007374535528189023
2.0100000000000002,2.7,0.0007212692900499452
2.02,2.7,0.0007055616539964224
2.0300000000000002,2.7,0.0006903158723907187
2.04,2.7,0.0006755177163402847
2.05,2.7,0.0006611534797521151
2.06,2.7,0.000647209959654408
2.07,2.7,0.0006336744373772651
2.08,2.7,0.0006205346605609196
2.09,2.7,0.0006077788259414518
2.1,2.7,0.0005953955628889236
2.11,2.7,0.0005833739176569451
2.12,2.7,0.0005717033383254992
2.13,2.7,0.0005603736603902422
2.14,2.7,0.0005493750929731268
2.15,2.7,0.0005386982056326006
2.16,2.7,0.0005283339157430741
2.17,2.7,0.0005182734764141634
2.18,2.7,0.000508508464929432
2.19,2.7,0.0004990307716768551
2.2,2.7,0.000489832589558026
2.21,2.7,0.0004809064038421009
2.22,2.7,0.000472244982447861
2.23,2.7,0.00046384136664185863
2.24,2.7,0.00045568886212058135
2.25,2.7,0.0004477810304690547
2.2600000000000002,2.7,0.0004401116809705485
2.27,2.7,0.0004326748627553453
2.2800000000000002,2.7,0.0004254648572700337
2.29,2.7,0.0004184761710496423
2.3000000000000003,2.7,0.0004117035287789139
2.31,2.7,0.0004051418666253736
2.32,2.7,0.0003987863258254362
2.33,2.7,0.00039263224651800785
2.34,2.7,0.000386675161800008
2.35,2.7,0.00038091079199367587
2.36,2.7,0.0003753350391021745
2.37,2.7,0.0003699439814553199
2.38,2.7,0.00036473386851083015
2.39,2.7,0.00035970111579745255
2.4,2.7,0.00035484229998891496
2.41,2.7,0.00035015415408847503
2.42,2.7,0.0003456335626937819
2.43,2.7,0.000341277557337774
2.44,2.7,0.00033708331187036163
2.45,2.7,0.0003330481378626249
2.46,2.7,0.00032916947999910983
2.47,2.7,0.0003254449114414371
2.48,2.7,0.0003218721291209375
2.49,2.7,0.00031844894893307723
2.5,2.7,0.0003151733007909232
2.5100000000000002,2.7,0.00031204322349021003
2.52,2.7,0.0003090568593554722
2.5300000000000002,2.7,0.0003062124485988313
2.54,2.7,0.0003035083233423629
2.5500000000000003,2.7,0.00030094290122896153
2.56,2.7,0.0002985146785667648
2.57,2.7,0.0002962222229083676
2.58,2.7,0.000294064164984467
2.59,2.7,0.00029203918989199017
2.6,2.7,0.0002901460274138627
2.61,2.7,0.0002883834413565172
2.62,2.7,0.00028675021776432296
2.63,2.7,0.00028524515184173997
2.64,2.7,0.00028386703341781185
2.65,2.7,0.00028261463076563757
2.66,2.7,0.00028148667255178445
2.67,2.7,0.00028048182768066073
2.68,2.7,0.00027959868277607455
2.69,2.7,0.0002788357170184668
2.7,2.7,0.0002781912740247965
2.71,2.7,0.00027766353044886716
2.72,2.7,0.0002772504609364974
2.73,2.7,0.0002769497990838835
2.74,2.7,0.00027675899401976455
2.75,2.7,0.000276675162250161
2.7600000000000002,2.7,0.0002766950344268567
2.77,2.7,0.00027681489675902637
2.7800000000000002,2.7,0.0002770305268831601
2.79,2.7,0.0002773371241751933
2.8000000000000003,2.7,0.00027772923471682995
2.81,2.7,0.00027820067149577125
2.82,2.7,0.00027874443094241515
2.83,2.7,0.00027935260764526615
2.84,2.7,0.0002800163101354741
2.85,2.7,0.00028072558212923415
2.86,2.7,0.000281469335622467
2.87,2.7,0.00028223530510879254
2.88,2.7,0.0002830100360565751
2.89,2.7,0.00028377892615164224
2.9,2.7,0.00028452634513983
2.91,2.7,0.00028523586911529325
2.92,2.7,0.00028589067873754855
2.93,2.7,0.00028647418947164654
2.94,2.7,0.00028697100721370475
2.95,2.7,0.0002873683370723109
2.96,2.7,0.00028765801974188097
2.97,2.7,0.00028783943335731604
2.98,2.7,0.0002879235847893779
2.99,2.7,0.00028793883119325903
3.0,2.7,0.00028793883119325903
0.0,2.8,0.0
0.01,2.8,0.0013426574414945544
0.02,2.8,0.0026838699829111012
0.03,2.8,0.0040218938708170325
0.04,2.8,0.0053550617926536245
0.05,2.8,0.006681713537723422
0.06,2.8,0.008000187511016903
0.07,2.8,0.009308818517369146
0.08,2.8,0.010605937040791083
0.09,2.8,0.011889868991920724
0.1,2.8,0.013158935617281188
0.11,2.8,0.014411453469648158
0.12,2.8,0.015645734414841368
0.13,2.8,0.016860085685843896
0.14,2.8,0.018052810016845267
0.15,2.8,0.01922220590701958
0.16,2.8,0.0203665680803871
0.17,2.8,0.02148418822563599
0.18,2.8,0.022573356118904847
0.19,2.8,0.023632361253290175
0.2,2.8,0.024659495120745886
0.21,2.8,0.02565305431405268
0.22,2.8,0.026611344637064688
0.23,2.8,0.02753268642824826
0.24,2.8,0.028415421312628603
0.25,2.8,0.029257920597163763
0.26,2.8,0.030058595510037516
0.27,2.8,0.0308159094511556
0.28,2.8,0.03152839236503954
0.29,2.8,0.032194657264997005
0.3,2.8,0.032813418827147854
0.31,2.8,0.03338351383542673
0.32,2.8,0.03390392309812271
0.33,2.8,0.03437379428105385
0.34,2.8,0.03479246492448409
0.35000000000000003,2.8,0.0351594847468393
0.36,2.8,0.0354746362073134
0.37,2.8,0.03573795222174367
0.38,2.8,0.03594972991987746
0.39,2.8,0.03611053941100145
0.4,2.8,0.03622122669447671
0.41000000000000003,2.8,0.03628291010781117
0.42,2.8,0.03629697003224883
0.43,2.8,0.03626503194901328
0.44,2.8,0.03618894332523303
0.45,2.8,0.03607074517051629
0.46,2.8,0.03591263940802718
0.47000000000000003,2.8,0.035716953419023145
0.48,2.8,0.03548610322892924
0.49,2.8,0.03522255680066713
0.5,2.8,0.034928798794472825
0.51,2.8,0.0346072979611026
0.52,2.8,0.03426047808285815
0.53,2.8,0.03389069309315311
0.54,2.8,0.03350020671854339
0.55,2.8,0.033091176721073166
0.56,2.8,0.03266564359114769
0.5700000000000001,2.8,0.032225523362418754
0.58,2.8,0.03177260409420179
0.59,2.8,0.031308545491949454
0.6,2.8,0.030834881106383306
0.61,2.8,0.030353022558775086
0.62,2.8,0.029864265274383375
0.63,2.8,0.029369795259095
0.64,2.8,0.02887069651791657
0.65,2.8,0.028367958781434815
0.66,2.8,0.027862485272725696
0.67,2.8,0.027355100308929695
0.68,2.8,0.026846556586569603
0.6900000000000001,2.8,0.02633754204673538
0.7000000000000001,2.8,0.025828686255123422
0.71,2.8,0.025320566263006036
0.72,2.8,0.024813711939205146
0.73,2.8,0.024308610780960086
0.74,2.8,0.023805712224212624
0.75,2.8,0.02330543148219151
0.76,2.8,0.02280815294624293
0.77,2.8,0.02231423318529303
0.78,2.8,0.021824003580932276
0.79,2.8,0.021337772634329077
0.8,2.8,0.02085582797950666
0.81,2.8,0.020378438135283145
0.8200000000000001,2.8,0.019905854025621728
0.8300000000000001,2.8,0.019438310295487135
0.84,2.8,0.018976026446671193
0.85,2.8,0.018519207815506235
0.86,2.8,0.018068046412037027
0.87,2.8,0.017622721638052737
0.88,2.8,0.01718340089943404
0.89,2.8,0.01675024012653242
0.9,2.8,0.01632338421477371
0.91,2.8,0.015902967396329737
0.92,2.8,0.015489113552556572
0.93,2.8,0.015081936475879045
0.9400000000000001,2.8,0.014681540088946355
0.9500000000000001,2.8,0.014288018628141552
0.96,2.8,0.013901456797856525
0.97,2.8,0.0135219299014115
0.98,2.8,0.013149503954011599
0.99,2.8,0.012784235782665082
1.0,2.8,0.0124261731176297
1.01,2.8,0.01207535467956637
1.02,2.8,0.011731810266252746
1.03,2.8,0.011395560842385678
1.04,2.8,0.011066618635661026
1.05,2.8,0.01074498724202406
1.06,2.8,0.010430661742655
1.07,2.8,0.010123628834924299
1.08,2.8,0.009823866979226166
1.09,2.8,0.009531346563271986
1.1,2.8,0.009246030085057526
1.11,2.8,0.008967872355400013
1.12,2.8,0.008696820720573574
1.1300000000000001,2.8,0.008432815305234464
1.1400000000000001,2.8,0.008175789275493376
1.1500000000000001,2.8,0.007925669121651794
1.16,2.8,0.0076823749598153145
1.17,2.8,0.007445820851299082
1.18,2.8,0.007215915138464306
1.19,2.8,0.006992560795378962
1.2,2.8,0.006775655791480915
1.21,2.8,0.006565093466228117
1.22,2.8,0.0063607629126018386
1.23,2.8,0.006162549367175242
1.24,2.8,0.005970334604420211
1.25,2.8,0.005783997332873004
1.26,2.8,0.0056034135907877996
1.27,2.8,0.0054284571389226445
1.28,2.8,0.005258999848214054
1.29,2.8,0.005094912080140396
1.3,2.8,0.004936063057757797
1.31,2.8,0.004782321225497157
1.32,2.8,0.0046335545960169405
1.33,2.8,0.004489631082565022
1.34,2.8,0.004350418815521853
1.35,2.8,0.0042157864419846884
1.36,2.8,0.004085603407480552
1.37,2.8,0.0039597402190857806
1.3800000000000001,2.8,0.003838068689449852
1.3900000000000001,2.8,0.003720462161404861
1.4000000000000001,2.8,0.003606795713038913
1.41,2.8,0.0034969463432899966
1.42,2.8,0.0033907931382666056
1.43,2.8,0.0032882174186634047
1.44,2.8,0.003189102868763748
1.45,2.8,0.003093335647641447
1.46,2.8,0.003000804483257385
1.47,2.8,0.0029114007502515638
1.48,2.8,0.002825018532272356
1.49,2.8,0.002741554669758567
1.5,2.8,0.0026609087941023724
1.51,2.8,0.002582983349160915
1.52,2.8,0.0025076836010736263
1.53,2.8,0.002434917637377021
1.54,2.8,0.0023645963563492197
1.55,2.8,0.0022966334475393864
1.56,2.8,0.0022309453643787796
1.57,2.8,0.002167451289752653
1.58,2.8,0.0021060730953791867
1.59,2.8,0.0020467352957819394
1.6,2.8,0.0019893649976022157
1.61,2.8,0.0019338918449696432
1.62,2.8,0.0018802479615784712
1.6300000000000001,2.8,0.0018283678900671448
1.6400000000000001,2.8,0.0017781885292736026
1.6500000000000001,2.8,0.0017296490698690827
1.6600000000000001,2.8,0.0016826909288454777
1.67,2.8,0.0016372576832627327
1.68,2.8,0.0015932950036353722
1.69,2.8,0.0015507505873059953
1.7,2.8,0.0015095740920950998
1.71,2.8,0.0014697170704860779
1.72,2.8,0.001431132904585378
1.73,2.8,0.0013937767420357486
1.74,2.8,0.0013576054330760423
1.75,2.8,0.001322577468859453
1.76,2.8,0.0012886529211742319
1.77,2.8,0.001255793383641893
1.78,2.8,0.0012239619144857681
1.79,2.8,0.0011931229809087319
1.8,2.8,0.0011632424051440647
1.81,2.8,0.0011342873121818924
1.82,2.8,0.0011062260792133168
1.83,2.8,0.001079028286774721
1.84,2.8,0.0010526646716015498
1.85,2.8,0.001027107081166967
1.86,2.8,0.0010023284299020955
1.87,2.8,0.0009783026570522485
1.8800000000000001,2.8,0.000955004686147045
1.8900000000000001,2.8,0.0009324103860534395
1.9000000000000001,2.8,0.0009104965335669557
1.9100000000000001,2.8,0.0008892407775062403
1.92,2.8,0.0008686216042611925
1.93,2.8,0.0008486183047516407
1.94,2.8,0.000829210942753197
1.95,2.8,0.0008103803245486526
1.96,2.8,0.000792107969846132
1.97,2.8,0.0007743760839354839
1.98,2.8,0.0007571675310137526
1.99,2.8,0.0007404658086589942
2.0,2.8,0.0007242550233928199
2.0100000000000002,2.8,0.000708519867292788
2.02,2.8,0.000693245595608676
2.0300000000000002,2.8,0.0006784180053456495
2.04,2.8,0.0006640234147720815
2.05,2.8,0.000650048643812224
2.06,2.8,0.0006364809952871684
2.07,2.8,0.0006233082369645935
2.08,2.8,0.0006105185843917618
2.09,2.8,0.0005981006844648277
2.1,2.8,0.0005860435997091278
2.11,2.8,0.0005743367932352819
2.12,2.8,0.0005629701143519031
2.13,2.8,0.0005519337847925307
2.14,2.8,0.0005412183855330682
2.15,2.8,0.0005308148441772341
2.16,2.8,0.0005207144228859403
2.17,2.8,0.0005109087068186995
2.18,2.8,0.0005013895930694833
2.19,2.8,0.0004921492800716316
2.2,2.8,0.00048318025745615453
2.21,2.8,0.00047447529633514926
2.22,2.8,0.00046602743999570463
2.23,2.8,0.00045782999498609453
2.24,2.8,0.0004498765225694173
2.25,2.8,0.00044216083053560013
2.2600000000000002,2.8,0.00043467696534763044
2.27,2.8,0.00042741920461160984
2.2800000000000002,2.8,0.0004203820498504206
2.29,2.8,0.00041356021956345454
2.3000000000000003,2.8,0.0004069486425647913
2.31,2.8,0.00040054245157357073
2.32,2.8,0.00039433697704925906
2.33,2.8,0.0003883277412570924
2.34,2.8,0.0003825104525432899
2.35,2.8,0.0003768809998095672
2.36,2.8,0.00037143544716316206
2.37,2.8,0.00036617002874495284
2.38,2.8,0.00036108114369820293
2.39,2.8,0.0003561653512705632
2.4,2.8,0.0003514193660327648
2.41,2.8,0.00034684005319605434
2.42,2.8,0.00034242442399978653
2.43,2.8,0.0003381696311608454
2.44,2.8,0.0003340729643523127
2.45,2.8,0.0003301318456946791
2.46,2.8,0.000326343825221375
2.47,2.8,0.00032270657630532987
2.48,2.8,0.0003192178910037735
2.49,2.8,0.0003158756752907416
2.5,2.8,0.0003126779441389433
2.5100000000000002,2.8,0.0003096228164036893
2.52,2.8,0.0003067085094744741
2.5300000000000002,2.8,0.0003039333336337756
2.54,2.8,0.00030129568606541415
2.5500000000000003,2.8,0.00029879404444571427
2.56,2.8,0.0002964269600614098
2.57,2.8,0.0002941930503572925
2.58,2.8,0.00029209099083278404
2.59,2.8,0.00029011950619131774
2.6,2.8,0.0002882773606260552
2.61,2.8,0.00028656334712643295
2.62,2.8,0.00028497627567019147
2.63,2.8,0.0002835149601394641
2.64,2.8,0.000282178203797205
2.65,2.8,0.00028096478314795895
2.66,2.8,0.0002798734299647853
2.67,2.8,0.00027890281125754956
2.68,2.8,0.00027805150693570465
2.69,2.8,0.00027731798490026173
2.7,2.8,0.00027670057326670695
2.71,2.8,0.000276197429414546
2.72,2.8,0.00027580650552125937
2.73,2.8,0.0002755255102520609
2.74,2.8,0.00027535186625443495
2.75,2.8,0.0002752826631280454
2.7600000000000002,2.8,0.0002753146055656485
2.77,2.8,0.00027544395642049396
2.7800000000000002,2.8,0.00027566647455867175
2.79,2.8,0.00027597734752355985
2.8000000000000003,2.8,0.0002763711192682452
2.81,2.8,0.0002768416135805768
2.82,2.8,0.00027738185434096564
2.83,2.8,0.00027798398449272295
2.84,2.8,0.00027863918662995776
2.85,2.8,0.0002793376095888405
2.86,2.8,0.00028006830739705894
2.87,2.8,0.00028081919976535814
2.88,2.8,0.0002815770670932826
2.89,2.8,0.0002823275982287816
2.9,2.8,0.00028305551640111376
2.91,2.8,0.00028374481855872823
2.92,2.8,0.0002843791766986658
2.93,2.8,0.0002849425680098099
2.94,2.8,0.00028542022540003847
2.95,2.8,0.0002858000336946998
2.96,2.8,0.0002860745425262751
2.97,2.8,0.00028624382912283006
2.98,2.8,0.0002863195286116388
2.99,2.8,0.0002863304640568235
3.0,2.8,0.0002863304640568235
0.0,2.9,0.0
0.01,2.9,0.0013087819406247612
0.02,2.9,0.002616135339517389
0.03,2.9,0.003920335731077656
0.04,2.9,0.005219734064024453
0.05,2.9,0.006512688025498301
0.06,2.9,0.00779755356434817
0.07,2.9,0.009072682616123033
0.08,2.9,0.010336422300267649
0.09,2.9,0.011587114571461641
0.1,2.9,0.012823096021488935
0.11,2.9,0.01404269773262041
0.12,2.9,0.015244245159982784
0.13,2.9,0.01642605805712209
0.14,2.9,0.017586450482270182
0.15,2.9,0.018723730942052128
0.16,2.9,0.019836202748309505
0.17,2.9,0.020922164683984935
0.18,2.9,0.021979912096144492
0.19,2.9,0.02300773855809014
0.2,2.9,0.024003938267403747
0.21,2.9,0.024966809371273803
0.22,2.9,0.025894658432534377
0.23,2.9,0.026785806266646162
0.24,2.9,0.027638595387696342
0.25,2.9,0.0284513992961462
0.26,2.9,0.02922263381755912
0.27,2.9,0.029950770655135416
0.28,2.9,0.030634353245115292
0.29,2.9,0.031272014900025576
0.3,2.9,0.03186249908960773
0.31,2.9,0.032404681545836034
0.32,2.9,0.03289759369358019
0.33,2.9,0.03334044671395252
0.34,2.9,0.03373265535956755
0.35000000000000003,2.9,0.03407386048014126
0.36,2.9,0.03436394910515735
0.37,2.9,0.03460307088923616
0.38,2.9,0.034791649772518855
0.39,2.9,0.03493038985276298
0.4,2.9,0.03502027470718814
0.41000000000000003,2.9,0.03506255972789794
0.42,2.9,0.03505875742054529
0.43,2.9,0.03501061602791772
0.44,2.9,0.03492009223908532
0.45,2.9,0.034789319091309084
0.46,2.9,0.034620570432436326
0.47000000000000003,2.9,0.03441622346270897
0.48,2.9,0.03417872090693935
0.49,2.9,0.033910534285261716
0.5,2.9,0.03361412957003669
0.51,2.9,0.03329193626407913
0.52,2.9,0.03294632064182797
0.53,2.9,0.03257956359108916
0.54,2.9,0.03219384320550466
0.55,2.9,0.03179122202740189
0.56,2.9,0.0313736386401627
0.5700000000000001,2.9,0.030942903164227233
0.58,2.9,0.03050069612052814
0.59,2.9,0.030048570084093597
0.6,2.9,0.029587953550256976
0.61,2.9,0.02912015646670731
0.62,2.9,0.028646376936810377
0.63,2.9,0.028167708664407123
0.64,2.9,0.02768514878040208
0.65,2.9,0.027199605761199976
0.66,2.9,0.02671190721448214
0.67,2.9,0.026222807366435757
0.68,2.9,0.025732994134958026
0.6900000000000001,2.9,0.025243095715299087
0.7000000000000001,2.9,0.024753686638246064
0.71,2.9,0.024265293287052753
0.72,2.9,0.02377839887878175
0.73,2.9,0.023293447929595597
0.74,2.9,0.022810850232835533
0.75,2.9,0.022330984384368244
0.76,2.9,0.02185420089258395
0.77,2.9,0.021380824911213032
0.78,2.9,0.0209111586324863
0.79,2.9,0.020445483376479247
0.8,2.9,0.0199840614102103
0.81,2.9,0.019527137527424
0.8200000000000001,2.9,0.019074940417215008
0.8300000000000001,2.9,0.018627683846884735
0.84,2.9,0.01818556768177759
0.85,2.9,0.017748778762347584
0.86,2.9,0.017317491656430924
0.87,2.9,0.016891869302645857
0.88,2.9,0.016472063559007145
0.89,2.9,0.016058215669220784
0.9,2.9,0.01565045665772142
0.91,2.9,0.015248907663272339
0.92,2.9,0.014853680219903898
0.93,2.9,0.014464876493043238
0.9400000000000001,2.9,0.014082589477896468
0.9500000000000001,2.9,0.013706903166480497
0.96,2.9,0.013337892689096667
0.97,2.9,0.012975624435557918
0.98,2.9,0.01262015616101296
0.99,2.9,0.01227153708080879
1.0,2.9,0.011929807958494534
1.01,2.9,0.01159500119070852
1.02,2.9,0.011267140892396877
1.03,2.9,0.010946242985511554
1.04,2.9,0.010632315294005554
1.05,2.9,0.010325357647686623
1.06,2.9,0.010025361997185218
1.07,2.9,0.009732312541973202
1.08,2.9,0.0094461858730867
1.09,2.9,0.009166951131899711
1.1,2.9,0.008894570185961521
1.11,2.9,0.008628997822628678
1.12,2.9,0.00837018196087839
1.1300000000000001,2.9,0.008118063881398924
1.1400000000000001,2.9,0.007872578474756978
1.1500000000000001,2.9,0.007633654507132983
1.16,2.9,0.0074012149028473235
1.17,2.9,0.007175177042641938
1.18,2.9,0.006955453076443114
1.19,2.9,0.00674195024911829
1.2,2.9,0.006534571237547279
1.21,2.9,0.006333214497172501
1.22,2.9,0.006137774616088893
1.23,2.9,0.005948142674606881
1.24,2.9,0.005764206608193069
1.25,2.9,0.005585851571655213
1.26,2.9,0.005412960302450367
1.27,2.9,0.005245413481005812
1.28,2.9,0.005083090086066659
1.29,2.9,0.004925867743106345
1.3,2.9,0.004773623064013037
1.31,2.9,0.0046262319763585745
1.32,2.9,0.004483570040744598
1.33,2.9,0.0043455127548550545
1.34,2.9,0.0042119358430429315
1.35,2.9,0.004082715530449873
1.36,2.9,0.003957728800856019
1.37,2.9,0.0038368536376194593
1.3800000000000001,2.9,0.0037199692472706866
1.3900000000000001,2.9,0.003606956265487007
1.4000000000000001,2.9,0.0034976969453350626
1.41,2.9,0.0033920753278385246
1.42,2.9,0.003289977395061023
1.43,2.9,0.003191291206028256
1.44,2.9,0.003095907015927576
1.45,2.9,0.003003717379138659
1.46,2.9,0.0029146172367062752
1.47,2.9,0.002828503988973455
1.48,2.9,0.002745277554121267
1.49,2.9,0.0026648404134397598
1.5,2.9,0.002587097644148418
1.51,2.9,0.0025119569406394345
1.52,2.9,0.0024393286249990414
1.53,2.9,0.0023691256476888146
1.54,2.9,0.002301263579231336
1.55,2.9,0.0022356605937583845
1.56,2.9,0.0021722374452188675
1.57,2.9,0.0021109174370514284
1.58,2.9,0.002051626386083261
1.59,2.9,0.0019942925813594722
1.6,2.9,0.0019388467385929964
1.61,2.9,0.0018852219508732934
1.62,2.9,0.0018333536362339952
1.6300000000000001,2.9,0.0017831794826262289
1.6400000000000001,2.9,0.0017346393908172638
1.6500000000000001,2.9,0.0016876754156782408
1.6600000000000001,2.9,0.0016422317062948861
1.67,2.9,0.0015982544452852719
1.68,2.9,0.0015556917876754014
1.69,2.9,0.001514493799647791
1.7,2.9,0.0014746123974417654
1.71,2.9,0.0014360012866481621
1.72,2.9,0.0013986159021227307
1.73,2.9,0.001362413348693428
1.74,2.9,0.0013273523428349687
1.75,2.9,0.0012933931554325246
1.76,2.9,0.0012604975557660777
1.77,2.9,0.0012286287567947493
1.78,2.9,0.0011977513618300084
1.79,2.9,0.0011678313126416808
1.8,2.9,0.001138835839063369
1.81,2.9,0.0011107334101027656
1.82,2.9,0.0010834936865980447
1.83,2.9,0.0010570874754167257
1.84,2.9,0.0010314866852079451
1.85,2.9,0.0010066642836856344
1.86,2.9,0.0009825942564504957
1.87,2.9,0.0009592515673102006
1.8800000000000001,2.9,0.0009366121200792738
1.8900000000000001,2.9,0.0009146527218372872
1.9000000000000001,2.9,0.0008933510476020157
1.9100000000000001,2.9,0.0008726856063918584
1.92,2.9,0.0008526357086350857
1.93,2.9,0.0008331814348873575
1.94,2.9,0.0008143036058183032
1.95,2.9,0.0007959837534315784
1.96,2.9,0.0007782040934660459
1.97,2.9,0.0007609474989510029
1.98,2.9,0.0007441974748577972
1.99,2.9,0.0007279381338231533
2.0,2.9,0.0007121541728948286
2.0100000000000002,2.9,0.0006968308512627165
2.02,2.9,0.0006819539689349576
2.0300000000000002,2.9,0.000667509846320998
2.04,2.9,0.0006534853046884657
2.05,2.9,0.0006398676474537828
2.06,2.9,0.0006266446422747264
2.07,2.9,0.0006138045039055266
2.08,2.9,0.0006013358777951477
2.09,2.9,0.0005892278243809528
2.1,2.9,0.0005774698040587036
2.11,2.9,0.0005660516627920007
2.12,2.9,0.0005549636183457779
2.13,2.9,0.000544196247103494
2.14,2.9,0.0005337404714446097
2.15,2.9,0.0005235875476633043
2.16,2.9,0.0005137290544052781
2.17,2.9,0.0005041568815923282
2.18,2.9,0.0004948632198161716
2.19,2.9,0.0004858405501801891
2.2,2.9,0.00047708163457451367
2.21,2.9,0.0004685795063547896
2.22,2.9,0.0004603274614134147
2.23,2.9,0.0004523190496238192
2.24,2.9,0.00044454806663638495
2.25,2.9,0.00043700854601590606
2.2600000000000002,2.9,0.00042969475169547566
2.27,2.9,0.0004226011707394
2.2800000000000002,2.9,0.0004157225063965905
2.29,2.9,0.0004090536714260248
2.3000000000000003,2.9,0.0004025897816843653
2.31,2.9,0.00039632614995600184
2.32,2.9,0.00039025828001117114
2.33,2.9,0.00038438186088409203
2.34,2.9,0.0003786927613485989
2.35,2.9,0.00037318702458013196
2.36,2.9,0.00036786086298163577
2.37,2.9,0.0003627106531748077
2.38,2.9,0.0003577329311241799
2.39,2.9,0.0003529243873790722
2.4,2.9,0.0003482818624229404
2.41,2.9,0.0003438023421094531
2.42,2.9,0.000339482953158738
2.43,2.9,0.0003353209587032183
2.44,2.9,0.0003313137538535233
2.45,2.9,0.00032745886126348456
2.46,2.9,0.0003237539266614224
2.47,2.9,0.0003201967143297784
2.48,2.9,0.00031678510249349723
2.49,2.9,0.00031351707858617595
2.5,2.9,0.0003103907343541945
2.5100000000000002,2.9,0.0003074042607538251
2.52,2.9,0.00030455594260845415
2.5300000000000002,2.9,0.0003018441529612733
2.54,2.9,0.0002992673470737015
2.5500000000000003,2.9,0.00029682405599624936
2.56,2.9,0.0002945128796607724
2.57,2.9,0.0002923324794014819
2.58,2.9,0.00029028156982014526
2.59,2.9,0.00028835890990522366
2.6,2.9,0.0002865632932897593
2.61,2.9,0.000284893537537711
2.62,2.9,0.00028334847232543717
2.63,2.9,0.0002819269263625487
2.64,2.9,0.0002806277128961334
2.65,2.9,0.00027944961362759023
2.66,2.9,0.00027839136082930335
2.67,2.9,0.000277451617452277
2.68,2.9,0.0002766289549844994
2.69,2.9,0.00027592182880984935
2.7,2.9,0.00027532855078314287
2.71,2.9,0.0002748472587351479
2.72,2.9,0.00027447588258572845
2.73,2.9,0.0002742121067596501
2.74,2.9,0.00027405332857801854
2.75,2.9,0.0002739966123262112
2.7600000000000002,2.9,0.00027403863872391907
2.77,2.9,0.0002741756495913496
2.7800000000000002,2.9,0.0002744033876043393
2.79,2.9,0.0002747170312035424
2.8000000000000003,2.9,0.00027511112495733823
2.81,2.9,0.00027557950603943326
2.82,2.9,0.000276115227999029
2.83,2.9,0.0002767104837270314
2.84,2.9,0.0002773565305395723
2.85,2.9,0.00027804362175857915
2.86,2.9,0.0002787609511030648
2.87,2.9,0.00027949661898880407
2.88,2.9,0.0002802376335516109
2.89,2.9,0.00028096996437820826
2.9,2.9,0.0002816786739799321
2.91,2.9,0.00028234816165844133
2.92,2.9,0.00028296256751990227
2.93,2.9,0.00028350640226855635
2.94,2.9,0.00028396549269210143
2.95,2.9,0.0002843283658180416
2.96,2.9,0.00028458823959485655
2.97,2.9,0.00028474584897513394
2.98,2.9,0.00028481341914210706
2.99,2.9,0.0002848202101565075
3.0,2.9,0.0002848202101565075
0.0,3.0,0.0
0.01,3.0,0.0012764999214241281
0.02,3.0,0.0025515880023762325
0.03,3.0,0.0038235594580350203
0.04,3.0,0.0050907838576954145
0.05,3.0,0.0063516371175773665
0.06,3.0,0.0076044930259734035
0.07,3.0,0.008847720899462947
0.08,3.0,0.010079684686969617
0.09,3.0,0.011298742512674096
0.1,3.0,0.012503246356937074
0.11,3.0,0.0136915417780687
0.12,3.0,0.014861967654905375
0.13,3.0,0.016012855968247836
0.14,3.0,0.017142531664382035
0.15,3.0,0.0182493126654542
0.16,3.0,0.01933151011315692
0.17,3.0,0.020387428955566528
0.18,3.0,0.02141536901247321
0.19,3.0,0.022413626681841783
0.2,3.0,0.023380497478098332
0.21,3.0,0.024314279619922517
0.22,3.0,0.025213278908498237
0.23,3.0,0.026075815153187864
0.24,3.0,0.02690023040585437
0.25,3.0,0.027684899252494698
0.26,3.0,0.02842824137579118
0.27,3.0,0.02912873653941311
0.28,3.0,0.029784942050008468
0.29,3.0,0.030395512623573498
0.3,3.0,0.03095922242019091
0.31,3.0,0.03147498882036081
0.32,3.0,0.0319418973077413
0.33,3.0,0.032359226613032026
0.34,3.0,0.032726473082672826
0.35000000000000003,3.0,0.03304337308798662
0.36,3.0,0.03330992220973516
0.37,3.0,0.033526389941180915
0.38,3.0,0.033693328763929886
0.39,3.0,0.03381157666913521
0.4,3.0,0.033882252513041604
0.41000000000000003,3.0,0.03390674398815228
0.42,3.0,0.03388668842572452
0.43,3.0,0.03382394708046108
0.44,3.0,0.033720573940874105
0.45,3.0,0.03357878041975322
0.46,3.0,0.03340089747942816
0.47000000000000003,3.0,0.03318933682090455
0.48,3.0,0.03294655271477451
0.49,3.0,0.03267500588978107
0.5,3.0,0.03237713064773361
0.51,3.0,0.03205530607324548
0.52,3.0,0.03171183188681948
0.53,3.0,0.03134890918028788
0.54,3.0,0.030968625998404775
0.55,3.0,0.030572947505301123
0.56,3.0,0.030163710307344424
0.5700000000000001,3.0,0.029742620395270328
0.58,3.0,0.029311254113434812
0.59,3.0,0.028871061554309456
0.6,3.0,0.028423371801707797
0.61,3.0,0.02796939949633446
0.62,3.0,0.027510252262559303
0.63,3.0,0.027046938607680936
0.64,3.0,0.02658037597810094
0.65,3.0,0.02611139872616005
0.66,3.0,0.025640765804004602
0.67,3.0,0.025169168055134125
0.68,3.0,0.024697235019592766
0.6900000000000001,3.0,0.024225541205409623
0.7000000000000001,3.0,0.02375461180742142
0.71,3.0,0.023284927876035665
0.72,3.0,0.022816930953871672
0.73,3.0,0.02235102720862245
0.74,3.0,0.021887591096945082
0.75,3.0,0.021426968597575577
0.76,3.0,0.020969480053023445
0.77,3.0,0.020515422658676716
0.78,3.0,0.020065072636572045
0.79,3.0,0.019618687128746985
0.8,3.0,0.01917650584240368
0.81,3.0,0.018738752476226323
0.8200000000000001,3.0,0.018305635954307436
0.8300000000000001,3.0,0.017877351491350543
0.84,3.0,0.01745408151021477
0.85,3.0,0.017035996430448716
0.86,3.0,0.016623255344297237
0.87,3.0,0.016216006594726124
0.88,3.0,0.015814388268302185
0.89,3.0,0.015418528614255392
0.9,3.0,0.015028546399770953
0.91,3.0,0.014644551210413982
0.92,3.0,0.014266643703630419
0.93,3.0,0.013894915822437173
0.9400000000000001,3.0,0.013529450975693611
0.9500000000000001,3.0,0.013170324190750734
0.96,3.0,0.01281760224370203
0.97,3.0,0.012471343772035263
0.98,3.0,0.012131599374068885
0.99,3.0,0.011798411699175655
1.0,3.0,0.011471815532470543
1.01,3.0,0.011151837877344521
1.02,3.0,0.010838498038915812
1.03,3.0,0.01053180771120877
1.04,3.0,0.010231771070570968
1.05,3.0,0.009938384877586803
1.06,3.0,0.009651638589474498
1.07,3.0,0.009371514484653504
1.08,3.0,0.009097987800914371
1.09,3.0,0.008831026888335475
1.1,3.0,0.0085705933777931
1.11,3.0,0.008316642365659415
1.12,3.0,0.008069122614965823
1.1300000000000001,3.0,0.007827976773050093
1.1400000000000001,3.0,0.007593141605446612
1.1500000000000001,3.0,0.007364548245492996
1.16,3.0,0.007142122458910398
1.17,3.0,0.006925784922368264
1.18,3.0,0.006715451514839984
1.19,3.0,0.006511033620381745
1.2,3.0,0.006312438440789839
1.21,3.0,0.006119569316458221
1.22,3.0,0.0059323260536809546
1.23,3.0,0.005750605256530451
1.24,3.0,0.005574300661420267
1.25,3.0,0.005403303472431059
1.26,3.0,0.005237502695506339
1.27,3.0,0.005076785469628328
1.28,3.0,0.004921037393198381
1.29,3.0,0.004770142843871139
1.3,3.0,0.004623985290251466
1.31,3.0,0.00448244759395337
1.32,3.0,0.004345412300681278
1.33,3.0,0.004212761919114518
1.34,3.0,0.004084379186560525
1.35,3.0,0.0039601473204880925
1.36,3.0,0.0038399502552298585
1.37,3.0,0.003723672863287982
1.3800000000000001,3.0,0.003611201160857757
1.3900000000000001,3.0,0.003502422497327068
1.4000000000000001,3.0,0.003397225728653521
1.41,3.0,0.0032955013746734088
1.42,3.0,0.003197141760507063
1.43,3.0,0.003102041142355258
1.44,3.0,0.003010095818074623
1.45,3.0,0.002921204223020024
1.46,3.0,0.0028352670117076308
1.47,3.0,0.0027521871259325254
1.48,3.0,0.002671869850011718
1.49,3.0,0.0025942228538840227
1.5,3.0,0.002519156224801509
1.51,3.0,0.0024465824883955693
1.52,3.0,0.0023764166198798125
1.53,3.0,0.0023085760461895714
1.54,3.0,0.0022429806398094865
1.55,3.0,0.002179552705064283
1.56,3.0,0.002118216957595606
1.57,3.0,0.0020589004977511227
1.58,3.0,0.0020015327785654806
1.59,3.0,0.0019460455689894627
1.6,3.0,0.0018923729129832034
1.61,3.0,0.001840451085058105
1.62,3.0,0.0017902185428162263
1.6300000000000001,3.0,0.0017416158769844841
1.6400000000000001,3.0,0.0016945857594286102
1.6500000000000001,3.0,0.0016490728895672854
1.6600000000000001,3.0,0.0016050239395892572
1.67,3.0,0.0015623874988291773
1.68,3.0,0.0015211140176281087
1.69,3.0,0.001481155750974326
1.7,3.0,0.001442466702187203
1.71,3.0,0.0014050025668665693
1.72,3.0,0.001368720677325851
1.73,3.0,0.0013335799476743699
1.74,3.0,0.001299540819714441
1.75,3.0,0.0012665652097692858
1.76,3.0,0.0012346164565738569
1.77,3.0,0.0012036592703026914
1.78,3.0,0.0011736596828294367
1.79,3.0,0.0011445849992550252
1.8,3.0,0.0011164037507791433
1.81,3.0,0.0010890856489236896
1.82,3.0,0.0010626015411490885
1.83,3.0,0.0010369233678690123
1.84,3.0,0.0010120241208745157
1.85,3.0,0.000987877803152675
1.86,3.0,0.0009644593901115179
1.87,3.0,0.0009417447921767693
1.8800000000000001,3.0,0.0009197108187498958
1.8900000000000001,3.0,0.0008983351435030135
1.9000000000000001,3.0,0.000877596270984147
1.9100000000000001,3.0,0.0008574735045023171
1.92,3.0,0.0008379469152636188
1.93,3.0,0.0008189973127193634
1.94,3.0,0.0008006062160934643
1.95,3.0,0.0007827558270600611
1.96,3.0,0.0007654290035224784
1.97,3.0,0.000748609234468105
1.98,3.0,0.0007322806158496683
1.99,3.0,0.0007164278274726378
2.0,3.0,0.0007010361108398544
2.0100000000000002,3.0,0.0006860912479237986
2.02,3.0,0.0006715795408248444
2.0300000000000002,3.0,0.0006574877922873524
2.04,3.0,0.0006438032870368164
2.05,3.0,0.0006305137739061663
2.06,3.0,0.0006176074487182111
2.07,3.0,0.0006050729378908298
2.08,3.0,0.000592899282745532
2.09,3.0,0.0005810759244754805
2.1,3.0,0.0005695926897557166
2.11,3.0,0.0005584397769573674
2.12,3.0,0.0005476077429582925
2.13,3.0,0.0005370874905076575
2.14,3.0,0.0005268702561235576
2.15,3.0,0.000516947598505701
2.16,3.0,0.0005073113874415592
2.17,3.0,0.0004979537931780417
2.18,3.0,0.0004888672762400798
2.19,3.0,0.00048004457767687807
2.2,3.0,0.0004714787097207965
2.21,3.0,0.0004631629468335217
2.22,3.0,0.0004550908171236982
2.23,3.0,0.00044725609412211325
2.24,3.0,0.0004396527888933793
2.25,3.0,0.00043227514247154756
2.2600000000000002,3.0,0.00042511761859890455
2.27,3.0,0.0004181748967589001
2.2800000000000002,3.0,0.0004114418654857597
2.29,3.0,0.0004049136159321345
2.3000000000000003,3.0,0.00039858543568657234
2.31,3.0,0.0003924528028218697
2.32,3.0,0.00038651138015864894
2.33,3.0,0.00038075700973673346
2.34,3.0,0.00037518570747267484
2.35,3.0,0.0003697936579929884
2.36,3.0,0.0003645772096192038
2.37,3.0,0.0003595328695082438
2.38,3.0,0.0003546572989140416
2.39,3.0,0.0003499473085578518
2.4,3.0,0.00034539985409496736
2.41,3.0,0.0003410120316570707
2.42,3.0,0.00033678107344389514
2.43,3.0,0.0003327043433554729
2.44,3.0,0.00032877933263695066
2.45,3.0,0.0003250036555053734
2.46,3.0,0.00032137504473905246
2.47,3.0,0.00031789134720445664
2.48,3.0,0.0003145505192809997
2.49,3.0,0.0003113506221544098
2.5,3.0,0.0003082898169394872
2.5100000000000002,3.0,0.0003053663595870153
2.52,3.0,0.0003025785955426869
2.5300000000000002,3.0,0.0002999249540973589
2.54,3.0,0.0002974039423723022
2.5500000000000003,3.0,0.0002950141388708895
2.56,3.0,0.00029275418655032006
2.57,3.0,0.0002906227853166851
2.58,3.0,0.00028861868386673845
2.59,3.0,0.0002867406707818889
2.6,3.0,0.0002849875647674393
2.61,3.0,0.0002833582039267683
2.62,3.0,0.0002818514339432419
2.63,3.0,0.0002804660950174841
2.64,3.0,0.00027920100741069817
2.65,3.0,0.00027805495542829086
2.66,3.0,0.00027702666964265674
2.67,3.0,0.00027611480715041963
2.68,3.0,0.0002753179296375618
2.69,3.0,0.0002746344790146566
2.7,3.0,0.00027406275035155904
2.71,3.0,0.0002736008618420384
2.72,3.0,0.0002732467214939764
2.73,3.0,0.0002729979902616461
2.74,3.0,0.00027285204131756273
2.75,3.0,0.0002728059151906551
2.7600000000000002,3.0,0.00027285627052638263
2.77,3.0,0.00027299933029086384
2.7800000000000002,3.0,0.0002732308233521357
2.79,3.0,0.00027354592153451654
2.8000000000000003,3.0,0.00027393917248303443
2.81,3.0,0.0002744044290327932
2.82,3.0,0.0002749347762941732
2.83,3.0,0.00027552245837828547
2.84,3.0,0.00027615880769908067
2.85,3.0,0.00027683418121200823
2.86,3.0,0.0002775379098727596
2.87,3.0,0.0002782582703257265
2.88,3.0,0.000278982491480817
2.89,3.0,0.0002796968137330236
2.9,3.0,0.00028038662548454966
2.91,3.0,0.0002810367110806815
2.92,3.0,0.00028163165713360183
2.93,3.0,0.00028215648175919416
2.94,3.0,0.0002825975750918361
2.95,3.0,0.0002829440719112358
2.96,3.0,0.00028318982128919305
2.97,3.0,0.0002833361781201104
2.98,3.0,0.00028339592282173405
2.99,3.0,0.00028339872611786275
3.0,3.0,0.00028339872611786275
0.0,3.1,0.0
0.01,3.1,0.001245688031619668
0.02,3.1,0.002489981312665678
0.03,3.1,0.0037311951857407
0.04,3.1,0.004967718250058053
0.05,3.1,0.0061979450299132115
0.06,3.1,0.007420267493563654
0.07,3.1,0.008633072630280335
0.08,3.1,0.009834741449374703
0.09,3.1,0.011023648401398184
0.1,3.1,0.012198160923532519
0.11,3.1,0.013356639014070831
0.12,3.1,0.014497434818834802
0.13,3.1,0.015618892252059148
0.14,3.1,0.016719346701604326
0.15,3.1,0.017797124892576354
0.16,3.1,0.01885054500825002
0.17,3.1,0.019877917194095703
0.18,3.1,0.02087754459995671
0.19,3.1,0.02184772514644776
0.2,3.1,0.022786754232999487
0.21,3.1,0.023692928634299167
0.22,3.1,0.024564551855816623
0.23,3.1,0.02539994123327621
0.24,3.1,0.026197437059924274
0.25,3.1,0.026955414003291024
0.26,3.1,0.027672295023489443
0.27,3.1,0.02834656792242282
0.28,3.1,0.028976804533549713
0.29,3.1,0.029561682404134502
0.3,3.1,0.030100008629387068
0.31,3.1,0.030590745279424104
0.32,3.1,0.0310330356302505
0.33,3.1,0.03142623018969172
0.34,3.1,0.0317699113235097
0.35000000000000003,3.1,0.03206391516304581
0.36,3.1,0.03230834943900351
0.37,3.1,0.03250360595598255
0.38,3.1,0.03265036660823647
0.39,3.1,0.03274960213490275
0.4,3.1,0.03280256320362167
0.41000000000000003,3.1,0.032810763862517196
0.42,3.1,0.032775957869285305
0.43,3.1,0.032700108845594794
0.44,3.1,0.032585355570598
0.45,3.1,0.032433973983441354
0.46,3.1,0.03224833758980841
0.47000000000000003,3.1,0.032030877956782326
0.48,3.1,0.03178404684499749
0.49,3.1,0.03151028129172591
0.5,3.1,0.031211972656097185
0.51,3.1,0.030891440303956602
0.52,3.1,0.030550910278517224
0.53,3.1,0.030192499001487495
0.54,3.1,0.02981820179710402
0.55,3.1,0.029429885838917674
0.56,3.1,0.029029286988797462
0.5700000000000001,3.1,0.028618009925555743
0.58,3.1,0.028197530938712894
0.59,3.1,0.027769202780805427
0.6,3.1,0.027334261018177975
0.61,3.1,0.026893831385035746
0.62,3.1,0.026448937719720147
0.63,3.1,0.026000510138552417
0.64,3.1,0.02554939317599141
0.65,3.1,0.02509635368675217
0.66,3.1,0.0246420883640039
0.67,3.1,0.024187230776992297
0.68,3.1,0.02373235787137745
0.6900000000000001,3.1,0.023277995906992154
0.7000000000000001,3.1,0.022824625831426075
0.71,3.1,0.02237268810502313
0.72,3.1,0.021922587004639588
0.73,3.1,0.0214746944409507
0.74,3.1,0.021029353328173326
0.75,3.1,0.020586880546629292
0.76,3.1,0.02014756953834672
0.77,3.1,0.01971169257437427
0.78,3.1,0.019279502730207135
0.79,3.1,0.018851235602945975
0.8,3.1,0.018427110800842497
0.81,3.1,0.018007333232874817
0.8200000000000001,3.1,0.017592094223074325
0.8300000000000001,3.1,0.01718157247157717
0.84,3.1,0.016775934881847282
0.85,3.1,0.016375337271211193
0.86,3.1,0.01597992497980254
0.87,3.1,0.015589833391194815
0.88,3.1,0.015205188376420006
0.89,3.1,0.014826106671674732
0.9,3.1,0.01445269619884341
0.91,3.1,0.014085056336916662
0.92,3.1,0.01372327815151526
0.93,3.1,0.013367444588964845
0.9400000000000001,3.1,0.01301763064072297
0.9500000000000001,3.1,0.012673903483401272
0.96,3.1,0.01233632259912402
0.97,3.1,0.012004939880564693
0.98,3.1,0.011679799724622146
0.99,3.1,0.011360939118346913
1.0,3.1,0.011048387720442482
1.01,3.1,0.010742167941369053
1.02,3.1,0.010442295024809955
1.03,3.1,0.010148777133014764
1.04,3.1,0.009861615438245236
1.05,3.1,0.009580804222332578
1.06,3.1,0.009306330986086265
1.07,3.1,0.009038176570038976
1.08,3.1,0.008776315287759389
1.09,3.1,0.008520715072711215
1.1,3.1,0.008271337639369948
1.11,3.1,0.00802813865907106
1.12,3.1,0.007791067950782701
1.1300000000000001,3.1,0.007560069686766709
1.1400000000000001,3.1,0.007335082612854839
1.1500000000000001,3.1,0.007116040282818381
1.16,3.1,0.006902871306111444
1.17,3.1,0.006695499608057144
1.18,3.1,0.006493844701367973
1.19,3.1,0.006297821967732567
1.2,3.1,0.006107342948056975
1.21,3.1,0.005922315639825824
1.22,3.1,0.005742644799994155
1.23,3.1,0.005568232251712272
1.24,3.1,0.005398977193177643
1.25,3.1,0.0052347765068920344
1.26,3.1,0.005075525067614177
1.27,3.1,0.004921116047315685
1.28,3.1,0.004771441215553501
1.29,3.1,0.004626391233692821
1.3,3.1,0.004485855941562899
1.31,3.1,0.004349724635199884
1.32,3.1,0.004217886334489034
1.33,3.1,0.004090230039618504
1.34,3.1,0.0039666449754215604
1.35,3.1,0.0038470208228191796
1.36,3.1,0.0037312479367281478
1.37,3.1,0.003619217549928287
1.3800000000000001,3.1,0.00351082196255378
1.3900000000000001,3.1,0.0034059547169807453
1.4000000000000001,3.1,0.003304510758030667
1.41,3.1,0.0032063865785374335
1.42,3.1,0.003111480350418067
1.43,3.1,0.0030196920415144833
1.44,3.1,0.0029309235185463133
1.45,3.1,0.002845078636614686
1.46,3.1,0.002762063315743867
1.47,3.1,0.0026817856050318323
1.48,3.1,0.0026041557350073375
1.49,3.1,0.0025290861588479763
1.5,3.1,0.0024564915831138405
1.51,3.1,0.0023862889887040586
1.52,3.1,0.0023183976427206534
1.53,3.1,0.002252739101953959
1.54,3.1,0.002189237208670525
1.55,3.1,0.0021278180794046834
1.56,3.1,0.002068410087405699
1.57,3.1,0.0020109438393940138
1.58,3.1,0.001955352147249463
1.59,3.1,0.0019015699952273123
1.6,3.1,0.0018495345032597975
1.61,3.1,0.0017991848868817194
1.62,3.1,0.001750462414279074
1.6300000000000001,3.1,0.0017033103609231815
1.6400000000000001,3.1,0.0016576739622250736
1.6500000000000001,3.1,0.0016135003646072924
1.6600000000000001,3.1,0.0015707385753679483
1.67,3.1,0.0015293394116617852
1.68,3.1,0.0014892554489015456
1.69,3.1,0.0014504409688635331
1.7,3.1,0.001412851907733487
1.71,3.1,0.0013764458043061725
1.72,3.1,0.0013411817485540066
1.73,3.1,0.001307020330712868
1.74,3.1,0.0012739235910453539
1.75,3.1,0.001241854970400201
1.76,3.1,0.0012107792616857557
1.77,3.1,0.0011806625623382752
1.78,3.1,0.001151472227875918
1.79,3.1,0.0011231768265792914
1.8,3.1,0.00109574609537254
1.81,3.1,0.00106915089691392
1.82,3.1,0.0010433631779472542
1.83,3.1,0.0010183559289141152
1.84,3.1,0.0009941031448487913
1.85,3.1,0.0009705797875421702
1.86,3.1,0.0009477617489923142
1.87,3.1,0.0009256258161070965
1.8800000000000001,3.1,0.0009041496366625894
1.8900000000000001,3.1,0.0008833116864907707
1.9000000000000001,3.1,0.0008630912378765084
1.9100000000000001,3.1,0.000843468329139117
1.92,3.1,0.0008244237353677935
1.93,3.1,0.0008059389402863543
1.94,3.1,0.0007879961092132904
1.95,3.1,0.0007705780630960044
1.96,3.1,0.0007536682535695217
1.97,3.1,0.0007372507390247874
1.98,3.1,0.0007213101616344217
1.99,3.1,0.0007058317253237757
2.0,3.1,0.0006908011746401503
2.0100000000000002,3.1,0.0006762047744919179
2.02,3.1,0.0006620292907256044
2.0300000000000002,3.1,0.0006482619715080251
2.04,3.1,0.000634890529485825
2.05,3.1,0.0006219031246894351
2.06,3.1,0.0006092883481514026
2.07,3.1,0.0005970352062101288
2.08,3.1,0.00058513310548036
2.09,3.1,0.0005735718384483927
2.1,3.1,0.000562341569676306
2.11,3.1,0.0005514328225828454
2.12,3.1,0.0005408364667887426
2.13,3.1,0.0005305437059904484
2.14,3.1,0.0005205460663403556
2.15,3.1,0.0005108353853192718
2.16,3.1,0.0005014038010788978
2.17,3.1,0.0004922437422281591
2.18,3.1,0.0004833479180449845
2.19,3.1,0.00047470930909828107
2.2,3.1,0.0004663211582618761
2.21,3.1,0.0004581769621002123
2.22,3.1,0.0004502704626079302
2.23,3.1,0.00044259563929130186
2.24,3.1,0.000435146701570127
2.25,3.1,0.00042791808148886053
2.2600000000000002,3.1,0.00042090442671840616
2.27,3.1,0.0004141005938381115
2.2800000000000002,3.1,0.0004075016418811294
2.29,3.1,0.0004011028261238155
2.3000000000000003,3.1,0.0003948995921163991
2.31,3.1,0.000388887569929174
2.32,3.1,0.0003830625686053697
2.33,3.1,0.00037742057080846186
2.34,3.1,0.0003719577276474038
2.35,3.1,0.00036667035366326874
2.36,3.1,0.0003615549219614329
2.37,3.1,0.0003566080594868917
2.38,3.1,0.0003518265424105244
2.39,3.1,0.0003472072916150763
2.4,3.1,0.000342747368265413
2.41,3.1,0.00033844396944844905
2.42,3.1,0.0003342944238500981
2.43,3.1,0.00033029618746542626
2.44,3.1,0.0003264468393069822
2.45,3.1,0.00032274407709450024
2.46,3.1,0.00031918571289148395
2.47,3.1,0.00031576966867164207
2.48,3.1,0.0003124939717751781
2.49,3.1,0.0003093567502253782
2.5,3.1,0.0003063562278677861
2.5100000000000002,3.1,0.00030349071928425077
2.52,3.1,0.0003007586244518804
2.5300000000000002,3.1,0.00029815842308628506
2.54,3.1,0.0002956886686139419
2.5500000000000003,3.1,0.00029334798171066183
2.56,3.1,0.00029113504335421256
2.57,3.1,0.0002890485872999027
2.58,3.1,0.0002870873918996024
2.59,3.1,0.0002852502711809759
2.6,3.1,0.0002835360650719825
2.61,3.1,0.0002819436286735665
2.62,3.1,0.00028047182045020725
2.63,3.1,0.00027911948919440166
2.64,3.1,0.0002778854596178826
2.65,3.1,0.00027676851641558086
2.66,3.1,0.00027576738660312544
2.67,3.1,0.0002748807199348861
2.68,3.1,0.00027410706718596615
2.69,3.1,0.0002734448560702552
2.7,3.1,0.00027289236453996587
2.71,3.1,0.000272447691209398
2.72,3.1,0.00027210872261998947
2.73,3.1,0.0002718730970791446
2.74,3.1,0.00027173816479428514
2.75,3.1,0.00027170094405229396
2.7600000000000002,3.1,0.0002717580732263414
2.77,3.1,0.00027190575846631023
2.7800000000000002,3.1,0.0002721397170294285
2.79,3.1,0.0002724551163837597
2.8000000000000003,3.1,0.0002728465094536088
2.81,3.1,0.00027330776673259444
2.82,3.1,0.00027383200650059
2.83,3.1,0.0002744115250911323
2.84,3.1,0.00027503773015033565
2.85,3.1,0.0002757010812391736
2.86,3.1,0.000276391044017501
2.87,3.1,0.0002770960669357628
2.88,3.1,0.00027780359295574453
2.89,3.1,0.0002785001238198462
2.9,3.1,0.0002791713611835256
2.91,3.1,0.00027980245821703805
2.92,3.1,0.00028037842791270263
2.93,3.1,0.00028088477159409137
2.94,3.1,0.00028130841453986145
2.95,3.1,0.00028163906756462304
2.96,3.1,0.0002818711767190304
2.97,3.1,0.0002820066822341637
2.98,3.1,0.00028205888792780286
2.99,3.1,0.00028205785113218074
3.0,3.1,0.00028205785113218074
0.0,3.2,0.0
0.01,3.2,0.001216236493156315
0.02,3.2,0.0024310957560491828
0.03,3.2,0.003642913754314909
0.04,3.2,0.004850098571928505
0.05,3.2,0.006051063763446272
0.06,3.2,0.0072442198579105955
0.07,3.2,0.008427971845544214
0.08,3.2,0.009600718058932825
0.09,3.2,0.010760849458221146
0.1,3.2,0.011906749025330008
0.11,3.2,0.013036791174418095
0.12,3.2,0.014149341164782404
0.13,3.2,0.015242754543946246
0.14,3.2,0.016315376678503548
0.15,3.2,0.017365542457565025
0.16,3.2,0.01839157628202394
0.17,3.2,0.019391792483719004
0.18,3.2,0.02036449635195933
0.19,3.2,0.021307985979901013
0.2,3.2,0.022220555177982212
0.21,3.2,0.023100497733010792
0.22,3.2,0.023946113315348468
0.23,3.2,0.02475571534759952
0.24,3.2,0.025527641139846558
0.25,3.2,0.026260264561908227
0.26,3.2,0.026952011455362343
0.27,3.2,0.02760137788163431
0.28,3.2,0.02820695115411849
0.29,3.2,0.028767433413039067
0.3,3.2,0.029281667277938263
0.31,3.2,0.029748662867396122
0.32,3.2,0.030167625228551508
0.33,3.2,0.030537980995993187
0.34,3.2,0.030859402929934988
0.35000000000000003,3.2,0.03113183089672009
0.36,3.2,0.03135548787538636
0.37,3.2,0.03153088971770691
0.38,3.2,0.03165884765750258
0.39,3.2,0.03174046294409605
0.4,3.2,0.031777113434436045
0.41000000000000003,3.2,0.03177043247590752
0.42,3.2,0.03172228089710577
0.43,3.2,0.031634713346835173
0.44,3.2,0.03150994053976187
0.45,3.2,0.031350289151574
0.46,3.2,0.03115816114586108
0.47000000000000003,3.2,0.03093599421577528
0.48,3.2,0.030686224808144955
0.49,3.2,0.03041125489908367
0.5,3.2,0.030113423346231287
0.51,3.2,0.02979498229070688
0.52,3.2,0.029458078753277113
0.53,3.2,0.02910474128739223
0.54,3.2,0.028736871330515234
0.55,3.2,0.028356238739438894
0.56,3.2,0.027964480902676114
0.5700000000000001,3.2,0.02756310478592021
0.58,3.2,0.027153491274410132
0.59,3.2,0.02673690121717743
0.6,3.2,0.026314482641284706
0.61,3.2,0.025887278679414188
0.62,3.2,0.025456235833536414
0.63,3.2,0.025022212274844285
0.64,3.2,0.024585985951614334
0.65,3.2,0.024148262339691917
0.66,3.2,0.023709681723796526
0.67,3.2,0.02327082594167543
0.68,3.2,0.02283222455772651
0.6900000000000001,3.2,0.022394360459143635
0.7000000000000001,3.2,0.02195767488691839
0.71,3.2,0.021522571927426234
0.72,3.2,0.021089422498954406
0.73,3.2,0.02065856787246099
0.74,3.2,0.02023032276797476
0.75,3.2,0.019804978068129656
0.76,3.2,0.019382803189023197
0.77,3.2,0.01896404814632305
0.78,3.2,0.018548945351770544
0.79,3.2,0.018137711172152782
0.8,3.2,0.01773054727970583
0.81,3.2,0.01732764181985489
0.8200000000000001,3.2,0.016929170419296733
0.8300000000000001,3.2,0.016535297054767344
0.84,3.2,0.01614617480041215
0.85,3.2,0.015761946469492735
0.86,3.2,0.015382745164251269
0.87,3.2,0.015008694746052839
0.88,3.2,0.014639910236470143
0.89,3.2,0.014276498158689874
0.9,3.2,0.01391855682753695
0.91,3.2,0.013566176595463627
0.92,3.2,0.013219440061050074
0.93,3.2,0.012878422245882683
0.9400000000000001,3.2,0.012543190745058354
0.9500000000000001,3.2,0.012213805856085579
0.96,3.2,0.011890320690485586
0.97,3.2,0.011572781272024504
0.98,3.2,0.011261226625159519
0.99,3.2,0.010955688856973216
1.0,3.2,0.010656193235591693
1.01,3.2,0.010362758267813282
1.02,3.2,0.01007539577842526
1.03,3.2,0.00979411099345995
1.04,3.2,0.009518902629371844
1.05,3.2,0.00924976298991727
1.06,3.2,0.008986678072278854
1.07,3.2,0.008729627683724582
1.08,3.2,0.008478585569873303
1.09,3.2,0.008233519555406936
1.1,3.2,0.007994391697818617
1.11,3.2,0.007761158454580826
1.12,3.2,0.007533770863856023
1.1300000000000001,3.2,0.007312174738668716
1.1400000000000001,3.2,0.0070963108742545826
1.1500000000000001,3.2,0.006886115268066485
1.16,3.2,0.006681519351756049
1.17,3.2,0.006482450234255124
1.18,3.2,0.006288830954924105
1.19,3.2,0.006100580745603212
1.2,3.2,0.005917615300267859
1.21,3.2,0.00573984705089454
1.22,3.2,0.005567185448088321
1.23,3.2,0.005399537244932289
1.24,3.2,0.00523680678252562
1.25,3.2,0.005078896275646726
1.26,3.2,0.004925706097012627
1.27,3.2,0.004777135058609556
1.28,3.2,0.0046330806886717415
1.29,3.2,0.004493439502902545
1.3,3.2,0.004358107268672159
1.31,3.2,0.004226979260984483
1.32,3.2,0.00409995050915142
1.33,3.2,0.00397691603320167
1.34,3.2,0.003857771069199852
1.35,3.2,0.0037424112827672247
1.36,3.2,0.0036307329702380438
1.37,3.2,0.0035226332469986406
1.3800000000000001,3.2,0.0034180102227030973
1.3900000000000001,3.2,0.003316763163165935
1.4000000000000001,3.2,0.0032187926388556093
1.41,3.2,0.0031240006600251973
1.42,3.2,0.003032290798608378
1.43,3.2,0.0029435682971129698
1.44,3.2,0.002857740164815612
1.45,3.2,0.0027747152616503265
1.46,3.2,0.002694404370221139
1.47,3.2,0.002616720256451597
1.48,3.2,0.0025415777194041705
1.49,3.2,0.0024688936308558044
1.5,3.2,0.002398586965219202
1.51,3.2,0.002330578820440236
1.52,3.2,0.002264792430490018
1.53,3.2,0.0022011531700981885
1.54,3.2,0.0021395885523349785
1.55,3.2,0.0020800282196826547
1.56,3.2,0.002022403929182716
1.57,3.2,0.0019666495322546843
1.58,3.2,0.0019127009497544695
1.59,3.2,0.0018604961428096676
1.6,3.2,0.0018099750799450962
1.61,3.2,0.001761079700991575
1.62,3.2,0.0017137538782339029
1.6300000000000001,3.2,0.0016679433752240518
1.6400000000000001,3.2,0.0016235958036673606
1.6500000000000001,3.2,0.0015806605787403458
1.6600000000000001,3.2,0.001539088873185448
1.67,3.2,0.0014988335704893949
1.68,3.2,0.001459849217434818
1.69,3.2,0.0014220919762824183
1.7,3.2,0.0013855195768085284
1.71,3.2,0.0013500912684017415
1.72,3.2,0.0013157677724164587
1.73,3.2,0.001282511234930127
1.74,3.2,0.0012502851800591166
1.75,3.2,0.001219054463939232
1.76,3.2,0.0011887852294988751
1.77,3.2,0.0011594448620960121
1.78,3.2,0.0011310019461069408
1.79,3.2,0.001103426222511382
1.8,3.2,0.0010766885475518872
1.81,3.2,0.0010507608524767485
1.82,3.2,0.001025616104417449
1.83,3.2,0.0010012282684071759
1.84,3.2,0.0009775722705602197
1.85,3.2,0.0009546239624104205
1.86,3.2,0.0009323600864238311
1.87,3.2,0.0009107582426635162
1.8800000000000001,3.2,0.0008897968565993698
1.8900000000000001,3.2,0.0008694551480552681
1.9000000000000001,3.2,0.0008497131012730986
1.9100000000000001,3.2,0.000830551436068561
1.92,3.2,0.0008119515800615279
1.93,3.2,0.0007938956419501072
1.94,3.2,0.0007763663858082262
1.95,3.2,0.0007593472063814641
1.96,3.2,0.000742822105341055
1.97,3.2,0.0007267756684822154
1.98,3.2,0.0007111930438182733
1.99,3.2,0.0006960599205619484
2.0,3.2,0.0006813625089502428
2.0100000000000002,3.2,0.00066708752089007
2.02,3.2,0.0006532221513880402
2.0300000000000002,3.2,0.0006397540607435164
2.04,3.2,0.0006266713574754898
2.05,3.2,0.0006139625819511842
2.06,3.2,0.0006016166906939035
2.07,3.2,0.0005896230413373929
2.08,3.2,0.0005779713782128843
2.09,3.2,0.0005666518185303483
2.1,3.2,0.000555654839136996
2.11,3.2,0.0005449712638249553
2.12,3.2,0.0005345922511769346
2.13,3.2,0.0005245092829123262
2.14,3.2,0.000514714152719015
2.15,3.2,0.0005051989555530935
2.16,3.2,0.0004959560773876126
2.17,3.2,0.0004869781853830905
2.18,3.2,0.0004782582184668077
2.19,3.2,0.00046978937830200525
2.2,3.2,0.0004615651206344852
2.21,3.2,0.00045357914699019347
2.22,3.2,0.00044582539671407983
2.23,3.2,0.00043829803933543134
2.24,3.2,0.0004309914672378165
2.25,3.2,0.00042390028862681684
2.2600000000000002,3.2,0.0004170193207742789
2.27,3.2,0.0004103435835286305
2.2800000000000002,3.2,0.00040386829307797583
2.29,3.2,0.00039758885594537663
2.3000000000000003,3.2,0.00039150086321378233
2.31,3.2,0.00038560008495581955
2.32,3.2,0.0003798824648586154
2.33,3.2,0.0003743441150344062
2.34,3.2,0.0003689813109966557
2.35,3.2,0.00036379048678970724
2.36,3.2,0.0003587682302527522
2.37,3.2,0.000353911278417643
2.38,3.2,0.0003492165130094051
2.39,3.2,0.0003446809560354579
2.4,3.2,0.000340301765451787
2.41,3.2,0.00033607623088774646
2.42,3.2,0.00033200176940101296
2.43,3.2,0.0003280759212561078
2.44,3.2,0.00032429634569121655
2.45,3.2,0.00032066081666158163
2.46,3.2,0.0003171672185163212
2.47,3.2,0.00031381354160023935
2.48,3.2,0.0003105978777380258
2.49,3.2,0.00030751841557107316
2.5,3.2,0.00030457343570416566
2.5100000000000002,3.2,0.0003017613056286951
2.52,3.2,0.00029908047438294483
2.5300000000000002,3.2,0.0002965294668838611
2.54,3.2,0.00029410687789320467
2.5500000000000003,3.2,0.00029181136553996836
2.56,3.2,0.00028964164435755786
2.57,3.2,0.0002875964777416691
2.58,3.2,0.00028567466975582554
2.59,3.2,0.0002838750561966563
2.6,3.2,0.00028219649481493975
2.61,3.2,0.00028063785459184535
2.62,3.2,0.0002791980039476923
2.63,3.2,0.0002778757977414041
2.64,3.2,0.0002766700629225609
2.65,3.2,0.00027557958268133333
2.66,3.2,0.00027460307891130083
2.67,3.2,0.000273739192796353
2.68,3.2,0.0002729864633171793
2.69,3.2,0.00027234330345797774
2.7,3.2,0.00027180797387382934
2.71,3.2,0.00027137855377424105
2.72,3.2,0.00027105290875500184
2.73,3.2,0.00027082865533251734
2.74,3.2,0.0002707031219215992
2.75,3.2,0.0002706733060269145
2.7600000000000002,3.2,0.0002707358274590581
2.77,3.2,0.0002708868774520216
2.7800000000000002,3.2,0.0002711221636740398
2.79,3.2,0.0002714368512905637
2.8000000000000003,3.2,0.00027182550047641975
2.81,3.2,0.0002722820011321683
2.82,3.2,0.0002727995060651484
2.83,3.2,0.0002733703645954051
2.84,3.2,0.0002739860595363153
2.85,3.2,0.0002746371518840614
2.86,3.2,0.00027531323941678247
2.87,3.2,0.00027600293804447436
2.88,3.2,0.0002766938982968611
2.89,3.2,0.0002773728742495251
2.9,3.2,0.0002780258688776517
2.91,3.2,0.0002786383889602521
2.92,3.2,0.0002791958550892485
2.93,3.2,0.0002796842293045766
2.94,3.2,0.00028009094592127017
2.95,3.2,0.0002804062625197067
2.96,3.2,0.00028062519070507245
2.97,3.2,0.0002807502242717592
2.98,3.2,0.0002807951612580492
2.99,3.2,0.0002807904235710192
3.0,3.2,0.0002807904235710192
0.0,3.3,0.0
0.01,3.3,0.0011880473190519379
0.02,3.3,0.0023747353964136244
0.03,3.3,0.0035584213606339506
0.04,3.3,0.004737533276292251
0.05,3.3,0.005910504189064833
0.06,3.3,0.007075763605322302
0.07,3.3,0.008231734876432063
0.08,3.3,0.009376833948332405
0.09,3.3,0.010509468495407698
0.1,3.3,0.011628037146822345
0.11,3.3,0.012730928715172918
0.12,3.3,0.013816521417551755
0.13,3.3,0.014883182122844901
0.14,3.3,0.015929265691773525
0.15,3.3,0.016953114506950605
0.16,3.3,0.01795305832262152
0.17,3.3,0.01892741459903141
0.18,3.3,0.019874489524290377
0.19,3.3,0.020792579965864203
0.2,3.3,0.021679976631868988
0.21,3.3,0.022534968755334922
0.22,3.3,0.023355850637340483
0.23,3.3,0.024140930390939588
0.24,3.3,0.024888541209552775
0.25,3.3,0.025597055433214003
0.26,3.3,0.0262649015963455
0.27,3.3,0.026890584506412015
0.28,3.3,0.02747270822213135
0.29,3.3,0.02801000157658649
0.3,3.3,0.02850134563503305
0.31,3.3,0.028945802207627346
0.32,3.3,0.029342642279009644
0.33,3.3,0.02969137300055328
0.34,3.3,0.02999176174996956
0.35000000000000003,3.3,0.030243855727053914
0.36,3.3,0.0304479956456746
0.37,3.3,0.030604822309541185
0.38,3.3,0.030715275214764453
0.39,3.3,0.030780582780106508
0.4,3.3,0.0308022443245107
0.41000000000000003,3.3,0.030782004439041485
0.42,3.3,0.030721820881663257
0.43,3.3,0.03062382750851995
0.44,3.3,0.03049029400746879
0.45,3.3,0.030323584299262366
0.46,3.3,0.030126115419496793
0.47000000000000003,3.3,0.029900318508724086
0.48,3.3,0.02964860325103566
0.49,3.3,0.02937332675247474
0.5,3.3,0.029076767480299127
0.51,3.3,0.028761104528394216
0.52,3.3,0.02842840216082237
0.53,3.3,0.028080599332390863
0.54,3.3,0.027719503700274324
0.55,3.3,0.027346789523689224
0.56,3.3,0.02696399879277845
0.5700000000000001,3.3,0.02657254492272078
0.58,3.3,0.02617371838248016
0.59,3.3,0.025768693687460847
0.6,3.3,0.02535853726067191
0.61,3.3,0.02494421574883328
0.62,3.3,0.02452660446130921
0.63,3.3,0.02410649567594529
0.64,3.3,0.023684606623866435
0.65,3.3,0.02326158702351673
0.66,3.3,0.022838026082319666
0.67,3.3,0.022414458922708803
0.68,3.3,0.021991372418736596
0.6900000000000001,3.3,0.021569210451289858
0.7000000000000001,3.3,0.02114837860524384
0.71,3.3,0.020729248341974583
0.72,3.3,0.02031216068661259
0.73,3.3,0.019897429472254535
0.74,3.3,0.0194853441838933
0.75,3.3,0.019076172443746285
0.76,3.3,0.01867016217753904
0.77,3.3,0.018267543498495343
0.78,3.3,0.017868530342672516
0.79,3.3,0.0174733218860329
0.8,3.3,0.017082103770466733
0.81,3.3,0.01669504916294791
0.8200000000000001,3.3,0.016312319669174728
0.8300000000000001,3.3,0.015934066120482197
0.84,3.3,0.01556042925052217
0.85,3.3,0.01519154027613966
0.86,3.3,0.014827521395092195
0.87,3.3,0.014468486211687708
0.88,3.3,0.014114540100063511
0.89,3.3,0.013765780513650913
0.9,3.3,0.013422297248387371
0.91,3.3,0.0130841726663512
0.92,3.3,0.01275148188578461
0.93,3.3,0.01242429294283617
0.9400000000000001,3.3,0.012102666929799836
0.9500000000000001,3.3,0.011786658114187661
0.96,3.3,0.011476314042535405
0.97,3.3,0.011171675632520705
0.98,3.3,0.01087277725664833
0.99,3.3,0.01057964682045074
1.0,3.3,0.010292305837923331
1.01,3.3,0.010010769506649995
1.02,3.3,0.00973504678484362
1.03,3.3,0.009465140472327188
1.04,3.3,0.00920104729721837
1.05,3.3,0.008942758009902525
1.06,3.3,0.008690257485656184
1.07,3.3,0.008443524837052099
1.08,3.3,0.008202533537083407
1.09,3.3,0.007967251553720028
1.1,3.3,0.007737641496389657
1.11,3.3,0.007513660774693191
1.12,3.3,0.007295261769423755
1.1300000000000001,3.3,0.007082392015780106
1.1400000000000001,3.3,0.00687499439847273
1.1500000000000001,3.3,0.006673007358226135
1.16,3.3,0.006476365109025904
1.17,3.3,0.006284997865292035
1.18,3.3,0.006098832078024474
1.19,3.3,0.005917790678845943
1.2,3.3,0.005741793330751173
1.21,3.3,0.005570756684293679
1.22,3.3,0.00540459463789237
1.23,3.3,0.005243218600859382
1.24,3.3,0.00508653775776512
1.25,3.3,0.004934459332726978
1.26,3.3,0.004786888852241258
1.27,3.3,0.0046437304051872704
1.28,3.3,0.00450488689872446
1.29,3.3,0.004370260308814821
1.3,3.3,0.004239751924237371
1.31,3.3,0.00411326258300885
1.32,3.3,0.00399069290025741
1.33,3.3,0.0038719434866776033
1.34,3.3,0.0037569151568225003
1.35,3.3,0.0036455091265946995
1.36,3.3,0.0035376271994342116
1.37,3.3,0.003433171940785895
1.3800000000000001,3.3,0.0033320468405738093
1.3900000000000001,3.3,0.003234156463502421
1.4000000000000001,3.3,0.003139406587103361
1.41,3.3,0.003047704327566609
1.42,3.3,0.002958958253461239
1.43,3.3,0.0028730784875521174
1.44,3.3,0.002789976796981582
1.45,3.3,0.002709566672164855
1.46,3.3,0.002631763394782221
1.47,3.3,0.002556484095327688
1.48,3.3,0.0024836478006874077
1.49,3.3,0.002413175472277281
1.5,3.3,0.002344990035265278
1.51,3.3,0.00227901639945081
1.52,3.3,0.002215181472351441
1.53,3.3,0.0021534141650857656
1.54,3.3,0.0020936453916010813
1.55,3.3,0.002035808061825996
1.56,3.3,0.0019798370692792095
1.57,3.3,0.0019256692736760233
1.58,3.3,0.0018732434790504134
1.59,3.3,0.0018225004078852246
1.6,3.3,0.0017733826717194702
1.61,3.3,0.0017258347386832661
1.62,3.3,0.0016798028983835555
1.6300000000000001,3.3,0.0016352352245289814
1.6400000000000001,3.3,0.001592081535666531
1.6500000000000001,3.3,0.0015502933543737173
1.6600000000000001,3.3,0.0015098238652242273
1.67,3.3,0.0014706278718072496
1.68,3.3,0.0014326617530735605
1.69,3.3,0.0013958834192499916
1.7,3.3,0.0013602522675327995
1.71,3.3,0.0013257291377591946
1.72,3.3,0.0012922762682393279
1.73,3.3,0.0012598572518865727
1.74,3.3,0.0012284369928018209
1.75,3.3,0.001197981663406675
1.76,3.3,0.0011684586622530602
1.77,3.3,0.0011398365725796122
1.78,3.3,0.001112085121705274
1.79,3.3,0.0010851751413030052
1.8,3.3,0.0010590785286263022
1.81,3.3,0.0010337682087038632
1.82,3.3,0.0010092180975561694
1.83,3.3,0.000985403066444066
1.84,3.3,0.0009622989071715388
1.85,3.3,0.0009398822984422356
1.86,3.3,0.000918130773289636
1.87,3.3,0.0008970226875597284
1.8800000000000001,3.3,0.0008765371894492418
1.8900000000000001,3.3,0.0008566541900891875
1.9000000000000001,3.3,0.0008373543351585122
1.9100000000000001,3.3,0.000818618977511729
1.92,3.3,0.0008004301507996724
1.93,3.3,0.0007827705440615365
1.94,3.3,0.0007656234772670596
1.95,3.3,0.0007489728777932144
1.96,3.3,0.0007328032577932035
1.97,3.3,0.0007170996924506213
1.98,3.3,0.0007018477990721502
1.99,3.3,0.0006870337170131316
2.0,3.3,0.0006726440883966479
2.0100000000000002,3.3,0.0006586660396032272
2.02,3.3,0.0006450871635037454
2.0300000000000002,3.3,0.000631895502408553
2.04,3.3,0.0006190795317106764
2.05,3.3,0.0006066281441939852
2.06,3.3,0.0005945306349833003
2.07,3.3,0.0005827766871078352
2.08,3.3,0.0005713563576661058
2.09,3.3,0.0005602600645533722
2.1,3.3,0.0005494785737394203
2.11,3.3,0.0005390029870672695
2.12,3.3,0.000528824730565306
2.13,3.3,0.0005189355432367699
2.14,3.3,0.0005093274663116188
2.15,3.3,0.0004999928329439011
2.16,3.3,0.0004909242583392025
2.17,3.3,0.00048211463028482207
2.18,3.3,0.000473557100071138
2.19,3.3,0.00046524507378389353
2.2,3.3,0.0004571722039576718
2.21,3.3,0.0004493323815671591
2.22,3.3,0.0004417197283421854
2.23,3.3,0.0004343285893960017
2.24,3.3,0.0004271535261462078
2.25,3.3,0.00042018930951824763
2.2600000000000002,3.3,0.0004134309134128425
2.27,3.3,0.00040687350843038696
2.2800000000000002,3.3,0.0004005124558342266
2.29,3.3,0.00039434330173605494
2.3000000000000003,3.3,0.0003883617714997733
2.31,3.3,0.000382563764339673
2.32,3.3,0.00037694534810394807
2.33,3.3,0.0003715027542347683
2.34,3.3,0.0003662323728827656
2.35,3.3,0.00036113074816726694
2.36,3.3,0.0003561945735611755
2.37,3.3,0.00035142068740058233
2.38,3.3,0.0003468060684874779
2.39,3.3,0.000342347831773715
2.4,3.3,0.0003380432241126957
2.41,3.3,0.0003338896200624765
2.42,3.3,0.0003298845177098335
2.43,3.3,0.00032602553450838587
2.44,3.3,0.00032231040310016997
2.45,3.3,0.0003187369671019535
2.46,3.3,0.0003153031768220678
2.47,3.3,0.0003120070848914455
2.48,3.3,0.0003088468417698371
2.49,3.3,0.00030582069109924754
2.5,3.3,0.00030292696486310973
2.5100000000000002,3.3,0.0003001640783103987
2.52,3.3,0.0002975305246134346
2.5300000000000002,3.3,0.00029502486919652466
2.54,3.3,0.0002926457436907965
2.5500000000000003,3.3,0.0002903918394462168
2.56,3.3,0.00028826190055410085
2.57,3.3,0.00028625471629270896
2.58,3.3,0.0002843691129214025
2.59,3.3,0.0002826039447408937
2.6,3.3,0.00028095808431441357
2.61,3.3,0.0002794304117554608
2.62,3.3,0.00027801980296223426
2.63,3.3,0.0002767251166605639
2.64,3.3,0.00027554518012199965
2.65,3.3,0.0002744787734113944
2.66,3.3,0.00027352461198193174
2.67,3.3,0.00027268132743802725
2.68,3.3,0.00027194744627172913
2.69,3.3,0.00027132136636313225
2.7,3.3,0.00027080133101463534
2.71,3.3,0.0002703854002922116
2.72,3.3,0.00027007141942061216
2.73,3.3,0.0002698569839988707
2.74,3.3,0.0002697394018009093
2.75,3.3,0.00026971565095152024
2.7600000000000002,3.3,0.00026978233430982953
2.77,3.3,0.0002699356299645955
2.7800000000000002,3.3,0.0002701712378563656
2.79,3.3,0.0002704843227117978
2.8000000000000003,3.3,0.0002708694537175907
2.81,3.3,0.00027132054170985907
2.82,3.3,0.00027183077516037234
2.83,3.3,0.00027239255693578654
2.84,3.3,0.0002729974447801471
2.85,3.3,0.00027363609984224375
2.86,3.3,0.00027429824940315576
2.87,3.3,0.0002749726725711087
2.88,3.3,0.00027564722119581645
2.89,3.3,0.00027630889309714687
2.9,3.3,0.00027694398128868565
2.91,3.3,0.00027753833186550336
2.92,3.3,0.0002780777554637778
2.93,3.3,0.00027854865390488585
2.94,3.3,0.00027893894632254057
2.95,3.3,0.00027923940999485336
2.96,3.3,0.0002794455930924025
2.97,3.3,0.0002795605137195054
2.98,3.3,0.00027959843731799246
2.99,3.3,0.0002795901301366747
3.0,3.3,0.0002795901301366747
0.0,3.4,0.0
0.01,3.4,0.0011610328074084214
0.02,3.4,0.0023207248638488476
0.03,3.4,0.0034774550401902244
0.04,3.4,0.004629671913919628
0.05,3.4,0.005775828516826052
0.06,3.4,0.006914373780290537
0.07,3.4,0.008043749804296174
0.08,3.4,0.009162390460658209
0.09,3.4,0.010268720359217151
0.1,3.4,0.011361153888504302
0.11,3.4,0.01243809424374745
0.12,3.4,0.013497932436856723
0.13,3.4,0.014539046329275261
0.14,3.4,0.015559799764558511
0.15,3.4,0.016558541912263913
0.16,3.4,0.017533606971662837
0.17,3.4,0.018483314423958334
0.18,3.4,0.01940597006454531
0.19,3.4,0.0202998680905206
0.2,3.4,0.02116329455985739
0.21,3.4,0.02199453257256796
0.22,3.4,0.02279186954445406
0.23,3.4,0.02355360694296071
0.24,3.4,0.024278072823501876
0.25,3.4,0.024963637434851627
0.26,3.4,0.02560873204621959
0.27,3.4,0.026211870982192804
0.28,3.4,0.02677167663524998
0.29,3.4,0.027286906966427864
0.3,3.4,0.027756484718387618
0.31,3.4,0.02817952727569507
0.32,3.4,0.028555375845812584
0.33,3.4,0.028883622436747546
0.34,3.4,0.02916413300867797
0.35000000000000003,3.4,0.02939706520622983
0.36,3.4,0.029582879252117465
0.37,3.4,0.029722340901396208
0.38,3.4,0.02981651579870893
0.39,3.4,0.029866755110466117
0.4,3.4,0.02987467286723786
0.41000000000000003,3.4,0.029842115989638495
0.42,3.4,0.029771128426580196
0.43,3.4,0.029663911161963125
0.44,3.4,0.02952278001630673
0.45,3.4,0.029350123176088993
0.46,3.4,0.02914836023889046
0.47000000000000003,3.4,0.028919904296549708
0.48,3.4,0.028667128231559626
0.49,3.4,0.02839233601737865
0.5,3.4,0.028097739431646774
0.51,3.4,0.027785440245285127
0.52,3.4,0.027457417662638782
0.53,3.4,0.02711552056994177
0.54,3.4,0.026761464003756046
0.55,3.4,0.026396829172408248
0.56,3.4,0.026023066341855687
0.5700000000000001,3.4,0.025641499920309643
0.58,3.4,0.025253335130421828
0.59,3.4,0.024859665731953758
0.6,3.4,0.02446148234141396
0.61,3.4,0.02405968098027468
0.62,3.4,0.02365507156440532
0.63,3.4,0.023248386120547186
0.64,3.4,0.02284028657906524
0.65,3.4,0.022431372045067566
0.66,3.4,0.022022185492554282
0.67,3.4,0.021613219859329413
0.68,3.4,0.021204923545058967
0.6900000000000001,3.4,0.020797705332497213
0.7000000000000001,3.4,0.020391938763705784
0.71,3.4,0.019987966010326885
0.72,3.4,0.019586101280695115
0.73,3.4,0.019186633807689563
0.74,3.4,0.018789830460511112
0.75,3.4,0.01839593802159093
0.76,3.4,0.01800518516710796
0.77,3.4,0.01761778418641104
0.78,3.4,0.017233932472323424
0.79,3.4,0.01685381381097504
0.8,3.4,0.01647759949663589
0.81,3.4,0.01610544929405383
0.8200000000000001,3.4,0.015737512268073312
0.8300000000000001,3.4,0.015373927497869417
0.84,3.4,0.015014824690961354
0.85,3.4,0.014660324710240757
0.86,3.4,0.014310540025593718
0.87,3.4,0.013965575100231806
0.88,3.4,0.01362552672061486
0.89,3.4,0.013290484277758169
0.9,3.4,0.012960530006807741
0.91,3.4,0.012635739190984104
0.92,3.4,0.012316180335318444
0.93,3.4,0.012001915315042267
0.9400000000000001,3.4,0.01169299950298129
0.9500000000000001,3.4,0.011389481879900916
0.96,3.4,0.01109140513135542
0.97,3.4,0.01079880573429115
0.98,3.4,0.01051171403636322
0.99,3.4,0.010230154330637661
1.0,3.4,0.009954144928138807
1.01,3.4,0.009683698230457975
1.02,3.4,0.009418820804434304
1.03,3.4,0.009159513460720187
1.04,3.4,0.00890577133780937
1.05,3.4,0.008657583992940617
1.06,3.4,0.008414935501082823
1.07,3.4,0.008177804562996844
1.08,3.4,0.00794616462318482
1.09,3.4,0.007719983998347921
1.1,3.4,0.007499226016760588
1.11,3.4,0.007283849168806967
1.12,3.4,0.007073807268709922
1.1300000000000001,3.4,0.006869049627318255
1.1400000000000001,3.4,0.006669521235654911
1.1500000000000001,3.4,0.0064751629587436604
1.16,3.4,0.006285911739100252
1.17,3.4,0.006101700809125232
1.18,3.4,0.005922459911515216
1.19,3.4,0.005748115526704105
1.2,3.4,0.0055785911062450405
1.21,3.4,0.005413807310971013
1.22,3.4,0.00525368225273892
1.23,3.4,0.005098131738486263
1.24,3.4,0.004947069515345715
1.25,3.4,0.004800407515538744
1.26,3.4,0.004658056099803235
1.27,3.4,0.004519924298114633
1.28,3.4,0.004385920046548548
1.29,3.4,0.004255950419141708
1.3,3.4,0.004129921853731493
1.31,3.4,0.004007740370794122
1.32,3.4,0.0038893117844238565
1.33,3.4,0.0037745419046656954
1.34,3.4,0.0036633367305304826
1.35,3.4,0.0035556026331170316
1.36,3.4,0.003451246528384919
1.37,3.4,0.0033501760392023313
1.3800000000000001,3.4,0.0032522996464147457
1.3900000000000001,3.4,0.003157526828770545
1.4000000000000001,3.4,0.0030657681916288794
1.41,3.4,0.0029769355844741553
1.42,3.4,0.0028909422073328107
1.43,3.4,0.002807702706268203
1.44,3.4,0.0027271332581948753
1.45,3.4,0.0026491516453195666
1.46,3.4,0.0025736773195511233
1.47,3.4,0.0025006314572897214
1.48,3.4,0.0024299370050185577
1.49,3.4,0.0023615187161756548
1.5,3.4,0.002295303179773514
1.51,3.4,0.0022312188412863046
1.52,3.4,0.0021691960162989305
1.53,3.4,0.0021091668974503285
1.54,3.4,0.0020510655551697465
1.55,3.4,0.001994827932729384
1.56,3.4,0.0019403918360976413
1.57,3.4,0.0018876969190885673
1.58,3.4,0.0018366846642797984
1.59,3.4,0.0017872983601444248
1.6,3.4,0.0017394830748332633
1.61,3.4,0.0016931856270186493
1.62,3.4,0.001648354554187529
1.6300000000000001,3.4,0.00160494007874793
1.6400000000000001,3.4,0.001562894072292935
1.6500000000000001,3.4,0.0015221700183321355
1.6600000000000001,3.4,0.001482722973796047
1.67,3.4,0.001444509529576323
1.68,3.4,0.0014074877703493002
1.69,3.4,0.0013716172339150858
1.7,3.4,0.00133685887025464
1.71,3.4,0.0013031750004821447
1.72,3.4,0.0012705292758747725
1.73,3.4,0.0012388866371119322
1.74,3.4,0.001208213273865586
1.75,3.4,0.0011784765848452106
1.76,3.4,0.0011496451384148166
1.77,3.4,0.001121688633846876
1.78,3.4,0.0010945778633077558
1.79,3.4,0.001068284674616011
1.8,3.4,0.0010427819348476364
1.81,3.4,0.001018043494806214
1.82,3.4,0.0009940441544108876
1.83,3.4,0.0009707596290161881
1.84,3.4,0.0009481665166847414
1.85,3.4,0.0009262422664222153
1.86,3.4,0.0009049651473914738
1.87,3.4,0.0008843142190899078
1.8800000000000001,3.4,0.0008642693024961903
1.8900000000000001,3.4,0.0008448109521807835
1.9000000000000001,3.4,0.0008259204293662515
1.9100000000000001,3.4,0.0008075796759269245
1.92,3.4,0.0007897712893089962
1.93,3.4,0.0007724784983541541
1.94,3.4,0.0007556851400070447
1.95,3.4,0.0007393756368956336
1.96,3.4,0.0007235349757407873
1.97,3.4,0.0007081486865981658
1.98,3.4,0.0006932028228873
1.99,3.4,0.0006786839422013447
2.0,3.4,0.000664579087863197
2.0100000000000002,3.4,0.0006508757712077652
2.02,3.4,0.0006375619545644673
2.0300000000000002,3.4,0.0006246260349142134
2.04,3.4,0.0006120568282056941
2.05,3.4,0.0005998435542986779
2.06,3.4,0.0005879758225157854
2.07,3.4,0.0005764436177776034
2.08,3.4,0.0005652372873077215
2.09,3.4,0.0005543475278718731
2.1,3.4,0.0005437653735414774
2.11,3.4,0.0005334821839524656
2.12,3.4,0.0005234896330543237
2.13,3.4,0.0005137796983121437
2.14,3.4,0.0005043446503519332
2.15,3.4,0.0004951770430318681
2.16,3.4,0.00048626970392056604
2.17,3.4,0.0004776157251648869
2.18,3.4,0.0004692084547274425
2.19,3.4,0.00046104148798253473
2.2,3.4,0.00045310865965703735
2.21,3.4,0.00044540403609216847
2.22,3.4,0.00043792190781818133
2.23,3.4,0.0004306567824249994
2.24,3.4,0.0004236033777161217
2.25,3.4,0.0004167566151327139
2.2600000000000002,3.4,0.00041011161342833293
2.27,3.4,0.0004036636825903075
2.2800000000000002,3.4,0.00039740831798814404
2.29,3.4,0.0003913411947358195
2.3000000000000003,3.4,0.00038545816225943016
2.31,3.4,0.0003797552390519247
2.32,3.4,0.0003742286076032024
2.33,3.4,0.0003688746094950594
2.34,3.4,0.00036368974064396634
2.35,3.4,0.0003586706466814742
2.36,3.4,0.0003538141184495743
2.37,3.4,0.0003491170876109856
2.38,3.4,0.00034457662234691784
2.39,3.4,0.00034018992312600355
2.4,3.4,0.0003359543185337397
2.41,3.4,0.00033186726114537265
2.42,3.4,0.0003279263234120451
2.43,3.4,0.00032412919355306316
2.44,3.4,0.0003204736714247207
2.45,3.4,0.0003169576643476326
2.46,3.4,0.00031357918285470683
2.47,3.4,0.0003103363363492119
2.48,3.4,0.0003072273286306403
2.49,3.4,0.0003042504532609782
2.5,3.4,0.0003014040887324706
2.5100000000000002,3.4,0.00029868669339522757
2.52,3.4,0.0002960968001112211
2.5300000000000002,3.4,0.00029363301057964964
2.54,3.4,0.00029129398928307547
2.5500000000000003,3.4,0.00028907845698837115
2.56,3.4,0.00028698518375911683
2.57,3.4,0.00028501298139148415
2.58,3.4,0.00028316069520324715
2.59,3.4,0.00028142719509126286
2.6,3.4,0.0002798113657606464
2.61,3.4,0.0002783120960298516
2.62,3.4,0.00027692826709688824
2.63,3.4,0.0002756587396329539
2.64,3.4,0.0002745023395755452
2.65,3.4,0.00027345784247832214
2.66,3.4,0.0002725239562455907
2.67,3.4,0.00027169930207882666
2.68,3.4,0.00027098239344510827
2.69,3.4,0.00027037161287356845
2.7,3.4,0.00026986518635898314
2.71,3.4,0.0002694611551569051
2.72,3.4,0.00026915734473115113
2.73,3.4,0.00026895133064080686
2.74,3.4,0.00026884040114185645
2.75,3.4,0.0002688215163187702
2.7600000000000002,3.4,0.0002688912635977249
2.77,3.4,0.0002690458095686341
2.7800000000000002,3.4,0.0002692808481523863
2.79,3.4,0.00026959154532878616
2.8000000000000003,3.4,0.0002699724808683991
2.81,3.4,0.00027041758787377224
2.82,3.4,0.00027092009142399697
2.83,3.4,0.0002714724483152271
2.84,3.4,0.0002720662908440814
2.85,3.4,0.0002726923789398048
2.86,3.4,0.00027334056676089723
2.87,3.4,0.0002739997924471926
2.88,3.4,0.00027465810315212996
2.89,3.4,0.00027530273225491914
2.9,3.4,0.000275920252135984
2.91,3.4,0.0002764968347624881
2.92,3.4,0.00027701866438058535
2.93,3.4,0.0002774725630708351
2.94,3.4,0.00027784691227557544
2.95,3.4,0.00027813298388076223
2.96,3.4,0.00027832683581991856
2.97,3.4,0.0002784319835213867
2.98,3.4,0.00027846313512679664
2.99,3.4,0.0002784513826043091
3.0,3.4,0.0002784513826043091
0.0,3.5,0.0
0.01,3.5,0.0011351142615899522
0.02,3.5,0.0022689067949042746
0.03,3.5,0.0033997788272154446
0.04,3.5,0.0045262000130453185
0.05,3.5,0.005646643894797099
0.06,3.5,0.00675957930303581
0.07,3.5,0.007863467496418029
0.08,3.5,0.00895676060285688
0.09,3.5,0.010037900400622812
0.1,3.5,0.01110531715448407
0.11,3.5,0.012157428423212489
0.12,3.5,0.013192637838388786
0.13,3.5,0.014209333903601191
0.14,3.5,0.015205888902859697
0.15,3.5,0.01618065804625004
0.16,3.5,0.017131979022855903
0.17,3.5,0.018058172176545508
0.18,3.5,0.018957541568352682
0.19,3.5,0.019828377237359942
0.2,3.5,0.02066895901601312
0.21,3.5,0.021477562289682697
0.22,3.5,0.022252466106359968
0.23,3.5,0.022991964031574996
0.24,3.5,0.023694378096059347
0.25,3.5,0.024358076090154557
0.26,3.5,0.024981492312190316
0.27,3.5,0.02556315167530243
0.28,3.5,0.026101696821971207
0.29,3.5,0.026595917600019673
0.3,3.5,0.027044781939356423
0.31,3.5,0.02744746686600997
0.32,3.5,0.027803388136109455
0.33,3.5,0.028112226807021367
0.34,3.5,0.02837395102162112
0.35000000000000003,3.5,0.028588831390105388
0.36,3.5,0.028757448620533824
0.37,3.5,0.028880692462709707
0.38,3.5,0.028959751556843133
0.39,3.5,0.028996094367856558
0.4,3.5,0.02899144197604718
0.41000000000000003,3.5,0.028947734021579914
0.42,3.5,0.028867089508603654
0.43,3.5,0.028751764426006254
0.44,3.5,0.028604108219117314
0.45,3.5,0.02842652105591078
0.46,3.5,0.028221413598238383
0.47000000000000003,3.5,0.027991170652817608
0.48,3.5,0.02773811968390474
0.49,3.5,0.027464504764705577
0.5,3.5,0.02717246616571305
0.51,3.5,0.026864025453231632
0.52,3.5,0.026541075716714414
0.53,3.5,0.026205376364834655
0.54,3.5,0.02585855182439009
0.55,3.5,0.02550209343401856
0.56,3.5,0.02513736383377369
0.5700000000000001,3.5,0.02476560319819564
0.58,3.5,0.024387936731583005
0.59,3.5,0.024005382928434866
0.6,3.5,0.02361886219035594
0.61,3.5,0.023229205476449303
0.62,3.5,0.022837162742881723
0.63,3.5,0.022443410996263645
0.64,3.5,0.02204856184364391
0.65,3.5,0.02165316846920445
0.66,3.5,0.021257732004855277
0.67,3.5,0.02086270728999775
0.68,3.5,0.020468508035981298
0.6900000000000001,3.5,0.020075511424689656
0.7000000000000001,3.5,0.01968406217945321
0.71,3.5,0.019294476151305095
0.72,3.5,0.018907043465457095
0.73,3.5,0.018522031272610245
0.74,3.5,0.018139686148010894
0.75,3.5,0.017760236178497747
0.76,3.5,0.017383892774636
0.77,3.5,0.01701085224160178
0.78,3.5,0.01664129713905248
0.79,3.5,0.016275397456878185
0.8,3.5,0.015913311630610286
0.81,3.5,0.015555187417379846
0.8200000000000001,3.5,0.015201162650721647
0.8300000000000001,3.5,0.01485136589020058
0.84,3.5,0.014505916979800108
0.85,3.5,0.014164927527216598
0.86,3.5,0.013828501314657486
0.87,3.5,0.01349673465040244
0.88,3.5,0.013169716669239178
0.89,3.5,0.012847529588888988
0.9,3.5,0.012530248928714679
0.91,3.5,0.01221794369626964
0.92,3.5,0.011910676546646485
0.93,3.5,0.011608503919051513
0.9400000000000001,3.5,0.011311476154579125
0.9500000000000001,3.5,0.011019637598789779
0.96,3.5,0.010733026692320765
0.97,3.5,0.010451676052494674
0.98,3.5,0.01017561254861016
0.99,3.5,0.009904857373349523
1.0,3.5,0.009639426112530493
1.01,3.5,0.009379328815206893
1.02,3.5,0.00912457006592939
1.03,3.5,0.008875149060800286
1.04,3.5,0.008631059688734219
1.05,3.5,0.008392290619186067
1.06,3.5,0.008158825397419649
1.07,3.5,0.007930642548188921
1.08,3.5,0.007707715688544455
1.09,3.5,0.007490013650300303
1.1,3.5,0.0072775006124997455
1.11,3.5,0.007070136244076516
1.12,3.5,0.006867875856710264
1.1300000000000001,3.5,0.006670670567730304
1.1400000000000001,3.5,0.006478467472770139
1.1500000000000001,3.5,0.006291209827714131
1.16,3.5,0.0061088372393595216
1.17,3.5,0.005931285864082957
1.18,3.5,0.005758488613695686
1.19,3.5,0.005590375367580096
1.2,3.5,0.005426873190108162
1.21,3.5,0.00526790655228106
1.22,3.5,0.005113397556504239
1.23,3.5,0.004963266163339382
1.24,3.5,0.004817430419095951
1.25,3.5,0.004675806683104093
1.26,3.5,0.004538309853541188
1.27,3.5,0.004404853590688164
1.28,3.5,0.004275350536578809
1.29,3.5,0.00414971253000458
1.3,3.5,0.004027850815953688
1.31,3.5,0.003909676248600364
1.32,3.5,0.0037950994870687
1.33,3.5,0.003684031183255142
1.34,3.5,0.003576382161106962
1.35,3.5,0.003472063586830132
1.36,3.5,0.003370987129612874
1.37,3.5,0.003273065112518896
1.3800000000000001,3.5,0.0031782106533221207
1.3900000000000001,3.5,0.0030863377951240722
1.4000000000000001,3.5,0.002997361626683301
1.41,3.5,0.0029111983924748463
1.42,3.5,0.0028277655925582415
1.43,3.5,0.0027469820724100045
1.44,3.5,0.0026687681029284585
1.45,3.5,0.0025930454508888575
1.46,3.5,0.0025197374401506405
1.47,3.5,0.0024487690039825616
1.48,3.5,0.0023800667288862826
1.49,3.5,0.002313558890346231
1.5,3.5,0.0022491754809283193
1.51,3.5,0.0021868482311932645
1.52,3.5,0.002126510623872372
1.53,3.5,0.002068097901790455
1.54,3.5,0.002011547069982313
1.55,3.5,0.0019567968924834823
1.56,3.5,0.00190378788423794
1.57,3.5,0.0018524622985672421
1.58,3.5,0.0018027641106371608
1.59,3.5,0.0017546389973356678
1.6,3.5,0.001708034313952636
1.61,3.5,0.001662899068047253
1.62,3.5,0.0016191838908610728
1.6300000000000001,3.5,0.0015768410066054985
1.6400000000000001,3.5,0.0015358241999540894
1.6500000000000001,3.5,0.0014960887820232509
1.6600000000000001,3.5,0.0014575915551196443
1.67,3.5,0.0014202907765062066
1.68,3.5,0.0013841461214262774
1.69,3.5,0.0013491186455897588
1.7,3.5,0.0013151707473179803
1.71,3.5,0.0012822661295230566
1.72,3.5,0.001250369761684316
1.73,3.5,0.0012194478419532986
1.74,3.5,0.0011894677595252813
1.75,3.5,0.0011603980573705794
1.76,3.5,0.0011322083954440297
1.77,3.5,0.0011048695144386554
1.78,3.5,0.00107835320017196
1.79,3.5,0.0010526322486482053
1.8,3.5,0.0010276804318727166
1.81,3.5,0.0010034724644337805
1.82,3.5,0.000979983970908027
1.83,3.5,0.0009571914541056553
1.84,3.5,0.0009350722641806533
1.85,3.5,0.0009136045686125939
1.86,3.5,0.0008927673230829646
1.87,3.5,0.0008725402432343345
1.8800000000000001,3.5,0.0008529037773189384
1.8900000000000001,3.5,0.0008338390797342379
1.9000000000000001,3.5,0.0008153279854347822
1.9100000000000001,3.5,0.0007973529852158876
1.92,3.5,0.0007798972018470801
1.93,3.5,0.0007629443670495884
1.94,3.5,0.000746478799294891
1.95,3.5,0.0007304853824148506
1.96,3.5,0.000714949544990534
1.97,3.5,0.0006998572405217567
1.98,3.5,0.0006851949283320239
1.99,3.5,0.0006709495552067859
2.0,3.5,0.0006571085377342468
2.0100000000000002,3.5,0.0006436597453307573
2.02,3.5,0.0006305914839254519
2.0300000000000002,3.5,0.0006178924802846612
2.04,3.5,0.0006055518669573014
2.05,3.5,0.0005935591678150239
2.06,3.5,0.0005819042841692211
2.07,3.5,0.0005705774814406033
2.08,3.5,0.0005595693763709036
2.09,3.5,0.0005488709247431965
2.1,3.5,0.000538473409600272
2.11,3.5,0.0005283684299346729
2.12,3.5,0.0005185478898461069
2.13,3.5,0.0005090039881329312
2.14,3.5,0.0004997292083028898
2.15,3.5,0.0004907163089936091
2.16,3.5,0.0004819583147836539
2.17,3.5,0.00047344850737082814
2.18,3.5,0.0004651804171101154
2.19,3.5,0.0004571478148903246
2.2,3.5,0.0004493447043427763
2.21,3.5,0.00044176531435677693
2.22,3.5,0.00043440409189424075
2.23,3.5,0.0004272556950903744
2.24,3.5,0.0004203149866218783
2.25,3.5,0.0004135770273347761
2.2600000000000002,3.5,0.0004070370701131582
2.27,3.5,0.00040069055398295374
2.2800000000000002,3.5,0.0003945330984325197
2.29,3.5,0.00038856049793764883
2.3000000000000003,3.5,0.0003827687166821336
2.31,3.5,0.0003771538834555868
2.32,3.5,0.00037171228671801083
2.33,3.5,0.00036644036982250286
2.34,3.5,0.0003613347263746142
2.35,3.5,0.0003563920957215506
2.36,3.5,0.0003516093585474362
2.37,3.5,0.0003469835325790959
2.38,3.5,0.0003425117683680511
2.39,3.5,0.0003381913451368497
2.4,3.5,0.0003340196666803172
2.41,3.5,0.00032999425729946424
2.42,3.5,0.00032611275774408627
2.43,3.5,0.00032237292115529806
2.44,3.5,0.0003187726089749966
2.45,3.5,0.0003153097868073025
2.46,3.5,0.000311982520197815
2.47,3.5,0.00030878897031305023
2.48,3.5,0.00030572738948380826
2.49,3.5,0.0003027961165829645
2.5,3.5,0.0002999935721991951
2.5100000000000002,3.5,0.00029731825356619525
2.52,3.5,0.00029476872921585393
2.5300000000000002,3.5,0.0002923436332978248
2.54,3.5,0.0002900416595186671
2.5500000000000003,3.5,0.0002878615546348546
2.56,3.5,0.00028580211145779296
2.57,3.5,0.000283862161283786
2.58,3.5,0.0002820405656797339
2.59,3.5,0.00028033620754549463
2.6,3.5,0.0002787479813547518
2.61,3.5,0.0002772747824830194
2.62,3.5,0.00027591549551122515
2.63,3.5,0.0002746689813772264
2.64,3.5,0.00027353406324947535
2.65,3.5,0.0002725095109867913
2.66,3.5,0.00027159402401711377
2.67,3.5,0.00027078621247019857
2.68,3.5,0.0002700845763845534
2.69,3.5,0.00026948748279959984
2.7,3.5,0.0002689931405268193
2.71,3.5,0.0002685995723951696
2.72,3.5,0.00026830458474289286
2.73,3.5,0.0002681057339599838
2.74,3.5,0.0002680002898722713
2.75,3.5,0.00026798519580114314
2.7600000000000002,3.5,0.0002680570251679456
2.77,3.5,0.0002682119345936641
2.7800000000000002,3.5,0.0002684456135500415
2.79,3.5,0.0002687532308023517
2.8000000000000003,3.5,0.00026912937810686575
2.81,3.5,0.00026956801198680747
2.82,3.5,0.00027006239490225364
2.83,3.5,0.0002706050378092425
2.84,3.5,0.00027118764705724783
2.85,3.5,0.0002718010799148224
2.86,3.5,0.0002724353147968427
2.87,3.5,0.0002730794448105396
2.88,3.5,0.000273721706624242
2.89,3.5,0.00027434956137070563
2.9,3.5,0.00027494985069301443
2.91,3.5,0.00027550905977072565
2.92,3.5,0.0002760137310518404
2.93,3.5,0.00027645108863964916
2.94,3.5,0.00027680995532442204
2.95,3.5,0.00027708207430150977
2.96,3.5,0.00027726398843503134
2.97,3.5,0.0002773596855200866
2.98,3.5,0.0002773842935915386
2.99,3.5,0.00027736921315794384
3.0,3.5,0.00027736921315794384
0.0,3.6,0.0
0.01,3.6,0.0011102208959112346
0.02,3.6,0.0022191396438236586
0.03,3.6,0.0033251804711597137
0.04,3.6,0.0044268347006461645
0.05,3.6,0.0055225969345611145
0.06,3.6,0.006610956398568085
0.07,3.6,0.007690393937879674
0.08,3.6,0.008759380279645984
0.09,3.6,0.009816374610506414
0.1,3.6,0.010859823188299755
0.11,3.6,0.011888157908241959
0.12,3.6,0.012899794829674403
0.13,3.6,0.013893132721993865
0.14,3.6,0.014866551732370056
0.15,3.6,0.01581841232211471
0.16,3.6,0.016747054666213734
0.17,3.6,0.01765079876200206
0.18,3.6,0.018527945546688438
0.19,3.6,0.019376779376094826
0.2,3.6,0.020195572263250326
0.21,3.6,0.02098259030806819
0.22,3.6,0.021736102759056377
0.23,3.6,0.022454394124345085
0.24,3.6,0.02313577968130698
0.25,3.6,0.023778624612114423
0.26,3.6,0.02438136681028854
0.27,3.6,0.024942543160287198
0.28,3.6,0.025460818796187265
0.29,3.6,0.02593501851438577
0.3,3.6,0.026364159177321697
0.31,3.6,0.026747481637997
0.32,3.6,0.02708448048120047
0.33,3.6,0.02737492975895808
0.34,3.6,0.02761890292900456
0.35000000000000003,3.6,0.027816785405011847
0.36,3.6,0.027969278493865386
0.37,3.6,0.028077394003129384
0.38,3.6,0.028142439403680792
0.39,3.6,0.02816599406571992
0.4,3.6,0.028149877681734457
0.41000000000000003,3.6,0.028096112483114836
0.42,3.6,0.028006881198120014
0.43,3.6,0.027884482859751755
0.44,3.6,0.027731288549479326
0.45,3.6,0.027549698976259553
0.46,3.6,0.02734210547719133
0.47000000000000003,3.6,0.027110855633459965
0.48,3.6,0.026858224271836467
0.49,3.6,0.026586390211601273
0.5,3.6,0.026297418753216766
0.51,3.6,0.025993249610206708
0.52,3.6,0.025675689769434233
0.53,3.6,0.025346410627048753
0.54,3.6,0.025006948680171757
0.55,3.6,0.024658709045650574
0.56,3.6,0.024302971112776864
0.5700000000000001,3.6,0.023940895702667234
0.58,3.6,0.02357353319042728
0.59,3.6,0.023201832136981838
0.6,3.6,0.02282664806762953
0.61,3.6,0.022448752118573355
0.62,3.6,0.02206883934757626
0.63,3.6,0.021687536568792957
0.64,3.6,0.02130540962441389
0.65,3.6,0.020922970047466495
0.66,3.6,0.020540681102038005
0.67,3.6,0.02015896321062325
0.68,3.6,0.019778198794602134
0.6900000000000001,3.6,0.019398736564500734
0.7000000000000001,3.6,0.01902089530284003
0.71,3.6,0.0186449671851668
0.72,3.6,0.018271220685209505
0.73,3.6,0.01789990310873342
0.74,3.6,0.01753124279820426
0.75,3.6,0.01716545104721668
0.76,3.6,0.016802723760198025
0.77,3.6,0.016443242889321395
0.78,3.6,0.016087177677107125
0.79,3.6,0.01573468572988329
0.8,3.6,0.015385913944249322
0.81,3.6,0.015040999305917178
0.8200000000000001,3.6,0.014700069577833163
0.8300000000000001,3.6,0.014363243892307004
0.84,3.6,0.01403063325996208
0.85,3.6,0.013702341006651075
0.86,3.6,0.013378463148050813
0.87,3.6,0.013059088710407776
0.88,3.6,0.012744300004861575
0.89,3.6,0.012434172861850792
0.9,3.6,0.012128776831352406
0.91,3.6,0.011828175354037058
0.92,3.6,0.011532425907874708
0.93,3.6,0.01124158013422675
0.9400000000000001,3.6,0.010955683947069292
0.9500000000000001,3.6,0.01067477762862754
0.96,3.6,0.010398895914371056
0.97,3.6,0.010128068070074915
0.98,3.6,0.009862317963392675
0.99,3.6,0.009601664132154086
1.0,3.6,0.009346119851410262
1.01,3.6,0.009095693201042353
1.02,3.6,0.008850387135571442
1.03,3.6,0.008610199557642528
1.04,3.6,0.008375123396449018
1.05,3.6,0.0081451466922274
1.06,3.6,0.00792025268777553
1.07,3.6,0.0077004199277692425
1.08,3.6,0.007485622366499698
1.09,3.6,0.007275829484492027
1.1,3.6,0.007071006414291955
1.11,3.6,0.006871114075576751
1.12,3.6,0.00667610931956397
1.1300000000000001,3.6,0.006485945082563177
1.1400000000000001,3.6,0.00630057054838366
1.1500000000000001,3.6,0.006119931319160504
1.16,3.6,0.005943969594058904
1.17,3.6,0.005772624355200432
1.18,3.6,0.005605831560053699
1.19,3.6,0.005443524339456862
1.2,3.6,0.00528563320035883
1.21,3.6,0.005132086232307272
1.22,3.6,0.0049828093166969034
1.23,3.6,0.004837726337719859
1.24,3.6,0.004696759393988872
1.25,3.6,0.004559829009778706
1.26,3.6,0.0044268543448645805
1.27,3.6,0.004297753401937155
1.28,3.6,0.0041724432306562975
1.29,3.6,0.004050840127401818
1.3,3.6,0.003932859829886986
1.31,3.6,0.0038184177058321047
1.32,3.6,0.003707428934996063
1.33,3.6,0.0035998086839139024
1.34,3.6,0.003495472272792535
1.35,3.6,0.0033943353340853155
1.36,3.6,0.003296313962363953
1.37,3.6,0.003201324855173538
1.3800000000000001,3.6,0.003109285444656369
1.3900000000000001,3.6,0.00302011401979606
1.4000000000000001,3.6,0.0029337298392139205
1.41,3.6,0.002850053234524815
1.42,3.6,0.00276900570431892
1.43,3.6,0.00269050999890299
1.44,3.6,0.0026144901959861432
1.45,3.6,0.0025408717675576235
1.46,3.6,0.002469581638216423
1.47,3.6,0.002400548235290458
1.48,3.6,0.0023337015310798386
1.49,3.6,0.0022689730776079345
1.5,3.6,0.002206296034264826
1.51,3.6,0.002145605188759796
1.52,3.6,0.0020868369717910533
1.53,3.6,0.0020299294658691104
1.54,3.6,0.001974822408700885
1.55,3.6,0.001921457191572542
1.56,3.6,0.0018697768531287114
1.57,3.6,0.0018197260689672755
1.58,3.6,0.0017712511374400044
1.59,3.6,0.001724299962036666
1.6,3.6,0.001678822030718957
1.61,3.6,0.0016347683925565391
1.62,3.6,0.0015920916319958232
1.6300000000000001,3.6,0.001550745841066365
1.6400000000000001,3.6,0.0015106865898315332
1.6500000000000001,3.6,0.0014718708953469738
1.6600000000000001,3.6,0.0014342571893922996
1.67,3.6,0.0013978052852069167
1.68,3.6,0.0013624763434507902
1.69,3.6,0.0013282328375902271
1.7,3.6,0.0012950385188931304
1.71,3.6,0.001262858381196683
1.72,3.6,0.001231658625605674
1.73,3.6,0.0012014066252454768
1.74,3.6,0.0011720708902026131
1.75,3.6,0.0011436210327445124
1.76,3.6,0.0011160277329314338
1.77,3.6,0.00108926270468655
1.78,3.6,0.0010632986624091246
1.79,3.6,0.0010381092881789646
1.8,3.6,0.0010136691996207655
1.81,3.6,0.0009899539184508256
1.82,3.6,0.0009669398397613259
1.83,3.6,0.0009446042020595068
1.84,3.6,0.0009229250580895852
1.85,3.6,0.0009018812464435776
1.86,3.6,0.0008814523639913146
1.87,3.6,0.0008616187391150037
1.8800000000000001,3.6,0.0008423614057617541
1.8900000000000001,3.6,0.0008236620783129527
1.9000000000000001,3.6,0.0008055031272623823
1.9100000000000001,3.6,0.0007878675556978067
1.92,3.6,0.0007707389765755667
1.93,3.6,0.000754101590775446
1.94,3.6,0.0007379401659222993
1.95,3.6,0.0007222400159663555
1.96,3.6,0.000706986981490699
1.97,3.6,0.0006921674107461974
1.98,3.6,0.000677768141380189
1.99,3.6,0.000663776482853913
2.0,3.6,0.0006501801995211346
2.0100000000000002,3.6,0.0006369674943506324
2.02,3.6,0.0006241269932718257
2.0300000000000002,3.6,0.0006116477301238059
2.04,3.6,0.0005995191321932238
2.05,3.6,0.0005877310063150228
2.06,3.6,0.0005762735255205383
2.07,3.6,0.0005651372162092707
2.08,3.6,0.0005543129458385674
2.09,3.6,0.0005437919110923242
2.1,3.6,0.0005335656265267433
2.11,3.6,0.0005236259136666603
2.12,3.6,0.0005139648905463196
2.13,3.6,0.000504574961665226
2.14,3.6,0.0004954488083431722
2.15,3.6,0.0004865793794675319
2.16,3.6,0.0004779598826142761
2.17,3.6,0.00046958377551965547
2.18,3.6,0.000461444757896818
2.19,3.6,0.0004535367635782922
2.2,3.6,0.00044585395297202797
2.21,3.6,0.0004383907058159054
2.22,3.6,0.0004311416142158887
2.23,3.6,0.0004241014759591313
2.24,3.6,0.00041726528808459556
2.25,3.6,0.0004106282407002711
2.2600000000000002,3.6,0.00040418571103156484
2.27,3.6,0.00039793325769442206
2.2800000000000002,3.6,0.00039186661517727115
2.29,3.6,0.00038598168851528263
2.3000000000000003,3.6,0.00038027454815329315
2.31,3.6,0.00037474142497674525
2.32,3.6,0.0003693787055003774
2.33,3.6,0.0003641829272063884
2.34,3.6,0.00035915077401288225
2.35,3.6,0.0003542790718629948
2.36,3.6,0.0003495647844130988
2.37,3.6,0.000345005008822857
2.38,3.6,0.00034059697161577295
2.39,3.6,0.0003363380245963316
2.4,3.6,0.0003322256408143556
2.41,3.6,0.00032825741055734017
2.42,3.6,0.00032443103734179955
2.43,3.6,0.0003207443338995966
2.44,3.6,0.00031719521812594595
2.45,3.6,0.0003137817089715259
2.46,3.6,0.0003105019222467538
2.47,3.6,0.00030735406632158806
2.48,3.6,0.000304336437683692
2.49,3.6,0.00030144741632499573
2.5,3.6,0.00029868546092181724
2.5100000000000002,3.6,0.00029604910376429956
2.52,3.6,0.00029353694540803317
2.5300000000000002,3.6,0.0002911476489902188
2.54,3.6,0.0002888799341625131
2.5500000000000003,3.6,0.00028673257057802357
2.56,3.6,0.000284704370890997
2.57,3.6,0.00028279418318408737
2.58,3.6,0.00028100088275615035
2.59,3.6,0.0002793233631909961
2.6,3.6,0.00027776052661610196
2.61,3.6,0.00027631127305962824
2.62,3.6,0.00027497448879764856
2.63,3.6,0.00027374903356702475
2.64,3.6,0.0002726337265254012
2.65,3.6,0.000271627330825633
2.66,3.6,0.0002707285366443808
2.67,3.6,0.0002699359425046537
2.68,3.6,0.0002692480347216139
2.69,3.6,0.00026866316479361933
2.7,3.6,0.0002681795245375078
2.71,3.6,0.0002677951187788416
2.72,3.6,0.0002675077353787201
2.73,3.6,0.0002673149124179644
2.74,3.6,0.0002672139023429709
2.75,3.6,0.0002672016329248985
2.7600000000000002,3.6,0.00026727466492008846
2.77,3.6,0.000267429146398955
2.7800000000000002,3.6,0.00026766076382470305
2.79,3.6,0.00026796469013694064
2.8000000000000003,3.6,0.00026833553032459383
2.81,3.6,0.0002687672653304541
2.82,3.6,0.0002692531956175765
2.83,3.6,0.0002697858864000806
2.84,3.6,0.00027035711748086725
2.85,3.6,0.00027095784197504974
2.86,3.6,0.0002715781599478096
2.87,3.6,0.0002722073155138607
2.88,3.6,0.00027283372928687606
2.89,3.6,0.00027344508271251244
2.9,3.6,0.00027402847712180013
2.91,3.6,0.00027457069897117035
2.92,3.6,0.0002750586344438805
2.93,3.6,0.0002754798926042743
2.94,3.6,0.00027582371803879023
2.95,3.6,0.00027608230357466094
2.96,3.6,0.0002762526539526895
2.97,3.6,0.0002763392062114232
2.98,3.6,0.00027635748717747547
2.99,3.6,0.00027633919001716033
3.0,3.6,0.00027633919001716033
0.0,3.7,0.0
0.01,3.7,0.0010862888942689015
0.02,3.7,0.0021712957996388627
0.03,3.7,0.003253468611885862
0.04,3.7,0.0043313209352022364
0.05,3.7,0.005403369000859076
0.06,3.7,0.006468122942400854
0.07,3.7,0.007524083632454513
0.08,3.7,0.008569740748645301
0.09,3.7,0.009603571128114918
0.1,3.7,0.010624037133880574
0.11,3.7,0.011629584957949104
0.12,3.7,0.012618642874464174
0.13,3.7,0.013589619512508441
0.14,3.7,0.014540902267014492
0.15,3.7,0.015470856016161195
0.16,3.7,0.01637782236752935
0.17,3.7,0.01726011971314422
0.18,3.7,0.018116044433103565
0.19,3.7,0.018943873644425655
0.2,3.7,0.01974186993948563
0.21,3.7,0.020508288588036393
0.22,3.7,0.021241387677538102
0.23,3.7,0.021939441626329142
0.24,3.7,0.02260075841116868
0.25,3.7,0.023223700695363548
0.26,3.7,0.023806710821178412
0.27,3.7,0.024348339343570603
0.28,3.7,0.024847276444519673
0.29,3.7,0.02530238520312558
0.3,3.7,0.02571273534209503
0.31,3.7,0.02607763577066517
0.32,3.7,0.02639666404458504
0.33,3.7,0.026669690808288807
0.34,3.7,0.026896897402622688
0.35000000000000003,3.7,0.027078785123073414
0.36,3.7,0.027216175083015274
0.37,3.7,0.027310198233655138
0.38,3.7,0.02736227575593299
0.39,3.7,0.027374090697087565
0.4,3.7,0.027347552302877418
0.41000000000000003,3.7,0.027284754934191673
0.42,3.7,0.02718793371326055
0.43,3.7,0.027059419105110522
0.44,3.7,0.026901592515544078
0.45,3.7,0.026716844710496086
0.46,3.7,0.026507538480010105
0.47000000000000003,3.7,0.026275976535290596
0.48,3.7,0.026024375188537396
0.49,3.7,0.025754843962906414
0.5,3.7,0.025469370942017285
0.51,3.7,0.025169813410141073
0.52,3.7,0.024857893159085175
0.53,3.7,0.02453519574033659
0.54,3.7,0.024203172909894034
0.55,3.7,0.02386314753396419
0.56,3.7,0.02351632028135655
0.5700000000000001,3.7,0.023163777509079258
0.58,3.7,0.022806499839596556
0.59,3.7,0.022445371022322535
0.6,3.7,0.022081186761607956
0.61,3.7,0.021714663274521148
0.62,3.7,0.02134644541187711
0.63,3.7,0.02097711423436776
0.64,3.7,0.02060719398256457
0.65,3.7,0.020237158415895726
0.66,3.7,0.019867436522753662
0.67,3.7,0.019498417623131214
0.68,3.7,0.01913045589798536
0.6900000000000001,3.7,0.018763874387346755
0.7000000000000001,3.7,0.018398968503134303
0.71,3.7,0.018036009103750212
0.72,3.7,0.01767524517664693
0.73,3.7,0.01731690617284313
0.74,3.7,0.01696120403431954
0.75,3.7,0.01660833495173253
0.76,3.7,0.016258480886251953
0.77,3.7,0.01591181088569925
0.78,3.7,0.015568482221720609
0.79,3.7,0.015228641371502758
0.8,3.7,0.014892424864625341
0.81,3.7,0.014559960012995712
0.8200000000000001,3.7,0.01423136553948393
0.8300000000000001,3.7,0.013906752118825257
0.84,3.7,0.01358622284257407
0.85,3.7,0.013269873618343371
0.86,3.7,0.012957793512242043
0.87,3.7,0.012650065042272092
0.88,3.7,0.012346764429485813
0.89,3.7,0.012047961812864983
0.9,3.7,0.011753721433189595
0.91,3.7,0.011464101790538478
0.92,3.7,0.011179155779578462
0.93,3.7,0.010898930806343637
0.9400000000000001,3.7,0.010623468889824506
0.9500000000000001,3.7,0.010352806751377654
0.96,3.7,0.01008697589465024
0.97,3.7,0.009826002678486573
0.98,3.7,0.009569908385052683
0.99,3.7,0.009318709285189988
1.0,3.7,0.009072416702842537
1.01,3.7,0.008831037080203748
1.02,3.7,0.008594572045063965
1.03,3.7,0.008363018481691298
1.04,3.7,0.008136368606387912
1.05,3.7,0.007914610048730609
1.06,3.7,0.0076977259393474
1.07,3.7,0.007485695004920969
1.08,3.7,0.0072784916709625015
1.09,3.7,0.007076086172756825
1.1,3.7,0.006878444674721318
1.11,3.7,0.006685529398298754
1.12,3.7,0.006497298758346064
1.1300000000000001,3.7,0.00631370750785771
1.1400000000000001,3.7,0.006134706890747687
1.1500000000000001,3.7,0.005960244802275764
1.16,3.7,0.005790265956616507
1.17,3.7,0.005624712060958742
1.18,3.7,0.005463521995441469
1.19,3.7,0.005306631998159477
1.2,3.7,0.0051539758544019995
1.21,3.7,0.0050054850892353635
1.22,3.7,0.004861089162531087
1.23,3.7,0.0047207156654752004
1.24,3.7,0.004584290517619907
1.25,3.7,0.004451738163520766
1.26,3.7,0.0043229817680311075
1.27,3.7,0.0041979434093246054
1.28,3.7,0.004076544268796778
1.29,3.7,0.003958704816986398
1.3,3.7,0.003844344994761737
1.31,3.7,0.0037333843890387033
1.32,3.7,0.0036257424023933968
1.33,3.7,0.0035213384159733514
1.34,3.7,0.003420091945207986
1.35,3.7,0.003321922787876626
1.36,3.7,0.0032267511641892047
1.37,3.7,0.0031344978485821646
1.3800000000000001,3.7,0.0030450842930350767
1.3900000000000001,3.7,0.0029584327417631305
1.4000000000000001,3.7,0.0028744663372184094
1.41,3.7,0.002793109217404095
1.42,3.7,0.002714286604548484
1.43,3.7,0.0026379248852587732
1.44,3.7,0.002563951682315089
1.45,3.7,0.002492295918323449
1.46,3.7,0.0024228878714585454
1.47,3.7,0.0023556592235962808
1.48,3.7,0.0022905431011376667
1.49,3.7,0.0022274741088708786
1.5,3.7,0.0021663883572099535
1.51,3.7,0.002107223483197484
1.52,3.7,0.0020499186656319176
1.53,3.7,0.001994414634720047
1.54,3.7,0.0019406536766247977
1.55,3.7,0.0018885796333055916
1.56,3.7,0.001838137898017316
1.57,3.7,0.001789275406845829
1.58,3.7,0.0017419406266436935
1.59,3.7,0.001696083539714068
1.6,3.7,0.0016516556255746651
1.61,3.7,0.0016086098401309624
1.62,3.7,0.0015669005925657141
1.6300000000000001,3.7,0.0015264837202263431
1.6400000000000001,3.7,0.0014873164617942498
1.6500000000000001,3.7,0.0014493574289834168
1.6600000000000001,3.7,0.001412566577014277
1.67,3.7,0.0013769051740840968
1.68,3.7,0.0013423357700367124
1.69,3.7,0.0013088221644218206
1.7,3.7,0.001276329374120555
1.71,3.7,0.001244823600687514
1.72,3.7,0.001214272197570305
1.73,3.7,0.001184643637310546
1.74,3.7,0.001155907478864897
1.75,3.7,0.0011280343351318953
1.76,3.7,0.0011009958407912708
1.77,3.7,0.0010747646205256358
1.78,3.7,0.001049314257705482
1.79,3.7,0.001024619263579759
1.8,3.7,0.0010006550470555262
1.81,3.7,0.0009773978850734037
1.82,3.7,0.0009548248936409633
1.83,3.7,0.0009329139995443524
1.84,3.7,0.0009116439127705738
1.85,3.7,0.0008909940996408192
1.86,3.7,0.0008709447566895768
1.87,3.7,0.0008514767852816102
1.8800000000000001,3.7,0.0008325717669784692
1.8900000000000001,3.7,0.0008142119396574391
1.9000000000000001,3.7,0.0007963801743762554
1.9100000000000001,3.7,0.0007790599529772093
1.92,3.7,0.0007622353464306459
1.93,3.7,0.000745890993903582
1.94,3.7,0.0007300120825401523
1.95,3.7,0.0007145843279516501
1.96,3.7,0.0006995939553882813
1.97,3.7,0.0006850276815904898
1.98,3.7,0.0006708726972903304
1.99,3.7,0.0006571166503576525
2.0,3.7,0.0006437476295762561
2.0100000000000002,3.7,0.0006307541490211939
2.02,3.7,0.0006181251330267681
2.0300000000000002,3.7,0.0006058499017242271
2.04,3.7,0.0005939181571360262
2.05,3.7,0.0005823199698038247
2.06,3.7,0.0005710457659356153
2.07,3.7,0.000560086315051068
2.08,3.7,0.0005494327181169704
2.09,3.7,0.000539076396143625
2.1,3.7,0.0005290090792314613
2.11,3.7,0.0005192227960474376
2.12,3.7,0.000509709863726857
2.13,3.7,0.0005004628781701224
2.14,3.7,0.0004914747047226499
2.15,3.7,0.0004827384692286056
2.16,3.7,0.00047424754944220025
2.17,3.7,0.0004659955667765756
2.18,3.7,0.00045797637838054637
2.19,3.7,0.000450184069526585
2.2,3.7,0.0004426129463035703
2.21,3.7,0.0004352575285925478
2.22,3.7,0.00042811254331469084
2.23,3.7,0.0004211729179432755
2.24,3.7,0.0004144337742611242
2.25,3.7,0.00040789042235575773
2.2600000000000002,3.7,0.00040153835483557336
2.27,3.7,0.00039537324126161173
2.2800000000000002,3.7,0.0003893909227763096
2.29,3.7,0.00038358740691923893
2.3000000000000003,3.7,0.0003779588626206711
2.31,3.7,0.0003725016153557757
2.32,3.7,0.0003672121424483241
2.33,3.7,0.00036208706851605083
2.34,3.7,0.00035712316103856274
2.35,3.7,0.00035231732603864394
2.36,3.7,0.0003476666038557971
2.37,3.7,0.0003431681650150097
2.38,3.7,0.00033881930615698683
2.39,3.7,0.0003346174460207456
2.4,3.7,0.00033056012146589185
2.41,3.7,0.0003266449835161028
2.42,3.7,0.00032286979339607333
2.43,3.7,0.00031923241855640185
2.44,3.7,0.0003157308286557863
2.45,3.7,0.0003123630914804442
2.46,3.7,0.00030912736877118077
2.47,3.7,0.0003060219119404307
2.48,3.7,0.0003030450576434386
2.49,3.7,0.0003001952231712718
2.5,3.7,0.0002974709016361321
2.5100000000000002,3.7,0.0002948706569034656
2.52,3.7,0.000292393118240122
2.5300000000000002,3.7,0.0002900369746279087
2.54,3.7,0.00028780096869186945
2.5500000000000003,3.7,0.0002856838901833665
2.56,3.7,0.0002836845689767624
2.57,3.7,0.0002818018674973749
2.58,3.7,0.0002800346725140351
2.59,3.7,0.00027838188621987197
2.6,3.7,0.00027684241651212494
2.61,3.7,0.0002754151663818028
2.62,3.7,0.00027409902231008486
2.63,3.7,0.0002728928415481861
2.64,3.7,0.00027179543816871704
2.65,3.7,0.0002708055677587046
2.66,3.7,0.00026992191059959145
2.67,3.7,0.00026914305318418054
2.68,3.7,0.00026846746790313474
2.69,3.7,0.00026789349073553685
2.7,3.7,0.000267419296742428
2.71,3.7,0.0002670428731962876
2.72,3.7,0.00026676199013555646
2.73,3.7,0.00026657416817305746
2.74,3.7,0.00026647664338574114
2.75,3.7,0.0002664663291452856
2.7600000000000002,3.7,0.00026653977479932164
2.77,3.7,0.00026669312118585305
2.7800000000000002,3.7,0.00026692205308104146
2.79,3.7,0.00026722174885374854
2.8000000000000003,3.7,0.0002675868278319264
2.81,3.7,0.0002680112962368624
2.82,3.7,0.0002684884930258575
2.83,3.7,0.0002690110376533835
2.84,3.7,0.00026957078269362086
2.85,3.7,0.0002701587755783553
2.86,3.7,0.0002707652354432112
2.87,3.7,0.0002713795535605834
2.88,3.7,0.00027199032913420215
2.89,3.7,0.00027258545681805576
2.9,3.7,0.00027315228855100533
2.91,3.7,0.00027367790080065743
2.92,3.7,0.00027414950988499285
2.93,3.7,0.00027455509384146813
2.94,3.7,0.00027488430078323277
2.95,3.7,0.0002751297529641357
2.96,3.7,0.0002752888955593496
2.97,3.7,0.00027536659338062397
2.98,3.7,0.0002753787524830813
2.99,3.7,0.00027535734397731457
3.0,3.7,0.00027535734397731457
0.0,3.8,0.0
0.01,3.8,0.0010632605954913942
0.02,3.8,0.002125259956687131
0.03,3.8,0.0031844703349650804
0.04,3.8,0.004239428246197069
0.05,3.8,0.005288672134560194
0.06,3.8,0.006330733566126973
0.07,3.8,0.007364133889835333
0.08,3.8,0.008387382088268964
0.09,3.8,0.009398972888659653
0.1,3.8,0.010397384862014416
0.11,3.8,0.01138107844060759
0.12,3.8,0.012348493875448147
0.13,3.8,0.013298049216053088
0.14,3.8,0.014228138449141673
0.15,3.8,0.015137129989113908
0.16,3.8,0.016023365773940014
0.17,3.8,0.016885161284787537
0.18,3.8,0.017720806873261108
0.19,3.8,0.018528570840981497
0.2,3.8,0.019306704764275828
0.21,3.8,0.02005345158134693
0.22,3.8,0.020767056947856077
0.23,3.8,0.02144578430592151
0.24,3.8,0.02208793398853917
0.25,3.8,0.022691866487540825
0.26,3.8,0.023256029745988067
0.27,3.8,0.02377899000298749
0.28,3.8,0.024259465339897614
0.29,3.8,0.024696360684459365
0.3,3.8,0.025088802667406436
0.31,3.8,0.025436172445490953
0.32,3.8,0.025738134455734356
0.33,3.8,0.025994659089040705
0.34,3.8,0.026206037489410236
0.35000000000000003,3.8,0.02637288709516822
0.36,3.8,0.026496147110041352
0.37,3.8,0.026577063768543314
0.38,3.8,0.02661716596806675
0.39,3.8,0.026618232499711125
0.4,3.8,0.026582252648177408
0.41000000000000003,3.8,0.02651138229367572
0.42,3.8,0.026407897807360078
0.43,3.8,0.026274149986537806
0.44,3.8,0.026112520052681477
0.45,3.8,0.02592537937853068
0.46,3.8,0.02571505417434053
0.47000000000000003,3.8,0.025483795901848294
0.48,3.8,0.025233757744835147
0.49,3.8,0.024966977082457986
0.5,3.8,0.024685363607171284
0.51,3.8,0.024390692511448032
0.52,3.8,0.02408460203423856
0.53,3.8,0.023768594599282596
0.54,3.8,0.023444040778821167
0.55,3.8,0.023112185362210182
0.56,3.8,0.02277415488429434
0.5700000000000001,3.8,0.022430966059942072
0.58,3.8,0.022083534668260844
0.59,3.8,0.021732684524908202
0.6,3.8,0.02137915626826452
0.61,3.8,0.021023615761968085
0.62,3.8,0.020666661981122166
0.63,3.8,0.020308834302185386
0.64,3.8,0.019950619157927202
0.65,3.8,0.019592456050072656
0.66,3.8,0.01923474293485915
0.67,3.8,0.018877841012213604
0.68,3.8,0.018522078958992397
0.6900000000000001,3.8,0.018167756652134097
0.7000000000000001,3.8,0.017815148429655415
0.71,3.8,0.017464505937175537
0.72,3.8,0.01711606060579929
0.73,3.8,0.016770025804309037
0.74,3.8,0.01642659870516523
0.75,3.8,0.01608596190009042
0.76,3.8,0.015748284797292025
0.77,3.8,0.015413724828740944
0.78,3.8,0.015082428492550492
0.79,3.8,0.014754532252376495
0.8,3.8,0.014430163312966343
0.81,3.8,0.014109440288477356
0.8200000000000001,3.8,0.013792473777987058
0.8300000000000001,3.8,0.013479366860703288
0.84,3.8,0.01317021552171751
0.85,3.8,0.012865109017706289
0.86,3.8,0.012564130190759972
0.87,3.8,0.01226735573746747
0.88,3.8,0.01197485643949575
0.89,3.8,0.011686697361123873
0.9,3.8,0.011402938018562039
0.91,3.8,0.011123632525321423
0.92,3.8,0.0108488297174392
0.93,3.8,0.010578573261947178
0.9400000000000001,3.8,0.010312901751637064
0.9500000000000001,3.8,0.010051848788870556
0.96,3.8,0.00979544306090342
0.97,3.8,0.00954370840898727
0.98,3.8,0.009296663893282252
0.99,3.8,0.009054323855421664
1.0,3.8,0.008816697980406435
1.01,3.8,0.008583791359327209
1.02,3.8,0.008355604554260206
1.03,3.8,0.008132133666541537
1.04,3.8,0.007913370409445933
1.05,3.8,0.007699302186183897
1.06,3.8,0.0074899121739802925
1.07,3.8,0.0072851794148414
1.08,3.8,0.007085078913497163
1.09,3.8,0.006889581742867644
1.1,3.8,0.006698655157257876
1.11,3.8,0.0065122627133752985
1.12,3.8,0.006330364399118787
1.1300000000000001,3.8,0.006152916769980959
1.1400000000000001,3.8,0.005979873092797951
1.1500000000000001,3.8,0.005811183496458431
1.16,3.8,0.0056467951291049685
1.17,3.8,0.005486652321261716
1.18,3.8,0.00533069675424671
1.19,3.8,0.005178867633166702
1.2,3.8,0.005031101863727235
1.21,3.8,0.004887334232045035
1.22,3.8,0.004747497586642136
1.23,3.8,0.004611523021740175
1.24,3.8,0.004479340061002182
1.25,3.8,0.004350876840848014
1.26,3.8,0.00422606029249948
1.27,3.8,0.0041048163219070425
1.28,3.8,0.00398706998678708
1.29,3.8,0.003872745669984002
1.3,3.8,0.0037617672484729784
1.31,3.8,0.003654058257331355
1.32,3.8,0.0035495420480972204
1.33,3.8,0.0034481419409703347
1.34,3.8,0.0033497813703955485
1.35,3.8,0.003254384023625664
1.36,3.8,0.0031618739719424973
1.37,3.8,0.0030721757942611216
1.3800000000000001,3.8,0.002985214692932496
1.3900000000000001,3.8,0.0029009166016096544
1.4000000000000001,3.8,0.002819208285106676
1.41,3.8,0.002740017431249886
1.42,3.8,0.0026632727347545085
1.43,3.8,0.0025889039732326746
1.44,3.8,0.0025168420754710587
1.45,3.8,0.0024470191821689496
1.46,3.8,0.002379368699344014
1.47,3.8,0.002313825344672707
1.48,3.8,0.0022503251870342298
1.49,3.8,0.0021888056795731736
1.5,3.8,0.002129205686582625
1.51,3.8,0.0020714655045565257
1.52,3.8,0.002015526877744865
1.53,3.8,0.0019613330085694798
1.54,3.8,0.0019088285632367788
1.55,3.8,0.0018579596729149837
1.56,3.8,0.00180867393080657
1.57,3.8,0.0017609203854668442
1.58,3.8,0.0017146495306986642
1.59,3.8,0.0016698132923412235
1.6,3.8,0.001626365012267459
1.61,3.8,0.0015842594298894476
1.62,3.8,0.0015434526614523584
1.6300000000000001,3.8,0.0015039021773867994
1.6400000000000001,3.8,0.00146556677798098
1.6500000000000001,3.8,0.0014284065675997082
1.6600000000000001,3.8,0.0013923829276908438
1.67,3.8,0.0013574584887750896
1.68,3.8,0.0013235971016146272
1.69,3.8,0.0012907638077442078
1.7,3.8,0.0012589248095303432
1.71,3.8,0.0012280474398963122
1.72,3.8,0.001198100131867903
1.73,3.8,0.0011690523880517557
1.74,3.8,0.0011408747501632757
1.75,3.8,0.0011135387686930034
1.76,3.8,0.001087016972819737
1.77,3.8,0.0010612828406299795
1.78,3.8,0.001036310769730165
1.79,3.8,0.0010120760482945409
1.8,3.8,0.0009885548266215937
1.81,3.8,0.000965724089214485
1.82,3.8,0.0009435616274513307
1.83,3.8,0.0009220460128623655
1.84,3.8,0.0009011565710434358
1.85,3.8,0.0008808733562128149
1.86,3.8,0.000861177126451717
1.87,3.8,0.0008420493196119232
1.8800000000000001,3.8,0.0008234720299165148
1.8900000000000001,3.8,0.0008054279852479512
1.9000000000000001,3.8,0.0007879005251226914
1.9100000000000001,3.8,0.0007708735793550026
1.92,3.8,0.0007543316474044645
1.93,3.8,0.0007382597783950496
1.94,3.8,0.0007226435517984907
1.95,3.8,0.0007074690587806344
1.96,3.8,0.0006927228841818672
1.97,3.8,0.0006783920891368714
1.98,3.8,0.0006644641943060167
1.99,3.8,0.0006509271637120299
2.0,3.8,0.0006377693891663289
2.0100000000000002,3.8,0.000624979675264424
2.02,3.8,0.0006125472249394295
2.0300000000000002,3.8,0.0006004616255560615
2.04,3.8,0.0005887128355283788
2.05,3.8,0.0005772911714450623
2.06,3.8,0.0005661872956870762
2.07,3.8,0.0005553922045180088
2.08,3.8,0.0005448972166418643
2.09,3.8,0.0005346939621988003
2.1,3.8,0.000524774372189976
2.11,3.8,0.0005151306683132057
2.12,3.8,0.0005057553532024675
2.13,3.8,0.0004966412010476817
2.14,3.8,0.00048778124857896537
2.15,3.8,0.00047916878640772993
2.16,3.8,0.000470797350712444
2.17,3.8,0.0004626607152460752
2.18,3.8,0.00045475288365757593
2.19,3.8,0.0004470680821125859
2.2,3.8,0.0004396007522052916
2.21,3.8,0.00043234554414197545
2.22,3.8,0.0004252973101853728
2.23,3.8,0.0004184510983529072
2.24,3.8,0.00041180214634956464
2.25,3.8,0.00040534587572887856
2.2600000000000002,3.8,0.00039907788626601854
2.27,3.8,0.00039299395053539937
2.2800000000000002,3.8,0.000387090008679289
2.29,3.8,0.00038136216335173936
2.3000000000000003,3.8,0.0003758066748352183
2.31,3.8,0.0003704199563084505
2.32,3.8,0.0003651985692576756
2.33,3.8,0.0003601392190200833
2.34,3.8,0.00035523875044409783
2.35,3.8,0.00035049414365574146
2.36,3.8,0.0003459025099105487
2.37,3.8,0.0003414610875329677
2.38,3.8,0.00033716723791273956
2.39,3.8,0.00033301844154536145
2.4,3.8,0.0003290122941072812
2.41,3.8,0.0003251465025463149
2.42,3.8,0.00032141888115921484
2.43,3.8,0.0003178273476521199
2.44,3.8,0.00031436991915224916
2.45,3.8,0.0003110447081527009
2.46,3.8,0.0003078499183595387
2.47,3.8,0.0003047838404224772
2.48,3.8,0.0003018448475166585
2.49,3.8,0.000299031390745497
2.5,3.8,0.00029634199432774827
2.5100000000000002,3.8,0.0002937752505300576
2.52,3.8,0.0002913298143151712
2.5300000000000002,3.8,0.0002890043976523824
2.54,3.8,0.0002867977634429165
2.5500000000000003,3.8,0.000284708719000951
2.56,3.8,0.00028273610904969745
2.57,3.8,0.0002808788081523907
2.58,3.8,0.00027913571251257055
2.59,3.8,0.0002775057310722599
2.6,3.8,0.00027598777581603414
2.61,3.8,0.00027458075119773397
2.62,3.8,0.00027328354258872485
2.63,3.8,0.00027209500363095543
2.64,3.8,0.0002710139423818611
2.65,3.8,0.0002700391061306557
2.66,3.8,0.00026916916473430745
2.67,3.8,0.0002684026923289977
2.68,3.8,0.000267738147259797
2.69,3.8,0.0002671738500616502
2.7,3.8,0.000266707959317781
2.71,3.8,0.0002663384452186615
2.72,3.8,0.0002660630606316594
2.73,3.8,0.0002658793095233298
2.74,3.8,0.0002657844125699415
2.75,3.8,0.00026577526983297345
2.7600000000000002,3.8,0.00026584842042731585
2.77,3.8,0.0002659999991784585
2.7800000000000002,3.8,0.0002662256903857604
2.79,3.8,0.0002665206789843242
2.8000000000000003,3.8,0.00026687959962348447
2.81,3.8,0.0002672964845362279
2.82,3.8,0.0002677647115474258
2.83,3.8,0.0002682769542379354
2.84,3.8,0.00026882513720155344
2.85,3.8,0.00026940040063027216
2.86,3.8,0.0002699930801833513
2.87,3.8,0.0002705927105488441
2.88,3.8,0.00027118806436984827
2.89,3.8,0.00027176724273153476
2.9,3.8,0.0002723178395612026
2.91,3.8,0.00027282721069313173
2.92,3.8,0.0002732828897772103
2.93,3.8,0.0002736732088223565
2.94,3.8,0.0002739882023712885
2.95,3.8,0.00027422090323833155
2.96,3.8,0.000274369177053169
2.97,3.8,0.0002744382964311839
2.98,3.8,0.0002744445284838284
2.99,3.8,0.0002744201086101668
3.0,3.8,0.0002744201086101668
0.0,3.9,0.0
0.01,3.9,0.0010410837842364305
0.02,3.9,0.002080927696225232
0.03,3.9,0.0031180290436228436
0.04,3.9,0.004150947895830502
0.05,3.9,0.005178245503421925
0.06,3.9,0.006198475396385712
0.07,3.9,0.007210179851893912
0.08,3.9,0.008211887510347439
0.09,3.9,0.009202111221430888
0.1,3.9,0.010179345853237001
0.11,3.9,0.011142066000864474
0.12,3.9,0.012088723625753717
0.13,3.9,0.013017745722714042
0.14,3.9,0.013927532172005583
0.15,3.9,0.014816453997109123
0.16,3.9,0.015682852317057194
0.17,3.9,0.01652503835417059
0.18,3.9,0.017341294929569824
0.19,3.9,0.018129879942975304
0.2,3.9,0.01888903238017495
0.21,3.9,0.01961698140854099
0.22,3.9,0.020311959093662946
0.23,3.9,0.020972217183735088
0.24,3.9,0.021596048249980602
0.25,3.9,0.02218181123368327
0.26,3.9,0.02272796113449413
0.27,3.9,0.023233082194040678
0.28,3.9,0.023695923510910852
0.29,3.9,0.02411543560919952
0.3,3.9,0.02449080612498169
0.31,3.9,0.024821492529555615
0.32,3.9,0.025107249726177283
0.33,3.9,0.025348150474311687
0.34,3.9,0.0255445969238635
0.35000000000000003,3.9,0.025697322063603905
0.36,3.9,0.025807380555426612
0.37,3.9,0.02587612916778309
0.38,3.9,0.025905197753317045
0.39,3.9,0.025896452354208784
0.4,3.9,0.02585195249524325
0.41000000000000003,3.9,0.025773904995496272
0.42,3.9,0.025664616681269768
0.43,3.9,0.025526448231491274
0.44,3.9,0.02536177107182819
0.45,3.9,0.025172928809213315
0.46,3.9,0.02496220422278034
0.47000000000000003,3.9,0.024731792354070584
0.48,3.9,0.024483779811634715
0.49,3.9,0.024220130051523216
0.5,3.9,0.023942674129902367
0.51,3.9,0.023653106248988316
0.52,3.9,0.02335298332511012
0.53,3.9,0.02304372778452022
0.54,3.9,0.022726632822528653
0.55,3.9,0.022402869428308894
0.56,3.9,0.022073494566635224
0.5700000000000001,3.9,0.02173946000664528
0.58,3.9,0.021401621387173164
0.59,3.9,0.021060747201801882
0.6,3.9,0.020717527470432005
0.61,3.9,0.020372581935836836
0.62,3.9,0.020026467682809388
0.63,3.9,0.01967968612453866
0.64,3.9,0.019332689336923396
0.65,3.9,0.018985885748052024
0.66,3.9,0.018639645208651773
0.67,3.9,0.018294303481473605
0.68,3.9,0.017950166194668497
0.6900000000000001,3.9,0.017607512307567817
0.7000000000000001,3.9,0.017266597137829652
0.71,3.9,0.01692765499756663
0.72,3.9,0.016590901483454597
0.73,3.9,0.016256535462452655
0.74,3.9,0.01592474079103689
0.75,3.9,0.015595687801981077
0.76,3.9,0.01526953458897707
0.77,3.9,0.014946428115796278
0.78,3.9,0.014626505173413733
0.79,3.9,0.014309893205512294
0.8,3.9,0.01399671102012605
0.81,3.9,0.013687069402812304
0.8200000000000001,3.9,0.013381071644674888
0.8300000000000001,3.9,0.013078813996771643
0.84,3.9,0.01278038606089423
0.85,3.9,0.01248587112537309
0.86,3.9,0.012195346453425345
0.87,3.9,0.011908883530593935
0.88,3.9,0.011626548277012448
0.89,3.9,0.011348401229504023
0.9,3.9,0.011074497697957347
0.91,3.9,0.010804887899894615
0.92,3.9,0.01053961707671556
0.93,3.9,0.01027872559474391
0.9400000000000001,3.9,0.010022249033865019
0.9500000000000001,3.9,0.009770218266287602
0.96,3.9,0.009522659527685644
0.97,3.9,0.009279594482795295
0.98,3.9,0.0090410402873317
0.99,3.9,0.00880700964790424
1.0,3.9,0.008577510881466755
1.01,3.9,0.0083525479756623
1.02,3.9,0.008132120651288485
1.03,3.9,0.00791622442797993
1.04,3.9,0.007704850694030008
1.05,3.9,0.007497986781180126
1.06,3.9,0.0072956160450626814
1.07,3.9,0.007097717951837068
1.08,3.9,0.006904268171451842
1.09,3.9,0.0067152386778408625
1.1,3.9,0.00653059785622374
1.11,3.9,0.006350310617588333
1.12,3.9,0.006174338520294058
1.1300000000000001,3.9,0.006002639898640913
1.1400000000000001,3.9,0.005835169998153965
1.1500000000000001,3.9,0.005671881117219473
1.16,3.9,0.005512722754636615
1.17,3.9,0.0053576417625633066
1.18,3.9,0.005206582504266701
1.19,3.9,0.005059487016032857
1.2,3.9,0.004916295172529646
1.21,3.9,0.004776944854879941
1.22,3.9,0.0046413721206983935
1.23,3.9,0.0045095113752825645
1.24,3.9,0.0043812955431810335
1.25,3.9,0.004256656239341117
1.26,3.9,0.004135523939067079
1.27,3.9,0.004017828146012661
1.28,3.9,0.003903497557505247
1.29,3.9,0.0037924602264845374
1.3,3.9,0.0036846437194302524
1.31,3.9,0.003579975269660844
1.32,3.9,0.003478381925475408
1.33,3.9,0.0033797906926342114
1.34,3.9,0.0032841286707562924
1.35,3.9,0.003191323183261828
1.36,3.9,0.0031013019005598033
1.37,3.9,0.003013992956225907
1.3800000000000001,3.9,0.002929325055995961
1.3900000000000001,3.9,0.0028472275794448583
1.4000000000000001,3.9,0.002767630674278717
1.41,3.9,0.002690465343233445
1.42,3.9,0.0026156635236068587
1.43,3.9,0.0025431581595077133
1.44,3.9,0.002472883266944887
1.45,3.9,0.002404773991924755
1.46,3.9,0.002338766661738475
1.47,3.9,0.002274798829679919
1.48,3.9,0.0022128093134316843
1.49,3.9,0.002152738227404192
1.5,3.9,0.002094527009301002
1.51,3.9,0.0020381184412253625
1.52,3.9,0.001983456665626848
1.53,3.9,0.0019304871964183777
1.54,3.9,0.001879156925569741
1.55,3.9,0.0018294141255128173
1.56,3.9,0.0017812084476568212
1.57,3.9,0.0017344909173408923
1.58,3.9,0.0016892139255268023
1.59,3.9,0.0016453312175240013
1.6,3.9,0.0016027978790373076
1.61,3.9,0.0015615703198137033
1.62,3.9,0.0015216062551543653
1.6300000000000001,3.9,0.0014828646855372717
1.6400000000000001,3.9,0.0014453058745918124
1.6500000000000001,3.9,0.001408891325648079
1.6600000000000001,3.9,0.0013735837570757845
1.67,3.9,0.001339347076599748
1.68,3.9,0.0013061463547845494
1.69,3.9,0.0012739477978529325
1.7,3.9,0.0012427187199922935
1.71,3.9,0.0012124275152896942
1.72,3.9,0.0011830436294423027
1.73,3.9,0.001154537531343064
1.74,3.9,0.0011268806846600574
1.75,3.9,0.0011000455194926455
1.76,3.9,0.0010740054042116982
1.77,3.9,0.0010487346175424848
1.78,3.9,0.0010242083209745212
1.79,3.9,0.0010004025315368261
1.8,3.9,0.0009772940950120317
1.81,3.9,0.0009548606596162916
1.82,3.9,0.0009330806501975461
1.83,3.9,0.0009119332429722709
1.84,3.9,0.0008913983408382345
1.85,3.9,0.0008714565492670653
1.86,3.9,0.0008520891528168652
1.87,3.9,0.0008332780922548086
1.8800000000000001,3.9,0.0008150059423091785
1.8900000000000001,3.9,0.0007972558900584979
1.9000000000000001,3.9,0.0007800117139528876
1.9100000000000001,3.9,0.0007632577634714167
1.92,3.9,0.0007469789394113294
1.93,3.9,0.0007311606748019828
1.94,3.9,0.0007157889164381549
1.95,3.9,0.0007008501070308686
1.96,3.9,0.0006863311679545088
1.97,3.9,0.0006722194825918171
1.98,3.9,0.0006585028802462455
1.99,3.9,0.0006451696206324304
2.0,3.9,0.0006322083789163048
2.0100000000000002,3.9,0.0006196082312931667
2.02,3.9,0.0006073586410935716
2.0300000000000002,3.9,0.0005954494453999827
2.04,3.9,0.0005838708421599582
2.05,3.9,0.0005726133777802729
2.06,3.9,0.0005616679351882214
2.07,3.9,0.0005510257223428125
2.08,3.9,0.0005406782611903173
2.09,3.9,0.0005306173770358686
2.1,3.9,0.000520835188325775
2.11,3.9,0.000511324096820048
2.12,3.9,0.0005020767781531814
2.13,3.9,0.0004930861727553436
2.14,3.9,0.0004843454771245551
2.15,3.9,0.00047584813543914846
2.16,3.9,0.0004675878315004385
2.17,3.9,0.0004595584809835479
2.18,3.9,0.0004517542239895284
2.19,3.9,0.00044416941788366626
2.2,3.9,0.00043679863041362534
2.21,3.9,0.00042963663308820963
2.22,3.9,0.00042267839480553804
2.23,3.9,0.00041591907572568186
2.24,3.9,0.00040935402136833273
2.25,3.9,0.00040297875692821793
2.2600000000000002,3.9,0.00039678898179333513
2.27,3.9,0.0003907805642606317
2.2800000000000002,3.9,0.00038494953643358596
2.29,3.9,0.00037929208928777096
2.3000000000000003,3.9,0.0003738045679012625
2.31,3.9,0.0003684834668274396
2.32,3.9,0.00036332542560422505
2.33,3.9,0.0003583272243908551
2.34,3.9,0.00035348577971279895
2.35,3.9,0.000348798140306079
2.36,3.9,0.0003442614830403824
2.37,3.9,0.0003398731089251107
2.38,3.9,0.0003356304391653239
2.39,3.9,0.00033153101125579505
2.4,3.9,0.0003275724751042156
2.41,3.9,0.0003237525891630742
2.42,3.9,0.00032006921654564565
2.43,3.9,0.0003165203211174323
2.44,3.9,0.00031310396353405356
2.45,3.9,0.0003098182972090443
2.46,3.9,0.00030666156417659505
2.47,3.9,0.0003036320908382314
2.48,3.9,0.00030072828355252683
2.49,3.9,0.00029794862404365397
2.5,3.9,0.0002952916645929258
2.5100000000000002,3.9,0.0002927560229717626
2.52,3.9,0.0002903403770891
2.5300000000000002,3.9,0.0002880434592994541
2.54,3.9,0.0002858640503271872
2.5500000000000003,3.9,0.0002838009727469783
2.56,3.9,0.0002818530839830418
2.57,3.9,0.0002800192687447799
2.58,3.9,0.0002782984308386822
2.59,3.9,0.0002766894842852399
2.6,3.9,0.0002751913436520853
2.61,3.9,0.00027380291352026016
2.62,3.9,0.000272523076991125
2.63,3.9,0.0002713506831140858
2.64,3.9,0.00027028453312921404
2.65,3.9,0.000269323365408613
2.66,3.9,0.0002684658389512678
2.67,3.9,0.0002677105152910763
2.68,3.9,0.0002670558386665527
2.69,3.9,0.000266500114298317
2.7,3.9,0.00026604148460044095
2.71,3.9,0.00026567790316370883
2.72,3.9,0.00026540710633209585
2.73,3.9,0.0002652265822213681
2.74,3.9,0.00026513353703182306
2.75,3.9,0.0002651248585455357
2.7600000000000002,3.9,0.000265197076746329
2.77,3.9,0.00026534632157803917
2.7800000000000002,3.9,0.00026556827797373045
2.79,3.9,0.000265858138459689
2.8000000000000003,3.9,0.00026621055387546216
2.81,3.9,0.0002666195830869114
2.82,3.9,0.000267078643058105
2.83,3.9,0.0002675804612969092
2.84,3.9,0.00026811703360855
2.85,3.9,0.00026867959137255815
2.86,3.9,0.00026925858426258734
2.87,3.9,0.00026984368675101237
2.88,3.9,0.0002704238399688548
2.89,3.9,0.00027098734495880483
2.9,3.9,0.00027152202944971833
2.91,3.9,0.0002720155185743172
2.92,3.9,0.0002724556512472455
2.93,3.9,0.0002728310993501391
2.94,3.9,0.00027313226782960337
2.95,3.9,0.0002733525824186834
2.96,3.9,0.0002734903105540073
2.97,3.9,0.00027355111404625077
2.98,3.9,0.00027355160415260183
2.99,3.9,0.0002735242678603567
3.0,3.9,0.0002735242678603567
0.0,4.0,0.0
0.01,4.0,0.0010197110703150727
0.02,4.0,0.0020382042449133397
0.03,4.0,0.003054002596034481
0.04,4.0,0.004065690394617576
0.05,4.0,0.00507185229535049
0.06,4.0,0.00607106432504823
0.07,4.0,0.007061890139008701
0.08,4.0,0.008042878381832
0.09,4.0,0.009012560246210685
0.1,4.0,0.009969446968483727
0.11,4.0,0.010912027204485501
0.12,4.0,0.0118387643281093
0.13,4.0,0.012748093766315203
0.14,4.0,0.013638420551561174
0.15,4.0,0.014508117343651874
0.16,4.0,0.015355523249338563
0.17,4.0,0.016178943847560363
0.18,4.0,0.01697665290556848
0.19,4.0,0.01774689633769162
0.2,4.0,0.018487899002280178
0.21,4.0,0.01919787493868827
0.22,4.0,0.019875041598667275
0.23,4.0,0.020517638509371362
0.24,4.0,0.02112395060581234
0.25,4.0,0.021692336184022047
0.26,4.0,0.02222125905834091
0.27,4.0,0.02270932407788723
0.28,4.0,0.023155314704723803
0.29,4.0,0.02355823093020474
0.3,4.0,0.023917325466068964
0.31,4.0,0.024232135953054387
0.32,4.0,0.0245025109314149
0.33,4.0,0.024728627542558494
0.34,4.0,0.024910999376922635
0.35000000000000003,4.0,0.02505047351509618
0.36,4.0,0.025148216561992266
0.37,4.0,0.025205690262408948
0.38,4.0,0.02522461801885927
0.39,4.0,0.02520694422667199
0.4,4.0,0.025154788736530955
0.41000000000000003,4.0,0.025070398921146462
0.42,4.0,0.02495610176350043
0.43,4.0,0.024814258130601435
0.44,4.0,0.024647221000520178
0.45,4.0,0.024457298932517513
0.46,4.0,0.02424672557028611
0.47000000000000003,4.0,0.02401763549752794
0.48,4.0,0.023772046360194567
0.49,4.0,0.02351184685222436
0.5,4.0,0.023238789938717357
0.51,4.0,0.02295449055807011
0.52,4.0,0.022660426990779574
0.53,4.0,0.022357945091380584
0.54,4.0,0.022048264634139676
0.55,4.0,0.021732487106484243
0.56,4.0,0.021411604382817
0.5700000000000001,4.0,0.02108650781440936
0.58,4.0,0.020757997370522193
0.59,4.0,0.020426790556629968
0.6,4.0,0.02009353091461024
0.61,4.0,0.019758795975898392
0.62,4.0,0.019423104592009445
0.63,4.0,0.019086923608360493
0.64,4.0,0.018750673878420644
0.65,4.0,0.018414735637431914
0.66,4.0,0.018079453269923086
0.67,4.0,0.017745139514505025
0.68,4.0,0.0174120791542568
0.6900000000000001,4.0,0.017080532242652442
0.7000000000000001,4.0,0.01675073691427691
0.71,4.0,0.016422911827354118
0.72,4.0,0.016097258281920945
0.73,4.0,0.01577396205375476
0.74,4.0,0.015453194980253363
0.75,4.0,0.015135116330542965
0.76,4.0,0.014819873988365834
0.77,4.0,0.014507605472793283
0.78,4.0,0.014198438818645697
0.79,4.0,0.013892493335623275
0.8,4.0,0.013589880262629967
0.81,4.0,0.013290703331543328
0.8200000000000001,4.0,0.012995059252744731
0.8300000000000001,4.0,0.012703038133051753
0.84,4.0,0.012414723835260726
0.85,4.0,0.012130194287265104
0.86,4.0,0.011849521747674646
0.87,4.0,0.011572773033955768
0.88,4.0,0.011300009718369195
0.89,4.0,0.011031288296314327
0.9,4.0,0.010766660331165124
0.91,4.0,0.010506172579197514
0.92,4.0,0.010249867097811031
0.93,4.0,0.00999778133991956
0.9400000000000001,4.0,0.0097499482370813
0.9500000000000001,4.0,0.009506396273690387
0.96,4.0,0.009267149554302963
0.97,4.0,0.009032227866000027
0.98,4.0,0.008801646737498541
0.99,4.0,0.008575417496552124
1.0,4.0,0.008353547327038876
1.01,4.0,0.008136039326984174
1.02,4.0,0.007922892568635017
1.03,4.0,0.007714102161577434
1.04,4.0,0.0075096593197419665
1.05,4.0,0.007309551433041933
1.06,4.0,0.007113762144261395
1.07,4.0,0.006922271431682769
1.08,4.0,0.006735055697834274
1.09,4.0,0.006552087864632726
1.1,4.0,0.006373337475063652
1.11,4.0,0.006198770801464351
1.12,4.0,0.006028350960344389
1.1300000000000001,4.0,0.005862038033590444
1.1400000000000001,4.0,0.005699789195822748
1.1500000000000001,4.0,0.0055415588475609175
1.16,4.0,0.005387298753797552
1.17,4.0,0.005236958187498042
1.18,4.0,0.005090484077481493
1.19,4.0,0.004947821160092313
1.2,4.0,0.004808912134015813
1.21,4.0,0.004673697817554486
1.22,4.0,0.004542117307682571
1.23,4.0,0.0044141081401394226
1.24,4.0,0.004289606449850828
1.25,4.0,0.0041685471309488445
1.26,4.0,0.004050863995687191
1.27,4.0,0.003936489931541861
1.28,4.0,0.003825357055855446
1.29,4.0,0.003717396867366546
1.3,4.0,0.0036125403940503796
1.31,4.0,0.0035107183367063667
1.32,4.0,0.003411861207805139
1.33,4.0,0.0033158994651297157
1.34,4.0,0.0032227636398232417
1.35,4.0,0.003132384458497063
1.36,4.0,0.0030446929591191924
1.37,4.0,0.0029596206004442985
1.3800000000000001,4.0,0.0028770993648213707
1.3900000000000001,4.0,0.002797061854251347
1.4000000000000001,4.0,0.002719441379622404
1.41,4.0,0.0026441720431094363
1.42,4.0,0.0025711888137562354
1.43,4.0,0.0025004275963086643
1.44,4.0,0.002431825293405806
1.45,4.0,0.002365319861277344
1.46,4.0,0.002300850359104866
1.47,4.0,0.0022383569922629462
1.48,4.0,0.002177781149653863
1.49,4.0,0.002119065435392789
1.5,4.0,0.0020621536950856494
1.51,4.0,0.0020069910369867514
1.52,4.0,0.0019535238483069095
1.53,4.0,0.0019016998069772428
1.54,4.0,0.0018514678891399644
1.55,4.0,0.0018027783726799653
1.56,4.0,0.001755582837068061
1.57,4.0,0.0017098341598141104
1.58,4.0,0.0016654865098111678
1.59,4.0,0.0016224953378397528
1.6,4.0,0.0015808173645041708
1.61,4.0,0.0015404105658544177
1.62,4.0,0.0015012341569381863
1.6300000000000001,4.0,0.0014632485735149965
1.6400000000000001,4.0,0.0014264154521608427
1.6500000000000001,4.0,0.0013906976089661756
1.6600000000000001,4.0,0.0013560590170307676
1.67,4.0,0.0013224647829370142
1.68,4.0,0.0012898811223721243
1.69,4.0,0.001258275335062777
1.7,4.0,0.0012276157791732349
1.71,4.0,0.0011978718452930123
1.72,4.0,0.0011690139301506522
1.73,4.0,0.0011410134101607732
1.74,4.0,0.0011138426149119255
1.75,4.0,0.001087474800674499
1.76,4.0,0.0010618841240403213
1.77,4.0,0.0010370456157416494
1.78,4.0,0.0010129351547358092
1.79,4.0,0.0009895294425952793
1.8,4.0,0.0009668059782760006
1.81,4.0,0.0009447430332894365
1.82,4.0,0.0009233196273292317
1.83,4.0,0.0009025155043763132
1.84,4.0,0.0008823111093218566
1.85,4.0,0.0008626875651141921
1.86,4.0,0.0008436266504663172
1.87,4.0,0.0008251107781158231
1.8800000000000001,4.0,0.0008071229736620037
1.8900000000000001,4.0,0.0007896468549899512
1.9000000000000001,4.0,0.0007726666122757658
1.9100000000000001,4.0,0.0007561669885754006
1.92,4.0,0.0007401332610046764
1.93,4.0,0.0007245512224952998
1.94,4.0,0.0007094071641289939
1.95,4.0,0.0006946878580492621
1.96,4.0,0.0006803805409261115
1.97,4.0,0.0006664728979842336
1.98,4.0,0.0006529530475649376
1.99,4.0,0.0006398095262283699
2.0,4.0,0.0006270312743747236
2.0100000000000002,4.0,0.000614607622374589
2.02,4.0,0.0006025282771933562
2.0300000000000002,4.0,0.0005907833095017045
2.04,4.0,0.0005793631412577489
2.05,4.0,0.0005682585337433294
2.06,4.0,0.0005574605760453166
2.07,4.0,0.0005469606739624825
2.08,4.0,0.0005367505393365422
2.09,4.0,0.0005268221797803752
2.1,4.0,0.0005171678887962997
2.11,4.0,0.000507780236267287
2.12,4.0,0.0004986520593202049
2.13,4.0,0.000489776453533046
2.14,4.0,0.0004811467644765875
2.15,4.0,0.0004727565795834583
2.16,4.0,0.00046459972033277607
2.17,4.0,0.0004566702347293818
2.18,4.0,0.0004489623900734428
2.19,4.0,0.000441470666004325
2.2,4.0,0.000434189747812098
2.21,4.0,0.0004271145199987075
2.22,4.0,0.0004202400600805131
2.23,4.0,0.0004135616326238385
2.24,4.0,0.000407074683495429
2.25,4.0,0.00040077483432371435
2.2600000000000002,4.0,0.00039465787715365535
2.27,4.0,0.0003887197692904393
2.2800000000000002,4.0,0.0003829566283177933
2.29,4.0,0.00037736472727666954
2.3000000000000003,4.0,0.0003719404900005562
2.31,4.0,0.00036668048658706554
2.32,4.0,0.0003615814289990213
2.33,4.0,0.0003566401667860407
2.34,4.0,0.00035185368290760694
2.35,4.0,0.0003472190896496675
2.36,4.0,0.00034273362461565847
2.37,4.0,0.00033839464679126193
2.38,4.0,0.00033419963265507224
2.39,4.0,0.0003301461723229411
2.4,4.0,0.0003262319657128966
2.41,4.0,0.00032245481871679104
2.42,4.0,0.0003188126393497185
2.43,4.0,0.00031530343386915335
2.44,4.0,0.0003119253028379979
2.45,4.0,0.00030867643711058153
2.46,4.0,0.0003055551137122314
2.47,4.0,0.0003025596915966658
2.48,4.0,0.0002996886072448436
2.49,4.0,0.000296940370078811
2.5,4.0,0.00029431355765562663
2.5100000000000002,4.0,0.0002918068106007868
2.52,4.0,0.0002894188272564425
2.5300000000000002,4.0,0.0002871483579886977
2.54,4.0,0.0002849941991118529
2.5500000000000003,4.0,0.0002829551863695153
2.56,4.0,0.0002810301879378866
2.57,4.0,0.0002792180968699335
2.58,4.0,0.0002775178229222163
2.59,4.0,0.0002759282836925123
2.6,4.0,0.00027444839498493864
2.61,4.0,0.00027307706032199966
2.62,4.0,0.00027181315951035033
2.63,4.0,0.00027065553614556123
2.64,4.0,0.0002696029839577337
2.65,4.0,0.0002686542318808559
2.66,4.0,0.0002678079277072743
2.67,4.0,0.0002670626201921369
2.68,4.0,0.0002664167394642504
2.69,4.0,0.00026586857559508803
2.7,4.0,0.0002654162551602033
2.71,4.0,0.0002650577156407718
2.72,4.0,0.0002647906774940781
2.73,4.0,0.0002646126137564677
2.74,4.0,0.00026452071703716594
2.75,4.0,0.00026451186381122686
2.7600000000000002,4.0,0.00026458257596082723
2.77,4.0,0.00026472897959510424
2.7800000000000002,4.0,0.00026494676129535386
2.79,4.0,0.00026523112210634836
2.8000000000000003,4.0,0.00026557672982332765
2.81,4.0,0.0002659776704679816
2.82,4.0,0.0002664274003250468
2.83,4.0,0.00026691870055792053
2.84,4.0,0.00026744363732969577
2.85,4.0,0.0002679935316282859
2.86,4.0,0.00026855894467663066
2.87,4.0,0.0002691296872096464
2.88,4.0,0.00026969486408308076
2.89,4.0,0.0002702429701124882
2.9,4.0,0.00027076205904555655
2.91,4.0,0.0002712400157796376
2.92,4.0,0.00027166497310584993
2.93,4.0,0.00027202592951254084
2.94,4.0,0.00027231364530895
2.95,4.0,0.0002725219226221676
2.96,4.0,0.0002726494132614446
2.97,4.0,0.00027270215086331684
2.98,4.0,0.00027269707506656025
2.99,4.0,0.0002726669126166875
3.0,4.0,0.0002726669126166875
0.0,4.1,0.0
0.01,4.1,0.00099909934257305
0.02,4.1,0.0019970033824434326
0.03,4.1,0.0029922616664194253
0.04,4.1,0.0039834833155435595
0.05,4.1,0.004969276985116317
0.06,4.1,0.0059482417279361835
0.07,4.1,0.006918963020224313
0.08,4.1,0.007880009845896234
0.09,4.1,0.008829931944965912
0.1,4.1,0.00976725697127596
0.11,4.1,0.01069048751131618
0.12,4.1,0.011598098019401997
0.13,4.1,0.012488531802111241
0.14,4.1,0.01336019825974744
0.15,4.1,0.014211470672091211
0.16,4.1,0.015040684900719522
0.17,4.1,0.015846139467545144
0.18,4.1,0.01662609755202581
0.19,4.1,0.017378791517128157
0.2,4.1,0.018102430612453296
0.21,4.1,0.01879521249491848
0.22,4.1,0.019455339134889584
0.23,4.1,0.020081037522057865
0.24,4.1,0.020670585339241345
0.25,4.1,0.021222341432190026
0.26,4.1,0.021734780481551808
0.27,4.1,0.02220653080881233
0.28,4.1,0.022636413767539262
0.29,4.1,0.02302348274477144
0.3,4.1,0.02336705949105411
0.31,4.1,0.023666765373016405
0.32,4.1,0.023922545243685766
0.33,4.1,0.024134681969111844
0.34,4.1,0.024303800216389317
0.35000000000000003,4.1,0.024430858844000092
0.36,4.1,0.024517132058570736
0.37,4.1,0.024564180316121953
0.38,4.1,0.024573812655492227
0.39,4.1,0.02454804267944228
0.4,4.1,0.024489040696585664
0.41000000000000003,4.1,0.02439908459133941
0.42,4.1,0.024280511819352403
0.43,4.1,0.02413567457826217
0.44,4.1,0.02396689973934776
0.45,4.1,0.02377645460954759
0.46,4.1,0.023566519084254462
0.47000000000000003,4.1,0.023339164295130208
0.48,4.1,0.02309633748379702
0.49,4.1,0.02283985255569082
0.5,4.1,0.022571385589082556
0.51,4.1,0.022292474483035438
0.52,4.1,0.022004521909604773
0.53,4.1,0.02170880077215599
0.54,4.1,0.02140646144576248
0.55,4.1,0.02109854017159791
0.56,4.1,0.020785968082345112
0.5700000000000001,4.1,0.02046958044029991
0.58,4.1,0.020150125767471695
0.59,4.1,0.019828274633650746
0.6,4.1,0.01950462794212384
0.61,4.1,0.01917972461312127
0.62,4.1,0.018854048612830767
0.63,4.1,0.018528035312122833
0.64,4.1,0.018202077185640292
0.65,4.1,0.01787652888023549
0.66,4.1,0.017551711693545767
0.67,4.1,0.01722791751025497
0.68,4.1,0.01690541224648997
0.6900000000000001,4.1,0.01658443885301686
0.7000000000000001,4.1,0.016265219926191073
0.71,4.1,0.015947959972706018
0.72,4.1,0.015632847370563294
0.73,4.1,0.015320056064727389
0.74,4.1,0.015009747031912872
0.75,4.1,0.014702069545032696
0.76,4.1,0.014397162264170975
0.77,4.1,0.014095154177544528
0.78,4.1,0.013796165412876416
0.79,4.1,0.013500307936868843
0.8,4.1,0.013207686158074222
0.81,4.1,0.01291839744637037
0.8200000000000001,4.1,0.012632532580425668
0.8300000000000001,4.1,0.0123501761329866
0.84,4.1,0.012071406802483009
0.85,4.1,0.011796297698297759
0.86,4.1,0.011524916586081823
0.87,4.1,0.011257326098665124
0.88,4.1,0.010993583917419798
0.89,4.1,0.010733742928320572
0.9,4.1,0.010477851356475547
0.91,4.1,0.010225952882430472
0.92,4.1,0.009978086743205241
0.93,4.1,0.009734287820711835
0.9400000000000001,4.1,0.009494586719915621
0.9500000000000001,4.1,0.00925900983887713
0.96,4.1,0.009027579432582731
0.97,4.1,0.00880031367231571
0.98,4.1,0.008577226702138726
0.99,4.1,0.008358328693900295
1.0,4.1,0.008143625902049246
1.01,4.1,0.007933120719394433
1.02,4.1,0.007726811734830291
1.03,4.1,0.007524693793941175
1.04,4.1,0.0073267580632407235
1.05,4.1,0.007132992098730577
1.06,4.1,0.006943379919335198
1.07,4.1,0.006757902085651174
1.08,4.1,0.006576535784356275
1.09,4.1,0.006399254918519226
1.1,4.1,0.006226030203935019
1.11,4.1,0.006056829271538644
1.12,4.1,0.00589161677582837
1.1300000000000001,4.1,0.00573035450915478
1.1400000000000001,4.1,0.005573001521657082
1.1500000000000001,4.1,0.005419514246526056
1.16,4.1,0.005269846630225206
1.17,4.1,0.005123950267223524
1.18,4.1,0.004981774538739498
1.19,4.1,0.004843266754954324
1.2,4.1,0.004708372300099284
1.21,4.1,0.004577034779792172
1.22,4.1,0.004449196169998684
1.23,4.1,0.004324796966938972
1.24,4.1,0.004203776337289883
1.25,4.1,0.004086072268014336
1.26,4.1,0.003971621715174434
1.27,4.1,0.0038603607510767648
1.28,4.1,0.0037522247091627704
1.29,4.1,0.0036471483260350477
1.3,4.1,0.0035450658800981662
1.31,4.1,0.003445911326291647
1.32,4.1,0.0033496184264657264
1.33,4.1,0.003256120874969586
1.34,4.1,0.003165352419093728
1.35,4.1,0.003077246974040939
1.36,4.1,0.0029917387321694157
1.37,4.1,0.0029087622662794794
1.3800000000000001,4.1,0.0028282526267871225
1.3900000000000001,4.1,0.002750145432663315
1.4000000000000001,4.1,0.0026743769560646207
1.41,4.1,0.002600884200633536
1.42,4.1,0.002529604973481326
1.43,4.1,0.002460477950909897
1.44,4.1,0.002393442737960657
1.45,4.1,0.0023284399219244997
1.46,4.1,0.0022654111199460554
1.47,4.1,0.0022042990209199696
1.48,4.1,0.0021450474218655743
1.49,4.1,0.0020876012590121417
1.5,4.1,0.002031906633815296
1.51,4.1,0.0019779108341647015
1.52,4.1,0.0019255623510259351
1.53,4.1,0.001874810890796166
1.54,4.1,0.0018256073836212569
1.55,4.1,0.0017779039879587389
1.56,4.1,0.0017316540916410149
1.57,4.1,0.0016868123097088963
1.58,4.1,0.0016433344792744064
1.59,4.1,0.0016011776516684385
1.6,4.1,0.0015603000821129223
1.61,4.1,0.001520661217161761
1.62,4.1,0.0014822216801387439
1.6300000000000001,4.1,0.0014449432547831726
1.6400000000000001,4.1,0.0014087888673219504
1.6500000000000001,4.1,0.0013737225671548751
1.6600000000000001,4.1,0.001339709506347025
1.67,4.1,0.0013067159180947957
1.68,4.1,0.001274709094336213
1.69,4.1,0.0012436573626518233
1.7,4.1,0.0012135300625972956
1.71,4.1,0.001184297521598442
1.72,4.1,0.0011559310305359208
1.73,4.1,0.001128402819112229
1.74,4.1,0.0011016860311193288
1.75,4.1,0.001075754699677836
1.76,4.1,0.0010505837225484322
1.77,4.1,0.00102614883757348
1.78,4.1,0.0010024265983275616
1.79,4.1,0.0009793943500158396
1.8,4.1,0.0009570302057002888
1.81,4.1,0.0009353130228628804
1.82,4.1,0.000914222380376554
1.83,4.1,0.0008937385558973476
1.84,4.1,0.0008738425037112548
1.85,4.1,0.0008545158330562698
1.86,4.1,0.000835740786954337
1.87,4.1,0.0008175002215447363
1.8800000000000001,4.1,0.000799777585940626
1.8900000000000001,4.1,0.0007825569026241704
1.9000000000000001,4.1,0.0007658227483766041
1.9100000000000001,4.1,0.0007495602357530101
1.92,4.1,0.0007337549950946195
1.93,4.1,0.0007183931570823992
1.94,4.1,0.0007034613358259273
1.95,4.1,0.0006889466124902677
1.96,4.1,0.0006748365194424553
1.97,4.1,0.0006611190249234784
1.98,4.1,0.0006477825182219962
1.99,4.1,0.0006348157953562308
2.0,4.1,0.0006222080452429852
2.0100000000000002,4.1,0.0006099488363498809
2.02,4.1,0.0005980281038135894
2.0300000000000002,4.1,0.0005864361370141951
2.04,4.1,0.0005751635676009657
2.05,4.1,0.0005642013579471551
2.06,4.1,0.000553540790026711
2.07,4.1,0.0005431734546968968
2.08,4.1,0.0005330912413848122
2.09,4.1,0.0005232863281511799
2.1,4.1,0.0005137511721274872
2.11,4.1,0.0005044785003087832
2.12,4.1,0.0004954613007005761
2.13,4.1,0.00048669281379623623
2.14,4.1,0.00047816652437399223
2.15,4.1,0.00046987615360784827
2.16,4.1,0.00046181565148023995
2.17,4.1,0.0004539791894783249
2.18,4.1,0.0004463611535676171
2.19,4.1,0.0004389561374274594
2.2,4.1,0.0004317589359458015
2.21,4.1,0.000424764538953731
2.22,4.1,0.00041796812518904187
2.23,4.1,0.00041136505648500896
2.24,4.1,0.00040495087216622255
2.25,4.1,0.00039872128364543634
2.2600000000000002,4.1,0.0003926721692067638
2.27,4.1,0.0003867995689691076
2.2800000000000002,4.1,0.000381099680016615
2.29,4.1,0.0003755688516828582
2.3000000000000003,4.1,0.0003702035809846229
2.31,4.1,0.0003650005081848472
2.32,4.1,0.00035995641247928123
2.33,4.1,0.0003550682077961779
2.34,4.1,0.00035033293869319643
2.35,4.1,0.0003457477763401999
2.36,4.1,0.00034131001457079243
2.37,4.1,0.0003370170660033605
2.38,4.1,0.00033286645820238025
2.39,4.1,0.0003288558298658698
2.4,4.1,0.0003249829270322423
2.41,4.1,0.00032124559928543823
2.42,4.1,0.00031764179593494097
2.43,4.1,0.0003141695621615175
2.44,4.1,0.0003108270351003467
2.45,4.1,0.00030761243984571516
2.46,4.1,0.0003045240853436085
2.47,4.1,0.00030156036015974066
2.48,4.1,0.0002987197280860743
2.49,4.1,0.00029600072355865606
2.5,4.1,0.0002934019468556294
2.5100000000000002,4.1,0.00029092205903073575
2.52,4.1,0.0002885597765617019
2.5300000000000002,4.1,0.00028631386565810456
2.54,4.1,0.0002841831361871163
2.5500000000000003,4.1,0.00028216643515686945
2.56,4.1,0.0002802626397266666
2.57,4.1,0.00027847064966102697
2.58,4.1,0.0002767893791731442
2.59,4.1,0.0002752177480880048
2.6,4.1,0.00027375467224145003
2.61,4.1,0.00027239905304030955
2.62,4.1,0.000271149766089968
2.63,4.1,0.00027000564878196167
2.64,4.1,0.0002689654867419118
2.65,4.1,0.000268027999029377
2.66,4.1,0.00026719182195275836
2.67,4.1,0.00026645549137097475
2.68,4.1,0.00026581742334476046
2.69,4.1,0.0002652758929941224
2.7,4.1,0.00026482901140487884
2.71,4.1,0.0002644747004402435
2.72,4.1,0.000264210665295819
2.73,4.1,0.00026403436467018154
2.74,4.1,0.0002639429784237993
2.75,4.1,0.0002639333726424969
2.7600000000000002,4.1,0.00026400206206962916
2.77,4.1,0.00026414516994911525
2.7800000000000002,4.1,0.00026435838544130617
2.79,4.1,0.00026463691894429046
2.8000000000000003,4.1,0.00026497545588131813
2.81,4.1,0.00026536810986320353
2.82,4.1,0.00026580837659739517
2.83,4.1,0.00026628909056828633
2.84,4.1,0.0002668023874063689
2.85,4.1,0.00026733967612784665
2.86,4.1,0.0002678916270879397
2.87,4.1,0.00026844818386842815
2.88,4.1,0.00026899861047193445
2.89,4.1,0.0002695315895745688
2.9,4.1,0.0002700353935381246
2.91,4.1,0.00027049815798971163
2.92,4.1,0.00027090829883963174
2.93,4.1,0.00027125512868372164
2.94,4.1,0.00027152974905493153
2.95,4.1,0.00027172632297468207
2.96,4.1,0.0002718438703013876
2.97,4.1,0.0002718887802584403
2.98,4.1,0.00027187830614644075
2.99,4.1,0.0002718454034289848
3.0,4.1,0.0002718454034289848
0.0,4.2,0.0
0.01,4.2,0.0009792092861260395
0.02,4.2,0.0019572464759199807
0.03,4.2,0.002932688296382359
0.04,4.2,0.0039041693621065304
0.05,4.2,0.004870322918794359
0.06,4.2,0.005829771565351531
0.07,4.2,0.006781123029613076
0.08,4.2,0.007722966953989267
0.09,4.2,0.008653871809657649
0.1,4.2,0.009572381691664831
0.11,4.2,0.01047701295618437
0.12,4.2,0.01136625076995497
0.13,4.2,0.012238545726630598
0.14,4.2,0.01309231076806318
0.15,4.2,0.013925918737263496
0.16,4.2,0.014737700984010033
0.17,4.2,0.015525947539348743
0.18,4.2,0.016288909462829362
0.19,4.2,0.017024804033443898
0.2,4.2,0.017731823485203357
0.21,4.2,0.018408147961725914
0.22,4.2,0.01905196326131355
0.23,4.2,0.019661483747955934
0.24,4.2,0.020234980505192804
0.25,4.2,0.020770814412165387
0.26,4.2,0.02126747334443353
0.27,4.2,0.02172361218558452
0.28,4.2,0.02213809383628499
0.29,4.2,0.022510028994389218
0.3,4.2,0.022838812224152755
0.31,4.2,0.023124151794685632
0.32,4.2,0.023366090983116553
0.33,4.2,0.023565019007527777
0.34,4.2,0.023721670440531997
0.35000000000000003,4.2,0.023837112783271434
0.36,4.2,0.02391272275437251
0.37,4.2,0.023950152664455535
0.38,4.2,0.023951288909926403
0.39,4.2,0.023918205061882348
0.4,4.2,0.02385311221391963
0.41000000000000003,4.2,0.023758309190737438
0.42,4.2,0.023636134944025087
0.43,4.2,0.023488925031515367
0.44,4.2,0.023318973557315627
0.45,4.2,0.023128501412677943
0.46,4.2,0.0229196311515845
0.47000000000000003,4.2,0.02269436840426408
0.48,4.2,0.02245458939628879
0.49,4.2,0.022202033907891418
0.5,4.2,0.021938302872085966
0.51,4.2,0.021664859757529773
0.52,4.2,0.021383034895153877
0.53,4.2,0.021094031967707354
0.54,4.2,0.020798935971275207
0.55,4.2,0.020498722062808866
0.56,4.2,0.020194264816381532
0.5700000000000001,4.2,0.01988634751504147
0.58,4.2,0.019575671199527574
0.59,4.2,0.019262863276906524
0.6,4.2,0.01894848556027781
0.61,4.2,0.018633041665353133
0.62,4.2,0.018316983732030154
0.63,4.2,0.018000718470522543
0.64,4.2,0.0176846125539297
0.65,4.2,0.01736899739399918
0.66,4.2,0.017054173345871115
0.67,4.2,0.016740413392197947
0.68,4.2,0.016427966358321392
0.6900000000000001,4.2,0.016117059709234813
0.7000000000000001,4.2,0.015807901976551526
0.71,4.2,0.015500684860260617
0.72,4.2,0.015195585046123653
0.73,4.2,0.014892765775459647
0.74,4.2,0.014592378200011767
0.75,4.2,0.014294562550717324
0.76,4.2,0.01399944914562089
0.77,4.2,0.01370715925889547
0.78,4.2,0.013417805870029317
0.79,4.2,0.013131494309635991
0.8,4.2,0.012848322816100207
0.81,4.2,0.012568383015297217
0.8200000000000001,4.2,0.012291760333925907
0.8300000000000001,4.2,0.012018534355545797
0.84,4.2,0.01174877912716884
0.85,4.2,0.011482563423185035
0.86,4.2,0.011219950972517627
0.87,4.2,0.010961000654123709
0.88,4.2,0.010705766665325576
0.89,4.2,0.01045429866689382
0.9,4.2,0.010206641908347861
0.91,4.2,0.009962837336539009
0.92,4.2,0.00972292169023818
0.93,4.2,0.009486927583174562
0.9400000000000001,4.2,0.009254883577699194
0.9500000000000001,4.2,0.009026814251052475
0.96,4.2,0.008802740255988168
0.97,4.2,0.008582678377367781
0.98,4.2,0.008366641586175835
0.99,4.2,0.00815463909224902
1.0,4.2,0.00794667639689685
1.01,4.2,0.007742755346463512
1.02,4.2,0.007542874187766759
1.03,4.2,0.0073470276262397405
1.04,4.2,0.007155206887471879
1.05,4.2,0.006967399782773546
1.06,4.2,0.006783590779266164
1.07,4.2,0.006603761074896424
1.08,4.2,0.006427888678686626
1.09,4.2,0.006255948496436711
1.1,4.2,0.006087912421984272
1.11,4.2,0.0059237494340680956
1.12,4.2,0.005763425698728921
1.1300000000000001,4.2,0.0056069046771079715
1.1400000000000001,4.2,0.005454147238439433
1.1500000000000001,4.2,0.00530511177794503
1.16,4.2,0.005159754339282285
1.17,4.2,0.0050180287411395385
1.18,4.2,0.00487988670751871
1.19,4.2,0.004745278001204141
1.2,4.2,0.0046141505598728694
1.21,4.2,0.0044864506342733685
1.22,4.2,0.004362122927900158
1.23,4.2,0.004241110737538915
1.24,4.2,0.004123356094090253
1.25,4.2,0.0040087999030549186
1.26,4.2,0.0038973820840919925
1.27,4.2,0.003789041709049879
1.28,4.2,0.0036837171379333587
1.29,4.2,0.0035813461522445694
1.3,4.2,0.0034818660852169144
1.31,4.2,0.0033852139484597636
1.32,4.2,0.0032913265545983076
1.33,4.2,0.0032001406355108837
1.34,4.2,0.0031115929558293426
1.35,4.2,0.0030256204213982636
1.36,4.2,0.0029421601824530692
1.37,4.2,0.0028611497313004814
1.3800000000000001,4.2,0.002782526994352289
1.3900000000000001,4.2,0.0027062304183917752
1.4000000000000001,4.2,0.0026321990509980387
1.41,4.2,0.0025603726151066965
1.42,4.2,0.002490691577704448
1.43,4.2,0.0024230972127074943
1.44,4.2,0.002357531658096713
1.45,4.2,0.002293937967423875
1.46,4.2,0.002232260155811814
1.47,4.2,0.002172443240616918
1.48,4.2,0.002114433276925167
1.49,4.2,0.0020581773880899634
1.5,4.2,0.0020036237915069892
1.51,4.2,0.0019507218198664637
1.52,4.2,0.0018994219381013046
1.53,4.2,0.0018496757562845333
1.54,4.2,0.0018014360387026123
1.55,4.2,0.0017546567093714952
1.56,4.2,0.0017092928542200069
1.57,4.2,0.0016653007201929539
1.58,4.2,0.0016226377115154385
1.59,4.2,0.0015812623833488717
1.6,4.2,0.0015411344330690231
1.61,4.2,0.0015022146893876273
1.62,4.2,0.0014644650995292465
1.6300000000000001,4.2,0.0014278487146647493
1.6400000000000001,4.2,0.0013923296738026188
1.6500000000000001,4.2,0.0013578731863129012
1.6600000000000001,4.2,0.001324445513274492
1.67,4.2,0.0012920139477935442
1.68,4.2,0.0012605467944510214
1.69,4.2,0.0012300133480308843
1.7,4.2,0.0012003838716587094
1.71,4.2,0.0011716295744697714
1.72,4.2,0.0011437225889308108
1.73,4.2,0.0011166359479069894
1.74,4.2,0.001090343561591578
1.75,4.2,0.001064820194355439
1.76,4.2,0.0010400414416243098
1.77,4.2,0.0010159837068370097
1.78,4.2,0.0009926241785617642
1.79,4.2,0.000969940807808419
1.8,4.2,0.0009479122856164754
1.81,4.2,0.0009265180209305236
1.82,4.2,0.0009057381188253739
1.83,4.2,0.0008855533591016421
1.84,4.2,0.0008659451752920203
1.85,4.2,0.0008468956340867341
1.86,4.2,0.0008283874152220275
1.87,4.2,0.0008104037918200421
1.8800000000000001,4.2,0.0007929286112102312
1.8900000000000001,4.2,0.0007759462762389958
1.9000000000000001,4.2,0.0007594417270743967
1.9100000000000001,4.2,0.0007434004235077848
1.92,4.2,0.000727808327758226
1.93,4.2,0.0007126518877754278
1.94,4.2,0.0006979180210431483
1.95,4.2,0.0006835940988831572
1.96,4.2,0.0006696679312430238
1.97,4.2,0.0006561277519800078
1.98,4.2,0.0006429622046111225
1.99,4.2,0.0006301603285428067
2.0,4.2,0.0006177115457620456
2.0100000000000002,4.2,0.0006056056479785691
2.02,4.2,0.0005938327842086047
2.0300000000000002,4.2,0.000582383448794419
2.04,4.2,0.000571248469845751
2.05,4.2,0.000560418998090876
2.06,4.2,0.0005498864961299484
2.07,4.2,0.0005396427280719158
2.08,4.2,0.0005296797495560477
2.09,4.2,0.0005199898981348335
2.1,4.2,0.0005105657840118621
2.11,4.2,0.0005014002811190501
2.12,4.2,0.0004924865185340657
2.13,4.2,0.0004838178722127425
2.14,4.2,0.0004753879570269533
2.15,4.2,0.0004671906191040888
2.16,4.2,0.0004592199284556212
2.17,4.2,0.000451470171876554
2.18,4.2,0.00044393584611210227
2.19,4.2,0.0004366116512749142
2.2,4.2,0.00042949248450980317
2.21,4.2,0.00042257343389274187
2.22,4.2,0.00041584977254821055
2.23,4.2,0.0004093169529811742
2.24,4.2,0.0004029706016092281
2.25,4.2,0.0003968065134845983
2.2600000000000002,4.2,0.000390820647197446
2.27,4.2,0.00038500911995507323
2.2800000000000002,4.2,0.00037936820281638987
2.29,4.2,0.0003738943160734469
2.3000000000000003,4.2,0.0003685840247750175
2.31,4.2,0.0003634340343772744
2.32,4.2,0.00035844118651173377
2.33,4.2,0.00035360245485559834
2.34,4.2,0.00034891494109526343
2.35,4.2,0.00034437587097177686
2.36,4.2,0.00033998259038869514
2.37,4.2,0.00033573256158613983
2.38,4.2,0.00033162335934395446
2.39,4.2,0.00032765266721502574
2.4,4.2,0.00032381827376639526
2.41,4.2,0.0003201180688155442
2.42,4.2,0.0003165500396377604
2.43,4.2,0.0003131122671355229
2.44,4.2,0.00030980292194155595
2.45,4.2,0.00030662026043950104
2.46,4.2,0.0003035626206702833
2.47,4.2,0.0003006284181052547
2.48,4.2,0.00029781614126147605
2.49,4.2,0.00029512434712389654
2.5,4.2,0.0002925516563451299
2.5100000000000002,4.2,0.0002900967481815463
2.52,4.2,0.00028775835514244024
2.5300000000000002,4.2,0.0002855352572986229
2.54,4.2,0.00028342627620982555
2.5500000000000003,4.2,0.00028143026841417456
2.56,4.2,0.0002795461184446588
2.57,4.2,0.0002777727312971293
2.58,4.2,0.0002761090242929535
2.59,4.2,0.0002745539182683259
2.6,4.2,0.00027310632801177384
2.61,4.2,0.00027176515187343016
2.62,4.2,0.00027052926045839876
2.63,4.2,0.00026939748429853356
2.64,4.2,0.00026836860040534675
2.65,4.2,0.00026744131760039676
2.66,4.2,0.00026661426049311593
2.67,4.2,0.0002658859519801379
2.68,4.2,0.0002652547941335943
2.69,4.2,0.0002647190473443492
2.7,4.2,0.0002642768075691003
2.71,4.2,0.00026392598154317907
2.72,4.2,0.00026366425981061225
2.73,4.2,0.000263489087448933
2.74,4.2,0.0002633976323723767
2.75,4.2,0.00026338675114348964
2.7600000000000002,4.2,0.00026345295226584925
2.77,4.2,0.000263592357016283
2.7800000000000002,4.2,0.00026380065798471415
2.79,4.2,0.0002640730756735337
2.8000000000000003,4.2,0.0002644043137244138
2.81,4.2,0.00026478851369114725
2.82,4.2,0.0002652192107372948
2.83,4.2,0.0002656892922807257
2.84,4.2,0.00026619096250160123
2.85,4.2,0.0002667157168701776
2.86,4.2,0.00026725433250633814
2.87,4.2,0.000267796882530077
2.88,4.2,0.00026833278568708964
2.89,4.2,0.0002688509068616865
2.9,4.2,0.0002693397299775829
2.91,4.2,0.0002697876328200279
2.92,4.2,0.00027018330424347943
2.93,4.2,0.0002705163591618562
2.94,4.2,0.0002707782270253638
2.95,4.2,0.0002709634171890998
2.96,4.2,0.0002710713022519739
2.97,4.2,0.00027110861181927373
2.98,4.2,0.0002710928990848867
2.99,4.2,0.00027105733791126326
3.0,4.2,0.00027105733791126326
0.0,4.3,0.0
0.01,4.3,0.0009600049539207441
0.02,4.3,0.0019188616229471362
0.03,4.3,0.002875174609464072
0.04,4.3,0.003827604654259704
0.05,4.3,0.004774810171042841
0.06,4.3,0.005715437810694832
0.07,4.3,0.006648117966346702
0.08,4.3,0.007571461237656554
0.09,4.3,0.00848405498637787
0.1,4.3,0.00938445974362629
0.11,4.3,0.010271205440996535
0.12,4.3,0.01114278755242586
0.13,4.3,0.011997663326297904
0.14,4.3,0.01283424837982989
0.15,4.3,0.013650914026480544
0.16,4.3,0.014445985810997557
0.17,4.3,0.015217743829796616
0.18,4.3,0.015964425505842532
0.19,4.3,0.016684231551718304
0.2,4.3,0.017375335872763423
0.21,4.3,0.01803590011225186
0.22,4.3,0.018664093401426923
0.23,4.3,0.019258117632561134
0.24,4.3,0.0198162382169624
0.25,4.3,0.020336819831768223
0.26,4.3,0.020818366128710616
0.27,4.3,0.02125956182531459
0.28,4.3,0.021659315092150647
0.29,4.3,0.022016797766098082
0.3,4.3,0.02233148073282373
0.31,4.3,0.02260316188728446
0.32,4.3,0.022831984422252004
0.33,4.3,0.023018443794363488
0.34,4.3,0.023163382516310133
0.35000000000000003,4.3,0.023267972830566693
0.36,4.3,0.023333688224672515
0.37,4.3,0.023362265542052785
0.38,4.3,0.023355660036981345
0.39,4.3,0.02331599606262828
0.4,4.3,0.023245516151708442
0.41000000000000003,4.3,0.023146531072464744
0.42,4.3,0.023021373070096
0.43,4.3,0.02287235400348379
0.44,4.3,0.022701729531076423
0.45,4.3,0.02251166995251339
0.46,4.3,0.022304237823858677
0.47000000000000003,4.3,0.02208137206608635
0.48,4.3,0.021844877993114017
0.49,4.3,0.02159642249707428
0.5,4.3,0.02133753353393523
0.51,4.3,0.02106960303518325
0.52,4.3,0.020793892411797705
0.53,4.3,0.02051153989625971
0.54,4.3,0.020223569070273076
0.55,4.3,0.019930898036753096
0.56,4.3,0.019634348804487223
0.5700000000000001,4.3,0.019334656555879712
0.58,4.3,0.019032478558316857
0.59,4.3,0.018728402556103686
0.6,4.3,0.01842295454225733
0.61,4.3,0.018116605858493277
0.62,4.3,0.01780977960891665
0.63,4.3,0.017502856399884206
0.64,4.3,0.017196179437064186
0.65,4.3,0.016890059022524027
0.66,4.3,0.0165847765013116
0.67,4.3,0.01628058770977283
0.68,4.3,0.015977725977789674
0.6900000000000001,4.3,0.015676404735232814
0.7000000000000001,4.3,0.015376819769776942
0.71,4.3,0.015079151179401607
0.72,4.3,0.014783565058770175
0.73,4.3,0.014490214954488068
0.74,4.3,0.014199243120210597
0.75,4.3,0.013910781598761095
0.76,4.3,0.013624953154962401
0.77,4.3,0.013341872079731714
0.78,4.3,0.013061644883220315
0.79,4.3,0.01278437089232152
0.8,4.3,0.012510142765748996
0.81,4.3,0.012239046938037948
0.8200000000000001,4.3,0.011971164002238036
0.8300000000000001,4.3,0.011706569039712006
0.84,4.3,0.011445331904299572
0.85,4.3,0.01118751746711944
0.86,4.3,0.010933185827456645
0.87,4.3,0.010682392494465821
0.88,4.3,0.010435188543832455
0.89,4.3,0.01019162075301421
0.9,4.3,0.009951731718274563
0.91,4.3,0.009715559956330791
0.92,4.3,0.009483139993144058
0.93,4.3,0.009254502442101917
0.9400000000000001,4.3,0.009029674073607146
0.9500000000000001,4.3,0.008808677877895249
0.96,4.3,0.008591533122708687
0.97,4.3,0.008378255407314562
0.98,4.3,0.008168856714191397
0.99,4.3,0.007963345459590617
1.0,4.3,0.0077617265440526086
1.01,4.3,0.0075640014038424646
1.02,4.3,0.007370168064158104
1.03,4.3,0.007180221194877291
1.04,4.3,0.0069941521694786455
1.05,4.3,0.006811949127702039
1.06,4.3,0.006633597042412955
1.07,4.3,0.006459077791032363
1.08,4.3,0.006288370231810003
1.09,4.3,0.0061214502851397005
1.1,4.3,0.005958291020009902
1.11,4.3,0.00579886274562855
1.12,4.3,0.005643133108155342
1.1300000000000001,4.3,0.005491067192413668
1.1400000000000001,4.3,0.005342627628392915
1.1500000000000001,4.3,0.005197774702265828
1.16,4.3,0.005056466471607779
1.17,4.3,0.004918658884437142
1.18,4.3,0.004784305901655365
1.19,4.3,0.0046533596224285064
1.2,4.3,0.004525770412008496
1.21,4.3,0.004401487031466039
1.22,4.3,0.004280456768812118
1.23,4.3,0.004162625570932683
1.24,4.3,0.00404793817579025
1.25,4.3,0.003936338244331725
1.26,4.3,0.003827768491559131
1.27,4.3,0.0037221708162030916
1.28,4.3,0.0036194864285146347
1.29,4.3,0.003519655975651379
1.3,4.3,0.0034226196642169176
1.31,4.3,0.003328317379503954
1.32,4.3,0.003236688801058167
1.33,4.3,0.003147673514193411
1.34,4.3,0.0030612111171419575
1.35,4.3,0.0029772413235593037
1.36,4.3,0.002895704060157064
1.37,4.3,0.0028165395592564127
1.3800000000000001,4.3,0.0027396884461189405
1.3900000000000001,4.3,0.002665091820938786
1.4000000000000001,4.3,0.002592691335418411
1.41,4.3,0.0025224292639056604
1.42,4.3,0.002454248569077676
1.43,4.3,0.0023880929622140867
1.44,4.3,0.002323906958119711
1.45,4.3,0.002261635924796828
1.46,4.3,0.0022012261279679094
1.47,4.3,0.002142624770606861
1.48,4.3,0.0020857800276271933
1.49,4.3,0.002030641075912996
1.5,4.3,0.001977158119872696
1.51,4.3,0.0019252824127288925
1.52,4.3,0.0018749662737441819
1.53,4.3,0.0018261631016162898
1.54,4.3,0.001778827384248585
1.55,4.3,0.0017329147051389946
1.56,4.3,0.0016883817465925405
1.57,4.3,0.0016451862899961843
1.58,4.3,0.0016032872133750057
1.59,4.3,0.001562644486441131
1.6,4.3,0.0015232191633522997
1.61,4.3,0.0014849733733861327
1.62,4.3,0.001447870309727772
1.6300000000000001,4.3,0.0014118742165585866
1.6400000000000001,4.3,0.0013769503746319466
1.6500000000000001,4.3,0.0013430650855062996
1.6600000000000001,4.3,0.0013101856546073268
1.67,4.3,0.001278280373266014
1.68,4.3,0.0012473184998812203
1.69,4.3,0.001217270240345651
1.7,4.3,0.0011881067278607968
1.71,4.3,0.0011598000022591554
1.72,4.3,0.0011323229889492771
1.73,4.3,0.0011056494775699645
1.74,4.3,0.0010797541004673344
1.75,4.3,0.0010546123110533514
1.76,4.3,0.0010302003621480498
1.77,4.3,0.0010064952843551365
1.78,4.3,0.000983474864551952
1.79,4.3,0.0009611176245287547
1.8,4.3,0.0009394027998515701
1.81,4.3,0.0009183103189666069
1.82,4.3,0.0008978207826082432
1.83,4.3,0.0008779154435298134
1.84,4.3,0.0008585761865953328
1.85,4.3,0.0008397855092452119
1.86,4.3,0.0008215265023771938
1.87,4.3,0.0008037828316376323
1.8800000000000001,4.3,0.000786538719148825
1.8900000000000001,4.3,0.0007697789256840304
1.9000000000000001,4.3,0.0007534887332953825
1.9100000000000001,4.3,0.000737653928400658
1.92,4.3,0.0007222607853326625
1.93,4.3,0.0007072960503526637
1.94,4.3,0.0006927469261272611
1.95,4.3,0.000678601056672335
1.96,4.3,0.0006648465127509368
1.97,4.3,0.0006514717777304476
1.98,4.3,0.0006384657338830823
1.99,4.3,0.0006258176491327397
2.0,4.3,0.0006135171642398513
2.0100000000000002,4.3,0.0006015542804072057
2.02,4.3,0.0005899193473110487
2.0300000000000002,4.3,0.0005786030515340274
2.04,4.3,0.0005675964054030995
2.05,4.3,0.0005568907362188456
2.06,4.3,0.0005464776758614421
2.07,4.3,0.0005363491507647329
2.08,4.3,0.000526497372257379
2.09,4.3,0.0005169148272461348
2.1,4.3,0.0005075942692393876
2.11,4.3,0.0004985287096944031
2.12,4.3,0.0004897114096896238
2.13,4.3,0.00048113587189726684
2.14,4.3,0.0004727958328507308
2.15,4.3,0.0004646852554990528
2.16,4.3,0.0004567983220390062
2.17,4.3,0.000449129427009179
2.18,4.3,0.0004416731706360836
2.19,4.3,0.0004344243524253891
2.2,4.3,0.00042737796498987506
2.21,4.3,0.00042052918809825165
2.22,4.3,0.00041387338293741223
2.23,4.3,0.0004074060865805334
2.24,4.3,0.0004011230066445175
2.25,4.3,0.0003950200161357
2.2600000000000002,4.3,0.00038909314846458196
2.27,4.3,0.0003833385926281122
2.2800000000000002,4.3,0.0003777526885428007
2.29,4.3,0.00037233192251993354
2.3000000000000003,4.3,0.00036707292287650983
2.31,4.3,0.00036197245566376677
2.32,4.3,0.00035702742050613035
2.33,4.3,0.0003522348465432106
2.34,4.3,0.00034759188845473666
2.35,4.3,0.0003430958225637182
2.36,4.3,0.0003387440429960419
2.37,4.3,0.00033453405790007546
2.38,4.3,0.0003304634856963088
2.39,4.3,0.00032653005134344046
2.4,4.3,0.0003227315826150709
2.41,4.3,0.0003190660063654572
2.42,4.3,0.00031553134476171264
2.43,4.3,0.0003121257114738704
2.44,4.3,0.0003088473077951803
2.45,4.3,0.0003056944186767564
2.46,4.3,0.00030266540864257613
2.47,4.3,0.0002997587175757847
2.48,4.3,0.0002969728563370019
2.49,4.3,0.0002943064021909396
2.5,4.3,0.0002917579940090593
2.5100000000000002,4.3,0.0002893263272064346
2.52,4.3,0.00028701014839308545
2.5300000000000002,4.3,0.0002848082496848955
2.54,4.3,0.0002827194626342229
2.5500000000000003,4.3,0.00028074265172566183
2.56,4.3,0.0002788767074023099
2.57,4.3,0.0002771205385483261
2.58,4.3,0.0002754730643729514
2.59,4.3,0.0002739332056296221
2.6,4.3,0.00027249987509142645
2.61,4.3,0.00027117196721465105
2.62,4.3,0.00026994834689946054
2.63,4.3,0.00026882783724723527
2.64,4.3,0.000267809206220626
2.65,4.3,0.00026689115210685646
2.66,4.3,0.00026607228765611395
2.67,4.3,0.0002653511227784834
2.68,4.3,0.00026472604566829983
2.69,4.3,0.00026419530222964485
2.7,4.3,0.0002637569736576964
2.71,4.3,0.0002634089520475738
2.72,4.3,0.00026314891388618385
2.73,4.3,0.00026297429131735676
2.74,4.3,0.0002628822410732185
2.75,4.3,0.00026286961100949907
2.7600000000000002,4.3,0.0002629329042316731
2.77,4.3,0.0002630682408790205
2.7800000000000002,4.3,0.00026327131774987793
2.79,4.3,0.0002635373661271276
2.8000000000000003,4.3,0.0002638611083858829
2.81,4.3,0.0002642367143060744
2.82,4.3,0.000264657758477565
2.83,4.3,0.0002651171808194445
2.84,4.3,0.00026560725312041146
2.85,4.3,0.0002661195557397851
2.86,4.3,0.0002666449702453325
2.87,4.3,0.0002671736960913768
2.88,4.3,0.0002676953025308701
2.89,4.3,0.0002681988312454628
2.9,4.3,0.00026867297100471
2.91,4.3,0.00026910633361370764
2.92,4.3,0.0002694878712372371
2.93,4.3,0.00026980748997242087
2.94,4.3,0.00027005693464676896
2.95,4.3,0.00027023104725400253
2.96,4.3,0.0002703295387597064
2.97,4.3,0.00027035946489209554
2.98,4.3,0.0002703386658429131
2.99,4.3,0.0002703005242118545
3.0,4.3,0.0002703005242118545
0.0,4.4,0.0
0.01,4.4,0.0009414533853353619
0.02,4.4,0.0018817828888614261
0.03,4.4,0.0028196216670867713
0.04,4.4,0.0037536572032128212
0.05,4.4,0.00468257363899529
0.06,4.4,0.005605042163812363
0.07,4.4,0.006519716228047192
0.08,4.4,0.0074252276626936425
0.09,4.4,0.008320182851435537
0.1,4.4,0.009203158724645182
0.11,4.4,0.010072698559947198
0.12,4.4,0.010927307695465118
0.13,4.4,0.01176544936321349
0.14,4.4,0.012585540952765699
0.15,4.4,0.01338595112470374
0.16,4.4,0.01416499830723294
0.17,4.4,0.014920951219912904
0.18,4.4,0.015652032162510054
0.19,4.4,0.016356423866343322
0.2,4.4,0.017032280707906907
0.21,4.4,0.017677745005954353
0.22,4.4,0.018290968941579385
0.23,4.4,0.018870142341377266
0.24,4.4,0.01941352614502986
0.25,4.4,0.01991949085839421
0.26,4.4,0.02038655871149257
0.27,4.4,0.020813447660315353
0.28,4.4,0.021199114870749738
0.29,4.4,0.021542796986118832
0.3,4.4,0.021844044380103886
0.31,4.4,0.022102746781200812
0.32,4.4,0.02231914813046519
0.33,4.4,0.022493849263024883
0.34,4.4,0.022627797905626714
0.35000000000000003,4.4,0.022722266448293817
0.36,4.4,0.022778818859009085
0.37,4.4,0.022799268858470962
0.38,4.4,0.022785631978562038
0.39,4.4,0.02274007435473827
0.4,4.4,0.022664861052562775
0.41000000000000003,4.4,0.022562306442065555
0.42,4.4,0.022434728675100008
0.43,4.4,0.02228440976561416
0.44,4.4,0.02211356219363477
0.45,4.4,0.021924302411320318
0.46,4.4,0.021718631166634212
0.47000000000000003,4.4,0.021498420200894208
0.48,4.4,0.02126540462750721
0.49,4.4,0.02102118015429418
0.5,4.4,0.020767204255989054
0.51,4.4,0.02050480041752454
0.52,4.4,0.020235164632493894
0.53,4.4,0.019959373436121898
0.54,4.4,0.01967839286265123
0.55,4.4,0.01939308783114568
0.56,4.4,0.019104231572798037
0.5700000000000001,4.4,0.018812514811415045
0.58,4.4,0.018518554493912775
0.59,4.4,0.018222901938417066
0.6,4.4,0.01792605032417914
0.61,4.4,0.017628441491195516
0.62,4.4,0.017330472049821428
0.63,4.4,0.01703249882352796
0.64,4.4,0.016734843663151564
0.65,4.4,0.016437797680111478
0.66,4.4,0.016141624950638415
0.67,4.4,0.015846565744290116
0.68,4.4,0.015552839328871712
0.6900000000000001,4.4,0.015260646401229427
0.7000000000000001,4.4,0.014970171189755854
0.71,4.4,0.014681583270346476
0.72,4.4,0.014395039133280742
0.73,4.4,0.014110683534301642
0.74,4.4,0.01382865065918143
0.75,4.4,0.013549065127347933
0.76,4.4,0.013272042856817379
0.77,4.4,0.012997691809659496
0.78,4.4,0.01272611263458882
0.79,4.4,0.012457399220952903
0.8,4.4,0.01219163917639498
0.81,4.4,0.011928914238736344
0.8200000000000001,4.4,0.011669300631132622
0.8300000000000001,4.4,0.01141286936830317
0.84,4.4,0.01115968652056583
0.85,4.4,0.010909813441481772
0.86,4.4,0.010663306964150965
0.87,4.4,0.010420219570536904
0.88,4.4,0.010180599537659204
0.89,4.4,0.009944491064010191
0.9,4.4,0.009711934379158866
0.91,4.4,0.009482965839165879
0.92,4.4,0.009257618010143973
0.93,4.4,0.009035919742044833
0.9400000000000001,4.4,0.008817896234542221
0.9500000000000001,4.4,0.008603569096701808
0.96,4.4,0.008392956401931398
0.97,4.4,0.008186072739591323
0.98,4.4,0.00798292926449699
0.99,4.4,0.007783533745415801
1.0,4.4,0.00758789061356085
1.01,4.4,0.007396001011969702
1.02,4.4,0.007207862846553698
1.03,4.4,0.0070234708395228345
1.04,4.4,0.006842816585766182
1.05,4.4,0.006665888612711419
1.06,4.4,0.006492672444088476
1.07,4.4,0.0063231506679231496
1.08,4.4,0.006157303009018358
1.09,4.4,0.0059951064061026715
1.1,4.4,0.005836535093730092
1.11,4.4,0.005681560688963569
1.12,4.4,0.005530152282778795
1.1300000000000001,4.4,0.005382276536070448
1.1400000000000001,4.4,0.005237897780085041
1.1500000000000001,4.4,0.0050969781210279804
1.16,4.4,0.004959477548553277
1.17,4.4,0.004825354047787819
1.18,4.4,0.004694563714502472
1.19,4.4,0.004567060873008339
1.2,4.4,0.004442798196315775
1.21,4.4,0.00432172682807238
1.22,4.4,0.004203796505799375
1.23,4.4,0.004088955684896115
1.24,4.4,0.003977151662912671
1.25,4.4,0.0038683307035693826
1.26,4.4,0.0037624381600256515
1.27,4.4,0.003659418596884882
1.28,4.4,0.0035592159104849775
1.29,4.4,0.0034617734469882364
1.3,4.4,0.003367034117863827
1.31,4.4,0.003274940512347114
1.32,4.4,0.0031854350065192013
1.33,4.4,0.0030984598686598303
1.34,4.4,0.003013957360581848
1.35,4.4,0.002931869834680271
1.36,4.4,0.0028521398264815647
1.37,4.4,0.0027747101424979654
1.3800000000000001,4.4,0.002699523943248573
1.3900000000000001,4.4,0.0026265248213311943
1.4000000000000001,4.4,0.0025556568744717185
1.41,4.4,0.0024868647735161505
1.42,4.4,0.002420093825352575
1.43,4.4,0.0023552900307910215
1.44,4.4,0.0022924001374507587
1.45,4.4,0.002231371687745184
1.46,4.4,0.0021721530620474228
1.47,4.4,0.002114693517176402
1.48,4.4,0.0020589432203384998
1.49,4.4,0.0020048532786911353
1.5,4.4,0.0019523757646864818
1.51,4.4,0.0019014637373940117
1.52,4.4,0.0018520712599802442
1.53,4.4,0.0018041534135586116
1.54,4.4,0.0017576663075973779
1.55,4.4,0.0017125670871127865
1.56,4.4,0.0016688139368305542
1.57,4.4,0.0016263660825380326
1.58,4.4,0.001585183789831379
1.59,4.4,0.001545228360451988
1.6,4.4,0.0015064621264151306
1.61,4.4,0.001468848442121104
1.62,4.4,0.0014323516746329544
1.6300000000000001,4.4,0.0013969371922962909
1.6400000000000001,4.4,0.0013625713518819102
1.6500000000000001,4.4,0.0013292214844050085
1.6600000000000001,4.4,0.0012968558797812042
1.67,4.4,0.0012654437704622467
1.68,4.4,0.0012349553141951964
1.69,4.4,0.0012053615760291411
1.7,4.4,0.001176634509697441
1.71,4.4,0.0011487469384782796
1.72,4.4,0.0011216725356553406
1.73,4.4,0.0010953858046577134
1.74,4.4,0.001069862058983105
1.75,4.4,0.0010450774019670707
1.76,4.4,0.0010210087064947144
1.77,4.4,0.0009976335947118609
1.78,4.4,0.0009749304178019316
1.79,4.4,0.0009528782358646715
1.8,4.4,0.0009314567979810357
1.81,4.4,0.0009106465224740202
1.82,4.4,0.0008904284774265346
1.83,4.4,0.0008707843614787643
1.84,4.4,0.0008516964849450333
1.85,4.4,0.0008331477512583443
1.86,4.4,0.0008151216387887092
1.87,4.4,0.0007976021830309824
1.8800000000000001,4.4,0.0007805739591879025
1.8900000000000001,4.4,0.0007640220651604358
1.9000000000000001,4.4,0.0007479321049542779
1.9100000000000001,4.4,0.0007322901725091088
1.92,4.4,0.000717082835952521
1.93,4.4,0.0007022971222854875
1.94,4.4,0.0006879205024966714
1.95,4.4,0.0006739408771130258
1.96,4.4,0.0006603465621729093
1.97,4.4,0.0006471262756314287
1.98,4.4,0.0006342691241770355
1.99,4.4,0.00062176459047347
2.0,4.4,0.0006096025208079174
2.0100000000000002,4.4,0.000597773113142849
2.02,4.4,0.000586266905561691
2.0300000000000002,4.4,0.0005750747651006534
2.04,4.4,0.0005641878769634111
2.05,4.4,0.0005535977341039258
2.06,4.4,0.0005432961271722466
2.07,4.4,0.000533275134806952
2.08,4.4,0.0005235271142782702
2.09,4.4,0.0005140446924564292
2.1,4.4,0.0005048207571065113
2.11,4.4,0.0004958484484901326
2.12,4.4,0.0004871211512803006
2.13,4.4,0.00047863248676338876
2.14,4.4,0.0004703763053220534
2.15,4.4,0.0004623466791936278
2.16,4.4,0.0004545378954960356
2.17,4.4,0.0004469444495026459
2.18,4.4,0.0004395610381625941
2.19,4.4,0.00043238255385345413
2.2,4.4,0.0004254040783611887
2.21,4.4,0.0004186208770740433
2.22,4.4,0.00041202839338008533
2.23,4.4,0.00040562224326327553
2.24,4.4,0.0003993982100820496
2.25,4.4,0.0003933522395263827
2.2600000000000002,4.4,0.0003874804347391444
2.27,4.4,0.0003817790515961509
2.2800000000000002,4.4,0.00037624449413351066
2.29,4.4,0.00037087331010733155
2.3000000000000003,4.4,0.00036566218668515014
2.31,4.4,0.0003606079462489297
2.32,4.4,0.00035570754230240635
2.33,4.4,0.0003509580554761223
2.34,4.4,0.00034635668961162917
2.35,4.4,0.0003419007679168747
2.36,4.4,0.0003375877291747589
2.37,4.4,0.0003334151240062147
2.38,4.4,0.00032938061115684355
2.39,4.4,0.0003254819537996437
2.4,4.4,0.00032171701584079136
2.41,4.4,0.0003180837582130015
2.42,4.4,0.00031458023513018845
2.43,4.4,0.0003112045902961032
2.44,4.4,0.00030795505304063764
2.45,4.4,0.00030482993436657506
2.46,4.4,0.0003018276228758597
2.47,4.4,0.0002989465805613428
2.48,4.4,0.00029618533843158524
2.49,4.4,0.0002935424919409655
2.5,4.4,0.0002910166961947911
2.5100000000000002,4.4,0.00028860666088888833
2.52,4.4,0.0002863111449629608
2.5300000000000002,4.4,0.00028412895091402854
2.54,4.4,0.00028205891873192226
2.5500000000000003,4.4,0.0002800999194026688
2.56,4.4,0.00027825084794688254
2.57,4.4,0.0002765106159178151
2.58,4.4,0.0002748781433090026
2.59,4.4,0.0002733523498042775
2.6,4.4,0.00027193214529547944
2.61,4.4,0.00027061641960166033
2.62,4.4,0.0002694040312979456
2.63,4.4,0.00026829379555947297
2.64,4.4,0.00026728447093123483
2.65,4.4,0.00026637474492396094
2.66,4.4,0.0002655632183152793
2.67,4.4,0.00026484838804216804
2.68,4.4,0.00026422862855950266
2.69,4.4,0.0002637021715422399
2.7,4.4,0.0002632670837972211
2.71,4.4,0.00026292124325953827
2.72,4.4,0.00026266231293683355
2.73,4.4,0.00026248771269946026
2.74,4.4,0.00026239458882239806
2.75,4.4,0.000262379781223409
2.7600000000000002,4.4,0.0002624397883943464
2.77,4.4,0.00026257073010504646
2.7800000000000002,4.4,0.00026276830807379643
2.79,4.4,0.0002630277649711488
2.8000000000000003,4.4,0.00026334384235135856
2.81,4.4,0.0002637107384406107
2.82,4.4,0.0002641220671736068
2.83,4.4,0.0002645708205013754
2.84,4.4,0.0002650493368660633
2.85,4.4,0.00026554927996644734
2.86,4.4,0.0002660616335550145
2.87,4.4,0.0002665767203168019
2.88,4.4,0.0002670842559373462
2.89,4.4,0.0002675734537186177
2.9,4.4,0.000268033200870702
2.91,4.4,0.0002684523354836709
2.92,4.4,0.0002688200639032877
2.93,4.4,0.0002691265728831146
2.94,4.4,0.00026936391079512324
2.95,4.4,0.0002695272393735493
2.96,4.4,0.0002696165944326138
2.97,4.4,0.00026963934443352907
2.98,4.4,0.00026961360446661064
2.99,4.4,0.0002695729568114979
3.0,4.4,0.0002695729568114979
0.0,4.5,0.0
0.01,4.5,0.0009235242659893117
0.02,4.5,0.001845949626455311
0.03,4.5,0.0027659384484325757
0.04,4.5,0.003682205551851842
0.05,4.5,0.004593461343776883
0.06,4.5,0.005498402014371309
0.07,4.5,0.0063957044370353475
0.08,4.5,0.007284021919600894
0.09,4.5,0.008161979967752284
0.1,4.5,0.009028171840281584
0.11,4.5,0.00988115389508875
0.12,4.5,0.010719440853850265
0.13,4.5,0.011541501224269179
0.14,4.5,0.012345753232473486
0.15,4.5,0.013130561738849127
0.16,4.5,0.01389423673466821
0.17,4.5,0.014635034134360762
0.18,4.5,0.01535115967323593
0.19,4.5,0.016040776771593282
0.2,4.5,0.016702019208239015
0.21,4.5,0.017333009333269242
0.22,4.5,0.01793188231935367
0.23,4.5,0.018496816590510164
0.24,4.5,0.019026070082213034
0.25,4.5,0.019518021404101086
0.26,4.5,0.019971214348897138
0.27,4.5,0.02038440359366419
0.28,4.5,0.020756598960936862
0.29,4.5,0.021087105335683018
0.3,4.5,0.021375555339054508
0.31,4.5,0.021621932175898053
0.32,4.5,0.021826580687703198
0.33,4.5,0.021990205495336763
0.34,4.5,0.022113856105515167
0.35000000000000003,4.5,0.022198899858087796
0.36,4.5,0.022246984483920727
0.37,4.5,0.022259992723223654
0.38,4.5,0.022239991856602026
0.39,4.5,0.022189181106232882
0.4,4.5,0.02210983969518875
0.41000000000000003,4.5,0.022004277965187197
0.42,4.5,0.021874793421989974
0.43,4.5,0.02172363298255319
0.44,4.5,0.021552962110018316
0.45,4.5,0.021364840996480484
0.46,4.5,0.02116120752427168
0.47000000000000003,4.5,0.02094386642001319
0.48,4.5,0.020714483811702156
0.49,4.5,0.020474586296029273
0.5,4.5,0.020225563602668365
0.51,4.5,0.0199686739836902
0.52,4.5,0.019705051539242326
0.53,4.5,0.019435714797384016
0.54,4.5,0.019161575982212596
0.55,4.5,0.018883450519498093
0.56,4.5,0.01860206643584027
0.5700000000000001,4.5,0.01831807340160628
0.58,4.5,0.01803205124766587
0.59,4.5,0.01774451785096763
0.6,4.5,0.017455936335058073
0.61,4.5,0.017166721570264033
0.62,4.5,0.016877245986250417
0.63,4.5,0.016587844728848028
0.64,4.5,0.016298820205265522
0.65,4.5,0.0160104460685944
0.66,4.5,0.015722970695319718
0.67,4.5,0.015436620209498668
0.68,4.5,0.015151601105204485
0.6900000000000001,4.5,0.014868102515592244
0.7000000000000001,4.5,0.014586298172951586
0.71,4.5,0.014306348099822024
0.72,4.5,0.01402840006692507
0.73,4.5,0.013752590849483867
0.74,4.5,0.013479047309597323
0.75,4.5,0.013207887328741612
0.76,4.5,0.012939220611268013
0.77,4.5,0.012673149376884487
0.78,4.5,0.012409768957621557
0.79,4.5,0.012149168312578833
0.8,4.5,0.01189143047187787
0.81,4.5,0.011636632919623874
0.8200000000000001,4.5,0.0113848479242875
0.8300000000000001,4.5,0.01113614282374441
0.84,4.5,0.010890580271216189
0.85,4.5,0.010648218447496189
0.86,4.5,0.010409111244136505
0.87,4.5,0.010173308421657304
0.88,4.5,0.009940855746338621
0.89,4.5,0.00971179510869991
0.9,4.5,0.009486164626421304
0.91,4.5,0.009263998734138964
0.92,4.5,0.009045328262276687
0.93,4.5,0.008830180506854704
0.9400000000000001,4.5,0.008618579291999932
0.9500000000000001,4.5,0.008410545026720562
0.96,4.5,0.00820609475733888
0.97,4.5,0.008005242216861396
0.98,4.5,0.007807997872416758
0.99,4.5,0.007614368971787938
1.0,4.5,0.007424359589970901
1.01,4.5,0.007237970676568634
1.02,4.5,0.007055200104752641
1.03,4.5,0.006876042722443339
1.04,4.5,0.006700490406240458
1.05,4.5,0.006528532118587596
1.06,4.5,0.006360153968560266
1.07,4.5,0.006195339276577407
1.08,4.5,0.006034068643273038
1.09,4.5,0.005876320022693234
1.1,4.5,0.005722068799892388
1.11,4.5,0.0055712878729608645
1.12,4.5,0.0054239477394235095
1.1300000000000001,4.5,0.005280016586899983
1.1400000000000001,4.5,0.005139460387865573
1.1500000000000001,4.5,0.005002242998277473
1.16,4.5,0.004868326259802634
1.17,4.5,0.004737670105323447
1.18,4.5,0.004610232667366154
1.19,4.5,0.004485970389063723
1.2,4.5,0.0043648381372289324
1.21,4.5,0.004246789317090957
1.22,4.5,0.004131775988255317
1.23,4.5,0.004019748981396796
1.24,4.5,0.003910658015225867
1.25,4.5,0.003804451813247353
1.26,4.5,0.0037010782198544103
1.27,4.5,0.003600484315280605
1.28,4.5,0.0035026165289950974
1.29,4.5,0.003407420751088881
1.3,4.5,0.0033148424412780325
1.31,4.5,0.003224826735132189
1.32,4.5,0.0031373185472014153
1.33,4.5,0.0030522626707121274
1.34,4.5,0.0029696038735611977
1.35,4.5,0.0028892869903551356
1.36,4.5,0.0028112570102927516
1.37,4.5,0.0027354591607035234
1.3800000000000001,4.5,0.0026618389861078344
1.3900000000000001,4.5,0.0025903424226880983
1.4000000000000001,4.5,0.0025209158680933597
1.41,4.5,0.002453506246540714
1.42,4.5,0.00238806106919377
1.43,4.5,0.0023245284898395745
1.44,4.5,0.002262857355901248
1.45,4.5,0.002202997254863657
1.46,4.5,0.0021448985561860236
1.47,4.5,0.0020885124488231126
1.48,4.5,0.0020337909744726863
1.49,4.5,0.0019806870567027927
1.5,4.5,0.0019291545260988203
1.51,4.5,0.001879148141610077
1.52,4.5,0.0018306236082586767
1.53,4.5,0.0017835375914060996
1.54,4.5,0.0017378477277449275
1.55,4.5,0.0016935126332309842
1.56,4.5,0.0016504919081193404
1.57,4.5,0.0016087461393104023
1.58,4.5,0.0015682369001967184
1.59,4.5,0.0015289267481897815
1.6,4.5,0.0014907792201160454
1.61,4.5,0.001453758825656695
1.62,4.5,0.0014178310390088403
1.6300000000000001,4.5,0.0013829622889302046
1.6400000000000001,4.5,0.001349119947329471
1.6500000000000001,4.5,0.0013162723165606686
1.6600000000000001,4.5,0.0012843886155648697
1.67,4.5,0.0012534389649924015
1.68,4.5,0.001223394371448709
1.69,4.5,0.0011942267109780183
1.7,4.5,0.0011659087119045028
1.71,4.5,0.0011384139371348582
1.72,4.5,0.0011117167660332878
1.73,4.5,0.0010857923759487072
1.74,4.5,0.0010606167234928077
1.75,4.5,0.0010361665256335719
1.76,4.5,0.0010124192406966116
1.77,4.5,0.0009893530493166013
1.78,4.5,0.000966946835422661
1.79,4.5,0.0009451801672936118
1.8,4.5,0.000924033278748141
1.81,4.5,0.0009034870504916089
1.82,4.5,0.0008835229916817718
1.83,4.5,0.0008641232217305006
1.84,4.5,0.0008452704523839559
1.85,4.5,0.0008269479700916021
1.86,4.5,0.0008091396187118117
1.87,4.5,0.0007918297825457711
1.8800000000000001,4.5,0.0007750033697249365
1.8900000000000001,4.5,0.0007586457959780976
1.9000000000000001,4.5,0.0007427429687729695
1.9100000000000001,4.5,0.0007272812718437759
1.92,4.5,0.0007122475501178497
1.93,4.5,0.0006976290950329132
1.94,4.5,0.0006834136302555825
1.95,4.5,0.000669589297808515
1.96,4.5,0.0006561446445904766
1.97,4.5,0.0006430686092983965
1.98,4.5,0.0006303505097369988
1.99,4.5,0.0006179800305270613
2.0,4.5,0.0006059472111962764
2.0100000000000002,4.5,0.0005942424346507087
2.02,4.5,0.0005828564160183971
2.0300000000000002,4.5,0.0005717801918581928
2.04,4.5,0.000561005109729867
2.05,4.5,0.0005505228181169779
2.06,4.5,0.0005403252566912502
2.07,4.5,0.0005304046469093521
2.08,4.5,0.0005207534829413896
2.09,4.5,0.0005113645229120916
2.1,4.5,0.000502230780450776
2.11,4.5,0.0004933455165367213
2.12,4.5,0.000484702231643305
2.13,4.5,0.00047629465815705467
2.14,4.5,0.0004681167530642763
2.15,4.5,0.00046016269090437014
2.16,4.5,0.0004524268569776603
2.17,4.5,0.0004449038407934425
2.18,4.5,0.0004375884297525403
2.19,4.5,0.0004304756030534652
2.2,4.5,0.000423560525818128
2.21,4.5,0.00041683854342105246
2.22,4.5,0.00041030517601528337
2.23,4.5,0.00040395611324873593
2.24,4.5,0.00039778720915661475
2.25,4.5,0.0003917944772241918
2.2600000000000002,4.5,0.00038597408560716315
2.27,4.5,0.0003803223525051596
2.2800000000000002,4.5,0.0003748357416753365
2.29,4.5,0.00036951085807336467
2.3000000000000003,4.5,0.0003643444436197944
2.31,4.5,0.00035933337307234096
2.32,4.5,0.0003544746499971249
2.33,4.5,0.00034976540283296445
2.34,4.5,0.00034520288102910006
2.35,4.5,0.00034078445125050263
2.36,4.5,0.0003365075936304815
2.37,4.5,0.0003323698980736949
2.38,4.5,0.00032836906057953836
2.39,4.5,0.00032450287957626724
2.4,4.5,0.00032076925225468404
2.41,4.5,0.0003171661708857475
2.42,4.5,0.0003136917190951846
2.43,4.5,0.00031034406809037773
2.44,4.5,0.0003071214728096511
2.45,4.5,0.00030402226798175656
2.46,4.5,0.0003010448640600042
2.47,4.5,0.0002981877430218309
2.48,4.5,0.0002954494539978613
2.49,4.5,0.0002928286087052391
2.5,4.5,0.00029032387665588183
2.5100000000000002,4.5,0.0002879339800988843
2.52,4.5,0.0002856576886764844
2.5300000000000002,4.5,0.00028349381374063613
2.54,4.5,0.00028144120229480044
2.5500000000000003,4.5,0.00027949873050682835
2.56,4.5,0.0002776652967585011
2.57,4.5,0.00027593981416430016
2.58,4.5,0.00027432120250242017
2.59,4.5,0.000272808379499246
2.6,4.5,0.00027140025139104533
2.61,4.5,0.0002700957026975915
2.62,4.5,0.00026889358512252094
2.63,4.5,0.0002677927054875707
2.64,4.5,0.0002667918126104114
2.65,4.5,0.00026588958303502065
2.66,4.5,0.0002650846054939462
2.67,4.5,0.0002643753639945722
2.68,4.5,0.0002637602194094316
2.69,4.5,0.0002632373894550657
2.7,4.5,0.0002628049269263945
2.71,4.5,0.0002624606960710388
2.72,4.5,0.00026220234697609305
2.73,4.5,0.00026202728787247446
2.74,4.5,0.0002619326552682197
2.75,4.5,0.00026191528186886846
2.7600000000000002,4.5,0.00026197166228719964
2.77,4.5,0.0002620979166359937
2.7800000000000002,4.5,0.0002622897522028696
2.79,4.5,0.0002625424235901765
2.8000000000000003,4.5,0.00026285069191618176
2.81,4.5,0.0002632087840171019
2.82,4.5,0.00026361035304440144
2.83,4.5,0.00026404844247837243
2.84,4.5,0.00026451545644731077
2.85,4.5,0.0002650031404564002
2.86,4.5,0.0002655025782338296
2.87,4.5,0.00026600421269128626
2.88,4.5,0.0002664979020260052
2.89,4.5,0.00026697302620018156
2.9,4.5,0.00026741866475312533
2.91,4.5,0.00026782387470289306
2.92,4.5,0.00026817810791582113
2.93,4.5,0.00026847182183654353
2.94,4.5,0.00026869735720542684
2.95,4.5,0.0002688501833349997
2.96,4.5,0.00026893064816118896
2.97,4.5,0.00026894642028627735
2.98,4.5,0.0002689158783344664
2.99,4.5,0.00026887279575696344
3.0,4.5,0.00026887279575696344
0.0,4.6,0.0
0.01,4.6,0.0009061896240693592
0.02,4.6,0.0018113058688116242
0.03,4.6,0.0027140409401945403
0.04,4.6,0.003613137562044362
0.05,4.6,0.004507332916254234
0.06,4.6,0.005395348627226963
0.07,4.6,0.006275885326821663
0.08,4.6,0.007147618013091493
0.09,4.6,0.008009191379737473
0.1,4.6,0.008859214907304222
0.11,4.6,0.009696257731253082
0.12,4.6,0.010518843439465637
0.13,4.6,0.011325445073294136
0.14,4.6,0.012114480731775996
0.15,4.6,0.012884310311280555
0.16,4.6,0.013633234047155666
0.17,4.6,0.01435949364747979
0.18,4.6,0.015061276902770569
0.19,4.6,0.01573672669480028
0.2,4.6,0.016383955284281673
0.21,4.6,0.01700106460319567
0.22,4.6,0.0175861729913292
0.23,4.6,0.018137448390013716
0.24,4.6,0.01865314745171324
0.25,4.6,0.019131659380911454
0.26,4.6,0.019571552655457618
0.27,4.6,0.019971622176120266
0.28,4.6,0.02033093395287964
0.29,4.6,0.020648864248953198
0.3,4.6,0.020925130229492717
0.31,4.6,0.021159809619331792
0.32,4.6,0.021353347628398075
0.33,4.6,0.021506550370214452
0.34,4.6,0.021620565057877943
0.35000000000000003,4.6,0.021696848278759933
0.36,4.6,0.021737124499848572
0.37,4.6,0.021743337547873717
0.38,4.6,0.021717598094424664
0.39,4.6,0.021662130156648255
0.4,4.6,0.021579219340380058
0.41000000000000003,4.6,0.021471165074850782
0.42,4.6,0.021340238499004623
0.43,4.6,0.02118864703934193
0.44,4.6,0.02101850613517105
0.45,4.6,0.02083181806677871
0.46,4.6,0.020630457452082168
0.47000000000000003,4.6,0.02041616270568734
0.48,4.6,0.02019053259443485
0.49,4.6,0.01995502695951506
0.5,4.6,0.019710970686390224
0.51,4.6,0.01945956006848152
0.52,4.6,0.01920187080897595
0.53,4.6,0.01893886702042523
0.54,4.6,0.018671410701195358
0.55,4.6,0.018400271282084327
0.56,4.6,0.018126134939770305
0.5700000000000001,4.6,0.0178496134630284
0.58,4.6,0.017571252531788907
0.59,4.6,0.017291539328462
0.6,4.6,0.017010909446711037
0.61,4.6,0.016729753096755135
0.62,4.6,0.016448420630263444
0.63,4.6,0.016167227423793194
0.64,4.6,0.01588645816931724
0.65,4.6,0.015606370625181071
0.66,4.6,0.0153271988821316
0.67,4.6,0.015049156197942148
0.68,4.6,0.014772437451376014
0.6900000000000001,4.6,0.014497221262519039
0.7000000000000001,4.6,0.014223671822268096
0.71,4.6,0.013951940469357021
0.72,4.6,0.013682167048967186
0.73,4.6,0.013414481082844114
0.74,4.6,0.013149002777040574
0.75,4.6,0.012885843889935163
0.76,4.6,0.012625108480107478
0.77,4.6,0.01236689355090892
0.78,4.6,0.012111289606209627
0.79,4.6,0.01185838112972349
0.8,4.6,0.01160824699855824
0.81,4.6,0.01136096084011213
0.8200000000000001,4.6,0.011116591340136161
0.8300000000000001,4.6,0.010875202508696053
0.84,4.6,0.010636853909829162
0.85,4.6,0.010401600859899326
0.86,4.6,0.010169494598992848
0.87,4.6,0.009940582439128137
0.88,4.6,0.009714907892586206
0.89,4.6,0.00949251078323916
0.9,4.6,0.009273427343454628
0.91,4.6,0.009057690298814374
0.92,4.6,0.008845328942667976
0.93,4.6,0.008636369202323885
0.9400000000000001,4.6,0.008430833698474933
0.9500000000000001,4.6,0.008228741799318743
0.96,4.6,0.008030109670659397
0.97,4.6,0.007834950323178332
0.98,4.6,0.00764327365792791
0.99,4.6,0.007455086510999804
1.0,4.6,0.00727039269822337
1.01,4.6,0.007089193060652616
1.02,4.6,0.006911485511516713
1.03,4.6,0.006737265085237048
1.04,4.6,0.0065665239890000645
1.05,4.6,0.006399251657333065
1.06,4.6,0.006235434810046533
1.07,4.6,0.006075057513817311
1.08,4.6,0.005918101247629103
1.09,4.6,0.005764544972226778
1.1,4.6,0.0056143652036506776
1.11,4.6,0.005467536090879495
1.12,4.6,0.005324029497528274
1.1300000000000001,4.6,0.0051838150875023435
1.1400000000000001,4.6,0.005046860414455265
1.1500000000000001,4.6,0.004913131014838896
1.16,4.6,0.004782590504299846
1.17,4.6,0.004655200677126853
1.18,4.6,0.004530921608420928
1.19,4.6,0.004409711758632764
1.2,4.6,0.00429152808007619
1.21,4.6,0.004176326125005044
1.22,4.6,0.004064060154850517
1.23,4.6,0.003954683250165346
1.24,4.6,0.0038481474208523943
1.25,4.6,0.0037444037162308133
1.26,4.6,0.00364340233451827
1.27,4.6,0.003545092731289352
1.28,4.6,0.0034494237265233303
1.29,4.6,0.00335634360982283
1.3,4.6,0.0032658002434542113
1.31,4.6,0.003177741162846254
1.32,4.6,0.003092113674239634
1.33,4.6,0.003008864949180471
1.34,4.6,0.0029279421156023023
1.35,4.6,0.0028492923452563285
1.36,4.6,0.002772862937299595
1.37,4.6,0.0026986013978604665
1.3800000000000001,4.6,0.002626455515454131
1.3900000000000001,4.6,0.002556373432136248
1.4000000000000001,4.6,0.0024883037103164817
1.41,4.6,0.0024221953951954556
1.42,4.6,0.0023579980727964087
1.43,4.6,0.002295661923607195
1.44,4.6,0.002235137771860277
1.45,4.6,0.0021763771305175214
1.46,4.6,0.0021193322420196056
1.47,4.6,0.002063956114911148
1.48,4.6,0.0020102025564430028
1.49,4.6,0.001958026201290344
1.5,4.6,0.0019073825365115377
1.51,4.6,0.0018582279229113236
1.52,4.6,0.001810519612955182
1.53,4.6,0.0017642157654153784
1.54,4.6,0.0017192754569013483
1.55,4.6,0.0016756586904685105
1.56,4.6,0.0016333264014589419
1.57,4.6,0.0015922404607670725
1.58,4.6,0.0015523636757015491
1.59,4.6,0.00151365978861359
1.6,4.6,0.0014760934734629801
1.61,4.6,0.0014396303304937876
1.62,4.6,0.0014042368791788347
1.6300000000000001,4.6,0.0013698805495835666
1.6400000000000001,4.6,0.001336529672308793
1.6500000000000001,4.6,0.0013041534671547853
1.6600000000000001,4.6,0.0012727220306471972
1.67,4.6,0.0012422063225458633
1.68,4.6,0.001212578151473092
1.69,4.6,0.0011838101597778945
1.7,4.6,0.001155875807742231
1.71,4.6,0.0011287493572293495
1.72,4.6,0.0011024058548844257
1.73,4.6,0.0010768211149603597
1.74,4.6,0.001051971701869046
1.75,4.6,0.0010278349125133228
1.76,4.6,0.0010043887584945466
1.77,4.6,0.0009816119482388462
1.78,4.6,0.000959483869121362
1.79,4.6,0.000937984569615933
1.8,4.6,0.0009170947415496738
1.81,4.6,0.0008967957024747144
1.82,4.6,0.0008770693782184564
1.83,4.6,0.0008578982856339664
1.84,4.6,0.0008392655155905446
1.85,4.6,0.0008211547162154704
1.86,4.6,0.0008035500764354868
1.87,4.6,0.0007864363098096102
1.8800000000000001,4.6,0.0007697986386860554
1.8900000000000001,4.6,0.0007536227786946997
1.9000000000000001,4.6,0.0007378949235868778
1.9100000000000001,4.6,0.0007226017304298739
1.92,4.6,0.0007077303051627959
1.93,4.6,0.0006932681885192303
1.94,4.6,0.0006792033423204977
1.95,4.6,0.0006655241361448681
1.96,4.6,0.0006522193343663094
1.97,4.6,0.0006392780835698655
1.98,4.6,0.0006266899003273777
1.99,4.6,0.000614444659349017
2.0,4.6,0.0006025325819947338
2.0100000000000002,4.6,0.0005909442251447471
2.02,4.6,0.0005796704704211975
2.0300000000000002,4.6,0.0005687025137557585
2.04,4.6,0.0005580318553008999
2.05,4.6,0.0005476502896704163
2.06,4.6,0.0005375498965095813
2.07,4.6,0.0005277230313786718
2.08,4.6,0.0005181623169558136
2.09,4.6,0.0005088606345345266
2.1,4.6,0.0004998111158186382
2.11,4.6,0.0004910071349971951
2.12,4.6,0.00048244230110718636
2.13,4.6,0.00047411045065794436
2.14,4.6,0.000466005640513544
2.15,4.6,0.0004581221410285777
2.16,4.6,0.00045045442942989234
2.17,4.6,0.0004429971834277171
2.18,4.6,0.00043574527505265456
2.19,4.6,0.0004286937647072209
2.2,4.6,0.0004218378954287626
2.21,4.6,0.00041517308734711957
2.22,4.6,0.00040869493233224616
2.23,4.6,0.0004023991888239234
2.24,4.6,0.00039628177683082353
2.25,4.6,0.0003903387730939125
2.2600000000000002,4.6,0.0003845664063997418
2.27,4.6,0.00037896105304120617
2.2800000000000002,4.6,0.00037351923241304443
2.29,4.6,0.00036823760272852095
2.3000000000000003,4.6,0.0003631129568555458
2.31,4.6,0.00035814221825414337
2.32,4.6,0.000353322437008192
2.33,4.6,0.00034865078594424105
2.34,4.6,0.00034412455681982475
2.35,4.6,0.0003397411565738061
2.36,4.6,0.00033549810362073124
2.37,4.6,0.0003313930241908667
2.38,4.6,0.00032742364868692506
2.39,4.6,0.00032358780804752154
2.4,4.6,0.0003198834301060581
2.41,4.6,0.00031630853593041415
2.42,4.6,0.00031286123611711815
2.43,4.6,0.00030953972703242055
2.44,4.6,0.0003063422869765437
2.45,4.6,0.0003032672722503516
2.46,4.6,0.0003003131130995085
2.47,4.6,0.0002974783095204631
2.48,4.6,0.0002947614268941042
2.49,4.6,0.00029216109142288146
2.5,4.6,0.0002896759853407777
2.5100000000000002,4.6,0.000287304841859197
2.52,4.6,0.0002850464398257533
2.5300000000000002,4.6,0.0002828995980466275
2.54,4.6,0.0002808631692356393
2.5500000000000003,4.6,0.0002789360335356098
2.56,4.6,0.00027711709158440684
2.57,4.6,0.00027540525705108706
2.58,4.6,0.0002737994485941385
2.59,4.6,0.0002722985811821875
2.6,4.6,0.0002709015567001872
2.61,4.6,0.00026960725378124054
2.62,4.6,0.00026841451677946245
2.63,4.6,0.00026732214379376944
2.64,4.6,0.00026632887365565566
2.65,4.6,0.0002654333717941419
2.66,4.6,0.0002646342148592287
2.67,4.6,0.00026392987400071277
2.68,4.6,0.0002633186966876192
2.69,4.6,0.000262798886957515
2.7,4.6,0.00026236848396796344
2.71,4.6,0.00026202533874335047
2.72,4.6,0.0002617670889931099
2.73,4.6,0.0002615911319158437
2.74,4.6,0.0002614945949084192
2.75,4.6,0.00026147430414600014
2.7600000000000002,4.6,0.00026152675104763927
2.77,4.6,0.00026164805672598373
2.7800000000000002,4.6,0.0002618339346330287
2.79,4.6,0.0002620796517899723
2.8000000000000003,4.6,0.0002623799892079094
2.81,4.6,0.0002627292024470756
2.82,4.6,0.0002631209837068992
2.83,4.6,0.00026354842746997804
2.84,4.6,0.00026400400257793746
2.85,4.6,0.0002644795348294624
2.86,4.6,0.0002649662057731698
2.87,4.6,0.0002654545756406847
2.88,4.6,0.00026593464136765387
2.89,4.6,0.000266395944824941
2.9,4.6,0.000266827752045874
2.91,4.6,0.0002672193319725669
2.92,4.6,0.00026756037376736804
2.93,4.6,0.00026784159612565177
2.94,4.6,0.0002680556215870761
2.95,4.6,0.00026819821555954784
2.96,4.6,0.0002682700261027742
2.97,4.6,0.0002682790101038496
2.98,4.6,0.000268243799028673
2.99,4.6,0.00026819834950196603
3.0,4.6,0.00026819834950196603
0.0,4.7,0.0
0.01,4.7,0.0008894235594011098
0.02,4.7,0.001777799787706303
0.03,4.7,0.002663851324889698
0.04,4.7,0.003546349333758276
0.05,4.7,0.004424058248187628
0.06,4.7,0.005295725527199763
0.07,4.7,0.006160075862496557
0.08,4.7,0.007015806120532402
0.09,4.7,0.007861580212726295
0.1,4.7,0.008696023697651266
0.11,4.7,0.009517718148716343
0.12,4.7,0.010325195467585186
0.13,4.7,0.011116932456665713
0.14,4.7,0.011891346102191107
0.15,4.7,0.01264679016447876
0.16,4.7,0.013381553816299872
0.17,4.7,0.014093863198674339
0.18,4.7,0.014781886853356793
0.19,4.7,0.015443746014599028
0.2,4.7,0.01607753066827053
0.21,4.7,0.01668132208499224
0.22,4.7,0.017253222185631648
0.23,4.7,0.01779138959974396
0.24,4.7,0.018294081652615726
0.25,4.7,0.01875970081646466
0.26,4.7,0.01918684346609365
0.27,4.7,0.019574348189086457
0.28,4.7,0.01992134051929225
0.29,4.7,0.020227270877227713
0.3,4.7,0.020491942762023888
0.31,4.7,0.020715528844496144
0.32,4.7,0.020898573500681476
0.33,4.7,0.02104198139216403
0.34,4.7,0.021146992806566855
0.35000000000000003,4.7,0.021215147477845517
0.36,4.7,0.02124823939218098
0.37,4.7,0.02124826557316588
0.38,4.7,0.021217372001643153
0.39,4.7,0.02115779968204733
0.4,4.7,0.021071833477296163
0.41000000000000003,4.7,0.020961755779699404
0.42,4.7,0.02082980645308984
0.43,4.7,0.020678149850216803
0.44,4.7,0.020508849140595888
0.45,4.7,0.02032384771690728
0.46,4.7,0.020124957101023588
0.47000000000000003,4.7,0.0199138505444411
0.48,4.7,0.01969206140028688
0.49,4.7,0.019460985315816682
0.5,4.7,0.019221885333127596
0.51,4.7,0.01897589906993335
0.52,4.7,0.018724047262570657
0.53,4.7,0.018467243074458066
0.54,4.7,0.01820630169365393
0.55,4.7,0.017941949855165003
0.56,4.7,0.01767483502270005
0.5700000000000001,4.7,0.017405534048488772
0.58,4.7,0.017134561198233207
0.59,4.7,0.0168623754821187
0.6,4.7,0.016589387273564883
0.61,4.7,0.016315964226955398
0.62,4.7,0.016042436525935202
0.63,4.7,0.015769101506828927
0.64,4.7,0.01549622770904803
0.65,4.7,0.0152240584074114
0.66,4.7,0.014952814681361216
0.67,4.7,0.014682698074056687
0.68,4.7,0.01441389289096786
0.6900000000000001,4.7,0.014146568183540709
0.7000000000000001,4.7,0.013880879459077925
0.71,4.7,0.013616970153520874
0.72,4.7,0.013354972899512499
0.73,4.7,0.013095010618077696
0.74,4.7,0.012837197458569469
0.75,4.7,0.012581639608195095
0.76,4.7,0.012328435989495295
0.77,4.7,0.012077678861552128
0.78,4.7,0.011829454338463014
0.79,4.7,0.011583842836661853
0.8,4.7,0.011340919461018326
0.81,4.7,0.011100754338212752
0.8200000000000001,4.7,0.010863412904671866
0.8300000000000001,4.7,0.010628956155331252
0.84,4.7,0.010397440858616658
0.85,4.7,0.010168919742301932
0.86,4.7,0.009943441654283213
0.87,4.7,0.009721051701778562
0.88,4.7,0.009501791372028057
0.89,4.7,0.009285698637180704
0.9,4.7,0.00907280804575695
0.91,4.7,0.00886315080277763
0.92,4.7,0.008656754840438907
0.93,4.7,0.008453644881005994
0.9400000000000001,4.7,0.008253842493418926
0.9500000000000001,4.7,0.008057366144965522
0.96,4.7,0.007864231249221018
0.97,4.7,0.007674450211354738
0.98,4.7,0.007488032471791021
0.99,4.7,0.007304984549101885
1.0,4.7,0.007125310082928888
1.01,4.7,0.0069490098776413154
1.02,4.7,0.006776081947351002
1.03,4.7,0.006606521562849534
1.04,4.7,0.006440321300918314
1.05,4.7,0.0062774710964278
1.06,4.7,0.006117958297561504
1.07,4.7,0.0059617677244198294
1.08,4.7,0.005808881731208802
1.09,4.7,0.005659280272150648
1.1,4.7,0.005512940971185126
1.11,4.7,0.005369839195488909
1.12,4.7,0.005229948132762349
1.1300000000000001,4.7,0.005093238872192692
1.1400000000000001,4.7,0.004959680488957638
1.1500000000000001,4.7,0.00482924013207194
1.16,4.7,0.004701883115354092
1.17,4.7,0.004577573011238836
1.18,4.7,0.0044562717471362
1.19,4.7,0.004337939704008396
1.2,4.7,0.004222535816805722
1.21,4.7,0.004110017676380212
1.22,4.7,0.004000341632505474
1.23,4.7,0.003893462897584787
1.24,4.7,0.003789335650655087
1.25,4.7,0.0036879131412767773
1.26,4.7,0.003589147792917698
1.27,4.7,0.003492991305421223
1.28,4.7,0.0033993947562033396
1.29,4.7,0.0033083086997845717
1.3,4.7,0.00321968326533765
1.31,4.7,0.003133468251905685
1.32,4.7,0.003049613221004384
1.33,4.7,0.0029680675863196842
1.34,4.7,0.0028887807002622584
1.35,4.7,0.00281170193715173
1.36,4.7,0.0027367807728438695
1.37,4.7,0.0026639668606313295
1.3800000000000001,4.7,0.0025932101032952724
1.3900000000000001,4.7,0.0025244607211963263
1.4000000000000001,4.7,0.0024576693163271767
1.41,4.7,0.002392786932286236
1.42,4.7,0.002329765110138717
1.43,4.7,0.0022685559401738418
1.44,4.7,0.0022091121095794623
1.45,4.7,0.0021513869460896575
1.46,4.7,0.002095334457653627
1.47,4.7,0.0020409093682237133
1.48,4.7,0.0019880671497552595
1.49,4.7,0.001936764050539386
1.5,4.7,0.0018869571199807628
1.51,4.7,0.0018386042299698409
1.52,4.7,0.0017916640929814692
1.53,4.7,0.0017460962770664448
1.54,4.7,0.0017018612178719263
1.55,4.7,0.0016589202278727115
1.56,4.7,0.001617235502956473
1.57,4.7,0.001576770126535079
1.58,4.7,0.001537488071346063
1.59,4.7,0.001499354199099342
1.6,4.7,0.001462334258131769
1.61,4.7,0.0014263948792255896
1.62,4.7,0.0013915035697440387
1.6300000000000001,4.7,0.0013576287062252734
1.6400000000000001,4.7,0.001324739525582592
1.6500000000000001,4.7,0.0012928061150409777
1.6600000000000001,4.7,0.0012617994009528253
1.67,4.7,0.001231691136608224
1.68,4.7,0.001202453889153338
1.69,4.7,0.0011740610257390531
1.7,4.7,0.001146486699007157
1.71,4.7,0.00111970583200056
1.72,4.7,0.0010936941026014788
1.73,4.7,0.001068427927578303
1.74,4.7,0.0010438844463301824
1.75,4.7,0.0010200415043833172
1.76,4.7,0.0009968776367309526
1.77,4.7,0.0009743720510630754
1.78,4.7,0.0009525046109612945
1.79,4.7,0.0009312558190855013
1.8,4.7,0.0009106068004270068
1.81,4.7,0.0008905392856473412
1.82,4.7,0.0008710355945584404
1.83,4.7,0.0008520786197684427
1.84,4.7,0.0008336518105312343
1.85,4.7,0.0008157391568164583
1.86,4.7,0.0007983251736388346
1.87,4.7,0.0007813948856495122
1.8800000000000001,4.7,0.0007649338120165754
1.8900000000000001,4.7,0.0007489279516104286
1.9000000000000001,4.7,0.0007333637685031748
1.9100000000000001,4.7,0.000718228177793656
1.92,4.7,0.0007035085317639993
1.93,4.7,0.0006891926063745398
1.94,4.7,0.0006752685880982256
1.95,4.7,0.0006617250611144177
1.96,4.7,0.0006485509948352687
1.97,4.7,0.0006357357317876604
1.98,4.7,0.000623268975834558
1.99,4.7,0.0006111407807487181
2.0,4.7,0.0005993415391242771
2.0100000000000002,4.7,0.0005878619716255641
2.02,4.7,0.0005766931165684496
2.0300000000000002,4.7,0.0005658263198297878
2.04,4.7,0.0005552532250799694
2.05,4.7,0.0005449657643317673
2.06,4.7,0.0005349561487951184
2.07,4.7,0.0005252168600385555
2.08,4.7,0.0005157406414503003
2.09,4.7,0.0005065204899813617
2.1,4.7,0.0004975496481721901
2.11,4.7,0.0004888215964473352
2.12,4.7,0.0004803300456841407
2.13,4.7,0.0004720689300332896
2.14,4.7,0.0004640323999856754
2.15,4.7,0.0004562148156839378
2.16,4.7,0.000448610740467569
2.17,4.7,0.0004412149346405125
2.18,4.7,0.0004340223494533451
2.19,4.7,0.0004270281212930386
2.2,4.7,0.00042022756607520425
2.21,4.7,0.00041361617382438897
2.22,4.7,0.00040718960343569277
2.23,4.7,0.0004009436776120929
2.24,4.7,0.00039487437796443425
2.25,4.7,0.0003889778402692671
2.2600000000000002,4.7,0.00038325034987051534
2.27,4.7,0.00037768833722235566
2.2800000000000002,4.7,0.0003722883735613146
2.29,4.7,0.0003670471666940601
2.3000000000000003,4.7,0.00036196155689899507
2.31,4.7,0.0003570285129252262
2.32,4.7,0.00035224512807990584
2.33,4.7,0.0003476086163982722
2.34,4.7,0.00034311630887982414
2.35,4.7,0.00033876564978005603
2.36,4.7,0.00033455419294317146
2.37,4.7,0.00033047959817682405
2.38,4.7,0.0003265396276397587
2.39,4.7,0.00032273214223163803
2.4,4.7,0.0003190550979755956
2.41,4.7,0.00031550654237852546
2.42,4.7,0.00031208461074102743
2.43,4.7,0.0003087875224150068
2.44,4.7,0.00030561357697755936
2.45,4.7,0.0003025611503089821
2.46,4.7,0.0002996286905431553
2.47,4.7,0.0002968147138789176
2.48,4.7,0.0002941178002181105
2.49,4.7,0.00029153658860618014
2.5,4.7,0.0002890697724456454
2.5100000000000002,4.7,0.0002867160944450843
2.52,4.7,0.0002844743412821081
2.5300000000000002,4.7,0.0002823433379315398
2.54,4.7,0.00028032194162179073
2.5500000000000003,4.7,0.00027840903536820475
2.56,4.7,0.0002766035210536576
2.57,4.7,0.0002749043119874895
2.58,4.7,0.00027331032489113474
2.59,4.7,0.00027182047125486725
2.6,4.7,0.0002704336479917648
2.61,4.7,0.0002691487273274142
2.62,4.7,0.0002679645458484849
2.63,4.7,0.0002668798926158087
2.64,4.7,0.0002658934962635963
2.65,4.7,0.00026500401099703905
2.66,4.7,0.00026421000137713215
2.67,4.7,0.0002635099257900035
2.68,4.7,0.0002629021184934009
2.69,4.7,0.0002623847701319299
2.7,4.7,0.00026195590660061286
2.71,4.7,0.00026161336615510017
2.72,4.7,0.0002613547746512818
2.73,4.7,0.000261177518836133
2.74,4.7,0.00026107871761716224
2.75,4.7,0.000261055191283047
2.7600000000000002,4.7,0.0002611034287003993
2.77,4.7,0.00026121955259067063
2.7800000000000002,4.7,0.00026139928311142487
2.79,4.7,0.00026163790013729744
2.8000000000000003,4.7,0.00026193020485332696
2.81,4.7,0.00026227048161265204
2.82,4.7,0.0002626524614574343
2.83,4.7,0.0002630692893225641
2.84,4.7,0.00026351349778839226
2.85,4.7,0.0002639769914578036
2.86,4.7,0.00026445104759968
2.87,4.7,0.00026492634095067326
2.88,4.7,0.0002653930035514972
2.89,4.7,0.00026584073462562904
2.9,4.7,0.00026625898112635893
2.91,4.7,0.0002666372172478669
2.92,4.7,0.0002669653616334351
2.93,4.7,0.00026723438527428127
2.94,4.7,0.00026743718250348073
2.95,4.7,0.00026756980397141684
2.96,4.7,0.0002676331865359588
2.97,4.7,0.0002676355641911516
2.98,4.7,0.00026759581117352774
2.99,4.7,0.0002675480597458781
3.0,4.7,0.0002675480597458781
0.0,4.8,0.0
0.01,4.8,0.0008732020021597174
0.02,4.8,0.0017453832113660352
0.03,4.8,0.0026152972584067777
0.04,4.8,0.003481744243539727
0.05,4.8,0.00434351629319008
0.06,4.8,0.005199387064497851
0.07,4.8,0.00604810557306337
0.08,4.8,0.006888390694137177
0.09,4.8,0.007718925548531115
0.1,4.8,0.008538351591440937
0.11,4.8,0.009345262458424564
0.12,4.8,0.010138197779769785
0.13,4.8,0.010915637320062775
0.14,4.8,0.011675995951433872
0.15,4.8,0.012417620126797823
0.16,4.8,0.013138786673374467
0.17,4.8,0.01383770485842131
0.18,4.8,0.014512522762202431
0.19,4.8,0.015161338995859369
0.2,4.8,0.015782220690135195
0.21,4.8,0.01637322842522
0.22,4.8,0.016932448355360744
0.23,4.8,0.01745803120898879
0.24,4.8,0.017948237149877616
0.25,4.8,0.018401484733701453
0.26,4.8,0.01881640148207783
0.27,4.8,0.01919187303401476
0.28,4.8,0.01952708753025997
0.29,4.8,0.01982157192058159
0.3,4.8,0.020075217291329543
0.31,4.8,0.020288291065134183
0.32,4.8,0.020461434941480915
0.33,4.8,0.020595648596532918
0.34,4.8,0.02069226029253285
0.35000000000000003,4.8,0.020752886518793732
0.36,4.8,0.020779383487785377
0.37,4.8,0.020773793680659472
0.38,4.8,0.02073829066997845
0.39,4.8,0.020675125184566774
0.4,4.8,0.020586574896369548
0.41000000000000003,4.8,0.020474899791925877
0.42,4.8,0.02034230433021831
0.43,4.8,0.020190906959130624
0.44,4.8,0.020022717018399104
0.45,4.8,0.019839618628625464
0.46,4.8,0.019643360863850764
0.47000000000000003,4.8,0.01943555332339096
0.48,4.8,0.01921766614058644
0.49,4.8,0.01899103346993216
0.5,4.8,0.01875685955659011
0.51,4.8,0.01851622659213594
0.52,4.8,0.018270103679524852
0.53,4.8,0.018019356354641698
0.54,4.8,0.017764756231541626
0.55,4.8,0.01750699044714546
0.56,4.8,0.01724667067531967
0.5700000000000001,4.8,0.016984341558638302
0.58,4.8,0.016720488468976172
0.59,4.8,0.016455544556684725
0.6,4.8,0.016189897084198077
0.61,4.8,0.015923893065510585
0.62,4.8,0.015657844250056112
0.63,4.8,0.015392031499906094
0.64,4.8,0.015126708614531427
0.65,4.8,0.014862105658962298
0.66,4.8,0.01459843185018426
0.67,4.8,0.014335878053902348
0.68,4.8,0.014074618939992711
0.6900000000000001,4.8,0.013814814840658827
0.7000000000000001,4.8,0.013556613350770717
0.71,4.8,0.01330015070540094
0.72,4.8,0.013045552965323653
0.73,4.8,0.012792937037297138
0.74,4.8,0.012542411552390963
0.75,4.8,0.012294077622412499
0.76,4.8,0.01204802949169084
0.77,4.8,0.011804355099001965
0.78,4.8,0.011563136562307232
0.79,4.8,0.011324450597127502
0.8,4.8,0.0110883688778273
0.81,4.8,0.010854958349740615
0.8200000000000001,4.8,0.010624281498931024
0.8300000000000001,4.8,0.010396396585426458
0.84,4.8,0.010171357844959848
0.85,4.8,0.009949215663550512
0.86,4.8,0.009730016728693166
0.87,4.8,0.009513804160426744
0.88,4.8,0.00930061762514891
0.89,4.8,0.009090493434683442
0.9,4.8,0.008883464632815898
0.91,4.8,0.008679561071263447
0.92,4.8,0.008478809476822868
0.93,4.8,0.0082812335112568
0.9400000000000001,4.8,0.008086853825313977
0.9500000000000001,4.8,0.007895688108145603
0.96,4.8,0.00770775113323395
0.97,4.8,0.007523054801863303
0.98,4.8,0.007341608185046883
0.99,4.8,0.0071634175647328335
1.0,4.8,0.006988486475031965
1.01,4.8,0.006816815744119381
1.02,4.8,0.006648403537397096
1.03,4.8,0.006483245402434123
1.04,4.8,0.006321334316109517
1.05,4.8,0.006162660734346258
1.06,4.8,0.006007212644743835
1.07,4.8,0.005854975622353463
1.08,4.8,0.005705932888779981
1.09,4.8,0.005560065374747636
1.1,4.8,0.005417351786187539
1.11,4.8,0.005277768673878331
1.12,4.8,0.005141290506594793
1.1300000000000001,4.8,0.005007889747677681
1.1400000000000001,4.8,0.004877536934906713
1.1500000000000001,4.8,0.004750200763491722
1.16,4.8,0.004625848171979548
1.17,4.8,0.0045044444308247845
1.18,4.8,0.004385953233348769
1.19,4.8,0.004270336788785133
1.2,4.8,0.004157555917078451
1.21,4.8,0.004047570145085645
1.22,4.8,0.0039403378038409265
1.23,4.8,0.003835816126493034
1.24,4.8,0.0037339613465547077
1.25,4.8,0.0036347287960834997
1.26,4.8,0.003538073003431167
1.27,4.8,0.0034439477901799
1.28,4.8,0.0033523063669374164
1.29,4.8,0.003263101427620401
1.3,4.8,0.0031762852419279126
1.31,4.8,0.0030918097456847874
1.32,4.8,0.0030096266287860775
1.33,4.8,0.0029296874204697365
1.34,4.8,0.0028519435716887064
1.35,4.8,0.002776346534369041
1.36,4.8,0.0027028478373801183
1.37,4.8,0.0026313991590500327
1.3800000000000001,4.8,0.002561952396104845
1.3900000000000001,4.8,0.002494459728925535
1.4000000000000001,4.8,0.002428873683044324
1.41,4.8,0.002365147186835132
1.42,4.8,0.002303233625363232
1.43,4.8,0.0022430868903944904
1.44,4.8,0.0021846614265755896
1.45,4.8,0.0021279122738360867
1.46,4.8,0.0020727951060515756
1.47,4.8,0.0020192662660503675
1.48,4.8,0.001967282797044326
1.49,4.8,0.0019168024705966842
1.5,4.8,0.0018677838112251606
1.51,4.8,0.001820186117776286
1.52,4.8,0.001773969481685315
1.53,4.8,0.0017290948022799498
1.54,4.8,0.001685523799252084
1.55,4.8,0.0016432190224610179
1.56,4.8,0.0016021438592026592
1.57,4.8,0.001562262539101889
1.58,4.8,0.0015235401367838118
1.59,4.8,0.0014859425724632316
1.6,4.8,0.0014494366106082214
1.61,4.8,0.0014139898568225058
1.62,4.8,0.0013795707530857143
1.6300000000000001,4.8,0.0013461485714921205
1.6400000000000001,4.8,0.0013136934066210542
1.6500000000000001,4.8,0.0012821761666642175
1.6600000000000001,4.8,0.0012515685634454999
1.67,4.8,0.0012218431014368153
1.68,4.8,0.0011929730658895483
1.69,4.8,0.0011649325101896549
1.7,4.8,0.0011376962425357507
1.71,4.8,0.0011112398120303759
1.72,4.8,0.0010855394942853645
1.73,4.8,0.0010605722766135557
1.74,4.8,0.0010363158428901966
1.75,4.8,0.0010127485581448222
1.76,4.8,0.0009898494529708098
1.77,4.8,0.0009675982077952292
1.78,4.8,0.0009459751370772844
1.79,4.8,0.0009249611734724785
1.8,4.8,0.0009045378520306155
1.81,4.8,0.0008846872944451113
1.82,4.8,0.000865392193414451
1.83,4.8,0.0008466357971327854
1.84,4.8,0.0008284018939532366
1.85,4.8,0.0008106747972380312
1.86,4.8,0.0007934393304368395
1.87,4.8,0.0007766808123965828
1.8800000000000001,4.8,0.0007603850429279803
1.8900000000000001,4.8,0.0007445382886469755
1.9000000000000001,4.8,0.000729127269100996
1.9100000000000001,4.8,0.0007141391431918347
1.92,4.8,0.0006995614959026305
1.93,4.8,0.0006853823253357805
1.94,4.8,0.0006715900300677567
1.95,4.8,0.0006581733968294718
1.96,4.8,0.0006451215885034915
1.97,4.8,0.0006324241324529566
1.98,4.8,0.0006200709091640162
1.99,4.8,0.0006080521412206449
2.0,4.8,0.0005963583825955591
2.0100000000000002,4.8,0.0005849805082624773
2.02,4.8,0.0005739097041196867
2.0300000000000002,4.8,0.0005631374572220124
2.04,4.8,0.0005526555463229038
2.05,4.8,0.0005424560327128553
2.06,4.8,0.0005325312513525717
2.07,4.8,0.0005228738022937198
2.08,4.8,0.0005134765423865302
2.09,4.8,0.0005043325772567089
2.1,4.8,0.0004954352535531355
2.11,4.8,0.0004867781514507331
2.12,4.8,0.00047835507741646123
2.13,4.8,0.0004701600572166143
2.14,4.8,0.00046218732915937535
2.15,4.8,0.00045443133757200213
2.16,4.8,0.00044688672650210236
2.17,4.8,0.0004395483336325412
2.18,4.8,0.0004324111844032749
2.19,4.8,0.0004254704863314626
2.2,4.8,0.0004187216235264872
2.21,4.8,0.0004121601513867054
2.22,4.8,0.0004057817914684064
2.23,4.8,0.00039958242652633503
2.24,4.8,0.00039355809570824316
2.25,4.8,0.0003877049899018136
2.2600000000000002,4.8,0.0003820194472194547
2.27,4.8,0.0003764979486191531
2.2800000000000002,4.8,0.0003711371136480769
2.29,4.8,0.00036593369629742763
2.3000000000000003,4.8,0.0003608845809669557
2.31,4.8,0.0003559867785200772
2.32,4.8,0.0003512374224232344
2.33,4.8,0.0003466337649651166
2.34,4.8,0.00034217317353426934
2.35,4.8,0.00033785312695198115
2.36,4.8,0.0003336712118412713
2.37,4.8,0.0003296251190334709
2.38,4.8,0.00032571263998329685
2.39,4.8,0.0003219316631833655
2.4,4.8,0.00031828017056897674
2.41,4.8,0.0003147562338958501
2.42,4.8,0.0003113580110666501
2.43,4.8,0.000308083742401361
2.44,4.8,0.0003049317468215735
2.45,4.8,0.00030190041793858025
2.46,4.8,0.0002989882200086663
2.47,4.8,0.0002961936837502656
2.48,4.8,0.0002935154019864055
2.49,4.8,0.0002909520250894265
2.5,4.8,0.00028850225619683544
2.5100000000000002,4.8,0.00028616484616418
2.52,4.8,0.0002839385882333268
2.5300000000000002,4.8,0.00028182231236616634
2.54,4.8,0.0002798148792110927
2.5500000000000003,4.8,0.000277915173647569
2.56,4.8,0.0002761220978844763
2.57,4.8,0.0002744345640401006
2.58,4.8,0.0002728514861581585
2.59,4.8,0.00027137177160266665
2.6,4.8,0.00026999431176062515
2.61,4.8,0.00026871797199177604
2.62,4.8,0.0002675415807510935
2.63,4.8,0.00026646391779386786
2.64,4.8,0.0002654837013858407
2.65,4.8,0.0002645995744339419
2.66,4.8,0.00026381008943027125
2.67,4.8,0.00026311369211156976
2.68,4.8,0.0002625087037287263
2.69,4.8,0.00026199330182321933
2.7,4.8,0.00026156549939840865
2.71,4.8,0.00026122312238422313
2.72,4.8,0.000260963785289917
2.73,4.8,0.0002607848649681847
2.74,4.8,0.00026068347242907204
2.75,4.8,0.00026065642268218613
2.7600000000000002,4.8,0.00026070020263994215
2.77,4.8,0.00026081093719578896
2.7800000000000002,4.8,0.00026098435370834036
2.79,4.8,0.0002612157452923107
2.8000000000000003,4.8,0.0002614999335403668
2.81,4.8,0.0002618312316289374
2.82,4.8,0.0002622034092094984
2.83,4.8,0.0002626096611007174
2.84,4.8,0.00026304258264656544
2.85,4.8,0.00026349415578919954
2.86,4.8,0.0002639557514700767
2.87,4.8,0.00026441815620832214
2.88,4.8,0.00026487163365289433
2.89,4.8,0.0002653060360106203
2.9,4.8,0.00026571098582499683
2.91,4.8,0.0002660761561809764
2.92,4.8,0.0002663916877664427
2.93,4.8,0.0002666487953694317
2.94,4.8,0.00026684063563467815
2.95,4.8,0.0002669635341846179
2.96,4.8,0.00026701870597333936
2.97,4.8,0.00026701465155072466
2.98,4.8,0.00026697047842534844
2.99,4.8,0.0002669204873943455
3.0,4.8,0.0002669204873943455
0.0,4.9,0.0
0.01,4.9,0.00085750249867613
0.02,4.9,0.0017140111964862289
0.03,4.9,0.002568311229129172
0.04,4.9,0.0034192320921064274
0.05,4.9,0.004265594004636014
0.06,4.9,0.005106197145281005
0.07,4.9,0.005939815077513465
0.08,4.9,0.006765188785951363
0.09,4.9,0.007581020553311486
0.1,4.9,0.00838596751230835
0.11,4.9,0.009178634950017613
0.12,4.9,0.009957569610451349
0.13,4.9,0.010721253400117009
0.14,4.9,0.011468098067205858
0.15,4.9,0.01219644159586969
0.16,4.9,0.012904547219941737
0.17,4.9,0.013590606093378832
0.18,4.9,0.01425274472737185
0.19,4.9,0.014889038280825937
0.2,4.9,0.015497530635500679
0.21,4.9,0.01607626187031257
0.22,4.9,0.01662330325862277
0.23,4.9,0.017136799261597162
0.24,4.9,0.01761501522724648
0.25,4.9,0.01805638871068889
0.26,4.9,0.018459581615855737
0.27,4.9,0.018823529842889507
0.28,4.9,0.019147486916854577
0.29,4.9,0.019431058242986625
0.3,4.9,0.01967422319519013
0.31,4.9,0.019877343146367327
0.32,4.9,0.02004115468069224
0.33,4.9,0.020166748439855952
0.34,4.9,0.020255535188141993
0.35000000000000003,4.9,0.020309201595558348
0.36,4.9,0.020329658838007924
0.37,4.9,0.02031898735849206
0.38,4.9,0.020279381038643223
0.39,4.9,0.02021309365537824
0.4,4.9,0.020122389929802927
0.41000000000000003,4.9,0.0200095028100632
0.42,4.9,0.01987659795414795
0.43,4.9,0.019725745761796115
0.44,4.9,0.019558900792238113
0.45,4.9,0.01937788801867618
0.46,4.9,0.019184395113790928
0.47000000000000003,4.9,0.01897996982147024
0.48,4.9,0.018766021428245946
0.49,4.9,0.01854382537999664
0.5,4.9,0.018314530171947757
0.51,4.9,0.018079165752221977
0.52,4.9,0.01783865280442357
0.53,4.9,0.017593812400420253
0.54,4.9,0.0173453756321821
0.55,4.9,0.017093992936044036
0.56,4.9,0.016840242911684022
0.5700000000000001,4.9,0.01658464051087802
0.58,4.9,0.016327644528512725
0.59,4.9,0.016069664371992854
0.6,4.9,0.015811066116964194
0.61,4.9,0.015552177879272716
0.62,4.9,0.015293294547270847
0.63,4.9,0.01503468192669631
0.64,4.9,0.014776580353967571
0.65,4.9,0.01451920783408379
0.66,4.9,0.014262762757450819
0.67,4.9,0.01400742624667967
0.68,4.9,0.01375336418024731
0.6900000000000001,4.9,0.013500728935430367
0.7000000000000001,4.9,0.013249660888332114
0.71,4.9,0.013000289704382561
0.72,4.9,0.012752735448524765
0.73,4.9,0.012507109540474846
0.74,4.9,0.012263515577006891
0.75,4.9,0.012022050040142354
0.76,4.9,0.011782802907463447
0.77,4.9,0.011545858178418026
0.78,4.9,0.011311294328489
0.79,4.9,0.01107918470135782
0.8,4.9,0.010849597847730033
0.81,4.9,0.010622597818240527
0.8200000000000001,4.9,0.010398244416780904
0.8300000000000001,4.9,0.010176593419696895
0.84,4.9,0.009957696765561108
0.85,4.9,0.00974160271956897
0.86,4.9,0.009528356016064296
0.87,4.9,0.009317997982259303
0.88,4.9,0.009110566645823423
0.89,4.9,0.008906096828676277
0.9,4.9,0.008704620229069187
0.91,4.9,0.008506165493773149
0.92,4.9,0.008310758282013768
0.93,4.9,0.008118421322610023
0.9400000000000001,4.9,0.007929174465617554
0.9500000000000001,4.9,0.00774303472966155
0.96,4.9,0.007560016345994047
0.97,4.9,0.0073801308002398635
0.98,4.9,0.007203386872690322
0.99,4.9,0.0070297906779085975
1.0,4.9,0.0068593457043398375
1.01,4.9,0.00669205285453395
1.02,4.9,0.006527910486532097
1.03,4.9,0.006366914456898955
1.04,4.9,0.0062090581657941665
1.05,4.9,0.0060543326044487965
1.06,4.9,0.005902726405333292
1.07,4.9,0.0057542258952478125
1.08,4.9,0.005608815151504287
1.09,4.9,0.005466476061331049
1.1,4.9,0.005327188384557242
1.11,4.9,0.005190929819608547
1.12,4.9,0.005057676072770087
1.1300000000000001,4.9,0.004927400930644724
1.1400000000000001,4.9,0.004800076335696484
1.1500000000000001,4.9,0.0046756724647113255
1.16,4.9,0.004554157809985886
1.17,4.9,0.004435499263019073
1.18,4.9,0.004319662200449111
1.19,4.9,0.004206610571958495
1.2,4.9,0.004096306989841133
1.21,4.9,0.003988712819907634
1.22,4.9,0.003883788273415368
1.23,4.9,0.0037814924996597567
1.24,4.9,0.003681783678895667
1.25,4.9,0.003584619115234089
1.26,4.9,0.0034899553291799935
1.27,4.9,0.0033977481494517825
1.28,4.9,0.003307952803777496
1.29,4.9,0.00322052400832655
1.3,4.9,0.003135416055492391
1.31,4.9,0.0030525828997275527
1.32,4.9,0.002971978241179825
1.33,4.9,0.002893555606868891
1.34,4.9,0.002817268429191716
1.35,4.9,0.0027430701215488814
1.36,4.9,0.0026709141509271145
1.37,4.9,0.002600754107277071
1.3800000000000001,4.9,0.002532543769570377
1.3900000000000001,4.9,0.0024662371684291092
1.4000000000000001,4.9,0.002401788645248724
1.41,4.9,0.002339152907770378
1.42,4.9,0.0022782850820573233
1.43,4.9,0.0022191407608755914
1.44,4.9,0.0021616760484873404
1.45,4.9,0.0021058476018892417
1.46,4.9,0.0020516126685301396
1.47,4.9,0.0019989291205840384
1.48,4.9,0.0019477554858487612
1.49,4.9,0.0018980509753656403
1.5,4.9,0.0018497755078512557
1.51,4.9,0.0018028897310614468
1.52,4.9,0.0017573550401954225
1.53,4.9,0.0017131335934849595
1.54,4.9,0.0016701883250741557
1.55,4.9,0.0016284829553502571
1.56,4.9,0.0015879819988426768
1.57,4.9,0.0015486507698353321
1.58,4.9,0.0015104553858416897
1.59,4.9,0.0014733627690721918
1.6,4.9,0.0014373406460302383
1.61,4.9,0.001402357545381133
1.62,4.9,0.001368382794226672
1.6300000000000001,4.9,0.0013353865129072065
1.6400000000000001,4.9,0.0013033396084623618
1.6500000000000001,4.9,0.0012722137668691213
1.6600000000000001,4.9,0.0012419814441853093
1.67,4.9,0.0012126158566987681
1.68,4.9,0.0011840909701879003
1.69,4.9,0.001156381488406444
1.7,4.9,0.00112946284088199
1.71,4.9,0.0011033111701161426
1.72,4.9,0.0010779033182858598
1.73,4.9,0.001053216813506028
1.74,4.9,0.0010292298557445228
1.75,4.9,0.0010059213024475396
1.76,4.9,0.0009832706539550382
1.77,4.9,0.0009612580387453084
1.78,4.9,0.0009398641985854431
1.79,4.9,0.0009190704736168687
1.8,4.9,0.0008988587874475966
1.81,4.9,0.0008792116322630426
1.82,4.9,0.0008601120540144987
1.83,4.9,0.0008415436377129833
1.84,4.9,0.0008234904928627494
1.85,4.9,0.0008059372390529034
1.86,4.9,0.0007888689917443576
1.87,4.9,0.000772271348258636
1.8800000000000001,4.9,0.0007561303739961027
1.8900000000000001,4.9,0.0007404325888996496
1.9000000000000001,4.9,0.0007251649541789461
1.9100000000000001,4.9,0.0007103148592985328
1.92,4.9,0.0006958701092515041
1.93,4.9,0.0006818189121122743
1.94,4.9,0.0006681498668816661
1.95,4.9,0.0006548519516358395
1.96,4.9,0.0006419145119690607
1.97,4.9,0.0006293272497487058
1.98,4.9,0.0006170802121597376
1.99,4.9,0.0006051637810606308
2.0,4.9,0.0005935686626384922
2.0100000000000002,4.9,0.0005822858773642112
2.02,4.9,0.0005713067502422192
2.0300000000000002,4.9,0.0005606229013531017
2.04,4.9,0.0005502262366887269
2.05,4.9,0.0005401089392682343
2.06,4.9,0.0005302634605351472
2.07,4.9,0.0005206825120231051
2.08,4.9,0.0005113590573020414
2.09,4.9,0.0005022863041770283
2.1,4.9,0.000493457697145667
2.11,4.9,0.00048486691010120894
2.12,4.9,0.0004765078392863698
2.13,4.9,0.00046837459647680016
2.14,4.9,0.00046046150239176855
2.15,4.9,0.00045276308032862815
2.16,4.9,0.0004452740500141694
2.17,4.9,0.0004379893216589422
2.18,4.9,0.0004309039902117648
2.19,4.9,0.0004240133298034311
2.2,4.9,0.00041731278837952684
2.21,4.9,0.00041079798250532397
2.22,4.9,0.00040446469233919216
2.23,4.9,0.0003983088567686314
2.24,4.9,0.0003923265686945115
2.25,4.9,0.0003865140704627078
2.2600000000000002,4.9,0.00038086774942821795
2.27,4.9,0.0003753841336489321
2.2800000000000002,4.9,0.0003700598876968832
2.29,4.9,0.00036489180857692314
2.3000000000000003,4.9,0.0003598768217477585
2.31,4.9,0.0003550119772312683
2.32,4.9,0.0003502944458021167
2.33,4.9,0.0003457215152503386
2.34,4.9,0.00034129058670128294
2.35,4.9,0.00033699917098549214
2.36,4.9,0.00033284488503916956
2.37,4.9,0.00032882544834078527
2.38,4.9,0.0003249386793521989
2.39,4.9,0.0003211824919571952
2.4,4.9,0.00031755489188503496
2.41,4.9,0.00031405397310661786
2.42,4.9,0.00031067791417441947
2.43,4.9,0.00030742497450440706
2.44,4.9,0.0003042934905709873
2.45,4.9,0.00030128187200191006
2.46,4.9,0.00029838859754105306
2.47,4.9,0.0002956122108694764
2.48,4.9,0.0002929513162523128
2.49,4.9,0.0002904045739870785
2.5,4.9,0.0002879706956231294
2.5100000000000002,4.9,0.0002856484389188629
2.52,4.9,0.00028343660251458404
2.5300000000000002,4.9,0.0002813340202743562
2.54,4.9,0.00027933955526137093
2.5500000000000003,4.9,0.00027745209329727835
2.56,4.9,0.0002756705360770239
2.57,4.9,0.00027399379377387453
2.58,4.9,0.0002724207770857274
2.59,4.9,0.00027095038866884515
2.6,4.9,0.0002695815138896923
2.61,4.9,0.00026831301083707744
2.62,4.9,0.00026714369951843603
2.63,4.9,0.00026607235015862
2.64,4.9,0.0002650976705193381
2.65,4.9,0.00026421829216410425
2.66,4.9,0.00026343275556049483
2.67,4.9,0.00026273949392617953
2.68,4.9,0.00026213681571888697
2.69,4.9,0.00026162288567149283
2.7,4.9,0.0002611957042628002
2.71,4.9,0.0002608530855311146
2.72,4.9,0.00026059263312758294
2.73,4.9,0.00026041171454375104
2.74,4.9,0.0002603074334538121
2.75,4.9,0.0002602766001602341
2.7600000000000002,4.9,0.00026031570018122697
2.77,4.9,0.00026042086110423233
2.7800000000000002,4.9,0.00026058781793937655
2.79,4.9,0.00026081187738609694
2.8000000000000003,4.9,0.00026108788163922686
2.81,4.9,0.0002614101726922021
2.82,4.9,0.0002617725585436328
2.83,4.9,0.0002621682833170819
2.84,4.9,0.0002625900041490683
2.85,4.9,0.00026302977887989284
2.86,4.9,0.00026347907013158555
2.87,4.9,0.0002639287735709576
2.88,4.9,0.0002643692810856957
2.89,4.9,0.0002647905936736735
2.9,4.9,0.0002651825043700215
2.91,4.9,0.0002655348790803515
2.92,4.9,0.00026583807345978915
2.93,4.9,0.00026608353801754807
2.94,4.9,0.00026626468271419756
2.95,4.9,0.0002663780984173742
2.96,4.9,0.00026642526805394946
2.97,4.9,0.00026641494875824084
2.98,4.9,0.0002663664723390485
2.99,4.9,0.0002663143014205658
3.0,4.9,0.0002663143014205658
0.0,5.0,0.0
0.01,5.0,0.0008423040221168932
0.02,5.0,0.001683641650056598
0.03,5.0,0.0025228299919301954
0.04,5.0,0.0033587283520709913
0.05,5.0,0.004190185399208009
0.06,5.0,0.005016028113671864
0.07,5.0,0.00583505478849959
0.08,5.0,0.006646028576957192
0.09,5.0,0.007447670836466063
0.1,5.0,0.008238654121039444
0.11,5.0,0.0090175949257594
0.12,5.0,0.00978304646729253
0.13,5.0,0.01053349195785776
0.14,5.0,0.011267339010780858
0.15,5.0,0.011982915999570635
0.16,5.0,0.012678471363276378
0.17,5.0,0.013352176982667748
0.18,5.0,0.014002136809959487
0.19,5.0,0.01462640187998843
0.2,5.0,0.015222992624877803
0.21,5.0,0.015789929029614944
0.22,5.0,0.01632526859623042
0.23,5.0,0.01682715135435949
0.24,5.0,0.01729385032832908
0.25,5.0,0.017723825044208424
0.26,5.0,0.01811577495771696
0.27,5.0,0.01846868923297341
0.28,5.0,0.018781889207347108
0.29,5.0,0.019055060195220304
0.3,5.0,0.01928827000323967
0.31,5.0,0.01948197257244399
0.32,5.0,0.019636996392816713
0.33,5.0,0.01975451858764555
0.34,5.0,0.019836026674875037
0.35000000000000003,5.0,0.019883270849063793
0.36,5.0,0.019898210112022155
0.37,5.0,0.019882955694594858
0.38,5.0,0.019839714992942625
0.39,5.0,0.019770738766606094
0.4,5.0,0.01967827370904075
0.41000000000000003,5.0,0.019564521801963535
0.42,5.0,0.019431607186836494
0.43,5.0,0.019281550691920505
0.44,5.0,0.019116251678403504
0.45,5.0,0.018937476527854255
0.46,5.0,0.018746852881415324
0.47000000000000003,5.0,0.018545868642222765
0.48,5.0,0.01833587474364117
0.49,5.0,0.018118090742442788
0.5,5.0,0.01789361239492828
0.51,5.0,0.017663420495574397
0.52,5.0,0.01742839038678464
0.53,5.0,0.017189301673652044
0.54,5.0,0.016946847792228457
0.55,5.0,0.016701645179607386
0.56,5.0,0.016454241877611332
0.5700000000000001,5.0,0.016205125469130624
0.58,5.0,0.015954730298382357
0.59,5.0,0.015703443965391084
0.6,5.0,0.015451613112833546
0.61,5.0,0.015199548542146439
0.62,5.0,0.01494752970741516
0.63,5.0,0.014695808641693793
0.64,5.0,0.01444461337255802
0.65,5.0,0.014194150882984377
0.66,5.0,0.01394460967107491
0.67,5.0,0.013696161958416723
0.68,5.0,0.013448965592452695
0.6900000000000001,5.0,0.013203165683652537
0.7000000000000001,5.0,0.012958896013668734
0.71,5.0,0.012716280246277682
0.72,5.0,0.01247543296884108
0.73,5.0,0.012236460588311113
0.74,5.0,0.01199946210250534
0.75,5.0,0.011764529764438328
0.76,5.0,0.011531749654962474
0.77,5.0,0.01130120217674235
0.78,5.0,0.011072962480695399
0.79,5.0,0.010847100834391029
0.8,5.0,0.01062368294052713
0.81,5.0,0.010402770212425236
0.8200000000000001,5.0,0.010184420012477392
0.8300000000000001,5.0,0.00996868585864304
0.84,5.0,0.009755617603390424
0.85,5.0,0.009545261588866365
0.86,5.0,0.009337660781590765
0.87,5.0,0.009132854889523983
0.88,5.0,0.008930880464009397
0.89,5.0,0.008731770988792405
0.9,5.0,0.008535556958050005
0.91,5.0,0.008342265945140226
0.92,5.0,0.008151922663607746
0.93,5.0,0.007964549021805906
0.9400000000000001,5.0,0.007780164172353247
0.9500000000000001,5.0,0.0075987845575331316
0.96,5.0,0.007420423951609279
0.97,5.0,0.007245093500958307
0.98,5.0,0.007072801762820485
0.99,5.0,0.006903554743384207
1.0,5.0,0.006737355935854805
1.01,5.0,0.0065742063590755314
1.02,5.0,0.006414104597216227
1.03,5.0,0.006257046840983294
1.04,5.0,0.006103026930715162
1.05,5.0,0.005952036401709309
1.06,5.0,0.005804064532050936
1.07,5.0,0.005659098393153666
1.08,5.0,0.0055171229031823294
1.09,5.0,0.00537812088347595
1.1,5.0,0.0052420731180270715
1.11,5.0,0.005108958416050561
1.12,5.0,0.004978753677604396
1.1300000000000001,5.0,0.004851433962196568
1.1400000000000001,5.0,0.00472697256028015
1.1500000000000001,5.0,0.004605341067481913
1.16,5.0,0.004486509461394823
1.17,5.0,0.0043704461807220155
1.18,5.0,0.004257118206539256
1.19,5.0,0.0041464911454218495
1.2,5.0,0.0040385293141526266
1.21,5.0,0.003933195825707811
1.22,5.0,0.003830452676236569
1.23,5.0,0.0037302608326965562
1.24,5.0,0.003632580320834434
1.25,5.0,0.003537370313186219
1.26,5.0,0.0034445892167848345
1.27,5.0,0.0033541947602388393
1.28,5.0,0.003266144079901792
1.29,5.0,0.003180393804806459
1.3,5.0,0.0030969001401038336
1.31,5.0,0.003015618948722732
1.32,5.0,0.0029365058310133587
1.33,5.0,0.002859516202130537
1.34,5.0,0.0027846053669516
1.35,5.0,0.002711728592335402
1.36,5.0,0.0026408411765622515
1.37,5.0,0.002571898515801337
1.3800000000000001,5.0,0.002504856167488428
1.3900000000000001,5.0,0.0024396699105122136
1.4000000000000001,5.0,0.002376295802133021
1.41,5.0,0.002314690231579359
1.42,5.0,0.0022548099702824724
1.43,5.0,0.0021966122187384064
1.44,5.0,0.0021400546499991523
1.45,5.0,0.002085095449822627
1.46,5.0,0.002031693353506208
1.47,5.0,0.0019798076794707714
1.48,5.0,0.001929398359649741
1.49,5.0,0.0018804259667764033
1.5,5.0,0.0018328517386460657
1.51,5.0,0.0017866375994649573
1.52,5.0,0.0017417461783803927
1.53,5.0,0.0016981408253229084
1.54,5.0,0.0016557856242608432
1.55,5.0,0.001614645404013649
1.56,5.0,0.0015746857467278808
1.57,5.0,0.0015358729941603712
1.58,5.0,0.001498174251897722
1.59,5.0,0.0014615573916292354
1.6,5.0,0.0014259910516161798
1.61,5.0,0.0013914446354811641
1.62,5.0,0.0013578883094370047
1.6300000000000001,5.0,0.001325292998078623
1.6400000000000001,5.0,0.001293630378867616
1.6500000000000001,5.0,0.001262872875410629
1.6600000000000001,5.0,0.0012329936496492434
1.67,5.0,0.0012039665930642777
1.68,5.0,0.0011757663170020396
1.69,5.0,0.0011483681422166042
1.7,5.0,0.001121748087718987
1.71,5.0,0.0010958828590200249
1.72,5.0,0.0010707498358552023
1.73,5.0,0.001046327059461206
1.74,5.0,0.001022593219485103
1.75,5.0,0.0009995276405773154
1.76,5.0,0.0009771102687558101
1.77,5.0,0.0009553216575732337
1.78,5.0,0.0009341429541668546
1.79,5.0,0.000913555885214123
1.8,5.0,0.0008935427428667608
1.81,5.0,0.000874086370675554
1.82,5.0,0.0008551701495705625
1.83,5.0,0.0008367779839099869
1.84,5.0,0.0008188942876446325
1.85,5.0,0.0008015039706079105
1.86,5.0,0.0007845924249795505
1.87,5.0,0.0007681455119201142
1.8800000000000001,5.0,0.000752149548408896
1.8900000000000001,5.0,0.0007365912942997956
1.9000000000000001,5.0,0.0007214579396087157
1.9100000000000001,5.0,0.0007067370920456454
1.92,5.0,0.0006924167647998174
1.93,5.0,0.0006784853645864476
1.94,5.0,0.0006649316799621075
1.95,5.0,0.0006517448699206031
1.96,5.0,0.0006389144527600779
1.97,5.0,0.0006264302952394622
1.98,5.0,0.0006142826020074905
1.99,5.0,0.0006024619053241659
2.0,5.0,0.0005909590550622187
2.0100000000000002,5.0,0.0005797652089896605
2.02,5.0,0.000568871823331927
2.0300000000000002,5.0,0.0005582706436102966
2.04,5.0,0.0005479536957544185
2.05,5.0,0.0005379132774862858
2.06,5.0,0.0005281419499644467
2.07,5.0,0.0005186325296916332
2.08,5.0,0.0005093780806838572
2.09,5.0,0.0005003719068818495
2.1,5.0,0.0004916075448091977
2.11,5.0,0.000483078756465243
2.12,5.0,0.00047477952245701216
2.13,5.0,0.0004667040353535157
2.14,5.0,0.00045884669325487387
2.15,5.0,0.000451202093578079
2.16,5.0,0.0004437650270494238
2.17,5.0,0.0004365304718927327
2.18,5.0,0.0004294935882088584
2.19,5.0,0.00042264971253843346
2.2,5.0,0.0004159943526052658
2.21,5.0,0.00040952318222596887
2.22,5.0,0.00040323203637994594
2.23,5.0,0.0003971169064375113
2.24,5.0,0.00039117393553036984
2.25,5.0,0.0003853994140625462
2.2600000000000002,5.0,0.00037978977534861176
2.27,5.0,0.000374341591376428
2.2800000000000002,5.0,0.00036905156868399173
2.29,5.0,0.0003639165443350584
2.3000000000000003,5.0,0.0003589334819971985
2.31,5.0,0.0003540994681004737
2.32,5.0,0.0003494117080729735
2.33,5.0,0.00034486752264598476
2.34,5.0,0.0003404643442118319
2.35,5.0,0.00033619971322760965
2.36,5.0,0.0003320712746473854
2.37,5.0,0.00032807677438596796
2.38,5.0,0.00032421405578449705
2.39,5.0,0.0003204810560703092
2.4,5.0,0.00031687580279829945
2.41,5.0,0.00031339641026288017
2.42,5.0,0.00031004107585153083
2.43,5.0,0.00030680807633761504
2.44,5.0,0.000303695764084041
2.45,5.0,0.000300702563145399
2.46,5.0,0.0002978269652359324
2.47,5.0,0.00029506752555703895
2.48,5.0,0.00029242285844689774
2.49,5.0,0.0002898916328325487
2.5,5.0,0.00028747256745385153
2.5100000000000002,5.0,0.0002851644258246501
2.52,5.0,0.0002829660109119164
2.5300000000000002,5.0,0.0002808761594850372
2.54,5.0,0.00027889373610231214
2.5500000000000003,5.0,0.0002770176266843095
2.56,5.0,0.00027524673164826496
2.57,5.0,0.00027357995853777967
2.58,5.0,0.00027201621410090343
2.59,5.0,0.00027055439576456684
2.6,5.0,0.00026919338243584074
2.61,5.0,0.0002679320245770927
2.62,5.0,0.0002667691334778005
2.63,5.0,0.0002657034696447384
2.64,5.0,0.0002647337302337703
2.65,5.0,0.0002638585354469002
2.66,5.0,0.0002630764137914741
2.67,5.0,0.0002623857861110484
2.68,5.0,0.0002617849482927053
2.69,5.0,0.00026127205255544025
2.7,5.0,0.0002608450872158297
2.71,5.0,0.0002605018548422148
2.72,5.0,0.0002602399486996203
2.73,5.0,0.0002600567274275961
2.74,5.0,0.0002599492878984422
2.75,5.0,0.00025991443624621627
2.7600000000000002,5.0,0.0002599486571195492
2.77,5.0,0.00026004808128250804
2.7800000000000002,5.0,0.00026020845180827807
2.79,5.0,0.00026042508928537423
2.8000000000000003,5.0,0.0002606928566680942
2.81,5.0,0.0002610061247318428
2.82,5.0,0.0002613587395390198
2.83,5.0,0.0002617439939254623
2.84,5.0,0.0002621546058544128
2.85,5.0,0.00026258270765153316
2.86,5.0,0.00026301985167922717
2.87,5.0,0.0002634570402014448
2.88,5.0,0.00026388479009918376
2.89,5.0,0.0002642932471366431
2.9,5.0,0.0002646723699600209
2.91,5.0,0.0002650122115004605
2.92,5.0,0.00026530333563666363
2.93,5.0,0.00026553742091525376
2.94,5.0,0.00026570812207345884
2.95,5.0,0.0002658122860008889
2.96,5.0,0.00026585165400948063
2.97,5.0,0.00026583523038569323
2.98,5.0,0.00026578256275956047
2.99,5.0,0.0002657282692395976
3.0,5.0,0.0002657282692395976
